[{"path":"build.gradle","fileType":"other","lines":[{"lineNumber":1,"author":{"gitId":"-"},"content":"plugins {","lastModifiedDate":"2020-05-25","isFullCredit":false},{"lineNumber":2,"author":{"gitId":"-"},"content":"    id \u0027java\u0027","lastModifiedDate":"2020-05-25","isFullCredit":false},{"lineNumber":3,"author":{"gitId":"-"},"content":"    id \u0027application\u0027","lastModifiedDate":"2020-05-25","isFullCredit":false},{"lineNumber":4,"author":{"gitId":"-"},"content":"    id \u0027checkstyle\u0027","lastModifiedDate":"2020-05-25","isFullCredit":false},{"lineNumber":5,"author":{"gitId":"-"},"content":"    id \u0027com.github.johnrengelman.shadow\u0027 version \u00277.1.2\u0027","lastModifiedDate":"2022-06-17","isFullCredit":false},{"lineNumber":6,"author":{"gitId":"-"},"content":"}","lastModifiedDate":"2020-05-25","isFullCredit":false},{"lineNumber":7,"author":{"gitId":"-"},"content":"","lastModifiedDate":"2020-05-25","isFullCredit":false},{"lineNumber":8,"author":{"gitId":"-"},"content":"repositories {","lastModifiedDate":"2020-05-25","isFullCredit":false},{"lineNumber":9,"author":{"gitId":"-"},"content":"    mavenCentral()","lastModifiedDate":"2020-05-25","isFullCredit":false},{"lineNumber":10,"author":{"gitId":"-"},"content":"}","lastModifiedDate":"2020-05-25","isFullCredit":false},{"lineNumber":11,"author":{"gitId":"-"},"content":"","lastModifiedDate":"2020-05-25","isFullCredit":false},{"lineNumber":12,"author":{"gitId":"-"},"content":"dependencies {","lastModifiedDate":"2020-05-25","isFullCredit":false},{"lineNumber":13,"author":{"gitId":"-"},"content":"    testImplementation group: \u0027org.junit.jupiter\u0027, name: \u0027junit-jupiter-api\u0027, version: \u00275.10.0\u0027","lastModifiedDate":"2023-08-05","isFullCredit":false},{"lineNumber":14,"author":{"gitId":"-"},"content":"    testRuntimeOnly group: \u0027org.junit.jupiter\u0027, name: \u0027junit-jupiter-engine\u0027, version: \u00275.10.0\u0027","lastModifiedDate":"2023-08-05","isFullCredit":false},{"lineNumber":15,"author":{"gitId":"-"},"content":"}","lastModifiedDate":"2020-05-25","isFullCredit":false},{"lineNumber":16,"author":{"gitId":"-"},"content":"","lastModifiedDate":"2020-05-25","isFullCredit":false},{"lineNumber":17,"author":{"gitId":"-"},"content":"test {","lastModifiedDate":"2020-05-25","isFullCredit":false},{"lineNumber":18,"author":{"gitId":"-"},"content":"    useJUnitPlatform()","lastModifiedDate":"2020-05-25","isFullCredit":false},{"lineNumber":19,"author":{"gitId":"-"},"content":"","lastModifiedDate":"2020-05-25","isFullCredit":false},{"lineNumber":20,"author":{"gitId":"-"},"content":"    testLogging {","lastModifiedDate":"2020-05-25","isFullCredit":false},{"lineNumber":21,"author":{"gitId":"-"},"content":"        events \"passed\", \"skipped\", \"failed\"","lastModifiedDate":"2020-05-25","isFullCredit":false},{"lineNumber":22,"author":{"gitId":"-"},"content":"","lastModifiedDate":"2020-05-25","isFullCredit":false},{"lineNumber":23,"author":{"gitId":"-"},"content":"        showExceptions true","lastModifiedDate":"2020-05-25","isFullCredit":false},{"lineNumber":24,"author":{"gitId":"-"},"content":"        exceptionFormat \"full\"","lastModifiedDate":"2020-05-25","isFullCredit":false},{"lineNumber":25,"author":{"gitId":"-"},"content":"        showCauses true","lastModifiedDate":"2020-05-25","isFullCredit":false},{"lineNumber":26,"author":{"gitId":"-"},"content":"        showStackTraces true","lastModifiedDate":"2020-05-25","isFullCredit":false},{"lineNumber":27,"author":{"gitId":"-"},"content":"        showStandardStreams \u003d false","lastModifiedDate":"2020-05-25","isFullCredit":false},{"lineNumber":28,"author":{"gitId":"-"},"content":"    }","lastModifiedDate":"2020-05-25","isFullCredit":false},{"lineNumber":29,"author":{"gitId":"-"},"content":"}","lastModifiedDate":"2020-05-25","isFullCredit":false},{"lineNumber":30,"author":{"gitId":"-"},"content":"","lastModifiedDate":"2020-05-25","isFullCredit":false},{"lineNumber":31,"author":{"gitId":"-"},"content":"application {","lastModifiedDate":"2020-05-25","isFullCredit":false},{"lineNumber":32,"author":{"gitId":"jemehgoh"},"content":"    mainClass.set(\"seedu.manager.Main\")","lastModifiedDate":"2024-10-02","isFullCredit":false},{"lineNumber":33,"author":{"gitId":"-"},"content":"}","lastModifiedDate":"2020-05-25","isFullCredit":false},{"lineNumber":34,"author":{"gitId":"-"},"content":"","lastModifiedDate":"2020-05-25","isFullCredit":false},{"lineNumber":35,"author":{"gitId":"-"},"content":"shadowJar {","lastModifiedDate":"2020-05-25","isFullCredit":false},{"lineNumber":36,"author":{"gitId":"-"},"content":"    archiveBaseName.set(\"duke\")","lastModifiedDate":"2023-09-24","isFullCredit":false},{"lineNumber":37,"author":{"gitId":"-"},"content":"    archiveClassifier.set(\"\")","lastModifiedDate":"2023-09-24","isFullCredit":false},{"lineNumber":38,"author":{"gitId":"-"},"content":"}","lastModifiedDate":"2020-05-25","isFullCredit":false},{"lineNumber":39,"author":{"gitId":"-"},"content":"","lastModifiedDate":"2020-05-25","isFullCredit":false},{"lineNumber":40,"author":{"gitId":"-"},"content":"checkstyle {","lastModifiedDate":"2020-05-25","isFullCredit":false},{"lineNumber":41,"author":{"gitId":"-"},"content":"    toolVersion \u003d \u002710.2\u0027","lastModifiedDate":"2022-04-29","isFullCredit":false},{"lineNumber":42,"author":{"gitId":"-"},"content":"}","lastModifiedDate":"2020-05-25","isFullCredit":false},{"lineNumber":43,"author":{"gitId":"-"},"content":"","lastModifiedDate":"2020-05-25","isFullCredit":false},{"lineNumber":44,"author":{"gitId":"-"},"content":"run{","lastModifiedDate":"2020-05-25","isFullCredit":false},{"lineNumber":45,"author":{"gitId":"-"},"content":"    standardInput \u003d System.in","lastModifiedDate":"2020-05-25","isFullCredit":false},{"lineNumber":46,"author":{"gitId":"-"},"content":"}","lastModifiedDate":"2020-05-25","isFullCredit":false}],"authorContributionMap":{"jemehgoh":1,"-":45}},{"path":"docs/AboutUs.md","fileType":"docs","lines":[{"lineNumber":1,"author":{"gitId":"-"},"content":"# About us","lastModifiedDate":"2020-05-24","isFullCredit":false},{"lineNumber":2,"author":{"gitId":"-"},"content":"","lastModifiedDate":"2020-05-24","isFullCredit":false},{"lineNumber":3,"author":{"gitId":"-"},"content":"Display |       Name       | Github Profile | Portfolio ","lastModifiedDate":"2020-05-24","isFullCredit":false},{"lineNumber":4,"author":{"gitId":"KuanHsienn"},"content":"--------|:----------------:|:--------------:|:---------:","lastModifiedDate":"2024-10-02","isFullCredit":false},{"lineNumber":5,"author":{"gitId":"jemehgoh"},"content":"![](https://via.placeholder.com/100.png?text\u003dPhoto) | Liang Kuan Hsien | [Github](https://github.com/KuanHsienn) | [Portfolio](docs/team/johndoe.md)","lastModifiedDate":"2024-10-02","isFullCredit":false},{"lineNumber":6,"author":{"gitId":"jemehgoh"},"content":"![](https://via.placeholder.com/100.png?text\u003dPhoto) | Lim Tze Kang | [Github](https://github.com/LTK-1606) | [Portfolio](docs/team/johndoe.md)","lastModifiedDate":"2024-10-02","isFullCredit":false},{"lineNumber":7,"author":{"gitId":"glenn-chew"},"content":"![](https://via.placeholder.com/100.png?text\u003dPhoto) | Glenn Chew | [Github](https://github.com/glenn-chew) | [Portfolio](docs/team/johndoe.md)","lastModifiedDate":"2024-10-02","isFullCredit":false},{"lineNumber":8,"author":{"gitId":"jemehgoh"},"content":"![](https://via.placeholder.com/100.png?text\u003dPhoto) | Jeremy Goh | [Github](https://github.com/jemehgoh) | [Portfolio](docs/team/johndoe.md)","lastModifiedDate":"2024-10-02","isFullCredit":false},{"lineNumber":9,"author":{"gitId":"MatchaRRR"},"content":"![](https://via.placeholder.com/100.png?text\u003dPhoto) | FU Yixuan | [Github](https://github.com/MatchaRRR) | [Portfolio](docs/team/yixuan.md)","lastModifiedDate":"2024-10-02","isFullCredit":false}],"authorContributionMap":{"KuanHsienn":1,"jemehgoh":3,"glenn-chew":1,"MatchaRRR":1,"-":3}},{"path":"docs/UserGuide.md","fileType":"docs","lines":[{"lineNumber":1,"author":{"gitId":"-"},"content":"# User Guide","lastModifiedDate":"2020-05-24","isFullCredit":false},{"lineNumber":2,"author":{"gitId":"-"},"content":"","lastModifiedDate":"2020-05-24","isFullCredit":false},{"lineNumber":3,"author":{"gitId":"-"},"content":"## Introduction","lastModifiedDate":"2020-05-24","isFullCredit":false},{"lineNumber":4,"author":{"gitId":"-"},"content":"","lastModifiedDate":"2020-05-24","isFullCredit":false},{"lineNumber":5,"author":{"gitId":"jemehgoh"},"content":"EventManager CLI is a CLI application that allows organisers of small-scale events to track","lastModifiedDate":"2024-10-05","isFullCredit":false},{"lineNumber":6,"author":{"gitId":"jemehgoh"},"content":"the participants and logistics of such events.","lastModifiedDate":"2024-10-05","isFullCredit":false},{"lineNumber":7,"author":{"gitId":"-"},"content":"","lastModifiedDate":"2020-05-24","isFullCredit":false},{"lineNumber":8,"author":{"gitId":"-"},"content":"## Quick Start","lastModifiedDate":"2020-05-24","isFullCredit":false},{"lineNumber":9,"author":{"gitId":"-"},"content":"","lastModifiedDate":"2020-05-24","isFullCredit":false},{"lineNumber":10,"author":{"gitId":"-"},"content":"1. Ensure that you have Java 17 or above installed.","lastModifiedDate":"2020-05-24","isFullCredit":false},{"lineNumber":11,"author":{"gitId":"jemehgoh"},"content":"2. Down the latest version of `EventManagerCLI` from [here](http://link.to/duke).","lastModifiedDate":"2024-10-05","isFullCredit":false},{"lineNumber":12,"author":{"gitId":"jemehgoh"},"content":"3. Open a new terminal in the folder that you put the JAR file in, and run the program with the  ","lastModifiedDate":"2024-10-05","isFullCredit":false},{"lineNumber":13,"author":{"gitId":"jemehgoh"},"content":"command ```java -jar EventManagerCLI.jar```.","lastModifiedDate":"2024-10-05","isFullCredit":false},{"lineNumber":14,"author":{"gitId":"jemehgoh"},"content":"The following message would be printed:","lastModifiedDate":"2024-10-05","isFullCredit":false},{"lineNumber":15,"author":{"gitId":"jemehgoh"},"content":"```","lastModifiedDate":"2024-10-05","isFullCredit":false},{"lineNumber":16,"author":{"gitId":"jemehgoh"},"content":"Welcome to EventManagerCLI.","lastModifiedDate":"2024-10-05","isFullCredit":false},{"lineNumber":17,"author":{"gitId":"jemehgoh"},"content":"Enter a command:","lastModifiedDate":"2024-10-05","isFullCredit":false},{"lineNumber":18,"author":{"gitId":"jemehgoh"},"content":"```","lastModifiedDate":"2024-10-05","isFullCredit":false},{"lineNumber":19,"author":{"gitId":"-"},"content":"","lastModifiedDate":"2020-05-24","isFullCredit":false},{"lineNumber":20,"author":{"gitId":"-"},"content":"## Features ","lastModifiedDate":"2020-05-24","isFullCredit":false},{"lineNumber":21,"author":{"gitId":"-"},"content":"","lastModifiedDate":"2020-05-24","isFullCredit":false},{"lineNumber":22,"author":{"gitId":"-"},"content":"{Give detailed description of each feature}","lastModifiedDate":"2020-05-24","isFullCredit":false},{"lineNumber":23,"author":{"gitId":"-"},"content":"","lastModifiedDate":"2020-05-24","isFullCredit":false},{"lineNumber":24,"author":{"gitId":"jemehgoh"},"content":"### Exiting the program: `exit`","lastModifiedDate":"2024-10-07","isFullCredit":false},{"lineNumber":25,"author":{"gitId":"jemehgoh"},"content":"Exits the program.","lastModifiedDate":"2024-10-07","isFullCredit":false},{"lineNumber":26,"author":{"gitId":"-"},"content":"","lastModifiedDate":"2020-05-24","isFullCredit":false},{"lineNumber":27,"author":{"gitId":"jemehgoh"},"content":"Format: `exit`","lastModifiedDate":"2024-10-07","isFullCredit":false},{"lineNumber":28,"author":{"gitId":"-"},"content":"","lastModifiedDate":"2020-05-24","isFullCredit":false},{"lineNumber":29,"author":{"gitId":"-"},"content":"## FAQ","lastModifiedDate":"2020-05-24","isFullCredit":false},{"lineNumber":30,"author":{"gitId":"-"},"content":"","lastModifiedDate":"2020-05-24","isFullCredit":false},{"lineNumber":31,"author":{"gitId":"-"},"content":"**Q**: How do I transfer my data to another computer? ","lastModifiedDate":"2020-05-24","isFullCredit":false},{"lineNumber":32,"author":{"gitId":"-"},"content":"","lastModifiedDate":"2020-05-24","isFullCredit":false},{"lineNumber":33,"author":{"gitId":"-"},"content":"**A**: {your answer here}","lastModifiedDate":"2020-05-24","isFullCredit":false},{"lineNumber":34,"author":{"gitId":"-"},"content":"","lastModifiedDate":"2020-05-24","isFullCredit":false},{"lineNumber":35,"author":{"gitId":"-"},"content":"## Command Summary","lastModifiedDate":"2020-05-24","isFullCredit":false},{"lineNumber":36,"author":{"gitId":"-"},"content":"","lastModifiedDate":"2020-05-24","isFullCredit":false},{"lineNumber":37,"author":{"gitId":"-"},"content":"{Give a \u0027cheat sheet\u0027 of commands here}","lastModifiedDate":"2020-05-24","isFullCredit":false},{"lineNumber":38,"author":{"gitId":"-"},"content":"","lastModifiedDate":"2020-05-24","isFullCredit":false},{"lineNumber":39,"author":{"gitId":"jemehgoh"},"content":"* Exit program `exit`","lastModifiedDate":"2024-10-07","isFullCredit":false}],"authorContributionMap":{"jemehgoh":14,"-":25}},{"path":"src/main/java/seedu/manager/Main.java","fileType":"functional-code","lines":[{"lineNumber":1,"author":{"gitId":"jemehgoh"},"content":"package seedu.manager;","lastModifiedDate":"2024-10-02","isFullCredit":false},{"lineNumber":2,"author":{"gitId":"-"},"content":"","lastModifiedDate":"2020-05-24","isFullCredit":false},{"lineNumber":3,"author":{"gitId":"jemehgoh"},"content":"import seedu.manager.ui.Ui;","lastModifiedDate":"2024-10-02","isFullCredit":false},{"lineNumber":4,"author":{"gitId":"-"},"content":"","lastModifiedDate":"2020-05-24","isFullCredit":false},{"lineNumber":5,"author":{"gitId":"jemehgoh"},"content":"public class Main {","lastModifiedDate":"2024-10-01","isFullCredit":false},{"lineNumber":6,"author":{"gitId":"jemehgoh"},"content":"    private static final Ui ui \u003d new Ui();","lastModifiedDate":"2024-10-01","isFullCredit":false},{"lineNumber":7,"author":{"gitId":"jemehgoh"},"content":"","lastModifiedDate":"2024-10-01","isFullCredit":false},{"lineNumber":8,"author":{"gitId":"-"},"content":"    /**","lastModifiedDate":"2020-05-24","isFullCredit":false},{"lineNumber":9,"author":{"gitId":"jemehgoh"},"content":"     * Main entry-point for the EventManagerCLI application.","lastModifiedDate":"2024-10-01","isFullCredit":false},{"lineNumber":10,"author":{"gitId":"-"},"content":"     */","lastModifiedDate":"2020-05-24","isFullCredit":false},{"lineNumber":11,"author":{"gitId":"-"},"content":"    public static void main(String[] args) {","lastModifiedDate":"2019-07-29","isFullCredit":false},{"lineNumber":12,"author":{"gitId":"jemehgoh"},"content":"        ui.greetUser();","lastModifiedDate":"2024-10-01","isFullCredit":false},{"lineNumber":13,"author":{"gitId":"jemehgoh"},"content":"        ui.getCommands();","lastModifiedDate":"2024-10-07","isFullCredit":false},{"lineNumber":14,"author":{"gitId":"-"},"content":"    }","lastModifiedDate":"2019-07-29","isFullCredit":false},{"lineNumber":15,"author":{"gitId":"-"},"content":"}","lastModifiedDate":"2019-07-29","isFullCredit":false}],"authorContributionMap":{"jemehgoh":8,"-":7}},{"path":"src/main/java/seedu/manager/command/Command.java","fileType":"functional-code","lines":[{"lineNumber":1,"author":{"gitId":"jemehgoh"},"content":"package seedu.manager.command;","lastModifiedDate":"2024-10-06","isFullCredit":false},{"lineNumber":2,"author":{"gitId":"jemehgoh"},"content":"","lastModifiedDate":"2024-10-05","isFullCredit":false},{"lineNumber":3,"author":{"gitId":"jemehgoh"},"content":"/**","lastModifiedDate":"2024-10-05","isFullCredit":false},{"lineNumber":4,"author":{"gitId":"jemehgoh"},"content":" * Represents an executable command","lastModifiedDate":"2024-10-05","isFullCredit":false},{"lineNumber":5,"author":{"gitId":"jemehgoh"},"content":" */","lastModifiedDate":"2024-10-05","isFullCredit":false},{"lineNumber":6,"author":{"gitId":"jemehgoh"},"content":"public abstract class Command {","lastModifiedDate":"2024-10-05","isFullCredit":false},{"lineNumber":7,"author":{"gitId":"jemehgoh"},"content":"","lastModifiedDate":"2024-10-05","isFullCredit":false},{"lineNumber":8,"author":{"gitId":"jemehgoh"},"content":"    /**","lastModifiedDate":"2024-10-05","isFullCredit":false},{"lineNumber":9,"author":{"gitId":"jemehgoh"},"content":"     * Returns the output of the executable command","lastModifiedDate":"2024-10-06","isFullCredit":false},{"lineNumber":10,"author":{"gitId":"jemehgoh"},"content":"     */","lastModifiedDate":"2024-10-05","isFullCredit":false},{"lineNumber":11,"author":{"gitId":"jemehgoh"},"content":"    public abstract CommandOutput execute();","lastModifiedDate":"2024-10-06","isFullCredit":false},{"lineNumber":12,"author":{"gitId":"jemehgoh"},"content":"}","lastModifiedDate":"2024-10-05","isFullCredit":false}],"authorContributionMap":{"jemehgoh":12}},{"path":"src/main/java/seedu/manager/command/CommandOutput.java","fileType":"functional-code","lines":[{"lineNumber":1,"author":{"gitId":"jemehgoh"},"content":"package seedu.manager.command;","lastModifiedDate":"2024-10-06","isFullCredit":false},{"lineNumber":2,"author":{"gitId":"jemehgoh"},"content":"","lastModifiedDate":"2024-10-06","isFullCredit":false},{"lineNumber":3,"author":{"gitId":"jemehgoh"},"content":"/**","lastModifiedDate":"2024-10-06","isFullCredit":false},{"lineNumber":4,"author":{"gitId":"jemehgoh"},"content":" * Represents the output of the executed command","lastModifiedDate":"2024-10-06","isFullCredit":false},{"lineNumber":5,"author":{"gitId":"jemehgoh"},"content":" */","lastModifiedDate":"2024-10-06","isFullCredit":false},{"lineNumber":6,"author":{"gitId":"jemehgoh"},"content":"public class CommandOutput {","lastModifiedDate":"2024-10-06","isFullCredit":false},{"lineNumber":7,"author":{"gitId":"jemehgoh"},"content":"    private final String message;","lastModifiedDate":"2024-10-06","isFullCredit":false},{"lineNumber":8,"author":{"gitId":"jemehgoh"},"content":"    private final boolean canExit;","lastModifiedDate":"2024-10-06","isFullCredit":false},{"lineNumber":9,"author":{"gitId":"jemehgoh"},"content":"","lastModifiedDate":"2024-10-06","isFullCredit":false},{"lineNumber":10,"author":{"gitId":"jemehgoh"},"content":"    /**","lastModifiedDate":"2024-10-06","isFullCredit":false},{"lineNumber":11,"author":{"gitId":"jemehgoh"},"content":"     * Constructs a new CommandOutput with a given message and whether the program can be exited from","lastModifiedDate":"2024-10-06","isFullCredit":false},{"lineNumber":12,"author":{"gitId":"jemehgoh"},"content":"     *","lastModifiedDate":"2024-10-06","isFullCredit":false},{"lineNumber":13,"author":{"gitId":"jemehgoh"},"content":"     * @param message The given message","lastModifiedDate":"2024-10-06","isFullCredit":false},{"lineNumber":14,"author":{"gitId":"jemehgoh"},"content":"     * @param canExit Whether the program can be exited from","lastModifiedDate":"2024-10-06","isFullCredit":false},{"lineNumber":15,"author":{"gitId":"jemehgoh"},"content":"     */","lastModifiedDate":"2024-10-06","isFullCredit":false},{"lineNumber":16,"author":{"gitId":"jemehgoh"},"content":"    public CommandOutput(String message, boolean canExit) {","lastModifiedDate":"2024-10-06","isFullCredit":false},{"lineNumber":17,"author":{"gitId":"jemehgoh"},"content":"        this.message \u003d message;","lastModifiedDate":"2024-10-06","isFullCredit":false},{"lineNumber":18,"author":{"gitId":"jemehgoh"},"content":"        this.canExit \u003d canExit;","lastModifiedDate":"2024-10-06","isFullCredit":false},{"lineNumber":19,"author":{"gitId":"jemehgoh"},"content":"    }","lastModifiedDate":"2024-10-06","isFullCredit":false},{"lineNumber":20,"author":{"gitId":"jemehgoh"},"content":"","lastModifiedDate":"2024-10-06","isFullCredit":false},{"lineNumber":21,"author":{"gitId":"jemehgoh"},"content":"    /**","lastModifiedDate":"2024-10-06","isFullCredit":false},{"lineNumber":22,"author":{"gitId":"jemehgoh"},"content":"     * Prints the message of the command output.","lastModifiedDate":"2024-10-06","isFullCredit":false},{"lineNumber":23,"author":{"gitId":"jemehgoh"},"content":"     */","lastModifiedDate":"2024-10-06","isFullCredit":false},{"lineNumber":24,"author":{"gitId":"jemehgoh"},"content":"    public void printMessage() {","lastModifiedDate":"2024-10-06","isFullCredit":false},{"lineNumber":25,"author":{"gitId":"jemehgoh"},"content":"        System.out.println(this.message);","lastModifiedDate":"2024-10-06","isFullCredit":false},{"lineNumber":26,"author":{"gitId":"jemehgoh"},"content":"    }","lastModifiedDate":"2024-10-06","isFullCredit":false},{"lineNumber":27,"author":{"gitId":"jemehgoh"},"content":"","lastModifiedDate":"2024-10-06","isFullCredit":false},{"lineNumber":28,"author":{"gitId":"jemehgoh"},"content":"    /**","lastModifiedDate":"2024-10-06","isFullCredit":false},{"lineNumber":29,"author":{"gitId":"jemehgoh"},"content":"     * Returns true if the program can be exited from,","lastModifiedDate":"2024-10-06","isFullCredit":false},{"lineNumber":30,"author":{"gitId":"jemehgoh"},"content":"     * returns false otherwise.","lastModifiedDate":"2024-10-06","isFullCredit":false},{"lineNumber":31,"author":{"gitId":"jemehgoh"},"content":"     *","lastModifiedDate":"2024-10-06","isFullCredit":false},{"lineNumber":32,"author":{"gitId":"jemehgoh"},"content":"     * @return Whether the program can be exited from","lastModifiedDate":"2024-10-06","isFullCredit":false},{"lineNumber":33,"author":{"gitId":"jemehgoh"},"content":"     */","lastModifiedDate":"2024-10-06","isFullCredit":false},{"lineNumber":34,"author":{"gitId":"jemehgoh"},"content":"    public boolean getCanExit() {","lastModifiedDate":"2024-10-06","isFullCredit":false},{"lineNumber":35,"author":{"gitId":"jemehgoh"},"content":"        return canExit;","lastModifiedDate":"2024-10-06","isFullCredit":false},{"lineNumber":36,"author":{"gitId":"jemehgoh"},"content":"    }","lastModifiedDate":"2024-10-06","isFullCredit":false},{"lineNumber":37,"author":{"gitId":"jemehgoh"},"content":"}","lastModifiedDate":"2024-10-06","isFullCredit":false}],"authorContributionMap":{"jemehgoh":37}},{"path":"src/main/java/seedu/manager/command/EchoCommand.java","fileType":"functional-code","lines":[{"lineNumber":1,"author":{"gitId":"jemehgoh"},"content":"package seedu.manager.command;","lastModifiedDate":"2024-10-06","isFullCredit":false},{"lineNumber":2,"author":{"gitId":"jemehgoh"},"content":"","lastModifiedDate":"2024-10-05","isFullCredit":false},{"lineNumber":3,"author":{"gitId":"jemehgoh"},"content":"/**","lastModifiedDate":"2024-10-05","isFullCredit":false},{"lineNumber":4,"author":{"gitId":"jemehgoh"},"content":" * Represents an executable echo command","lastModifiedDate":"2024-10-05","isFullCredit":false},{"lineNumber":5,"author":{"gitId":"jemehgoh"},"content":" */","lastModifiedDate":"2024-10-05","isFullCredit":false},{"lineNumber":6,"author":{"gitId":"jemehgoh"},"content":"public class EchoCommand extends Command {","lastModifiedDate":"2024-10-05","isFullCredit":false},{"lineNumber":7,"author":{"gitId":"jemehgoh"},"content":"    private final String userInput;","lastModifiedDate":"2024-10-05","isFullCredit":false},{"lineNumber":8,"author":{"gitId":"jemehgoh"},"content":"","lastModifiedDate":"2024-10-05","isFullCredit":false},{"lineNumber":9,"author":{"gitId":"jemehgoh"},"content":"    /**","lastModifiedDate":"2024-10-05","isFullCredit":false},{"lineNumber":10,"author":{"gitId":"jemehgoh"},"content":"     * Constructs a new EchoCommand with the given user input","lastModifiedDate":"2024-10-05","isFullCredit":false},{"lineNumber":11,"author":{"gitId":"jemehgoh"},"content":"     *","lastModifiedDate":"2024-10-05","isFullCredit":false},{"lineNumber":12,"author":{"gitId":"jemehgoh"},"content":"     * @param userInput The user input","lastModifiedDate":"2024-10-05","isFullCredit":false},{"lineNumber":13,"author":{"gitId":"jemehgoh"},"content":"     */","lastModifiedDate":"2024-10-05","isFullCredit":false},{"lineNumber":14,"author":{"gitId":"jemehgoh"},"content":"    public EchoCommand(String userInput) {","lastModifiedDate":"2024-10-05","isFullCredit":false},{"lineNumber":15,"author":{"gitId":"jemehgoh"},"content":"        this.userInput \u003d userInput;","lastModifiedDate":"2024-10-05","isFullCredit":false},{"lineNumber":16,"author":{"gitId":"jemehgoh"},"content":"    }","lastModifiedDate":"2024-10-05","isFullCredit":false},{"lineNumber":17,"author":{"gitId":"jemehgoh"},"content":"","lastModifiedDate":"2024-10-05","isFullCredit":false},{"lineNumber":18,"author":{"gitId":"jemehgoh"},"content":"    /**","lastModifiedDate":"2024-10-05","isFullCredit":false},{"lineNumber":19,"author":{"gitId":"jemehgoh"},"content":"     * Returns the command output, with the user input as the output message","lastModifiedDate":"2024-10-06","isFullCredit":false},{"lineNumber":20,"author":{"gitId":"jemehgoh"},"content":"     */","lastModifiedDate":"2024-10-05","isFullCredit":false},{"lineNumber":21,"author":{"gitId":"jemehgoh"},"content":"    @Override","lastModifiedDate":"2024-10-05","isFullCredit":false},{"lineNumber":22,"author":{"gitId":"jemehgoh"},"content":"    public CommandOutput execute() {","lastModifiedDate":"2024-10-06","isFullCredit":false},{"lineNumber":23,"author":{"gitId":"jemehgoh"},"content":"        return new CommandOutput(this.userInput, false);","lastModifiedDate":"2024-10-06","isFullCredit":false},{"lineNumber":24,"author":{"gitId":"jemehgoh"},"content":"    }","lastModifiedDate":"2024-10-05","isFullCredit":false},{"lineNumber":25,"author":{"gitId":"jemehgoh"},"content":"}","lastModifiedDate":"2024-10-05","isFullCredit":false}],"authorContributionMap":{"jemehgoh":25}},{"path":"src/main/java/seedu/manager/command/ExitCommand.java","fileType":"functional-code","lines":[{"lineNumber":1,"author":{"gitId":"jemehgoh"},"content":"package seedu.manager.command;","lastModifiedDate":"2024-10-06","isFullCredit":false},{"lineNumber":2,"author":{"gitId":"jemehgoh"},"content":"","lastModifiedDate":"2024-10-06","isFullCredit":false},{"lineNumber":3,"author":{"gitId":"jemehgoh"},"content":"/**","lastModifiedDate":"2024-10-06","isFullCredit":false},{"lineNumber":4,"author":{"gitId":"jemehgoh"},"content":" * Represents an executable exit command","lastModifiedDate":"2024-10-07","isFullCredit":false},{"lineNumber":5,"author":{"gitId":"jemehgoh"},"content":" */","lastModifiedDate":"2024-10-06","isFullCredit":false},{"lineNumber":6,"author":{"gitId":"jemehgoh"},"content":"public class ExitCommand extends Command {","lastModifiedDate":"2024-10-06","isFullCredit":false},{"lineNumber":7,"author":{"gitId":"jemehgoh"},"content":"    public static final String COMMAND_WORD \u003d \"exit\";","lastModifiedDate":"2024-10-06","isFullCredit":false},{"lineNumber":8,"author":{"gitId":"jemehgoh"},"content":"    private static final String EXIT_MESSAGE \u003d \"Thank you for using EventManagerCLI. Goodbye!\";","lastModifiedDate":"2024-10-07","isFullCredit":false},{"lineNumber":9,"author":{"gitId":"jemehgoh"},"content":"","lastModifiedDate":"2024-10-06","isFullCredit":false},{"lineNumber":10,"author":{"gitId":"jemehgoh"},"content":"    /**","lastModifiedDate":"2024-10-07","isFullCredit":false},{"lineNumber":11,"author":{"gitId":"jemehgoh"},"content":"     * Returns a command output with an exit message","lastModifiedDate":"2024-10-07","isFullCredit":false},{"lineNumber":12,"author":{"gitId":"jemehgoh"},"content":"     *","lastModifiedDate":"2024-10-07","isFullCredit":false},{"lineNumber":13,"author":{"gitId":"jemehgoh"},"content":"     * @return The command output with an exit message","lastModifiedDate":"2024-10-07","isFullCredit":false},{"lineNumber":14,"author":{"gitId":"jemehgoh"},"content":"     */","lastModifiedDate":"2024-10-07","isFullCredit":false},{"lineNumber":15,"author":{"gitId":"jemehgoh"},"content":"    public CommandOutput execute() {","lastModifiedDate":"2024-10-06","isFullCredit":false},{"lineNumber":16,"author":{"gitId":"jemehgoh"},"content":"        return new CommandOutput(EXIT_MESSAGE, true);","lastModifiedDate":"2024-10-07","isFullCredit":false},{"lineNumber":17,"author":{"gitId":"jemehgoh"},"content":"    }","lastModifiedDate":"2024-10-06","isFullCredit":false},{"lineNumber":18,"author":{"gitId":"jemehgoh"},"content":"}","lastModifiedDate":"2024-10-06","isFullCredit":false}],"authorContributionMap":{"jemehgoh":18}},{"path":"src/main/java/seedu/manager/parser/Parser.java","fileType":"functional-code","lines":[{"lineNumber":1,"author":{"gitId":"jemehgoh"},"content":"package seedu.manager.parser;","lastModifiedDate":"2024-10-06","isFullCredit":false},{"lineNumber":2,"author":{"gitId":"jemehgoh"},"content":"","lastModifiedDate":"2024-10-05","isFullCredit":false},{"lineNumber":3,"author":{"gitId":"jemehgoh"},"content":"import seedu.manager.command.Command;","lastModifiedDate":"2024-10-06","isFullCredit":false},{"lineNumber":4,"author":{"gitId":"jemehgoh"},"content":"import seedu.manager.command.EchoCommand;","lastModifiedDate":"2024-10-06","isFullCredit":false},{"lineNumber":5,"author":{"gitId":"jemehgoh"},"content":"import seedu.manager.command.ExitCommand;","lastModifiedDate":"2024-10-06","isFullCredit":false},{"lineNumber":6,"author":{"gitId":"jemehgoh"},"content":"","lastModifiedDate":"2024-10-05","isFullCredit":false},{"lineNumber":7,"author":{"gitId":"jemehgoh"},"content":"/**","lastModifiedDate":"2024-10-05","isFullCredit":false},{"lineNumber":8,"author":{"gitId":"jemehgoh"},"content":" * Represents the command parser for EventManagerCLI","lastModifiedDate":"2024-10-05","isFullCredit":false},{"lineNumber":9,"author":{"gitId":"jemehgoh"},"content":" */","lastModifiedDate":"2024-10-05","isFullCredit":false},{"lineNumber":10,"author":{"gitId":"jemehgoh"},"content":"public class Parser {","lastModifiedDate":"2024-10-05","isFullCredit":false},{"lineNumber":11,"author":{"gitId":"jemehgoh"},"content":"","lastModifiedDate":"2024-10-05","isFullCredit":false},{"lineNumber":12,"author":{"gitId":"jemehgoh"},"content":"    /**","lastModifiedDate":"2024-10-05","isFullCredit":false},{"lineNumber":13,"author":{"gitId":"jemehgoh"},"content":"     * Returns a command based on the given user command string","lastModifiedDate":"2024-10-06","isFullCredit":false},{"lineNumber":14,"author":{"gitId":"jemehgoh"},"content":"     *","lastModifiedDate":"2024-10-05","isFullCredit":false},{"lineNumber":15,"author":{"gitId":"jemehgoh"},"content":"     * @param command The given command string from the user","lastModifiedDate":"2024-10-05","isFullCredit":false},{"lineNumber":16,"author":{"gitId":"jemehgoh"},"content":"     */","lastModifiedDate":"2024-10-05","isFullCredit":false},{"lineNumber":17,"author":{"gitId":"jemehgoh"},"content":"    public Command parseCommand(String command){","lastModifiedDate":"2024-10-05","isFullCredit":false},{"lineNumber":18,"author":{"gitId":"jemehgoh"},"content":"        String[] commandParts \u003d command.split(\" \", 2);","lastModifiedDate":"2024-10-06","isFullCredit":false},{"lineNumber":19,"author":{"gitId":"jemehgoh"},"content":"        String commandWord \u003d commandParts[0];","lastModifiedDate":"2024-10-06","isFullCredit":false},{"lineNumber":20,"author":{"gitId":"jemehgoh"},"content":"","lastModifiedDate":"2024-10-06","isFullCredit":false},{"lineNumber":21,"author":{"gitId":"jemehgoh"},"content":"        switch (commandWord) {","lastModifiedDate":"2024-10-06","isFullCredit":false},{"lineNumber":22,"author":{"gitId":"jemehgoh"},"content":"        case ExitCommand.COMMAND_WORD:","lastModifiedDate":"2024-10-06","isFullCredit":false},{"lineNumber":23,"author":{"gitId":"jemehgoh"},"content":"            return new ExitCommand();","lastModifiedDate":"2024-10-06","isFullCredit":false},{"lineNumber":24,"author":{"gitId":"jemehgoh"},"content":"","lastModifiedDate":"2024-10-06","isFullCredit":false},{"lineNumber":25,"author":{"gitId":"jemehgoh"},"content":"        default:","lastModifiedDate":"2024-10-06","isFullCredit":false},{"lineNumber":26,"author":{"gitId":"jemehgoh"},"content":"            return new EchoCommand(command);","lastModifiedDate":"2024-10-05","isFullCredit":false},{"lineNumber":27,"author":{"gitId":"jemehgoh"},"content":"        }","lastModifiedDate":"2024-10-05","isFullCredit":false},{"lineNumber":28,"author":{"gitId":"jemehgoh"},"content":"    }","lastModifiedDate":"2024-10-05","isFullCredit":false},{"lineNumber":29,"author":{"gitId":"jemehgoh"},"content":"}","lastModifiedDate":"2024-10-06","isFullCredit":false}],"authorContributionMap":{"jemehgoh":29}},{"path":"src/main/java/seedu/manager/ui/Ui.java","fileType":"functional-code","lines":[{"lineNumber":1,"author":{"gitId":"jemehgoh"},"content":"package seedu.manager.ui;","lastModifiedDate":"2024-10-05","isFullCredit":false},{"lineNumber":2,"author":{"gitId":"jemehgoh"},"content":"","lastModifiedDate":"2024-10-01","isFullCredit":false},{"lineNumber":3,"author":{"gitId":"jemehgoh"},"content":"import seedu.manager.command.Command;","lastModifiedDate":"2024-10-06","isFullCredit":false},{"lineNumber":4,"author":{"gitId":"jemehgoh"},"content":"import seedu.manager.command.CommandOutput;","lastModifiedDate":"2024-10-06","isFullCredit":false},{"lineNumber":5,"author":{"gitId":"jemehgoh"},"content":"import seedu.manager.parser.Parser;","lastModifiedDate":"2024-10-06","isFullCredit":false},{"lineNumber":6,"author":{"gitId":"jemehgoh"},"content":"","lastModifiedDate":"2024-10-06","isFullCredit":false},{"lineNumber":7,"author":{"gitId":"jemehgoh"},"content":"import java.util.Scanner;","lastModifiedDate":"2024-10-05","isFullCredit":false},{"lineNumber":8,"author":{"gitId":"jemehgoh"},"content":"","lastModifiedDate":"2024-10-05","isFullCredit":false},{"lineNumber":9,"author":{"gitId":"jemehgoh"},"content":"/**","lastModifiedDate":"2024-10-01","isFullCredit":false},{"lineNumber":10,"author":{"gitId":"jemehgoh"},"content":" * Represents the program\u0027s user interface","lastModifiedDate":"2024-10-01","isFullCredit":false},{"lineNumber":11,"author":{"gitId":"jemehgoh"},"content":" */","lastModifiedDate":"2024-10-01","isFullCredit":false},{"lineNumber":12,"author":{"gitId":"jemehgoh"},"content":"public class Ui {","lastModifiedDate":"2024-10-01","isFullCredit":false},{"lineNumber":13,"author":{"gitId":"jemehgoh"},"content":"    private static final String WELCOME_MESSAGE \u003d \"Welcome to EventManagerCLI.\";","lastModifiedDate":"2024-10-05","isFullCredit":false},{"lineNumber":14,"author":{"gitId":"jemehgoh"},"content":"    private static final String COMMAND_PROMPT_MESSAGE \u003d \"Enter a command: \";","lastModifiedDate":"2024-10-05","isFullCredit":false},{"lineNumber":15,"author":{"gitId":"jemehgoh"},"content":"","lastModifiedDate":"2024-10-05","isFullCredit":false},{"lineNumber":16,"author":{"gitId":"jemehgoh"},"content":"    private final Scanner userInput;","lastModifiedDate":"2024-10-05","isFullCredit":false},{"lineNumber":17,"author":{"gitId":"jemehgoh"},"content":"    private final Parser parser;","lastModifiedDate":"2024-10-06","isFullCredit":false},{"lineNumber":18,"author":{"gitId":"jemehgoh"},"content":"","lastModifiedDate":"2024-10-05","isFullCredit":false},{"lineNumber":19,"author":{"gitId":"jemehgoh"},"content":"    /**","lastModifiedDate":"2024-10-06","isFullCredit":false},{"lineNumber":20,"author":{"gitId":"jemehgoh"},"content":"     * Constructs a new Ui","lastModifiedDate":"2024-10-06","isFullCredit":false},{"lineNumber":21,"author":{"gitId":"jemehgoh"},"content":"     */","lastModifiedDate":"2024-10-06","isFullCredit":false},{"lineNumber":22,"author":{"gitId":"jemehgoh"},"content":"    public Ui() {","lastModifiedDate":"2024-10-05","isFullCredit":false},{"lineNumber":23,"author":{"gitId":"jemehgoh"},"content":"        this.userInput \u003d new Scanner(System.in);","lastModifiedDate":"2024-10-05","isFullCredit":false},{"lineNumber":24,"author":{"gitId":"jemehgoh"},"content":"        this.parser \u003d new Parser();","lastModifiedDate":"2024-10-06","isFullCredit":false},{"lineNumber":25,"author":{"gitId":"jemehgoh"},"content":"    }","lastModifiedDate":"2024-10-05","isFullCredit":false},{"lineNumber":26,"author":{"gitId":"jemehgoh"},"content":"","lastModifiedDate":"2024-10-05","isFullCredit":false},{"lineNumber":27,"author":{"gitId":"jemehgoh"},"content":"    /**","lastModifiedDate":"2024-10-01","isFullCredit":false},{"lineNumber":28,"author":{"gitId":"jemehgoh"},"content":"     * Greets user upon program startup","lastModifiedDate":"2024-10-01","isFullCredit":false},{"lineNumber":29,"author":{"gitId":"jemehgoh"},"content":"     */","lastModifiedDate":"2024-10-01","isFullCredit":false},{"lineNumber":30,"author":{"gitId":"jemehgoh"},"content":"    public void greetUser() {","lastModifiedDate":"2024-10-01","isFullCredit":false},{"lineNumber":31,"author":{"gitId":"jemehgoh"},"content":"        System.out.println(WELCOME_MESSAGE);","lastModifiedDate":"2024-10-04","isFullCredit":false},{"lineNumber":32,"author":{"gitId":"jemehgoh"},"content":"    }","lastModifiedDate":"2024-10-01","isFullCredit":false},{"lineNumber":33,"author":{"gitId":"jemehgoh"},"content":"","lastModifiedDate":"2024-10-05","isFullCredit":false},{"lineNumber":34,"author":{"gitId":"jemehgoh"},"content":"    /**","lastModifiedDate":"2024-10-05","isFullCredit":false},{"lineNumber":35,"author":{"gitId":"jemehgoh"},"content":"     * Gets input from the user, and executes commands based on that input","lastModifiedDate":"2024-10-07","isFullCredit":false},{"lineNumber":36,"author":{"gitId":"jemehgoh"},"content":"     */","lastModifiedDate":"2024-10-05","isFullCredit":false},{"lineNumber":37,"author":{"gitId":"jemehgoh"},"content":"    public void getCommands() {","lastModifiedDate":"2024-10-07","isFullCredit":false},{"lineNumber":38,"author":{"gitId":"jemehgoh"},"content":"        boolean isGettingCommands \u003d true;","lastModifiedDate":"2024-10-06","isFullCredit":false},{"lineNumber":39,"author":{"gitId":"jemehgoh"},"content":"","lastModifiedDate":"2024-10-06","isFullCredit":false},{"lineNumber":40,"author":{"gitId":"jemehgoh"},"content":"        while (isGettingCommands) {","lastModifiedDate":"2024-10-06","isFullCredit":false},{"lineNumber":41,"author":{"gitId":"jemehgoh"},"content":"            System.out.print(COMMAND_PROMPT_MESSAGE);","lastModifiedDate":"2024-10-05","isFullCredit":false},{"lineNumber":42,"author":{"gitId":"jemehgoh"},"content":"            String rawInput \u003d this.userInput.nextLine();","lastModifiedDate":"2024-10-05","isFullCredit":false},{"lineNumber":43,"author":{"gitId":"jemehgoh"},"content":"            Command command \u003d parser.parseCommand(rawInput);","lastModifiedDate":"2024-10-06","isFullCredit":false},{"lineNumber":44,"author":{"gitId":"jemehgoh"},"content":"            CommandOutput output \u003d command.execute();","lastModifiedDate":"2024-10-06","isFullCredit":false},{"lineNumber":45,"author":{"gitId":"jemehgoh"},"content":"            output.printMessage();","lastModifiedDate":"2024-10-06","isFullCredit":false},{"lineNumber":46,"author":{"gitId":"jemehgoh"},"content":"            isGettingCommands \u003d !output.getCanExit();","lastModifiedDate":"2024-10-06","isFullCredit":false},{"lineNumber":47,"author":{"gitId":"jemehgoh"},"content":"        }","lastModifiedDate":"2024-10-05","isFullCredit":false},{"lineNumber":48,"author":{"gitId":"jemehgoh"},"content":"    }","lastModifiedDate":"2024-10-05","isFullCredit":false},{"lineNumber":49,"author":{"gitId":"jemehgoh"},"content":"}","lastModifiedDate":"2024-10-01","isFullCredit":false}],"authorContributionMap":{"jemehgoh":49}},{"path":"src/test/java/seedu/manager/DukeTest.java","fileType":"test-code","lines":[{"lineNumber":1,"author":{"gitId":"jemehgoh"},"content":"package seedu.manager;","lastModifiedDate":"2024-10-02","isFullCredit":false},{"lineNumber":2,"author":{"gitId":"-"},"content":"","lastModifiedDate":"2020-05-24","isFullCredit":false},{"lineNumber":3,"author":{"gitId":"-"},"content":"import static org.junit.jupiter.api.Assertions.assertTrue;","lastModifiedDate":"2020-05-24","isFullCredit":false},{"lineNumber":4,"author":{"gitId":"-"},"content":"","lastModifiedDate":"2020-05-24","isFullCredit":false},{"lineNumber":5,"author":{"gitId":"-"},"content":"import org.junit.jupiter.api.Test;","lastModifiedDate":"2020-05-24","isFullCredit":false},{"lineNumber":6,"author":{"gitId":"-"},"content":"","lastModifiedDate":"2020-05-24","isFullCredit":false},{"lineNumber":7,"author":{"gitId":"-"},"content":"class DukeTest {","lastModifiedDate":"2020-05-24","isFullCredit":false},{"lineNumber":8,"author":{"gitId":"-"},"content":"    @Test","lastModifiedDate":"2020-05-24","isFullCredit":false},{"lineNumber":9,"author":{"gitId":"-"},"content":"    public void sampleTest() {","lastModifiedDate":"2020-05-24","isFullCredit":false},{"lineNumber":10,"author":{"gitId":"-"},"content":"        assertTrue(true);","lastModifiedDate":"2020-05-24","isFullCredit":false},{"lineNumber":11,"author":{"gitId":"-"},"content":"    }","lastModifiedDate":"2020-05-24","isFullCredit":false},{"lineNumber":12,"author":{"gitId":"-"},"content":"}","lastModifiedDate":"2020-05-24","isFullCredit":false}],"authorContributionMap":{"jemehgoh":1,"-":11}},{"path":"src/test/java/seedu/manager/parser/ParserTest.java","fileType":"test-code","lines":[{"lineNumber":1,"author":{"gitId":"jemehgoh"},"content":"package seedu.manager.parser;","lastModifiedDate":"2024-10-06","isFullCredit":false},{"lineNumber":2,"author":{"gitId":"jemehgoh"},"content":"","lastModifiedDate":"2024-10-05","isFullCredit":false},{"lineNumber":3,"author":{"gitId":"jemehgoh"},"content":"import seedu.manager.command.Command;","lastModifiedDate":"2024-10-06","isFullCredit":false},{"lineNumber":4,"author":{"gitId":"jemehgoh"},"content":"import seedu.manager.command.EchoCommand;","lastModifiedDate":"2024-10-06","isFullCredit":false},{"lineNumber":5,"author":{"gitId":"jemehgoh"},"content":"import org.junit.jupiter.api.Test;","lastModifiedDate":"2024-10-05","isFullCredit":false},{"lineNumber":6,"author":{"gitId":"jemehgoh"},"content":"import seedu.manager.command.ExitCommand;","lastModifiedDate":"2024-10-06","isFullCredit":false},{"lineNumber":7,"author":{"gitId":"jemehgoh"},"content":"","lastModifiedDate":"2024-10-05","isFullCredit":false},{"lineNumber":8,"author":{"gitId":"jemehgoh"},"content":"import static org.junit.jupiter.api.Assertions.assertInstanceOf;","lastModifiedDate":"2024-10-06","isFullCredit":false},{"lineNumber":9,"author":{"gitId":"jemehgoh"},"content":"","lastModifiedDate":"2024-10-05","isFullCredit":false},{"lineNumber":10,"author":{"gitId":"jemehgoh"},"content":"class ParserTest {","lastModifiedDate":"2024-10-05","isFullCredit":false},{"lineNumber":11,"author":{"gitId":"jemehgoh"},"content":"","lastModifiedDate":"2024-10-05","isFullCredit":false},{"lineNumber":12,"author":{"gitId":"jemehgoh"},"content":"    @Test","lastModifiedDate":"2024-10-05","isFullCredit":false},{"lineNumber":13,"author":{"gitId":"jemehgoh"},"content":"    public void parseCommand_nonEmptyString_echo() {","lastModifiedDate":"2024-10-05","isFullCredit":false},{"lineNumber":14,"author":{"gitId":"jemehgoh"},"content":"        Parser parser \u003d new Parser();","lastModifiedDate":"2024-10-05","isFullCredit":false},{"lineNumber":15,"author":{"gitId":"jemehgoh"},"content":"        Command command \u003d parser.parseCommand(\"Hello world!\");","lastModifiedDate":"2024-10-05","isFullCredit":false},{"lineNumber":16,"author":{"gitId":"jemehgoh"},"content":"","lastModifiedDate":"2024-10-05","isFullCredit":false},{"lineNumber":17,"author":{"gitId":"jemehgoh"},"content":"        assertInstanceOf(EchoCommand.class, command);","lastModifiedDate":"2024-10-06","isFullCredit":false},{"lineNumber":18,"author":{"gitId":"jemehgoh"},"content":"    }","lastModifiedDate":"2024-10-06","isFullCredit":false},{"lineNumber":19,"author":{"gitId":"jemehgoh"},"content":"","lastModifiedDate":"2024-10-06","isFullCredit":false},{"lineNumber":20,"author":{"gitId":"jemehgoh"},"content":"    @Test","lastModifiedDate":"2024-10-06","isFullCredit":false},{"lineNumber":21,"author":{"gitId":"jemehgoh"},"content":"    public void parseCommand_exitWord_exit() {","lastModifiedDate":"2024-10-06","isFullCredit":false},{"lineNumber":22,"author":{"gitId":"jemehgoh"},"content":"        Parser parser \u003d new Parser();","lastModifiedDate":"2024-10-06","isFullCredit":false},{"lineNumber":23,"author":{"gitId":"jemehgoh"},"content":"        Command command \u003d parser.parseCommand(\"exit\");","lastModifiedDate":"2024-10-06","isFullCredit":false},{"lineNumber":24,"author":{"gitId":"jemehgoh"},"content":"","lastModifiedDate":"2024-10-06","isFullCredit":false},{"lineNumber":25,"author":{"gitId":"jemehgoh"},"content":"        assertInstanceOf(ExitCommand.class, command);","lastModifiedDate":"2024-10-06","isFullCredit":false},{"lineNumber":26,"author":{"gitId":"jemehgoh"},"content":"    }","lastModifiedDate":"2024-10-05","isFullCredit":false},{"lineNumber":27,"author":{"gitId":"jemehgoh"},"content":"}","lastModifiedDate":"2024-10-05","isFullCredit":false}],"authorContributionMap":{"jemehgoh":27}}]
