{"authorDailyContributionsMap":{"KuanHsienn":[{"date":"2024-10-02","commitResults":[{"hash":"5c86d106dfa899d736b3633f5ca603f5718690a2","isMergeCommit":false,"messageTitle":"Modify About Us","messageBody":"","fileTypesAndContributionMap":{"docs":{"insertions":4,"deletions":7}}}]},{"date":"2024-10-08","commitResults":[{"hash":"b72915d44dbda75dc14cbc8cf411c43d8b5fc2e6","isMergeCommit":true,"messageTitle":"Merge pull request #38 from glenn-chew/Glenn-MenuParser","messageBody":"Solve issue: Add support for the “menu” command to parser","fileTypesAndContributionMap":{}},{"hash":"d28a012e4f79e2d7289dc22cbb1ac4f6929d20b5","isMergeCommit":true,"messageTitle":"Merge pull request #39 from MatchaRRR/Event-class","messageBody":"modify the attribute of Event class, only keep \"eventName\", \"evnetVenue\" and \"eventTime\".","fileTypesAndContributionMap":{}}]},{"date":"2024-10-09","commitResults":[{"hash":"6df89a0bdc7b22ad5129c6990b3f56ebab309da2","isMergeCommit":true,"messageTitle":"Merge pull request #43 from MatchaRRR/Parser_List","messageBody":"Add support for the \u0027list\u0027 command to the parser","fileTypesAndContributionMap":{}}]},{"date":"2024-10-10","commitResults":[{"hash":"dbe064864a3d0cd5edf7fda82258443ce522e57c","isMergeCommit":false,"messageTitle":"Add AddCommand to add events to event list","messageBody":"","fileTypesAndContributionMap":{"functional-code":{"insertions":27,"deletions":10}}},{"hash":"8074bfaef94949bf39e291cb840f5ea4e97a433c","isMergeCommit":false,"messageTitle":"Update parseCommand to accept event list as a parameter","messageBody":"","fileTypesAndContributionMap":{"functional-code":{"insertions":3,"deletions":3}}},{"hash":"410a98efc34f74386646074655b3fd9e5cc079ae","isMergeCommit":false,"messageTitle":"Update parser to handle add command with only event name as description","messageBody":"","fileTypesAndContributionMap":{"functional-code":{"insertions":9,"deletions":3},"test-code":{"insertions":5,"deletions":3}}}]},{"date":"2024-10-11","commitResults":[{"hash":"ccb3decfe97a002e40d4c72483ae9d63b124b450","isMergeCommit":false,"messageTitle":"Fix JavaDoc Comments Indentation","messageBody":"","fileTypesAndContributionMap":{"functional-code":{"insertions":7,"deletions":7}}},{"hash":"8fd993ec1e318de47a43a9ccd81b3e0341a2e27b","isMergeCommit":false,"messageTitle":"Update parseCommand","messageBody":"","fileTypesAndContributionMap":{"functional-code":{"insertions":8,"deletions":11}}},{"hash":"41a0a2dcb0c080a17027eacd4d26af92c2ef7241","isMergeCommit":false,"messageTitle":"Add JUnit for AddCommand","messageBody":"","fileTypesAndContributionMap":{"test-code":{"insertions":12,"deletions":4}}},{"hash":"7b96adea73f5908f4b5073313d2a13b1601f1833","isMergeCommit":false,"messageTitle":"Remove import statments","messageBody":"","fileTypesAndContributionMap":{"functional-code":{"insertions":0,"deletions":3},"test-code":{"insertions":0,"deletions":1}}},{"hash":"1402cdea93720c81c93e38653d453fac9d7e6e9a","isMergeCommit":false,"messageTitle":"Modify test for AddCommand","messageBody":"","fileTypesAndContributionMap":{"test-code":{"insertions":2,"deletions":1}}},{"hash":"64a54818aa7ecd8e4af73bb15e92268bf0c0e571","isMergeCommit":false,"messageTitle":"Update gradle.yml","messageBody":"","fileTypesAndContributionMap":{"other":{"insertions":5,"deletions":2}}},{"hash":"bcfcdcad5bdd177e885498da4fac3a2800f00e48","isMergeCommit":false,"messageTitle":"Update gradle.yml","messageBody":"","fileTypesAndContributionMap":{"other":{"insertions":11,"deletions":2}}}]}],"jemehgoh":[{"date":"2024-10-01","commitResults":[{"hash":"701e10e34748dbd3ade264d51b951283a02f22ee","isMergeCommit":false,"messageTitle":"Add Ui class and greetUser method","messageBody":"","fileTypesAndContributionMap":{"functional-code":{"insertions":13,"deletions":0}}},{"hash":"e4d5a6ddb9bd029f79be29557b36bb6a6c259e55","isMergeCommit":false,"messageTitle":"Rewrite main function in Duke to use Ui class","messageBody":"","fileTypesAndContributionMap":{"functional-code":{"insertions":5,"deletions":12}}},{"hash":"8d80e0f6d940d42cebc7da9e28af6d7e0b5fb3d1","isMergeCommit":false,"messageTitle":"Rename Duke class to Main","messageBody":"","fileTypesAndContributionMap":{"other":{"insertions":1,"deletions":1}}},{"hash":"0873f95114525516686dbf4903c8caf3a07fbe7e","isMergeCommit":false,"messageTitle":"Update build.gradle to account for change in main class name","messageBody":"","fileTypesAndContributionMap":{"other":{"insertions":1,"deletions":1}}}]},{"date":"2024-10-02","commitResults":[{"hash":"69e199cfce89f9927fe0dfb330245ee874294569","isMergeCommit":false,"messageTitle":"Update personal details in AboutUs","messageBody":"","fileTypesAndContributionMap":{"docs":{"insertions":4,"deletions":7}}},{"hash":"8ebafc4f8152b3b1975ecfca5bfa26ed3b779eda","isMergeCommit":true,"messageTitle":"Merge branch \u0027master\u0027 into johnDoe-AboutUs","messageBody":"","fileTypesAndContributionMap":{}},{"hash":"5dd2e4550d107f443ee4d2947b2aa7be958db671","isMergeCommit":true,"messageTitle":"Merge pull request #24 from jemehgoh/johnDoe-AboutUs","messageBody":"Update personal details in AboutUs","fileTypesAndContributionMap":{}},{"hash":"6bbfabc56c38b4cd315398f94f4fa12b431d3a73","isMergeCommit":true,"messageTitle":"Merge branch \u0027master\u0027 into Glenn-AboutUs","messageBody":"","fileTypesAndContributionMap":{}},{"hash":"5892f99aed8c073a28009eb264406fd5ca380cf0","isMergeCommit":true,"messageTitle":"Merge pull request #25 from glenn-chew/Glenn-AboutUs","messageBody":"Update AboutUs with personal details","fileTypesAndContributionMap":{}},{"hash":"6d05cbf3caaef83826fc10f93b50f28682926029","isMergeCommit":true,"messageTitle":"Merge branch \u0027master\u0027 into TzeKang-AboutUs","messageBody":"","fileTypesAndContributionMap":{}},{"hash":"258054787f3b175c64515b68b8bcbc136a58f101","isMergeCommit":true,"messageTitle":"Merge pull request #26 from LTK-1606/TzeKang-AboutUs","messageBody":"Update aboutus with my details","fileTypesAndContributionMap":{}},{"hash":"8ac6a13ffc5eae805be0cb64614488e73f2885fb","isMergeCommit":true,"messageTitle":"Merge branch \u0027master\u0027 into KuanHsienn-AboutUs","messageBody":"","fileTypesAndContributionMap":{}},{"hash":"75b9984b0c309ca452cbe13c64d33484b28e6635","isMergeCommit":true,"messageTitle":"Merge pull request #27 from KuanHsienn/KuanHsienn-AboutUs","messageBody":"Modify About Us","fileTypesAndContributionMap":{}},{"hash":"51355b37e8b67be1d5bd1910cbf7b1220024c7da","isMergeCommit":false,"messageTitle":"Change main package name from seedu.duke to seedu.manager","messageBody":"","fileTypesAndContributionMap":{"other":{"insertions":4,"deletions":4}}},{"hash":"81a44d7ef95b749af871d7c5f2ba76be460f9153","isMergeCommit":false,"messageTitle":"Update package at top of Main","messageBody":"","fileTypesAndContributionMap":{"functional-code":{"insertions":1,"deletions":1}}},{"hash":"45155adf828b7793d3536d6e860ea5172c765800","isMergeCommit":false,"messageTitle":"Extract welcome message in Ui to a Messages container class","messageBody":"","fileTypesAndContributionMap":{"functional-code":{"insertions":12,"deletions":1}}},{"hash":"e74db773232c1ad2654ae9b2f20f9dfa9c2bc58a","isMergeCommit":true,"messageTitle":"Merge branch \u0027master\u0027 into initial-user-interface","messageBody":"","fileTypesAndContributionMap":{}}]},{"date":"2024-10-04","commitResults":[{"hash":"9a481124a3ae3a0fdd8bc538ad6148aee35f446d","isMergeCommit":false,"messageTitle":"Move welcome message back into Ui class","messageBody":"","fileTypesAndContributionMap":{"functional-code":{"insertions":2,"deletions":12}}},{"hash":"39f7431fcdafc0e4ccbd99537710c2f0d2ca6eae","isMergeCommit":true,"messageTitle":"Merge branch \u0027initial-user-interface\u0027 into ui-user-input","messageBody":"","fileTypesAndContributionMap":{}},{"hash":"a160487536b2407ad1825447b845d327257f8917","isMergeCommit":false,"messageTitle":"Move ui package out of seedu.manager package","messageBody":"","fileTypesAndContributionMap":{"functional-code":{"insertions":1,"deletions":1},"other":{"insertions":1,"deletions":1}}}]},{"date":"2024-10-05","commitResults":[{"hash":"d0a3071120739e415dedc13e0f91693ad63a5c40","isMergeCommit":false,"messageTitle":"Create new abstract Command class for executable commands","messageBody":"","fileTypesAndContributionMap":{"functional-code":{"insertions":12,"deletions":0}}},{"hash":"2d76d0b4330d54369ce1fc4ecb0752ec326e5b0a","isMergeCommit":false,"messageTitle":"Add a new EchoCommand class to echo user input","messageBody":"","fileTypesAndContributionMap":{"functional-code":{"insertions":25,"deletions":0}}},{"hash":"d95f083f73772618221e0b73759ac8d0bbebe736","isMergeCommit":false,"messageTitle":"Add a new Parser class to handle the parsing of user input","messageBody":"","fileTypesAndContributionMap":{"functional-code":{"insertions":19,"deletions":0}}},{"hash":"1687c4020207c343320a83593cbe1510f696cf9c","isMergeCommit":false,"messageTitle":"Add a unit test to check if the parser returns an EchoCommand","messageBody":"","fileTypesAndContributionMap":{"test-code":{"insertions":18,"deletions":0}}},{"hash":"1d107b32407bd335b5b2537733c29c0b192b35fd","isMergeCommit":false,"messageTitle":"Move ui package back under seedu.manager","messageBody":"","fileTypesAndContributionMap":{"functional-code":{"insertions":1,"deletions":1},"other":{"insertions":1,"deletions":1}}},{"hash":"932c0531bd79e95865b8e2452fdd6ddda534b890","isMergeCommit":false,"messageTitle":"Make WELCOME_MESSAGE private","messageBody":"","fileTypesAndContributionMap":{"functional-code":{"insertions":2,"deletions":1}}},{"hash":"215ddb39ed78956605f252c8fe2a774f4f1bc76a","isMergeCommit":true,"messageTitle":"Merge branch \u0027initial-user-interface\u0027 into ui-user-input","messageBody":"","fileTypesAndContributionMap":{}},{"hash":"084853fc22abe1c8e984c1cc2cda4dab34b04b5d","isMergeCommit":false,"messageTitle":"Add a scanner to Ui to take in user input","messageBody":"","fileTypesAndContributionMap":{"functional-code":{"insertions":8,"deletions":0}}},{"hash":"6814eca594affe3b027512d8c0aca736763436d2","isMergeCommit":false,"messageTitle":"Add getCommand method to Ui class to handle user input","messageBody":"","fileTypesAndContributionMap":{"functional-code":{"insertions":11,"deletions":0}}},{"hash":"601cea8d8df2c5d201a7a45817a264a6fef4921a","isMergeCommit":false,"messageTitle":"Add a sayBye method to the Ui class","messageBody":"","fileTypesAndContributionMap":{"functional-code":{"insertions":9,"deletions":0}}},{"hash":"4fff6886bfbadde45310a36fa1cee4abbd28fecf","isMergeCommit":false,"messageTitle":"Update user guide to account for new startup procedure","messageBody":"","fileTypesAndContributionMap":{"docs":{"insertions":10,"deletions":4}}}]},{"date":"2024-10-06","commitResults":[{"hash":"1bb42e9c9b77d35e72a3391c8bbca46b1753665f","isMergeCommit":true,"messageTitle":"Merge branch \u0027ui-user-input\u0027 into exit-command","messageBody":"","fileTypesAndContributionMap":{}},{"hash":"601a89337185d70af93c640f95c03ec98ef049f0","isMergeCommit":true,"messageTitle":"Merge branch \u0027initial-parser\u0027 into exit-command","messageBody":"","fileTypesAndContributionMap":{}},{"hash":"c187692a3bc400c419bf24638da208dfab710031","isMergeCommit":false,"messageTitle":"Move command and parser packages under manager package","messageBody":"","fileTypesAndContributionMap":{"other":{"insertions":9,"deletions":8}}},{"hash":"bc4de9ae9b4e747974ffaaaaad878238649552cb","isMergeCommit":false,"messageTitle":"Add a CommandOutput class to handle command output","messageBody":"","fileTypesAndContributionMap":{"functional-code":{"insertions":37,"deletions":0}}},{"hash":"02f91f5feffd797e00b53b66c5d94201db6132dc","isMergeCommit":false,"messageTitle":"Remove redundant import from ParserTest","messageBody":"","fileTypesAndContributionMap":{"test-code":{"insertions":0,"deletions":1}}},{"hash":"86a78e2f4cc46d6f77e31d448146b7300ec5bcb0","isMergeCommit":false,"messageTitle":"Update Ui to use Parser and Command to parse and execute commands","messageBody":"","fileTypesAndContributionMap":{"functional-code":{"insertions":17,"deletions":6}}},{"hash":"fd55930eb0df6b8d348bcea76e79ac320cf52c5e","isMergeCommit":false,"messageTitle":"Add ExitCommand class to handle program exit","messageBody":"","fileTypesAndContributionMap":{"functional-code":{"insertions":12,"deletions":0}}},{"hash":"2975988fe1a727e07d0cd0977c2b43c70355723e","isMergeCommit":false,"messageTitle":"Change name of ifCanExit getter to follow coding standard","messageBody":"","fileTypesAndContributionMap":{"functional-code":{"insertions":1,"deletions":1}}},{"hash":"31cbb6692372947a6aa6380c7af77694ba3bed46","isMergeCommit":false,"messageTitle":"Fix spacing in EchoCommand","messageBody":"","fileTypesAndContributionMap":{"functional-code":{"insertions":1,"deletions":1}}},{"hash":"b1d4e68a3008bd8ec7f3133d370f7dbf50794fbe","isMergeCommit":false,"messageTitle":"Update Parser to handle exit command","messageBody":"","fileTypesAndContributionMap":{"functional-code":{"insertions":13,"deletions":3}}},{"hash":"1a724d2a878db5819951a049c1ecc977d3bddc18","isMergeCommit":false,"messageTitle":"Update Ui and Main to handle exit command","messageBody":"","fileTypesAndContributionMap":{"functional-code":{"insertions":10,"deletions":13}}},{"hash":"31b76cdc908da7b6cf357cd0b5d513897ea2d020","isMergeCommit":false,"messageTitle":"Change assert statement in ParserTest to assertInstanceOf","messageBody":"","fileTypesAndContributionMap":{"test-code":{"insertions":2,"deletions":1}}},{"hash":"92199e9a6167b219a88e8fb776f5b203e81fb634","isMergeCommit":false,"messageTitle":"Add unit test for exit command","messageBody":"","fileTypesAndContributionMap":{"test-code":{"insertions":9,"deletions":1}}},{"hash":"cb6db085a6a5dcf9dfa76b692edbb80777408446","isMergeCommit":false,"messageTitle":"Remove unused GOODBYE_MESSAGE constant","messageBody":"","fileTypesAndContributionMap":{"functional-code":{"insertions":0,"deletions":1}}}]},{"date":"2024-10-07","commitResults":[{"hash":"0eb6c3c003b1d6606c3f1dabc553ef74cde5c5a5","isMergeCommit":false,"messageTitle":"Extract out exit message and add Javadoc headers","messageBody":"","fileTypesAndContributionMap":{"functional-code":{"insertions":8,"deletions":2}}},{"hash":"34ebd7bd9938a5d3c6462e9c1419c283196fdc8b","isMergeCommit":false,"messageTitle":"Update user guide to account for exit command","messageBody":"","fileTypesAndContributionMap":{"docs":{"insertions":4,"deletions":13}}},{"hash":"44709ef56d363f9fa45c1628a0d12dffc4b71b55","isMergeCommit":false,"messageTitle":"Rename getCommand method and update Javadoc header","messageBody":"","fileTypesAndContributionMap":{"functional-code":{"insertions":3,"deletions":3}}},{"hash":"9c3fdcaf00b82842b722f82c608224ecfd13ca50","isMergeCommit":false,"messageTitle":"Remove duplicate Command, Parser, EchoCommand and ParserTest classes","messageBody":"","fileTypesAndContributionMap":{"functional-code":{"insertions":0,"deletions":56},"test-code":{"insertions":0,"deletions":18}}}]},{"date":"2024-10-08","commitResults":[{"hash":"419c569bce6cc4653e517a251e0d527882f658fd","isMergeCommit":true,"messageTitle":"Merge pull request #37 from glenn-chew/Glenn-MenuBranch","messageBody":"Solve issue: Implement a “menu” command to list out the set of possible actions that can be taken","fileTypesAndContributionMap":{}},{"hash":"c8ecc0c9dc849b77a9e5af6f949f351b385e0032","isMergeCommit":true,"messageTitle":"Merge pull request #40 from MatchaRRR/Event-class","messageBody":"Make Event not abstract. Delete the subclass LectureEvent of Event. ","fileTypesAndContributionMap":{}}]},{"date":"2024-10-10","commitResults":[{"hash":"bf072852914c074d1a98efe1e90aafa30001b5d7","isMergeCommit":true,"messageTitle":"Merge pull request #45 from MatchaRRR/Change-Structure","messageBody":"Rebuild the structure based on the previous one","fileTypesAndContributionMap":{}}]},{"date":"2024-10-11","commitResults":[{"hash":"52d2620c303e685250a6148fa2abe70a3e296ec9","isMergeCommit":true,"messageTitle":"Merge pull request #46 from MatchaRRR/ListCommand","messageBody":"Implement a \"list\" command that allows the user to see existing events.","fileTypesAndContributionMap":{}},{"hash":"a1c29b5c24764ec281a1508b26548531cb2b6be0","isMergeCommit":true,"messageTitle":"Merge pull request #47 from KuanHsienn/AddCommand","messageBody":"Add AddCommand to add events to the event list ","fileTypesAndContributionMap":{}}]}],"glenn-chew":[{"date":"2024-10-02","commitResults":[{"hash":"1ce1df29e3546288f55ea5319120721c9a55a53e","isMergeCommit":false,"messageTitle":"Update AboutUs with personal details","messageBody":"","fileTypesAndContributionMap":{"docs":{"insertions":3,"deletions":7}}}]},{"date":"2024-10-08","commitResults":[{"hash":"94bc9fcd2640824dea10dbd86fcc3c1904c7d87f","isMergeCommit":true,"messageTitle":"Merge pull request #35 from MatchaRRR/EventList-class","messageBody":"Solve Issue: Implement an event list for events to be added to","fileTypesAndContributionMap":{}},{"hash":"89656a608f5650d61cecc7537e57365abb20adcc","isMergeCommit":false,"messageTitle":"Add MenuCommand class to display menu message","messageBody":"","fileTypesAndContributionMap":{"functional-code":{"insertions":26,"deletions":0}}},{"hash":"b9a21f0b82cab5a8e6b991d84f261547efd84358","isMergeCommit":false,"messageTitle":"Change COMMAND_WORD to public","messageBody":"","fileTypesAndContributionMap":{"functional-code":{"insertions":2,"deletions":2}}},{"hash":"28c53870a428dad7b7cec61fbaf9a5c84c0db923","isMergeCommit":true,"messageTitle":"Merge branch \u0027Glenn-MenuBranch\u0027 into Glenn-MenuParser","messageBody":"","fileTypesAndContributionMap":{}},{"hash":"5315720e30af5a918441ad1bc56d638c51c50fab","isMergeCommit":false,"messageTitle":"Update menu message","messageBody":"","fileTypesAndContributionMap":{"functional-code":{"insertions":1,"deletions":1}}},{"hash":"731bc39d25456cfa86c49323a8452a5f4636cf41","isMergeCommit":false,"messageTitle":"Update Parser to handle menu command","messageBody":"","fileTypesAndContributionMap":{"functional-code":{"insertions":3,"deletions":0}}},{"hash":"fbba63741db13b338361142defb90b88f3ac3d54","isMergeCommit":false,"messageTitle":"Add unit test for menu command","messageBody":"","fileTypesAndContributionMap":{"test-code":{"insertions":9,"deletions":0}}},{"hash":"68775557244b9172b3b8366299da79d23321d2a0","isMergeCommit":false,"messageTitle":"Update menu message and change to text block","messageBody":"","fileTypesAndContributionMap":{"functional-code":{"insertions":10,"deletions":8}}},{"hash":"a125daf37eccad2e3b194d8d13630347716e83ef","isMergeCommit":true,"messageTitle":"Merge branch \u0027Glenn-MenuBranch\u0027 into Glenn-MenuParser","messageBody":"Resolved merge conflicts when updating Glenn-MenuParser branch.\n","fileTypesAndContributionMap":{}}]}],"MatchaRRR":[{"date":"2024-10-02","commitResults":[{"hash":"261f7febc337dca8f4abc9cecaea3ac8a1015596","isMergeCommit":false,"messageTitle":"update AboutUs","messageBody":"","fileTypesAndContributionMap":{"docs":{"insertions":4,"deletions":7}}},{"hash":"5e155bee25e0432bc453c731b3d70c2a6fc5f724","isMergeCommit":true,"messageTitle":"Merge pull request #23 from MatchaRRR/FUYixuan-AboutUs","messageBody":"update AboutUs","fileTypesAndContributionMap":{}}]},{"date":"2024-10-07","commitResults":[{"hash":"5e7b853bff0c7cbb30c8700c975f605153697d01","isMergeCommit":true,"messageTitle":"Merge pull request #30 from jemehgoh/initial-user-interface","messageBody":"Implement a user interface that greets the user upon program startup","fileTypesAndContributionMap":{}},{"hash":"0008de62b2d1b01ac8149e3bdf2cb534b788ca6d","isMergeCommit":true,"messageTitle":"Merge pull request #31 from jemehgoh/ui-user-input","messageBody":"Update the user interface to be able to take in user input","fileTypesAndContributionMap":{}},{"hash":"b625ddf9b702be054b3337cba114facd3294e955","isMergeCommit":true,"messageTitle":"Merge pull request #32 from jemehgoh/initial-parser","messageBody":"Implement a parser that parses commands","fileTypesAndContributionMap":{}},{"hash":"5660c4c5c44b7ec44b5728124d88508e6e9df94a","isMergeCommit":true,"messageTitle":"Merge pull request #33 from jemehgoh/exit-command","messageBody":"Implement an “exit” command that allows the user to close the program","fileTypesAndContributionMap":{}},{"hash":"65d9228de41a397e9f774ce62682ae815471e274","isMergeCommit":true,"messageTitle":"Merge pull request #34 from jemehgoh/remove-duplicate-classes","messageBody":"Remove duplicate Command, Parser, EchoCommand and ParserTest classes","fileTypesAndContributionMap":{}}]},{"date":"2024-10-08","commitResults":[{"hash":"13af35d67938bd083a78f55a8bf03c0388cf801a","isMergeCommit":false,"messageTitle":"Implement an EventList class and an Event abstract class","messageBody":"","fileTypesAndContributionMap":{"functional-code":{"insertions":88,"deletions":0}}},{"hash":"b32fa6017a8e7059a1f3419c66f29db656e0e161","isMergeCommit":false,"messageTitle":"modify the attribute of Event class","messageBody":"","fileTypesAndContributionMap":{"functional-code":{"insertions":14,"deletions":22}}},{"hash":"93d89a56f2fa2420d8e80f2f121381872e2d1868","isMergeCommit":false,"messageTitle":"modify the subclass of Event class","messageBody":"","fileTypesAndContributionMap":{"functional-code":{"insertions":2,"deletions":2}}},{"hash":"f0717e7bfbac04f82bb425a0e6a17b5a97458af8","isMergeCommit":false,"messageTitle":"delect the subclas of Event. Make Event not abstract.","messageBody":"","fileTypesAndContributionMap":{"functional-code":{"insertions":1,"deletions":10}}},{"hash":"2038c15190746bd39ec778f6be61cc00237c74ca","isMergeCommit":false,"messageTitle":"add JavaDoc header comments","messageBody":"","fileTypesAndContributionMap":{"functional-code":{"insertions":4,"deletions":0}}},{"hash":"15b16b6e7a26bffa1d057aa7e37c3a4218c2aae0","isMergeCommit":false,"messageTitle":"add JavaDoc for methods","messageBody":"","fileTypesAndContributionMap":{"functional-code":{"insertions":28,"deletions":0}}},{"hash":"b34d2aedf0f17cf618ea1c353e7784ac75977536","isMergeCommit":false,"messageTitle":"Add support for the \u0027add\u0027 command to the parser","messageBody":"","fileTypesAndContributionMap":{"functional-code":{"insertions":24,"deletions":4}}},{"hash":"5f0216a5484cdcf923265a8a27b9d9e1fae4f3d2","isMergeCommit":false,"messageTitle":"modify the import approach to avoid error.","messageBody":"","fileTypesAndContributionMap":{"functional-code":{"insertions":5,"deletions":1}}},{"hash":"b8c3251d2bb29f7d753ca3e4393a2069852375ab","isMergeCommit":false,"messageTitle":"delete the unexpected indention to aviod error","messageBody":"","fileTypesAndContributionMap":{"functional-code":{"insertions":1,"deletions":1}}}]},{"date":"2024-10-09","commitResults":[{"hash":"3c3f7a2f8cea7ea28913d78c5cadda8336010abc","isMergeCommit":true,"messageTitle":"Merge pull request #41 from MatchaRRR/AddParser","messageBody":"Add support for the \u0027add\u0027 command to the parser.","fileTypesAndContributionMap":{}},{"hash":"57c2827c7e977bdab0ef3727abfd906b71cedba2","isMergeCommit":false,"messageTitle":"Add support for the \u0027list\u0027 command to the parser","messageBody":"","fileTypesAndContributionMap":{"functional-code":{"insertions":19,"deletions":0}}},{"hash":"5cfc6bfcf2174f46ce32023b49700e576e6ee443","isMergeCommit":false,"messageTitle":"Rebuild the structure based on the previous one","messageBody":"","fileTypesAndContributionMap":{"functional-code":{"insertions":40,"deletions":21}}},{"hash":"e999b8b0324a75f24e1a9563a8698d43e424e73f","isMergeCommit":false,"messageTitle":"extract the method and add javaDoc","messageBody":"","fileTypesAndContributionMap":{"functional-code":{"insertions":9,"deletions":1}}},{"hash":"b08c835e9efa210289c139afa5675fa16d566869","isMergeCommit":false,"messageTitle":"remove the redundant import to avoid error.","messageBody":"","fileTypesAndContributionMap":{"functional-code":{"insertions":0,"deletions":2}}},{"hash":"f44586a0e42899a973428bedc37725f723a015c4","isMergeCommit":false,"messageTitle":".","messageBody":"","fileTypesAndContributionMap":{"functional-code":{"insertions":4,"deletions":2}}},{"hash":"3b588cb0af893b96d55ddd43ec957b90e51d7993","isMergeCommit":false,"messageTitle":"delete the empty line","messageBody":"","fileTypesAndContributionMap":{"functional-code":{"insertions":1,"deletions":2},"other":{"insertions":1,"deletions":0}}},{"hash":"bdb2cc4a8c35095edf96ac32f0e8421c031799de","isMergeCommit":false,"messageTitle":"add an empty line between each  command input","messageBody":"","fileTypesAndContributionMap":{"functional-code":{"insertions":2,"deletions":2}}}]},{"date":"2024-10-10","commitResults":[{"hash":"337a6ab5ccc6ed59e5456d46940fceb8d6c2e96f","isMergeCommit":false,"messageTitle":"correct the detail errors, add a separator.","messageBody":"","fileTypesAndContributionMap":{"functional-code":{"insertions":5,"deletions":4}}},{"hash":"5461875955dabb4d2dd5ececd54712b03e09889a","isMergeCommit":false,"messageTitle":"override the toString()","messageBody":"","fileTypesAndContributionMap":{"functional-code":{"insertions":11,"deletions":0},"test-code":{"insertions":8,"deletions":0}}},{"hash":"6708b215f3b08fd4810287fb5fa7df4a296a7269","isMergeCommit":false,"messageTitle":"implement ListCommand","messageBody":"","fileTypesAndContributionMap":{"functional-code":{"insertions":14,"deletions":2},"test-code":{"insertions":3,"deletions":2}}}]},{"date":"2024-10-11","commitResults":[{"hash":"dfba7e01fa1ee8141980184c0ee4e9000b67cfdb","isMergeCommit":false,"messageTitle":"Modify the string format","messageBody":"","fileTypesAndContributionMap":{"functional-code":{"insertions":3,"deletions":2}}},{"hash":"f8e3cab30a2871a5767b8370556e4a57a490934e","isMergeCommit":false,"messageTitle":"Add JUnit code for ListCommand","messageBody":"","fileTypesAndContributionMap":{"functional-code":{"insertions":4,"deletions":0},"test-code":{"insertions":37,"deletions":0}}},{"hash":"ed50a4b098bb6015dd9e70b3b389d44c619ecd27","isMergeCommit":false,"messageTitle":"modify the function name","messageBody":"","fileTypesAndContributionMap":{"test-code":{"insertions":1,"deletions":1}}}]}],"LTK-1606":[{"date":"2024-10-02","commitResults":[{"hash":"2f33efc2dd8258b10c9d90652eddaa2de91cbf97","isMergeCommit":false,"messageTitle":"Update aboutus with my details","messageBody":"","fileTypesAndContributionMap":{"docs":{"insertions":4,"deletions":7}}}]},{"date":"2024-10-11","commitResults":[{"hash":"d505a3d87250555b517221e62f8f0336f509c1a6","isMergeCommit":true,"messageTitle":"Merge branch \u0027master\u0027 into AddCommand","messageBody":"","fileTypesAndContributionMap":{}},{"hash":"3d56f0e218e0ef770d880cd22837c5a63c245d85","isMergeCommit":false,"messageTitle":"Remove getEvent method","messageBody":"","fileTypesAndContributionMap":{"functional-code":{"insertions":0,"deletions":8}}},{"hash":"effe9e1c98db11fad713c3a3ac5ab46f0b141443","isMergeCommit":false,"messageTitle":"Added missing }","messageBody":"","fileTypesAndContributionMap":{"functional-code":{"insertions":8,"deletions":0}}},{"hash":"baba9b21628ec425cf452587843fd8081d6fe6cc","isMergeCommit":false,"messageTitle":"Add Javadoc comments","messageBody":"","fileTypesAndContributionMap":{"functional-code":{"insertions":9,"deletions":0}}},{"hash":"4921b4cb4cd2fa64ff3b9865fa4bae592ebf8f6e","isMergeCommit":false,"messageTitle":"Deconflict constructors","messageBody":"","fileTypesAndContributionMap":{"functional-code":{"insertions":13,"deletions":0}}},{"hash":"5d0df0b9b99bd331f2c7cfcc6c61def4c2cb0a91","isMergeCommit":false,"messageTitle":"Update test for \u0027list\u0027 command","messageBody":"","fileTypesAndContributionMap":{"test-code":{"insertions":1,"deletions":1}}},{"hash":"1d03de467c84c56143ff845392758d7ef333a78f","isMergeCommit":false,"messageTitle":"Method overload addEvent","messageBody":"","fileTypesAndContributionMap":{"functional-code":{"insertions":4,"deletions":0}}},{"hash":"3ff96d94a90de0555ba9151d9de6e617cd680807","isMergeCommit":false,"messageTitle":"Fix indentation","messageBody":"","fileTypesAndContributionMap":{"functional-code":{"insertions":1,"deletions":1}}}]}]},"authorFileTypeContributionMap":{"KuanHsienn":{"docs":1,"functional-code":34,"test-code":14,"other":12},"jemehgoh":{"docs":17,"functional-code":156,"test-code":25,"other":1},"glenn-chew":{"docs":1,"functional-code":27,"test-code":8},"MatchaRRR":{"docs":1,"functional-code":197,"test-code":45,"other":1},"LTK-1606":{"docs":0,"functional-code":35,"test-code":0}},"authorContributionVariance":{"KuanHsienn":401.96692,"jemehgoh":1867.225,"glenn-chew":168.56197,"MatchaRRR":2311.572,"LTK-1606":94.96902},"authorDisplayNameMap":{"KuanHsienn":"CS2113-W13-3 LIAN..SIEN","jemehgoh":"CS2113-W13-3 GOH ..REMY","glenn-chew":"CS2113-W13-3 GLEN..CHEW","MatchaRRR":"CS2113-W13-3 FU Y..XUAN","LTK-1606":"CS2113-W13-3 LIM ..KANG"}}
