{"authorDailyContributionsMap":{"KuanHsienn":[{"date":"2024-10-02","commitResults":[{"hash":"5c86d106dfa899d736b3633f5ca603f5718690a2","isMergeCommit":false,"messageTitle":"Modify About Us","messageBody":"","fileTypesAndContributionMap":{"docs":{"insertions":4,"deletions":7}}}]},{"date":"2024-10-08","commitResults":[{"hash":"b72915d44dbda75dc14cbc8cf411c43d8b5fc2e6","isMergeCommit":true,"messageTitle":"Merge pull request #38 from glenn-chew/Glenn-MenuParser","messageBody":"Solve issue: Add support for the “menu” command to parser","fileTypesAndContributionMap":{}},{"hash":"d28a012e4f79e2d7289dc22cbb1ac4f6929d20b5","isMergeCommit":true,"messageTitle":"Merge pull request #39 from MatchaRRR/Event-class","messageBody":"modify the attribute of Event class, only keep \"eventName\", \"evnetVenue\" and \"eventTime\".","fileTypesAndContributionMap":{}}]},{"date":"2024-10-09","commitResults":[{"hash":"6df89a0bdc7b22ad5129c6990b3f56ebab309da2","isMergeCommit":true,"messageTitle":"Merge pull request #43 from MatchaRRR/Parser_List","messageBody":"Add support for the \u0027list\u0027 command to the parser","fileTypesAndContributionMap":{}}]},{"date":"2024-10-10","commitResults":[{"hash":"dbe064864a3d0cd5edf7fda82258443ce522e57c","isMergeCommit":false,"messageTitle":"Add AddCommand to add events to event list","messageBody":"","fileTypesAndContributionMap":{"functional-code":{"insertions":27,"deletions":10}}},{"hash":"8074bfaef94949bf39e291cb840f5ea4e97a433c","isMergeCommit":false,"messageTitle":"Update parseCommand to accept event list as a parameter","messageBody":"","fileTypesAndContributionMap":{"functional-code":{"insertions":3,"deletions":3}}},{"hash":"410a98efc34f74386646074655b3fd9e5cc079ae","isMergeCommit":false,"messageTitle":"Update parser to handle add command with only event name as description","messageBody":"","fileTypesAndContributionMap":{"functional-code":{"insertions":9,"deletions":3},"test-code":{"insertions":5,"deletions":3}}},{"hash":"b8d19c419c54a3360caaa5f152faa105072b78d4","isMergeCommit":false,"messageTitle":"Add RemoveCommand to remove events from event list","messageBody":"","fileTypesAndContributionMap":{"functional-code":{"insertions":37,"deletions":1}}},{"hash":"3947a3c7b3dc690c8dc2bf6e33f8870d3d04182d","isMergeCommit":false,"messageTitle":"Update parser to handle remove command with only event name as description","messageBody":"","fileTypesAndContributionMap":{"functional-code":{"insertions":3,"deletions":0}}}]},{"date":"2024-10-11","commitResults":[{"hash":"3e45f315858c2ed3b391db68225292289098bc11","isMergeCommit":false,"messageTitle":"Add JavaDoc Comments","messageBody":"","fileTypesAndContributionMap":{"functional-code":{"insertions":38,"deletions":4}}},{"hash":"ccb3decfe97a002e40d4c72483ae9d63b124b450","isMergeCommit":false,"messageTitle":"Fix JavaDoc Comments Indentation","messageBody":"","fileTypesAndContributionMap":{"functional-code":{"insertions":7,"deletions":7}}},{"hash":"20c235688a0f3f8fe33851b0e5fe7125d6679c55","isMergeCommit":false,"messageTitle":"Fixed JavaDoc Comments Indentation","messageBody":"","fileTypesAndContributionMap":{"functional-code":{"insertions":7,"deletions":7}}},{"hash":"5a805b6e237f88900001585353c24f77769aaf82","isMergeCommit":false,"messageTitle":"Fixed JavaDoc Comments Indentation","messageBody":"","fileTypesAndContributionMap":{"functional-code":{"insertions":0,"deletions":4}}},{"hash":"8fd993ec1e318de47a43a9ccd81b3e0341a2e27b","isMergeCommit":false,"messageTitle":"Update parseCommand","messageBody":"","fileTypesAndContributionMap":{"functional-code":{"insertions":8,"deletions":11}}},{"hash":"41a0a2dcb0c080a17027eacd4d26af92c2ef7241","isMergeCommit":false,"messageTitle":"Add JUnit for AddCommand","messageBody":"","fileTypesAndContributionMap":{"test-code":{"insertions":12,"deletions":4}}},{"hash":"7b96adea73f5908f4b5073313d2a13b1601f1833","isMergeCommit":false,"messageTitle":"Remove import statments","messageBody":"","fileTypesAndContributionMap":{"functional-code":{"insertions":0,"deletions":3},"test-code":{"insertions":0,"deletions":1}}},{"hash":"1402cdea93720c81c93e38653d453fac9d7e6e9a","isMergeCommit":false,"messageTitle":"Modify test for AddCommand","messageBody":"","fileTypesAndContributionMap":{"test-code":{"insertions":2,"deletions":1}}},{"hash":"fd7a110fa1fccde7b01b8214fd2de15cac1befab","isMergeCommit":true,"messageTitle":"Merge branch \u0027RemoveCommand\u0027 into AddCommand","messageBody":"","fileTypesAndContributionMap":{}},{"hash":"1a4db3c34bd59ba5dbef8edde37a7a64c1e02fe1","isMergeCommit":true,"messageTitle":"Merge pull request #1 from KuanHsienn/AddCommand","messageBody":"Merge AddCommand to RemoveCommand Branch","fileTypesAndContributionMap":{}},{"hash":"28664ba062b83bf8d6c2083e6513928d09bafade","isMergeCommit":false,"messageTitle":"Improve parsing for AddCommand","messageBody":"","fileTypesAndContributionMap":{"functional-code":{"insertions":43,"deletions":8}}},{"hash":"174975396669aa185522820c64918d56411df580","isMergeCommit":false,"messageTitle":"Add JUnit test for RemoveCommand","messageBody":"","fileTypesAndContributionMap":{"test-code":{"insertions":9,"deletions":0}}},{"hash":"d9e2f36dbaf7abf6ce2f4be6f0f15cb04b27356a","isMergeCommit":false,"messageTitle":"Improve parsing for RemoveCommand","messageBody":"","fileTypesAndContributionMap":{"functional-code":{"insertions":33,"deletions":6}}},{"hash":"0d748805393022177dc7cd344f765321219117e4","isMergeCommit":false,"messageTitle":"Modify ListCommand JUnit test","messageBody":"","fileTypesAndContributionMap":{"test-code":{"insertions":2,"deletions":2}}},{"hash":"6b69de7182f55f8ca011cab437fea73af51909d0","isMergeCommit":false,"messageTitle":"Remove import statements","messageBody":"","fileTypesAndContributionMap":{"functional-code":{"insertions":0,"deletions":3},"test-code":{"insertions":0,"deletions":1}}},{"hash":"64a54818aa7ecd8e4af73bb15e92268bf0c0e571","isMergeCommit":false,"messageTitle":"Update gradle.yml","messageBody":"","fileTypesAndContributionMap":{"other":{"insertions":5,"deletions":2}}},{"hash":"bcfcdcad5bdd177e885498da4fac3a2800f00e48","isMergeCommit":false,"messageTitle":"Update gradle.yml","messageBody":"","fileTypesAndContributionMap":{"other":{"insertions":11,"deletions":2}}}]},{"date":"2024-10-12","commitResults":[{"hash":"c337a700541d4b04f3fa0b54649502b0342a0954","isMergeCommit":false,"messageTitle":"Add JavaDoc Comments","messageBody":"","fileTypesAndContributionMap":{"functional-code":{"insertions":32,"deletions":8}}},{"hash":"082ce7ef1605e0114b33eb5cd907a214c1c35eb1","isMergeCommit":true,"messageTitle":"Merge pull request #48 from KuanHsienn/RemoveCommand","messageBody":"Add RemoveCommand to remove events to the event list","fileTypesAndContributionMap":{}},{"hash":"f1ee68d9d0780173be07d8d75cebd8a0aef81762","isMergeCommit":true,"messageTitle":"Merge branch \u0027master\u0027 into master","messageBody":"","fileTypesAndContributionMap":{}},{"hash":"d7a7dc5accfb6bc28fb269d4e36c61ed8c0ff2c2","isMergeCommit":true,"messageTitle":"Merge pull request #3 from AY2425S1-CS2113-W13-3/master","messageBody":"Update master","fileTypesAndContributionMap":{}}]},{"date":"2024-10-14","commitResults":[{"hash":"bace506e944ecf251bf1b4c2f4b3e6c9e2614894","isMergeCommit":true,"messageTitle":"Merge branch \u0027AY2425S1-CS2113-W13-3:master\u0027 into master","messageBody":"","fileTypesAndContributionMap":{}}]},{"date":"2024-10-16","commitResults":[{"hash":"d01847ff06a9fbc6982389590aa53c9a2f34154c","isMergeCommit":true,"messageTitle":"Merge branch \u0027AY2425S1-CS2113-W13-3:master\u0027 into master","messageBody":"","fileTypesAndContributionMap":{}}]},{"date":"2024-10-20","commitResults":[{"hash":"37dd8e690212de6cb721e419f61c726486f3b842","isMergeCommit":false,"messageTitle":"Add JUnit test cases","messageBody":"","fileTypesAndContributionMap":{"test-code":{"insertions":33,"deletions":0}}},{"hash":"e2a16b78251610a09438bf8dcecc928c0285f367","isMergeCommit":true,"messageTitle":"Merge pull request #76 from KuanHsienn/master","messageBody":"Add JUnit test for addEvent and removeEvent","fileTypesAndContributionMap":{}},{"hash":"c6d9cc311092a501bc8bac958582eed22ea8a705","isMergeCommit":false,"messageTitle":"Revert \"Add JUnit test for addEvent and removeEvent\"","messageBody":"","fileTypesAndContributionMap":{"test-code":{"insertions":0,"deletions":33}}},{"hash":"697f9e44e5aa186813bcf5533e6b0414fa52d620","isMergeCommit":true,"messageTitle":"Merge pull request #77 from AY2425S1-CS2113-W13-3/revert-76-master","messageBody":"Revert \"Add JUnit test for addEvent and removeEvent\"","fileTypesAndContributionMap":{}},{"hash":"a9a8f7f9d0d993d7184672c5d945499752f16fb7","isMergeCommit":false,"messageTitle":"Add JUnit test","messageBody":"","fileTypesAndContributionMap":{"test-code":{"insertions":18,"deletions":0}}},{"hash":"7d2a30d7bdfc2354f0bf4c89d1a0ac81db1ee1e3","isMergeCommit":true,"messageTitle":"Merge branch \u0027master\u0027 of https://github.com/KuanHsienn/tp","messageBody":"","fileTypesAndContributionMap":{}},{"hash":"bffa2116d44ae0694901d263e5fda3a9a0bd73fc","isMergeCommit":true,"messageTitle":"Merge pull request #78 from KuanHsienn/master","messageBody":"Add JUnit test for addEvent and removeEvent","fileTypesAndContributionMap":{}}]},{"date":"2024-10-24","commitResults":[{"hash":"fd86ab85785c72703aa039e7fc85dd0a47a43099","isMergeCommit":false,"messageTitle":"Implement Storage class","messageBody":"","fileTypesAndContributionMap":{"functional-code":{"insertions":63,"deletions":0}}},{"hash":"f9eb27f73a8e9c937a379731dfb6472ddca80cc2","isMergeCommit":false,"messageTitle":"Implement storage class functionalities in main","messageBody":"","fileTypesAndContributionMap":{"functional-code":{"insertions":67,"deletions":14}}},{"hash":"57ab923b14f8370914c86c65e3dba351527faaeb","isMergeCommit":false,"messageTitle":"Add JUnit test","messageBody":"","fileTypesAndContributionMap":{"functional-code":{"insertions":2,"deletions":2},"test-code":{"insertions":109,"deletions":0}}},{"hash":"b4ba811f4f5e0f4f5ea5a0124c4a0ab7ece108c0","isMergeCommit":false,"messageTitle":"Update method name to pass CI test","messageBody":"","fileTypesAndContributionMap":{"test-code":{"insertions":1,"deletions":1}}},{"hash":"171aaf38ae25b5aac1321fbb1ced602961e6cade","isMergeCommit":false,"messageTitle":"Modify JUnit Tests","messageBody":"","fileTypesAndContributionMap":{"functional-code":{"insertions":8,"deletions":8},"test-code":{"insertions":8,"deletions":8}}}]},{"date":"2024-10-25","commitResults":[{"hash":"94f3deb9e380456bd27ee55d4935ba461e3432e3","isMergeCommit":true,"messageTitle":"Merge pull request #100 from jemehgoh/developer-guide-init","messageBody":"Update \"mark\" command to mark participant attendance","fileTypesAndContributionMap":{}}]},{"date":"2024-10-29","commitResults":[{"hash":"8e6d4fe01d2ef5830cb34c4f28700f1248006041","isMergeCommit":false,"messageTitle":"Add contact info of participant","messageBody":"","fileTypesAndContributionMap":{"functional-code":{"insertions":73,"deletions":10},"test-code":{"insertions":3,"deletions":3}}},{"hash":"9867845c93032bce8ed55faf3439c9947d4e299f","isMergeCommit":false,"messageTitle":"Modify parser class to incorporate participant number and email","messageBody":"","fileTypesAndContributionMap":{"functional-code":{"insertions":21,"deletions":17},"test-code":{"insertions":49,"deletions":9}}},{"hash":"93d0db058ac7d2c684f5594bdca78f36dabb4e0e","isMergeCommit":false,"messageTitle":"Fix CI errors","messageBody":"","fileTypesAndContributionMap":{"functional-code":{"insertions":13,"deletions":7},"test-code":{"insertions":10,"deletions":3}}},{"hash":"26515b27646d7234e488706429e331eaca023852","isMergeCommit":false,"messageTitle":"Fix CI errors","messageBody":"","fileTypesAndContributionMap":{"test-code":{"insertions":1,"deletions":1}}},{"hash":"57369a3b48049f27b41d038dd440322a95aac784","isMergeCommit":false,"messageTitle":"Fix CI errors","messageBody":"","fileTypesAndContributionMap":{"test-code":{"insertions":1,"deletions":1}}},{"hash":"8d403d39b787cfc38cf3772e6ac55c63520eb888","isMergeCommit":true,"messageTitle":"Merge pull request #104 from jemehgoh/mark-user-guide","messageBody":"Update user guide with information on \"mark\" command","fileTypesAndContributionMap":{}},{"hash":"c66c780082a0d1d5419c71b4d1cf42d8acae0b3a","isMergeCommit":true,"messageTitle":"Merge pull request #117 from jemehgoh/developer-guide-mark","messageBody":"Add section on mark/unmark feature to developer guide","fileTypesAndContributionMap":{}},{"hash":"46764aa3d36392f816efd0703e5903f1fcf694ba","isMergeCommit":true,"messageTitle":"Merge pull request #109 from jemehgoh/developer-guide-update","messageBody":"Developer guide update","fileTypesAndContributionMap":{}},{"hash":"ee4dad6e39791028845dbc99ce0e226c4d20953d","isMergeCommit":true,"messageTitle":"Merge branch \u0027AY2425S1-CS2113-W13-3:master\u0027 into AddContact","messageBody":"","fileTypesAndContributionMap":{}},{"hash":"403c3af063c6d31524d9b71d77d4329d4fbecf46","isMergeCommit":false,"messageTitle":"Add assertions for Storage class","messageBody":"","fileTypesAndContributionMap":{"functional-code":{"insertions":12,"deletions":0}}},{"hash":"9149864b906d234ba3d5356479812bcb5424ad7d","isMergeCommit":false,"messageTitle":"Update User Doc for save comamnd","messageBody":"","fileTypesAndContributionMap":{"docs":{"insertions":12,"deletions":2}}},{"hash":"a3581f9e7ad5f4f8e22ea8b74909047462e1ad90","isMergeCommit":false,"messageTitle":"Add test enviroment for StorageTest","messageBody":"","fileTypesAndContributionMap":{"functional-code":{"insertions":12,"deletions":1},"test-code":{"insertions":1,"deletions":0}}},{"hash":"9c8abf1a69ae8b159cfbae5e5eea7d2d8d941aac","isMergeCommit":false,"messageTitle":"Modify Developer Guide","messageBody":"","fileTypesAndContributionMap":{"docs":{"insertions":43,"deletions":7}}}]},{"date":"2024-10-30","commitResults":[{"hash":"218105ff42051efac65458c08d191c0f331e273c","isMergeCommit":false,"messageTitle":"Add Storage Class Diagram","messageBody":"","fileTypesAndContributionMap":{"docs":{"insertions":27,"deletions":0}}},{"hash":"a130f07e7c03cd40ee47e0e7d18befc5393cfba8","isMergeCommit":true,"messageTitle":"Merge pull request #126 from LTK-1606/UserGuide","messageBody":"Update user guide","fileTypesAndContributionMap":{}},{"hash":"84990dc69d1d598c92b50eebe7bfcd74f6c36a05","isMergeCommit":true,"messageTitle":"Merge pull request #120 from jemehgoh/duplicate-fix","messageBody":"Fix duplicate entry bugs","fileTypesAndContributionMap":{}},{"hash":"cbb7a6b8ee1ac9d6936f0a27d6cf80852e0f890f","isMergeCommit":false,"messageTitle":"Modify Storage parsing implementation","messageBody":"","fileTypesAndContributionMap":{"functional-code":{"insertions":49,"deletions":21}}},{"hash":"1dbe2414d2e93e0138eff04d4bc1b819ee94936c","isMergeCommit":true,"messageTitle":"Merge branch \u0027master\u0027 into PriorityLevels","messageBody":"","fileTypesAndContributionMap":{}},{"hash":"2ce689b45bcc0f4d9c4879493abdf132a1fd5bb1","isMergeCommit":false,"messageTitle":"Update AddCommandTest.java","messageBody":"","fileTypesAndContributionMap":{"test-code":{"insertions":3,"deletions":3}}},{"hash":"e702d89376e2a024ab3b2ff9cc139a25c5ba4e2b","isMergeCommit":true,"messageTitle":"Merge branch \u0027master\u0027 into FilterCommand","messageBody":"","fileTypesAndContributionMap":{}},{"hash":"b3a5199d0ac29cdad7fbaba6fb9fdeffa5521206","isMergeCommit":false,"messageTitle":"Update EventList.java","messageBody":"","fileTypesAndContributionMap":{"functional-code":{"insertions":1,"deletions":1}}},{"hash":"2b402f62a333129be9ec91e314ab7e7ffddce436","isMergeCommit":false,"messageTitle":"Update AddCommandTest.java","messageBody":"","fileTypesAndContributionMap":{"test-code":{"insertions":3,"deletions":3}}},{"hash":"571984ddd5d87db7f1e428041462bff09dea1c35","isMergeCommit":false,"messageTitle":"Update AddCommandTest.java","messageBody":"","fileTypesAndContributionMap":{"test-code":{"insertions":3,"deletions":3}}},{"hash":"f7d0c364e576824ae706d6ce8f6813c8bcedad67","isMergeCommit":true,"messageTitle":"Merge pull request #115 from LTK-1606/FindCommand","messageBody":"Add Find command","fileTypesAndContributionMap":{}},{"hash":"f7ed049dd0198e19e43aa71ad798718e24699a44","isMergeCommit":true,"messageTitle":"Merge branch \u0027master\u0027 into FilterCommand","messageBody":"","fileTypesAndContributionMap":{}},{"hash":"cfb8ae6847abbc72cf4d9e9ba2647aa688560b7e","isMergeCommit":false,"messageTitle":"Update EventList.java","messageBody":"","fileTypesAndContributionMap":{"functional-code":{"insertions":2,"deletions":1}}},{"hash":"19e9a6a2a6b515bac6e451043dde437f8b97e46c","isMergeCommit":true,"messageTitle":"Merge branch \u0027master\u0027 into PriorityLevels","messageBody":"","fileTypesAndContributionMap":{}},{"hash":"14c0721ffbfc0c4ee505e37c388505ea5ff376d8","isMergeCommit":false,"messageTitle":"Update MenuCommand.java","messageBody":"","fileTypesAndContributionMap":{"functional-code":{"insertions":1,"deletions":1}}},{"hash":"e3cdbe7f937b23de593570015b2f13a05db17216","isMergeCommit":false,"messageTitle":"Update ParserTest.java","messageBody":"","fileTypesAndContributionMap":{"test-code":{"insertions":5,"deletions":3}}},{"hash":"6ccc408276effcfe9269aabbc0ab54c0aac5e7f3","isMergeCommit":false,"messageTitle":"Update Parser.java","messageBody":"","fileTypesAndContributionMap":{"functional-code":{"insertions":0,"deletions":2}}},{"hash":"f8a59de82f8cfb9ce8aeb988fa59bc3621d97ede","isMergeCommit":false,"messageTitle":"Update FindCommandTest.java","messageBody":"","fileTypesAndContributionMap":{"test-code":{"insertions":1,"deletions":1}}},{"hash":"ad9db75b6b298b96a0ee5f15348c4bbce71af355","isMergeCommit":false,"messageTitle":"Update ParserTest.java","messageBody":"","fileTypesAndContributionMap":{"test-code":{"insertions":5,"deletions":4}}},{"hash":"511c8bfddc8d34aeb0ab3265726875cd0b44352d","isMergeCommit":false,"messageTitle":"Update FindCommandTest.java","messageBody":"","fileTypesAndContributionMap":{"test-code":{"insertions":2,"deletions":1}}},{"hash":"9bd975074ea41ba34190ed42f3a1af3586d7484c","isMergeCommit":false,"messageTitle":"Update EventList.java","messageBody":"","fileTypesAndContributionMap":{"functional-code":{"insertions":2,"deletions":1}}},{"hash":"0b70eba26b670b4d4a21e79f8ff95933ecb9b98c","isMergeCommit":true,"messageTitle":"Merge pull request #110 from LTK-1606/PriorityLevels","messageBody":"Add Priority levels","fileTypesAndContributionMap":{}},{"hash":"62a4ca2a41180d82887f7ad5b9f276c2bc211269","isMergeCommit":true,"messageTitle":"Merge branch \u0027master\u0027 into FilterCommand","messageBody":"","fileTypesAndContributionMap":{}},{"hash":"ad0442566ee035b03174eb3d2f58dd9618102a63","isMergeCommit":true,"messageTitle":"Merge pull request #112 from LTK-1606/FilterCommand","messageBody":"Add Filter command","fileTypesAndContributionMap":{}},{"hash":"4c4be1bb006d2f8836f7d26a2bb4a9b0099c2896","isMergeCommit":true,"messageTitle":"Merge branch \u0027master\u0027 into AddContact","messageBody":"","fileTypesAndContributionMap":{}},{"hash":"0a3abcc04e1c252b91557b3fe62a7d2390e175cb","isMergeCommit":true,"messageTitle":"Merge branch \u0027master\u0027 into Storage","messageBody":"","fileTypesAndContributionMap":{}}]}],"jemehgoh":[{"date":"2024-10-01","commitResults":[{"hash":"701e10e34748dbd3ade264d51b951283a02f22ee","isMergeCommit":false,"messageTitle":"Add Ui class and greetUser method","messageBody":"","fileTypesAndContributionMap":{"functional-code":{"insertions":13,"deletions":0}}},{"hash":"e4d5a6ddb9bd029f79be29557b36bb6a6c259e55","isMergeCommit":false,"messageTitle":"Rewrite main function in Duke to use Ui class","messageBody":"","fileTypesAndContributionMap":{"functional-code":{"insertions":5,"deletions":12}}},{"hash":"8d80e0f6d940d42cebc7da9e28af6d7e0b5fb3d1","isMergeCommit":false,"messageTitle":"Rename Duke class to Main","messageBody":"","fileTypesAndContributionMap":{"other":{"insertions":1,"deletions":1}}},{"hash":"0873f95114525516686dbf4903c8caf3a07fbe7e","isMergeCommit":false,"messageTitle":"Update build.gradle to account for change in main class name","messageBody":"","fileTypesAndContributionMap":{"other":{"insertions":1,"deletions":1}}}]},{"date":"2024-10-02","commitResults":[{"hash":"69e199cfce89f9927fe0dfb330245ee874294569","isMergeCommit":false,"messageTitle":"Update personal details in AboutUs","messageBody":"","fileTypesAndContributionMap":{"docs":{"insertions":4,"deletions":7}}},{"hash":"8ebafc4f8152b3b1975ecfca5bfa26ed3b779eda","isMergeCommit":true,"messageTitle":"Merge branch \u0027master\u0027 into johnDoe-AboutUs","messageBody":"","fileTypesAndContributionMap":{}},{"hash":"5dd2e4550d107f443ee4d2947b2aa7be958db671","isMergeCommit":true,"messageTitle":"Merge pull request #24 from jemehgoh/johnDoe-AboutUs","messageBody":"Update personal details in AboutUs","fileTypesAndContributionMap":{}},{"hash":"6bbfabc56c38b4cd315398f94f4fa12b431d3a73","isMergeCommit":true,"messageTitle":"Merge branch \u0027master\u0027 into Glenn-AboutUs","messageBody":"","fileTypesAndContributionMap":{}},{"hash":"5892f99aed8c073a28009eb264406fd5ca380cf0","isMergeCommit":true,"messageTitle":"Merge pull request #25 from glenn-chew/Glenn-AboutUs","messageBody":"Update AboutUs with personal details","fileTypesAndContributionMap":{}},{"hash":"6d05cbf3caaef83826fc10f93b50f28682926029","isMergeCommit":true,"messageTitle":"Merge branch \u0027master\u0027 into TzeKang-AboutUs","messageBody":"","fileTypesAndContributionMap":{}},{"hash":"258054787f3b175c64515b68b8bcbc136a58f101","isMergeCommit":true,"messageTitle":"Merge pull request #26 from LTK-1606/TzeKang-AboutUs","messageBody":"Update aboutus with my details","fileTypesAndContributionMap":{}},{"hash":"8ac6a13ffc5eae805be0cb64614488e73f2885fb","isMergeCommit":true,"messageTitle":"Merge branch \u0027master\u0027 into KuanHsienn-AboutUs","messageBody":"","fileTypesAndContributionMap":{}},{"hash":"75b9984b0c309ca452cbe13c64d33484b28e6635","isMergeCommit":true,"messageTitle":"Merge pull request #27 from KuanHsienn/KuanHsienn-AboutUs","messageBody":"Modify About Us","fileTypesAndContributionMap":{}},{"hash":"51355b37e8b67be1d5bd1910cbf7b1220024c7da","isMergeCommit":false,"messageTitle":"Change main package name from seedu.duke to seedu.manager","messageBody":"","fileTypesAndContributionMap":{"other":{"insertions":4,"deletions":4}}},{"hash":"81a44d7ef95b749af871d7c5f2ba76be460f9153","isMergeCommit":false,"messageTitle":"Update package at top of Main","messageBody":"","fileTypesAndContributionMap":{"functional-code":{"insertions":1,"deletions":1}}},{"hash":"45155adf828b7793d3536d6e860ea5172c765800","isMergeCommit":false,"messageTitle":"Extract welcome message in Ui to a Messages container class","messageBody":"","fileTypesAndContributionMap":{"functional-code":{"insertions":12,"deletions":1}}},{"hash":"e74db773232c1ad2654ae9b2f20f9dfa9c2bc58a","isMergeCommit":true,"messageTitle":"Merge branch \u0027master\u0027 into initial-user-interface","messageBody":"","fileTypesAndContributionMap":{}}]},{"date":"2024-10-04","commitResults":[{"hash":"9a481124a3ae3a0fdd8bc538ad6148aee35f446d","isMergeCommit":false,"messageTitle":"Move welcome message back into Ui class","messageBody":"","fileTypesAndContributionMap":{"functional-code":{"insertions":2,"deletions":12}}},{"hash":"39f7431fcdafc0e4ccbd99537710c2f0d2ca6eae","isMergeCommit":true,"messageTitle":"Merge branch \u0027initial-user-interface\u0027 into ui-user-input","messageBody":"","fileTypesAndContributionMap":{}},{"hash":"a160487536b2407ad1825447b845d327257f8917","isMergeCommit":false,"messageTitle":"Move ui package out of seedu.manager package","messageBody":"","fileTypesAndContributionMap":{"functional-code":{"insertions":1,"deletions":1},"other":{"insertions":1,"deletions":1}}}]},{"date":"2024-10-05","commitResults":[{"hash":"d0a3071120739e415dedc13e0f91693ad63a5c40","isMergeCommit":false,"messageTitle":"Create new abstract Command class for executable commands","messageBody":"","fileTypesAndContributionMap":{"functional-code":{"insertions":12,"deletions":0}}},{"hash":"2d76d0b4330d54369ce1fc4ecb0752ec326e5b0a","isMergeCommit":false,"messageTitle":"Add a new EchoCommand class to echo user input","messageBody":"","fileTypesAndContributionMap":{"functional-code":{"insertions":25,"deletions":0}}},{"hash":"d95f083f73772618221e0b73759ac8d0bbebe736","isMergeCommit":false,"messageTitle":"Add a new Parser class to handle the parsing of user input","messageBody":"","fileTypesAndContributionMap":{"functional-code":{"insertions":19,"deletions":0}}},{"hash":"1687c4020207c343320a83593cbe1510f696cf9c","isMergeCommit":false,"messageTitle":"Add a unit test to check if the parser returns an EchoCommand","messageBody":"","fileTypesAndContributionMap":{"test-code":{"insertions":18,"deletions":0}}},{"hash":"1d107b32407bd335b5b2537733c29c0b192b35fd","isMergeCommit":false,"messageTitle":"Move ui package back under seedu.manager","messageBody":"","fileTypesAndContributionMap":{"functional-code":{"insertions":1,"deletions":1},"other":{"insertions":1,"deletions":1}}},{"hash":"932c0531bd79e95865b8e2452fdd6ddda534b890","isMergeCommit":false,"messageTitle":"Make WELCOME_MESSAGE private","messageBody":"","fileTypesAndContributionMap":{"functional-code":{"insertions":2,"deletions":1}}},{"hash":"215ddb39ed78956605f252c8fe2a774f4f1bc76a","isMergeCommit":true,"messageTitle":"Merge branch \u0027initial-user-interface\u0027 into ui-user-input","messageBody":"","fileTypesAndContributionMap":{}},{"hash":"084853fc22abe1c8e984c1cc2cda4dab34b04b5d","isMergeCommit":false,"messageTitle":"Add a scanner to Ui to take in user input","messageBody":"","fileTypesAndContributionMap":{"functional-code":{"insertions":8,"deletions":0}}},{"hash":"6814eca594affe3b027512d8c0aca736763436d2","isMergeCommit":false,"messageTitle":"Add getCommand method to Ui class to handle user input","messageBody":"","fileTypesAndContributionMap":{"functional-code":{"insertions":11,"deletions":0}}},{"hash":"601cea8d8df2c5d201a7a45817a264a6fef4921a","isMergeCommit":false,"messageTitle":"Add a sayBye method to the Ui class","messageBody":"","fileTypesAndContributionMap":{"functional-code":{"insertions":9,"deletions":0}}},{"hash":"4fff6886bfbadde45310a36fa1cee4abbd28fecf","isMergeCommit":false,"messageTitle":"Update user guide to account for new startup procedure","messageBody":"","fileTypesAndContributionMap":{"docs":{"insertions":10,"deletions":4}}}]},{"date":"2024-10-06","commitResults":[{"hash":"1bb42e9c9b77d35e72a3391c8bbca46b1753665f","isMergeCommit":true,"messageTitle":"Merge branch \u0027ui-user-input\u0027 into exit-command","messageBody":"","fileTypesAndContributionMap":{}},{"hash":"601a89337185d70af93c640f95c03ec98ef049f0","isMergeCommit":true,"messageTitle":"Merge branch \u0027initial-parser\u0027 into exit-command","messageBody":"","fileTypesAndContributionMap":{}},{"hash":"c187692a3bc400c419bf24638da208dfab710031","isMergeCommit":false,"messageTitle":"Move command and parser packages under manager package","messageBody":"","fileTypesAndContributionMap":{"other":{"insertions":9,"deletions":8}}},{"hash":"bc4de9ae9b4e747974ffaaaaad878238649552cb","isMergeCommit":false,"messageTitle":"Add a CommandOutput class to handle command output","messageBody":"","fileTypesAndContributionMap":{"functional-code":{"insertions":37,"deletions":0}}},{"hash":"02f91f5feffd797e00b53b66c5d94201db6132dc","isMergeCommit":false,"messageTitle":"Remove redundant import from ParserTest","messageBody":"","fileTypesAndContributionMap":{"test-code":{"insertions":0,"deletions":1}}},{"hash":"86a78e2f4cc46d6f77e31d448146b7300ec5bcb0","isMergeCommit":false,"messageTitle":"Update Ui to use Parser and Command to parse and execute commands","messageBody":"","fileTypesAndContributionMap":{"functional-code":{"insertions":17,"deletions":6}}},{"hash":"fd55930eb0df6b8d348bcea76e79ac320cf52c5e","isMergeCommit":false,"messageTitle":"Add ExitCommand class to handle program exit","messageBody":"","fileTypesAndContributionMap":{"functional-code":{"insertions":12,"deletions":0}}},{"hash":"2975988fe1a727e07d0cd0977c2b43c70355723e","isMergeCommit":false,"messageTitle":"Change name of ifCanExit getter to follow coding standard","messageBody":"","fileTypesAndContributionMap":{"functional-code":{"insertions":1,"deletions":1}}},{"hash":"31cbb6692372947a6aa6380c7af77694ba3bed46","isMergeCommit":false,"messageTitle":"Fix spacing in EchoCommand","messageBody":"","fileTypesAndContributionMap":{"functional-code":{"insertions":1,"deletions":1}}},{"hash":"b1d4e68a3008bd8ec7f3133d370f7dbf50794fbe","isMergeCommit":false,"messageTitle":"Update Parser to handle exit command","messageBody":"","fileTypesAndContributionMap":{"functional-code":{"insertions":13,"deletions":3}}},{"hash":"1a724d2a878db5819951a049c1ecc977d3bddc18","isMergeCommit":false,"messageTitle":"Update Ui and Main to handle exit command","messageBody":"","fileTypesAndContributionMap":{"functional-code":{"insertions":10,"deletions":13}}},{"hash":"31b76cdc908da7b6cf357cd0b5d513897ea2d020","isMergeCommit":false,"messageTitle":"Change assert statement in ParserTest to assertInstanceOf","messageBody":"","fileTypesAndContributionMap":{"test-code":{"insertions":2,"deletions":1}}},{"hash":"92199e9a6167b219a88e8fb776f5b203e81fb634","isMergeCommit":false,"messageTitle":"Add unit test for exit command","messageBody":"","fileTypesAndContributionMap":{"test-code":{"insertions":9,"deletions":1}}},{"hash":"cb6db085a6a5dcf9dfa76b692edbb80777408446","isMergeCommit":false,"messageTitle":"Remove unused GOODBYE_MESSAGE constant","messageBody":"","fileTypesAndContributionMap":{"functional-code":{"insertions":0,"deletions":1}}}]},{"date":"2024-10-07","commitResults":[{"hash":"0eb6c3c003b1d6606c3f1dabc553ef74cde5c5a5","isMergeCommit":false,"messageTitle":"Extract out exit message and add Javadoc headers","messageBody":"","fileTypesAndContributionMap":{"functional-code":{"insertions":8,"deletions":2}}},{"hash":"34ebd7bd9938a5d3c6462e9c1419c283196fdc8b","isMergeCommit":false,"messageTitle":"Update user guide to account for exit command","messageBody":"","fileTypesAndContributionMap":{"docs":{"insertions":4,"deletions":13}}},{"hash":"44709ef56d363f9fa45c1628a0d12dffc4b71b55","isMergeCommit":false,"messageTitle":"Rename getCommand method and update Javadoc header","messageBody":"","fileTypesAndContributionMap":{"functional-code":{"insertions":3,"deletions":3}}},{"hash":"9c3fdcaf00b82842b722f82c608224ecfd13ca50","isMergeCommit":false,"messageTitle":"Remove duplicate Command, Parser, EchoCommand and ParserTest classes","messageBody":"","fileTypesAndContributionMap":{"functional-code":{"insertions":0,"deletions":56},"test-code":{"insertions":0,"deletions":18}}}]},{"date":"2024-10-08","commitResults":[{"hash":"419c569bce6cc4653e517a251e0d527882f658fd","isMergeCommit":true,"messageTitle":"Merge pull request #37 from glenn-chew/Glenn-MenuBranch","messageBody":"Solve issue: Implement a “menu” command to list out the set of possible actions that can be taken","fileTypesAndContributionMap":{}},{"hash":"c8ecc0c9dc849b77a9e5af6f949f351b385e0032","isMergeCommit":true,"messageTitle":"Merge pull request #40 from MatchaRRR/Event-class","messageBody":"Make Event not abstract. Delete the subclass LectureEvent of Event. ","fileTypesAndContributionMap":{}}]},{"date":"2024-10-10","commitResults":[{"hash":"bf072852914c074d1a98efe1e90aafa30001b5d7","isMergeCommit":true,"messageTitle":"Merge pull request #45 from MatchaRRR/Change-Structure","messageBody":"Rebuild the structure based on the previous one","fileTypesAndContributionMap":{}}]},{"date":"2024-10-11","commitResults":[{"hash":"52d2620c303e685250a6148fa2abe70a3e296ec9","isMergeCommit":true,"messageTitle":"Merge pull request #46 from MatchaRRR/ListCommand","messageBody":"Implement a \"list\" command that allows the user to see existing events.","fileTypesAndContributionMap":{}},{"hash":"a1c29b5c24764ec281a1508b26548531cb2b6be0","isMergeCommit":true,"messageTitle":"Merge pull request #47 from KuanHsienn/AddCommand","messageBody":"Add AddCommand to add events to the event list ","fileTypesAndContributionMap":{}}]},{"date":"2024-10-12","commitResults":[{"hash":"e851664fd4579ab6ae7ad8d071fded0952ff292b","isMergeCommit":true,"messageTitle":"Merge pull request #53 from LTK-1606/AddParticipant","messageBody":"Implement function to add participants to events","fileTypesAndContributionMap":{}},{"hash":"6696ee8980b5202532576c191af216ff8633268a","isMergeCommit":true,"messageTitle":"Merge pull request #54 from LTK-1606/RemoveParticipant","messageBody":"Implement function to remove participants from events","fileTypesAndContributionMap":{}},{"hash":"96accb9a520f7a2ad43c2c2ed505af21ed271464","isMergeCommit":false,"messageTitle":"Add an InvalidCommand class to handle invalid commands","messageBody":"","fileTypesAndContributionMap":{"functional-code":{"insertions":27,"deletions":0}}},{"hash":"8ecdb5d3f3572f40c61a0e184fdc53279ab844b5","isMergeCommit":true,"messageTitle":"Merge branch \u0027master\u0027 into incorrect-command","messageBody":"","fileTypesAndContributionMap":{}},{"hash":"b6c5983e5aeb5ae3a5f107542d39eaee97a1df22","isMergeCommit":false,"messageTitle":"Remove unused addEvent method","messageBody":"","fileTypesAndContributionMap":{"functional-code":{"insertions":0,"deletions":10}}},{"hash":"1eae1e07ded45ef242e23bfad713d242aaccda6f","isMergeCommit":false,"messageTitle":"Replace instances of EchoCommand with InvalidCommand","messageBody":"","fileTypesAndContributionMap":{"functional-code":{"insertions":20,"deletions":33},"test-code":{"insertions":3,"deletions":3}}},{"hash":"e998991d287ad3e5045c5d110191d77fc67f9912","isMergeCommit":false,"messageTitle":"Add exception handling for parseAddCommand and parseRemoveCommand","messageBody":"","fileTypesAndContributionMap":{"functional-code":{"insertions":28,"deletions":20}}}]},{"date":"2024-10-13","commitResults":[{"hash":"4380a812e2cda1e002449f26e83c9d6afb9747ff","isMergeCommit":false,"messageTitle":"Remove placeholder unit test","messageBody":"","fileTypesAndContributionMap":{"test-code":{"insertions":0,"deletions":12}}},{"hash":"60cac2b537567334d56a1801d4cc8ad980e41015","isMergeCommit":false,"messageTitle":"Update JUnit and text redirection tests","messageBody":"","fileTypesAndContributionMap":{"test-code":{"insertions":34,"deletions":0}}},{"hash":"c5bd985362d4e963b0b7c7ef6e5ffdcae22b5d1c","isMergeCommit":false,"messageTitle":"Update menu and error messages to follow correct format for add","messageBody":"","fileTypesAndContributionMap":{"functional-code":{"insertions":3,"deletions":3}}},{"hash":"885f01cd99574df0b232a200cc497cf626c81650","isMergeCommit":false,"messageTitle":"Update redirection tests and add command format in messages","messageBody":"","fileTypesAndContributionMap":{"functional-code":{"insertions":4,"deletions":6}}}]},{"date":"2024-10-14","commitResults":[{"hash":"8938985cf01ed104338ffb8c53fd37d01679c55a","isMergeCommit":true,"messageTitle":"Merge pull request #56 from jemehgoh/invalid-command","messageBody":"Implement an \"invalid\" command to handle incorrectly entered commands","fileTypesAndContributionMap":{}},{"hash":"d487cd9a75f439f0b0f34af483c72aa936a704d0","isMergeCommit":true,"messageTitle":"Merge pull request #57 from glenn-chew/Glenn-ViewBranch","messageBody":"Implement a “view” command to view the participants in the participant list","fileTypesAndContributionMap":{}},{"hash":"f73205f715337be2d55784582275772b64033930","isMergeCommit":true,"messageTitle":"Merge pull request #58 from glenn-chew/Glenn-ViewParser","messageBody":"Add support for the “view” command to the parser","fileTypesAndContributionMap":{}},{"hash":"538436750653e0c9fd70769d786aae9a11083e30","isMergeCommit":false,"messageTitle":"Change parseViewCommand to have its own error message","messageBody":"","fileTypesAndContributionMap":{"functional-code":{"insertions":6,"deletions":2}}},{"hash":"d79068ab45e6782c4cbb51b36311f7700bba53d3","isMergeCommit":false,"messageTitle":"Add error handling for view command","messageBody":"","fileTypesAndContributionMap":{"functional-code":{"insertions":39,"deletions":20}}}]},{"date":"2024-10-15","commitResults":[{"hash":"a9d8c164c6e634341623eb14e5821c9bfcd9cf20","isMergeCommit":false,"messageTitle":"Update user guide","messageBody":"","fileTypesAndContributionMap":{"docs":{"insertions":59,"deletions":11}}},{"hash":"6c4bcb221d03134b69bb043ab6bc1c72da3be813","isMergeCommit":true,"messageTitle":"Merge pull request #61 from jemehgoh/view-error-handling","messageBody":"Add error handling for the \"view\" command","fileTypesAndContributionMap":{}},{"hash":"70e83d4ded124490a6ce43085143c00468c1481a","isMergeCommit":true,"messageTitle":"Merge pull request #63 from jemehgoh/v1-user-guide","messageBody":"Update user guide to account for v1.0 commands","tags":["v1.0"],"fileTypesAndContributionMap":{}}]},{"date":"2024-10-17","commitResults":[{"hash":"8c7b263cd6a7ef77e32dfe75d92591746ba1ae3b","isMergeCommit":false,"messageTitle":"Update Command to include functionality of CommandOutput","messageBody":"","fileTypesAndContributionMap":{"functional-code":{"insertions":36,"deletions":2}}},{"hash":"e638e7eb23183737710272b9cf0ac97d93d877ee","isMergeCommit":false,"messageTitle":"Update child classes of Command with new functionality","messageBody":"","fileTypesAndContributionMap":{"functional-code":{"insertions":51,"deletions":40}}},{"hash":"36b22e5113dc305943062095109b08ea1dd3e0b0","isMergeCommit":false,"messageTitle":"Update Main and Ui to have new functionality","messageBody":"","fileTypesAndContributionMap":{"functional-code":{"insertions":7,"deletions":6}}},{"hash":"4b7c8cc2582526c6b35e3a68cbf0a89b3573943d","isMergeCommit":false,"messageTitle":"Add assert statement to parseAddCommand","messageBody":"","fileTypesAndContributionMap":{"functional-code":{"insertions":1,"deletions":0}}},{"hash":"bf1bf9ec40c32d6a29656f5572ed232e2f833a1d","isMergeCommit":false,"messageTitle":"Add logging for Parser","messageBody":"","fileTypesAndContributionMap":{"functional-code":{"insertions":13,"deletions":2}}},{"hash":"ca8f7f5ce6b12fd09f0509f08f4779742ec6f17d","isMergeCommit":false,"messageTitle":"Update unit tests to work with new functionality","messageBody":"","fileTypesAndContributionMap":{"test-code":{"insertions":6,"deletions":8}}},{"hash":"b244b84d9a2a8c45e9dae1da684fc0f11d179e44","isMergeCommit":false,"messageTitle":"Remove unused imports from Parser and fix indentation in MenuCommand","messageBody":"","fileTypesAndContributionMap":{"functional-code":{"insertions":1,"deletions":3}}}]},{"date":"2024-10-18","commitResults":[{"hash":"1872551b6869e8082a21635c3fbb3b407f13f844","isMergeCommit":true,"messageTitle":"Merge pull request #66 from MatchaRRR/assertion","messageBody":"Add assertion to Parser and ListCommand","fileTypesAndContributionMap":{}},{"hash":"2661d84269cc9c6096c8829c67fccf28d393bd59","isMergeCommit":false,"messageTitle":"Add isDone member and associated methods to Event class","messageBody":"","fileTypesAndContributionMap":{"functional-code":{"insertions":25,"deletions":0}}},{"hash":"89951adcb0feea0ea1bb612f42d3eba029751556","isMergeCommit":false,"messageTitle":"Update toString of Event to print if event has been marked done","messageBody":"","fileTypesAndContributionMap":{"functional-code":{"insertions":2,"deletions":1},"test-code":{"insertions":2,"deletions":2}}},{"hash":"326036eb90c3abfc316ca9b3e60e56ac09e92901","isMergeCommit":false,"messageTitle":"Add new Mark command to mark events as done","messageBody":"","fileTypesAndContributionMap":{"functional-code":{"insertions":42,"deletions":0}}},{"hash":"4ef357db24fd2f142ebc13fc184ffa720b533cdd","isMergeCommit":false,"messageTitle":"Add JUnit tests for MarkCommand","messageBody":"","fileTypesAndContributionMap":{"test-code":{"insertions":33,"deletions":0}}},{"hash":"b7caf105f3fc3789f0c1539b3bd7e5487b0710d0","isMergeCommit":false,"messageTitle":"Add functionality to mark events not done to MarkCommand","messageBody":"","fileTypesAndContributionMap":{"functional-code":{"insertions":8,"deletions":4},"test-code":{"insertions":16,"deletions":5}}},{"hash":"f3390e74913c789fafe0583c3ae5a86900f4ef95","isMergeCommit":true,"messageTitle":"Merge branch \u0027mark-event-command\u0027 into mark-command-parser","messageBody":"","fileTypesAndContributionMap":{}}]},{"date":"2024-10-19","commitResults":[{"hash":"6c18c8647fdf78aa41cbd3f1122f87f314a3e57f","isMergeCommit":false,"messageTitle":"Add functionality for executing the mark command to Parser","messageBody":"","fileTypesAndContributionMap":{"functional-code":{"insertions":67,"deletions":2}}},{"hash":"1024f14cbef9680135c26f5d2016048a116db128","isMergeCommit":false,"messageTitle":"Fix Javadoc for parseMarkCommand method","messageBody":"","fileTypesAndContributionMap":{"functional-code":{"insertions":2,"deletions":3}}},{"hash":"2cd259a67c8a9e165de44bac605e0247de2db262","isMergeCommit":false,"messageTitle":"Add JUnit tests for parsing of mark command","messageBody":"","fileTypesAndContributionMap":{"test-code":{"insertions":25,"deletions":0}}},{"hash":"51ec43620639c8bb54ed98951440f805791aaccc","isMergeCommit":false,"messageTitle":"Remove \"_NAME\" from placeholder terms","messageBody":"The attribute placeholders for commands like the remove command have\nnames like \"EVENT_NAME\" and \"PARTICIPANT_NAME\". This makes them\ndifficult to read and unclear.\n\nLet\u0027s change these names and remove the \"_NAME\" suffixes. This way,\nthe placeholders can be more easily understood.\n","fileTypesAndContributionMap":{"functional-code":{"insertions":10,"deletions":10},"docs":{"insertions":15,"deletions":15}}}]},{"date":"2024-10-21","commitResults":[{"hash":"2aadc2afe5b213f22c1b6327b98529c866d30b83","isMergeCommit":true,"messageTitle":"Merge branch \u0027master\u0027 into mark-participant","messageBody":"","fileTypesAndContributionMap":{}},{"hash":"b3dbfb487f30704b3f348572f15d02a748892f70","isMergeCommit":false,"messageTitle":"Add new Item and Participant classes","messageBody":"","fileTypesAndContributionMap":{"functional-code":{"insertions":74,"deletions":0},"other":{"insertions":1,"deletions":0}}},{"hash":"a268b262961bf784df9f9fa7a8a8f9186091b85e","isMergeCommit":false,"messageTitle":"Update Event and ViewCommand to use Participant class","messageBody":"","fileTypesAndContributionMap":{"functional-code":{"insertions":11,"deletions":6}}},{"hash":"6e0f5e2c3428c265beccaf27aaf21f8463b250ee","isMergeCommit":false,"messageTitle":"Merge Participant class into its parent Item class","messageBody":"","fileTypesAndContributionMap":{"functional-code":{"insertions":43,"deletions":59}}},{"hash":"8451134cad0f68d84515a8122931c4db77b166b6","isMergeCommit":false,"messageTitle":"Add unit tests for Participant and update existing unit and I/O tests","messageBody":"","fileTypesAndContributionMap":{"functional-code":{"insertions":5,"deletions":5},"test-code":{"insertions":30,"deletions":1}}},{"hash":"59215ced23d6c83f528bfdcf40a04bb270b2d1af","isMergeCommit":false,"messageTitle":"Fix Checkstyle violations","messageBody":"","fileTypesAndContributionMap":{"functional-code":{"insertions":1,"deletions":1},"test-code":{"insertions":2,"deletions":2}}},{"hash":"bf84fa2a045d24b8dbbdf2194e0c8f2b88481a74","isMergeCommit":false,"messageTitle":"Replace InvalidCommand with an exception","messageBody":"User command errors are handled by an InvalidCommand, which then passes\nthe error message back to the user. This makes the code less readable,\nas it is not obvious that InvalidCommand handles errors.\n\nLet\u0027s replace InvalidCommand with an exception, that is handled by the\nUI. This way, the code is easier to read as it is clearer how the\nuser command errors are handled.\n","fileTypesAndContributionMap":{"functional-code":{"insertions":69,"deletions":63},"test-code":{"insertions":17,"deletions":11}}},{"hash":"161e6ce7b665b1fd03bbcdeacedc1a13e3a43251","isMergeCommit":false,"messageTitle":"Add error handling for adding participants","messageBody":"When participants are added to events that are not present in the event\nlist, the program informs the user that the participant was added,\nalthough neither the participant nor the event are stored in the\nprogram. This is misleading to the user.\n\nLet\u0027s amend the add participant command to show the user a message that\nthe adding failed for this case. This makes the add command more\ninituitive to the user.\n","fileTypesAndContributionMap":{"functional-code":{"insertions":16,"deletions":11},"test-code":{"insertions":13,"deletions":1}}}]},{"date":"2024-10-22","commitResults":[{"hash":"e0aea5a9528d1e7b251fc49e03420dea4909de23","isMergeCommit":true,"messageTitle":"Merge branch \u0027mark-participant\u0027 into mark-command-participant","messageBody":"","fileTypesAndContributionMap":{}},{"hash":"eec8f61c7178d06ab0a6c81a4740959460c224eb","isMergeCommit":false,"messageTitle":"Split MarkCommand into two classes, for events and for participants","messageBody":"","fileTypesAndContributionMap":{"functional-code":{"insertions":138,"deletions":20},"other":{"insertions":4,"deletions":4},"test-code":{"insertions":2,"deletions":2}}},{"hash":"5aecfd63d6102de29896ae66e2a6a4b04fa4c315","isMergeCommit":false,"messageTitle":"Add JUnit tests for MarkParticipantCommand and fix Checkstyle issues","messageBody":"","fileTypesAndContributionMap":{"functional-code":{"insertions":3,"deletions":8},"test-code":{"insertions":62,"deletions":0}}},{"hash":"4b50a623083e7b781696729c679c1942c9d3ba38","isMergeCommit":false,"messageTitle":"Change message syntax for participant details","messageBody":"The participants\u0027 status is denoted using the terms \"present\", if they\nare present, and \"not present\", if they are not present. This makes the\nparticipant list entries long and difficult to read.\n\nLet\u0027s change the syntax such that whether a participant has been marked\npresent or not is indicated by the presence or absence of an \"X\"\nbeside the participant\u0027s name. This makes the participant list easier\nto read.\n","fileTypesAndContributionMap":{"functional-code":{"insertions":4,"deletions":4},"test-code":{"insertions":4,"deletions":4}}},{"hash":"a780acd4007d79121c6bd9dcdcc8026f105641c2","isMergeCommit":true,"messageTitle":"Merge branch \u0027master\u0027 into mark-command-participant","messageBody":"","fileTypesAndContributionMap":{}},{"hash":"848a0327056f1634486854b59885e48967e65af0","isMergeCommit":true,"messageTitle":"Merge branch \u0027master\u0027 into mark-command-participant","messageBody":"","fileTypesAndContributionMap":{}}]},{"date":"2024-10-23","commitResults":[{"hash":"b0e4b6637dfa377e3487e2edf2049e3d1953dea5","isMergeCommit":false,"messageTitle":"Add functionality for executing the mark participant command to Parser","messageBody":"","fileTypesAndContributionMap":{"functional-code":{"insertions":27,"deletions":2}}},{"hash":"923ee39ee8e9e6abb8e7e76998a866eada6b06eb","isMergeCommit":false,"messageTitle":"Add target user and value proposition","messageBody":"","fileTypesAndContributionMap":{"docs":{"insertions":11,"deletions":6}}},{"hash":"db72cdfa31f36e173b70a3e617cb2f9a49d0c1e6","isMergeCommit":false,"messageTitle":"Add author tags to functional code","messageBody":"","fileTypesAndContributionMap":{"functional-code":{"insertions":32,"deletions":1}}},{"hash":"879d3be2c31ed7e381089ddf4337a51fc9f04ae6","isMergeCommit":false,"messageTitle":"Add overall architecture and sequence diagram","messageBody":"","fileTypesAndContributionMap":{"docs":{"insertions":89,"deletions":0}}}]},{"date":"2024-10-24","commitResults":[{"hash":"e7ce886c0f775fcfe2c4753ef7116e76c93f3967","isMergeCommit":false,"messageTitle":"Modify UML diagrams and add architecture section to developer guide","messageBody":"","fileTypesAndContributionMap":{"docs":{"insertions":38,"deletions":9}}},{"hash":"e08a5553b858cd53a9c74a108bc9d370663b040a","isMergeCommit":false,"messageTitle":"Add JUnit tests for MarkParticipantCommand and amend test case names","messageBody":"","fileTypesAndContributionMap":{"test-code":{"insertions":49,"deletions":3}}},{"hash":"fbf255eab578c24590a8af3b0b507fc65a851934","isMergeCommit":true,"messageTitle":"Merge branch \u0027mark-command-participant\u0027 into developer-guide-init","messageBody":"","fileTypesAndContributionMap":{}},{"hash":"832bff1469ace00983b572284b13ca2a323665f8","isMergeCommit":false,"messageTitle":"Update error and menu messages to account for MarkParticipantCommand","messageBody":"","fileTypesAndContributionMap":{"functional-code":{"insertions":9,"deletions":3}}},{"hash":"380d252d4f323e1a8354de27d4ddf34fcf63da1a","isMergeCommit":false,"messageTitle":"Update I/O redirection test to account for changes to menu message","messageBody":"","fileTypesAndContributionMap":{"functional-code":{"insertions":2,"deletions":2}}},{"hash":"f31ec6c8e466148ecdc4627e0027edb92e79548e","isMergeCommit":false,"messageTitle":"Fix typo in menu message","messageBody":"","fileTypesAndContributionMap":{"functional-code":{"insertions":1,"deletions":1}}},{"hash":"cd854cdaecff84a6a125fc3522affa396d30771f","isMergeCommit":true,"messageTitle":"Merge pull request #99 from MatchaRRR/SortParser","messageBody":"Sort events by name","fileTypesAndContributionMap":{}},{"hash":"274f1459a8964dda957762dbeb920f3ff1723cf6","isMergeCommit":false,"messageTitle":"Change unit test names to be more inituitive","messageBody":"","fileTypesAndContributionMap":{"test-code":{"insertions":7,"deletions":7}}}]},{"date":"2024-10-25","commitResults":[{"hash":"5f5212dade27be08e5e000f35bdf491551b9e0e7","isMergeCommit":true,"messageTitle":"Merge branch \u0027master\u0027 into developer-guide-init","messageBody":"","fileTypesAndContributionMap":{}},{"hash":"c82ca8a5955abe24673e1780e57b9801445b327b","isMergeCommit":true,"messageTitle":"Merge pull request #101 from KuanHsienn/Storage","messageBody":"Implement Storage class","fileTypesAndContributionMap":{}},{"hash":"07c031fede9a3e7cc3fc581012e300c9be628233","isMergeCommit":true,"messageTitle":"Merge branch \u0027master\u0027 into developer-guide-init","messageBody":"","fileTypesAndContributionMap":{}},{"hash":"d7485de829380e69504c3e6f53042de390b2d611","isMergeCommit":false,"messageTitle":"Update developer guide with Storage component","messageBody":"","fileTypesAndContributionMap":{"functional-code":{"insertions":5,"deletions":2},"docs":{"insertions":7,"deletions":0}}},{"hash":"714a10cf2a35779e5e912fc049d51e5c3479b206","isMergeCommit":false,"messageTitle":"Update user guide with details on mark event and participant commands","messageBody":"","fileTypesAndContributionMap":{"docs":{"insertions":24,"deletions":0}}},{"hash":"e95c0a5a91e0069036d78e2ca1fba6a209dbeae4","isMergeCommit":false,"messageTitle":"Add notes on commands section and update to follow Markdown standard","messageBody":"","fileTypesAndContributionMap":{"docs":{"insertions":28,"deletions":9}}},{"hash":"1861028668e99844a5f44187ec6f3bfd695118c8","isMergeCommit":false,"messageTitle":"Update architecture diagram and add style.puml","messageBody":"","fileTypesAndContributionMap":{"docs":{"insertions":24,"deletions":35}}},{"hash":"51d033feb938194dfe0f569616e22a08ee36b4a3","isMergeCommit":false,"messageTitle":"Add UiClassDiagram and update developer guide","messageBody":"","fileTypesAndContributionMap":{"docs":{"insertions":23,"deletions":0}}},{"hash":"84f60518bcb8fd7f55e4dab4e38955a466985ff1","isMergeCommit":true,"messageTitle":"Merge branch \u0027master\u0027 into developer-guide-update","messageBody":"","fileTypesAndContributionMap":{}},{"hash":"bb060b421e567b5cd24c8212c3ccbb1e844bdf41","isMergeCommit":false,"messageTitle":"Add UI component section to developer guide","messageBody":"","fileTypesAndContributionMap":{"docs":{"insertions":11,"deletions":2}}},{"hash":"8bbd037479e849dd20a0cdee3a516628f3dd38e0","isMergeCommit":false,"messageTitle":"Add style colours to overall sequence diagram","messageBody":"","fileTypesAndContributionMap":{"docs":{"insertions":17,"deletions":17}}}]},{"date":"2024-10-27","commitResults":[{"hash":"0af88bde0d3649e04adaf9e4d8c9cab67bd079c2","isMergeCommit":false,"messageTitle":"Add section on command component","messageBody":"","fileTypesAndContributionMap":{"docs":{"insertions":84,"deletions":0}}},{"hash":"aa86a655e6cc00b9c3758c36984ea397834ce74a","isMergeCommit":true,"messageTitle":"Merge pull request #102 from glenn-chew/Glenn-SortBranch","messageBody":"Sort event by time","fileTypesAndContributionMap":{}}]},{"date":"2024-10-28","commitResults":[{"hash":"19d67303099677fa301e4d90cdff79acb22b8084","isMergeCommit":false,"messageTitle":"Refactor markParticipant method in Event to follow SRP","messageBody":"","fileTypesAndContributionMap":{"functional-code":{"insertions":47,"deletions":36}}},{"hash":"af99d4e6767fa096e995ff28a184889afd28b7c1","isMergeCommit":false,"messageTitle":"Add section on the Event component to the developer guide","messageBody":"","fileTypesAndContributionMap":{"docs":{"insertions":33,"deletions":3}}},{"hash":"a214f5e78ca6c915aa40b522e55968313304d2f9","isMergeCommit":false,"messageTitle":"Add user stories, non-functional requirement and change italics to bold","messageBody":"","fileTypesAndContributionMap":{"docs":{"insertions":17,"deletions":11}}},{"hash":"4277d8d0efec599f0d232eef12dad1b7848ed8a6","isMergeCommit":false,"messageTitle":"Add multiplicities and association labels to Event class diagram","messageBody":"","fileTypesAndContributionMap":{"docs":{"insertions":3,"deletions":3}}}]},{"date":"2024-10-29","commitResults":[{"hash":"d0885429fb27b554eb33f1e42cc32cabb093165a","isMergeCommit":false,"messageTitle":"Add section on marking events to developer guide","messageBody":"","fileTypesAndContributionMap":{"docs":{"insertions":48,"deletions":0}}},{"hash":"83995866fddb34a9b017d568a01687546422316c","isMergeCommit":false,"messageTitle":"Add section on status parsing and fix some syntax","messageBody":"","fileTypesAndContributionMap":{"docs":{"insertions":10,"deletions":2}}},{"hash":"13bafd72da2bfc5d414fdb526fff5f59832f0a4b","isMergeCommit":false,"messageTitle":"Add error handling for duplicate entries","messageBody":"","fileTypesAndContributionMap":{"functional-code":{"insertions":36,"deletions":4}}},{"hash":"0069c597e190a8ce8f2a5643ff19a308dedb79fe","isMergeCommit":false,"messageTitle":"Update JUnit to account for duplicate entry error handling","messageBody":"","fileTypesAndContributionMap":{"test-code":{"insertions":42,"deletions":10}}}]}],"glenn-chew":[{"date":"2024-10-02","commitResults":[{"hash":"1ce1df29e3546288f55ea5319120721c9a55a53e","isMergeCommit":false,"messageTitle":"Update AboutUs with personal details","messageBody":"","fileTypesAndContributionMap":{"docs":{"insertions":3,"deletions":7}}}]},{"date":"2024-10-08","commitResults":[{"hash":"94bc9fcd2640824dea10dbd86fcc3c1904c7d87f","isMergeCommit":true,"messageTitle":"Merge pull request #35 from MatchaRRR/EventList-class","messageBody":"Solve Issue: Implement an event list for events to be added to","fileTypesAndContributionMap":{}},{"hash":"89656a608f5650d61cecc7537e57365abb20adcc","isMergeCommit":false,"messageTitle":"Add MenuCommand class to display menu message","messageBody":"","fileTypesAndContributionMap":{"functional-code":{"insertions":26,"deletions":0}}},{"hash":"b9a21f0b82cab5a8e6b991d84f261547efd84358","isMergeCommit":false,"messageTitle":"Change COMMAND_WORD to public","messageBody":"","fileTypesAndContributionMap":{"functional-code":{"insertions":2,"deletions":2}}},{"hash":"28c53870a428dad7b7cec61fbaf9a5c84c0db923","isMergeCommit":true,"messageTitle":"Merge branch \u0027Glenn-MenuBranch\u0027 into Glenn-MenuParser","messageBody":"","fileTypesAndContributionMap":{}},{"hash":"5315720e30af5a918441ad1bc56d638c51c50fab","isMergeCommit":false,"messageTitle":"Update menu message","messageBody":"","fileTypesAndContributionMap":{"functional-code":{"insertions":1,"deletions":1}}},{"hash":"731bc39d25456cfa86c49323a8452a5f4636cf41","isMergeCommit":false,"messageTitle":"Update Parser to handle menu command","messageBody":"","fileTypesAndContributionMap":{"functional-code":{"insertions":3,"deletions":0}}},{"hash":"fbba63741db13b338361142defb90b88f3ac3d54","isMergeCommit":false,"messageTitle":"Add unit test for menu command","messageBody":"","fileTypesAndContributionMap":{"test-code":{"insertions":9,"deletions":0}}},{"hash":"68775557244b9172b3b8366299da79d23321d2a0","isMergeCommit":false,"messageTitle":"Update menu message and change to text block","messageBody":"","fileTypesAndContributionMap":{"functional-code":{"insertions":10,"deletions":8}}},{"hash":"a125daf37eccad2e3b194d8d13630347716e83ef","isMergeCommit":true,"messageTitle":"Merge branch \u0027Glenn-MenuBranch\u0027 into Glenn-MenuParser","messageBody":"Resolved merge conflicts when updating Glenn-MenuParser branch.\n","fileTypesAndContributionMap":{}}]},{"date":"2024-10-14","commitResults":[{"hash":"e680a6f1642cade907a2341a6f312cb875c8054f","isMergeCommit":false,"messageTitle":"Add ViewCommand class to display participant list of an event","messageBody":"","fileTypesAndContributionMap":{"functional-code":{"insertions":45,"deletions":0}}},{"hash":"f5a91c063c30252ceb3888f75d18aa53e53c5e99","isMergeCommit":false,"messageTitle":"Add getter to get participant list of an event","messageBody":"","fileTypesAndContributionMap":{"functional-code":{"insertions":4,"deletions":0}}},{"hash":"42c1719afc638de6e7fe5e7498b9d7f0280d31c4","isMergeCommit":false,"messageTitle":"Delete unused addEvent method","messageBody":"","fileTypesAndContributionMap":{"functional-code":{"insertions":0,"deletions":9}}},{"hash":"15c3408c20f836f15c1801db80c53b4d5d91d719","isMergeCommit":false,"messageTitle":"Swap eventName and partcipationName parameters in removeParticipantFromEvent","messageBody":"","fileTypesAndContributionMap":{"functional-code":{"insertions":1,"deletions":1}}},{"hash":"8e6908fba7dac28e1f5edb134e1d089d40759c52","isMergeCommit":false,"messageTitle":"Update Parser to handle view command","messageBody":"","fileTypesAndContributionMap":{"functional-code":{"insertions":31,"deletions":2}}},{"hash":"61536c43513d770148218dd0d6cbabf6a69d0bb0","isMergeCommit":false,"messageTitle":"Add JUnit test for ViewCommand","messageBody":"","fileTypesAndContributionMap":{"test-code":{"insertions":21,"deletions":0}}},{"hash":"a83758a94e81e6f742ca74ae3c167b850638064b","isMergeCommit":false,"messageTitle":"Trim input parameters for AddCommand and RemoveCommand in Parser","messageBody":"","fileTypesAndContributionMap":{"functional-code":{"insertions":5,"deletions":5}}},{"hash":"2b4de4eea3101b972e5c96b3aa2ea91f9ab2ff80","isMergeCommit":false,"messageTitle":"Update JUnit test for view command","messageBody":"","fileTypesAndContributionMap":{"test-code":{"insertions":29,"deletions":8}}},{"hash":"ba6d2462ef98a6ba0e337f483015f9dd4d4161ce","isMergeCommit":false,"messageTitle":"Add JavaDoc header for ViewCommand class","messageBody":"","fileTypesAndContributionMap":{"functional-code":{"insertions":4,"deletions":0}}},{"hash":"e6d77873cf7846a06d5ed9a8d651a45bceb8bd21","isMergeCommit":true,"messageTitle":"Merge branch \u0027Glenn-ViewBranch\u0027 into Glenn-ViewParser","messageBody":"","fileTypesAndContributionMap":{}},{"hash":"58acd8005ac0b71712b9226c56ff3a64e9c38ba6","isMergeCommit":true,"messageTitle":"Merge branch \u0027master\u0027 into Glenn-ViewBranch","messageBody":"","fileTypesAndContributionMap":{}},{"hash":"10034512939b54b8a56d687f5153f63b012e69a5","isMergeCommit":true,"messageTitle":"Merge branch \u0027Glenn-ViewBranch\u0027 into Glenn-ViewParser","messageBody":"Resolved merge conflicts.\n\n# Conflicts:\n#\tsrc/main/java/seedu/manager/parser/Parser.java\n","fileTypesAndContributionMap":{}},{"hash":"eb6211f45ba0bba2701c105460c61a2b7169409c","isMergeCommit":false,"messageTitle":"Fix JavaDoc comment indentation","messageBody":"","fileTypesAndContributionMap":{"functional-code":{"insertions":2,"deletions":2}}},{"hash":"4151a3230f950a426ffe0a9d18bcd62d81b640ea","isMergeCommit":false,"messageTitle":"Swap order of declaration of static and non-static variable","messageBody":"","fileTypesAndContributionMap":{"test-code":{"insertions":1,"deletions":1}}},{"hash":"7b3a4ec8c7150f91378df8700578b38a3c53ecee","isMergeCommit":false,"messageTitle":"Edit Event toString message format","messageBody":"","fileTypesAndContributionMap":{"functional-code":{"insertions":1,"deletions":1}}},{"hash":"a16f47182d1ca28c98ec6d1a7913d2f4b7dfb035","isMergeCommit":false,"messageTitle":"Update JUnit tests for ListCommand with new toString message","messageBody":"","fileTypesAndContributionMap":{"test-code":{"insertions":2,"deletions":2}}}]},{"date":"2024-10-25","commitResults":[{"hash":"b04421338eb976a3f4082c291c4eb08adcc57594","isMergeCommit":false,"messageTitle":"Update eventTime to be of LocalDateTime type","messageBody":"","fileTypesAndContributionMap":{"functional-code":{"insertions":4,"deletions":2}}},{"hash":"3bd36bcc668e6778967df12eb9254c192fb4ad0b","isMergeCommit":false,"messageTitle":"Update SortCommand to handle \"time\" keyword","messageBody":"","fileTypesAndContributionMap":{"functional-code":{"insertions":5,"deletions":1}}},{"hash":"54a6b6662af387de023d7b5c2cf4c967e239bc02","isMergeCommit":false,"messageTitle":"Update toString to format LocalDateTime to String","messageBody":"","fileTypesAndContributionMap":{"functional-code":{"insertions":18,"deletions":5}}},{"hash":"3fa01290ef3fdd11eb3c6be30bf71848afb3eb9c","isMergeCommit":false,"messageTitle":"Add sortByTime function to sort events by time","messageBody":"","fileTypesAndContributionMap":{"functional-code":{"insertions":9,"deletions":1}}},{"hash":"26c2288502c76817947cf310d885fa6a82ad00f2","isMergeCommit":false,"messageTitle":"Parse input event time to LocalDateTime","messageBody":"","fileTypesAndContributionMap":{"functional-code":{"insertions":14,"deletions":1}}},{"hash":"9cf55a7c0dd3c771a177d852ed448068a218904b","isMergeCommit":false,"messageTitle":"Edit JUnit tests to handle updated eventTime","messageBody":"","fileTypesAndContributionMap":{"test-code":{"insertions":42,"deletions":10}}},{"hash":"1442027867ef8a9fe11c503dda31d1c705d7e908","isMergeCommit":false,"messageTitle":"Add time to parseCommand input","messageBody":"","fileTypesAndContributionMap":{"test-code":{"insertions":1,"deletions":1}}},{"hash":"8b679b8df488c83871908d015f7858b34b5d6764","isMergeCommit":false,"messageTitle":"Update JUnit test for sorting event by time","messageBody":"","fileTypesAndContributionMap":{"test-code":{"insertions":29,"deletions":5}}},{"hash":"5242e078c89f5d4bc7cb1f8a25c69ed39709a721","isMergeCommit":false,"messageTitle":"Add break at the end of case \"time\"","messageBody":"","fileTypesAndContributionMap":{"functional-code":{"insertions":1,"deletions":0}}}]},{"date":"2024-10-27","commitResults":[{"hash":"dfa6f408c35e8493bbc2f852bd8d102867165e69","isMergeCommit":false,"messageTitle":"Update sort messages","messageBody":"","fileTypesAndContributionMap":{"functional-code":{"insertions":2,"deletions":2}}},{"hash":"e98cb0704ceaca6c08e1f29c0392b68584e96cce","isMergeCommit":false,"messageTitle":"Wrap line for String format","messageBody":"","fileTypesAndContributionMap":{"functional-code":{"insertions":2,"deletions":2}}},{"hash":"df05498a727b7a9b4fb525d1ee13345d7e29c103","isMergeCommit":false,"messageTitle":"Add punctuation to Javadoc header","messageBody":"","fileTypesAndContributionMap":{"functional-code":{"insertions":1,"deletions":1}}},{"hash":"3469903412b5d7eadf8b40337d2b032409b4c339","isMergeCommit":false,"messageTitle":"Edit warning log message for invalid date-time","messageBody":"","fileTypesAndContributionMap":{"functional-code":{"insertions":1,"deletions":1}}},{"hash":"c715955ed5a102f6ee8d4ca5ba7ded007862d46d","isMergeCommit":false,"messageTitle":"Edit JUnit tests with updated Sort message","messageBody":"","fileTypesAndContributionMap":{"test-code":{"insertions":2,"deletions":2}}},{"hash":"2ab81d79575cd3061381c4e9db6ff4933ad451c7","isMergeCommit":true,"messageTitle":"Merge into Glenn-SortBranch and resolve conflicts","messageBody":"# Conflicts:\n#\tsrc/main/java/seedu/manager/command/AddCommand.java\n#\tsrc/main/java/seedu/manager/event/Event.java\n","fileTypesAndContributionMap":{}},{"hash":"53cc054ff1cc59952282e137af6b1eb7d3b5beab","isMergeCommit":false,"messageTitle":"Update time in Storage to be a LocaDateTime","messageBody":"","fileTypesAndContributionMap":{"functional-code":{"insertions":4,"deletions":1}}},{"hash":"8797732dba0baaa1f5b4aa72e4e9de7c2b69bd4f","isMergeCommit":false,"messageTitle":"Update JUnit tests with LocalDateTime","messageBody":"","fileTypesAndContributionMap":{"test-code":{"insertions":13,"deletions":3}}},{"hash":"6e3cb5663f5664a97066569821285d647625d5a5","isMergeCommit":false,"messageTitle":"Edit formatEventTime method name to getEventTimeString","messageBody":"","fileTypesAndContributionMap":{"functional-code":{"insertions":2,"deletions":2}}},{"hash":"283cf5125967a91e8c9a918aeddbdf5563ef6961","isMergeCommit":false,"messageTitle":"Edit saveEvents function to handle LocalDateTime","messageBody":"","fileTypesAndContributionMap":{"functional-code":{"insertions":3,"deletions":1}}},{"hash":"5cfdb44a55e3c655db8c567530bd452dfe7b6a58","isMergeCommit":false,"messageTitle":"Fix incorrect date-time format in test","messageBody":"","fileTypesAndContributionMap":{"test-code":{"insertions":1,"deletions":1}}},{"hash":"93388fff41765c9737a070e73534b15d1305cd27","isMergeCommit":false,"messageTitle":"Edit JUnit Storage Test to get event as String","messageBody":"","fileTypesAndContributionMap":{"test-code":{"insertions":2,"deletions":2}}},{"hash":"191b9e512917378d140806d4fae4267f330a7cb0","isMergeCommit":false,"messageTitle":"Move string literal ending to new line","messageBody":"","fileTypesAndContributionMap":{"functional-code":{"insertions":8,"deletions":4}}}]}],"MatchaRRR":[{"date":"2024-10-02","commitResults":[{"hash":"261f7febc337dca8f4abc9cecaea3ac8a1015596","isMergeCommit":false,"messageTitle":"update AboutUs","messageBody":"","fileTypesAndContributionMap":{"docs":{"insertions":4,"deletions":7}}},{"hash":"5e155bee25e0432bc453c731b3d70c2a6fc5f724","isMergeCommit":true,"messageTitle":"Merge pull request #23 from MatchaRRR/FUYixuan-AboutUs","messageBody":"update AboutUs","fileTypesAndContributionMap":{}}]},{"date":"2024-10-07","commitResults":[{"hash":"5e7b853bff0c7cbb30c8700c975f605153697d01","isMergeCommit":true,"messageTitle":"Merge pull request #30 from jemehgoh/initial-user-interface","messageBody":"Implement a user interface that greets the user upon program startup","fileTypesAndContributionMap":{}},{"hash":"0008de62b2d1b01ac8149e3bdf2cb534b788ca6d","isMergeCommit":true,"messageTitle":"Merge pull request #31 from jemehgoh/ui-user-input","messageBody":"Update the user interface to be able to take in user input","fileTypesAndContributionMap":{}},{"hash":"b625ddf9b702be054b3337cba114facd3294e955","isMergeCommit":true,"messageTitle":"Merge pull request #32 from jemehgoh/initial-parser","messageBody":"Implement a parser that parses commands","fileTypesAndContributionMap":{}},{"hash":"5660c4c5c44b7ec44b5728124d88508e6e9df94a","isMergeCommit":true,"messageTitle":"Merge pull request #33 from jemehgoh/exit-command","messageBody":"Implement an “exit” command that allows the user to close the program","fileTypesAndContributionMap":{}},{"hash":"65d9228de41a397e9f774ce62682ae815471e274","isMergeCommit":true,"messageTitle":"Merge pull request #34 from jemehgoh/remove-duplicate-classes","messageBody":"Remove duplicate Command, Parser, EchoCommand and ParserTest classes","fileTypesAndContributionMap":{}}]},{"date":"2024-10-08","commitResults":[{"hash":"13af35d67938bd083a78f55a8bf03c0388cf801a","isMergeCommit":false,"messageTitle":"Implement an EventList class and an Event abstract class","messageBody":"","fileTypesAndContributionMap":{"functional-code":{"insertions":88,"deletions":0}}},{"hash":"b32fa6017a8e7059a1f3419c66f29db656e0e161","isMergeCommit":false,"messageTitle":"modify the attribute of Event class","messageBody":"","fileTypesAndContributionMap":{"functional-code":{"insertions":14,"deletions":22}}},{"hash":"93d89a56f2fa2420d8e80f2f121381872e2d1868","isMergeCommit":false,"messageTitle":"modify the subclass of Event class","messageBody":"","fileTypesAndContributionMap":{"functional-code":{"insertions":2,"deletions":2}}},{"hash":"f0717e7bfbac04f82bb425a0e6a17b5a97458af8","isMergeCommit":false,"messageTitle":"delect the subclas of Event. Make Event not abstract.","messageBody":"","fileTypesAndContributionMap":{"functional-code":{"insertions":1,"deletions":10}}},{"hash":"2038c15190746bd39ec778f6be61cc00237c74ca","isMergeCommit":false,"messageTitle":"add JavaDoc header comments","messageBody":"","fileTypesAndContributionMap":{"functional-code":{"insertions":4,"deletions":0}}},{"hash":"15b16b6e7a26bffa1d057aa7e37c3a4218c2aae0","isMergeCommit":false,"messageTitle":"add JavaDoc for methods","messageBody":"","fileTypesAndContributionMap":{"functional-code":{"insertions":28,"deletions":0}}},{"hash":"b34d2aedf0f17cf618ea1c353e7784ac75977536","isMergeCommit":false,"messageTitle":"Add support for the \u0027add\u0027 command to the parser","messageBody":"","fileTypesAndContributionMap":{"functional-code":{"insertions":24,"deletions":4}}},{"hash":"5f0216a5484cdcf923265a8a27b9d9e1fae4f3d2","isMergeCommit":false,"messageTitle":"modify the import approach to avoid error.","messageBody":"","fileTypesAndContributionMap":{"functional-code":{"insertions":5,"deletions":1}}},{"hash":"b8c3251d2bb29f7d753ca3e4393a2069852375ab","isMergeCommit":false,"messageTitle":"delete the unexpected indention to aviod error","messageBody":"","fileTypesAndContributionMap":{"functional-code":{"insertions":1,"deletions":1}}}]},{"date":"2024-10-09","commitResults":[{"hash":"3c3f7a2f8cea7ea28913d78c5cadda8336010abc","isMergeCommit":true,"messageTitle":"Merge pull request #41 from MatchaRRR/AddParser","messageBody":"Add support for the \u0027add\u0027 command to the parser.","fileTypesAndContributionMap":{}},{"hash":"57c2827c7e977bdab0ef3727abfd906b71cedba2","isMergeCommit":false,"messageTitle":"Add support for the \u0027list\u0027 command to the parser","messageBody":"","fileTypesAndContributionMap":{"functional-code":{"insertions":19,"deletions":0}}},{"hash":"5cfc6bfcf2174f46ce32023b49700e576e6ee443","isMergeCommit":false,"messageTitle":"Rebuild the structure based on the previous one","messageBody":"","fileTypesAndContributionMap":{"functional-code":{"insertions":40,"deletions":21}}},{"hash":"e999b8b0324a75f24e1a9563a8698d43e424e73f","isMergeCommit":false,"messageTitle":"extract the method and add javaDoc","messageBody":"","fileTypesAndContributionMap":{"functional-code":{"insertions":9,"deletions":1}}},{"hash":"b08c835e9efa210289c139afa5675fa16d566869","isMergeCommit":false,"messageTitle":"remove the redundant import to avoid error.","messageBody":"","fileTypesAndContributionMap":{"functional-code":{"insertions":0,"deletions":2}}},{"hash":"f44586a0e42899a973428bedc37725f723a015c4","isMergeCommit":false,"messageTitle":".","messageBody":"","fileTypesAndContributionMap":{"functional-code":{"insertions":4,"deletions":2}}},{"hash":"3b588cb0af893b96d55ddd43ec957b90e51d7993","isMergeCommit":false,"messageTitle":"delete the empty line","messageBody":"","fileTypesAndContributionMap":{"functional-code":{"insertions":1,"deletions":2},"other":{"insertions":1,"deletions":0}}},{"hash":"bdb2cc4a8c35095edf96ac32f0e8421c031799de","isMergeCommit":false,"messageTitle":"add an empty line between each  command input","messageBody":"","fileTypesAndContributionMap":{"functional-code":{"insertions":2,"deletions":2}}}]},{"date":"2024-10-10","commitResults":[{"hash":"337a6ab5ccc6ed59e5456d46940fceb8d6c2e96f","isMergeCommit":false,"messageTitle":"correct the detail errors, add a separator.","messageBody":"","fileTypesAndContributionMap":{"functional-code":{"insertions":5,"deletions":4}}},{"hash":"5461875955dabb4d2dd5ececd54712b03e09889a","isMergeCommit":false,"messageTitle":"override the toString()","messageBody":"","fileTypesAndContributionMap":{"functional-code":{"insertions":11,"deletions":0},"test-code":{"insertions":8,"deletions":0}}},{"hash":"6708b215f3b08fd4810287fb5fa7df4a296a7269","isMergeCommit":false,"messageTitle":"implement ListCommand","messageBody":"","fileTypesAndContributionMap":{"functional-code":{"insertions":14,"deletions":2},"test-code":{"insertions":3,"deletions":2}}}]},{"date":"2024-10-11","commitResults":[{"hash":"dfba7e01fa1ee8141980184c0ee4e9000b67cfdb","isMergeCommit":false,"messageTitle":"Modify the string format","messageBody":"","fileTypesAndContributionMap":{"functional-code":{"insertions":3,"deletions":2}}},{"hash":"f8e3cab30a2871a5767b8370556e4a57a490934e","isMergeCommit":false,"messageTitle":"Add JUnit code for ListCommand","messageBody":"","fileTypesAndContributionMap":{"functional-code":{"insertions":4,"deletions":0},"test-code":{"insertions":37,"deletions":0}}},{"hash":"ed50a4b098bb6015dd9e70b3b389d44c619ecd27","isMergeCommit":false,"messageTitle":"modify the function name","messageBody":"","fileTypesAndContributionMap":{"test-code":{"insertions":1,"deletions":1}}}]},{"date":"2024-10-18","commitResults":[{"hash":"2d02659b9f0fa2d6a8950264ef3ea3233094ef79","isMergeCommit":true,"messageTitle":"Merge pull request #65 from jemehgoh/remove-command-output","messageBody":"Integrate CommandOutput class into Command class","fileTypesAndContributionMap":{}},{"hash":"549201e1a198f59f7fc15c32a7d11750aff5aab8","isMergeCommit":false,"messageTitle":".","messageBody":"","fileTypesAndContributionMap":{"functional-code":{"insertions":1,"deletions":0}}},{"hash":"0ba27a1e820e9e8223bf4eed2ba6880091c53cb5","isMergeCommit":true,"messageTitle":"?","messageBody":"","fileTypesAndContributionMap":{}},{"hash":"a6fcd4b505abd269fa7492216028a478e3cf8493","isMergeCommit":false,"messageTitle":"Add assertions to ListCommand and Parser","messageBody":"","fileTypesAndContributionMap":{"functional-code":{"insertions":3,"deletions":39}}},{"hash":"9b49228eef8b569b0a9d204d732a721054d23ec5","isMergeCommit":false,"messageTitle":"add logging to parseAddCommand","messageBody":"","fileTypesAndContributionMap":{"functional-code":{"insertions":4,"deletions":0}}}]},{"date":"2024-10-22","commitResults":[{"hash":"2fab6035afb7a24b54b66333f7183aaa3a0bbde7","isMergeCommit":true,"messageTitle":"Merge pull request #80 from jemehgoh/error-handling-fix","messageBody":"Error handling fix","fileTypesAndContributionMap":{}},{"hash":"10067c24e8fb86b264fa6b209536afd1a47f0c71","isMergeCommit":true,"messageTitle":"Merge pull request #79 from jemehgoh/mark-participant","messageBody":"Add ability to mark attendance to participant list","fileTypesAndContributionMap":{}}]},{"date":"2024-10-23","commitResults":[{"hash":"d1bd734351ef94ef71945248201f27637d94a6ef","isMergeCommit":false,"messageTitle":"implement the sortCommand to sort the events by name.","messageBody":"","fileTypesAndContributionMap":{"functional-code":{"insertions":4,"deletions":0}}},{"hash":"43ef9ce9dc3e33ab7df18ab305c6322f6ce66b7d","isMergeCommit":false,"messageTitle":"implement the sortCommand to sort the events by name.","messageBody":"","fileTypesAndContributionMap":{"functional-code":{"insertions":92,"deletions":11}}},{"hash":"92b5c78e1aa6c3906973a256ff7adfecf3a9eb43","isMergeCommit":false,"messageTitle":"edit the menu.","messageBody":"","fileTypesAndContributionMap":{"functional-code":{"insertions":2,"deletions":2}}},{"hash":"1e67517f369e98801fc9cdc0949af84ad59e6c88","isMergeCommit":false,"messageTitle":"add Java Doc","messageBody":"","fileTypesAndContributionMap":{"functional-code":{"insertions":24,"deletions":4}}},{"hash":"5e16859d54f6c6d75ddabe2a1e864acdc04d8214","isMergeCommit":false,"messageTitle":"correct error","messageBody":"","fileTypesAndContributionMap":{"functional-code":{"insertions":2,"deletions":0}}}]},{"date":"2024-10-24","commitResults":[{"hash":"5e133dde6b4522f93902a0e51323acb7e024e8a9","isMergeCommit":false,"messageTitle":"add JUnit test.","messageBody":"","fileTypesAndContributionMap":{"test-code":{"insertions":39,"deletions":0}}},{"hash":"3964d447bec66cf7dfd826bc170e391b994a5974","isMergeCommit":false,"messageTitle":"modify the menu","messageBody":"","fileTypesAndContributionMap":{"functional-code":{"insertions":1,"deletions":1}}}]},{"date":"2024-10-25","commitResults":[{"hash":"59abc5f9506cc372a3a5010da3ef4b1894c97c7b","isMergeCommit":false,"messageTitle":"edit DG: list feature","messageBody":"","fileTypesAndContributionMap":{"docs":{"insertions":35,"deletions":1}}},{"hash":"0b693a6f831e1ab4514d01ce0a395c599bb2c261","isMergeCommit":false,"messageTitle":".","messageBody":"","fileTypesAndContributionMap":{"docs":{"insertions":1,"deletions":1}}},{"hash":"57e0b0debbe4d0ad7e6069b96ebdb2d0da0bc3cc","isMergeCommit":true,"messageTitle":"Merge pull request #103 from MatchaRRR/Edit_DG","messageBody":"Edit DG: list feature (draft only, diagrams will be added later)","fileTypesAndContributionMap":{}}]}],"LTK-1606":[{"date":"2024-10-02","commitResults":[{"hash":"2f33efc2dd8258b10c9d90652eddaa2de91cbf97","isMergeCommit":false,"messageTitle":"Update aboutus with my details","messageBody":"","fileTypesAndContributionMap":{"docs":{"insertions":4,"deletions":7}}}]},{"date":"2024-10-11","commitResults":[{"hash":"d505a3d87250555b517221e62f8f0336f509c1a6","isMergeCommit":true,"messageTitle":"Merge branch \u0027master\u0027 into AddCommand","messageBody":"","fileTypesAndContributionMap":{}},{"hash":"3d56f0e218e0ef770d880cd22837c5a63c245d85","isMergeCommit":false,"messageTitle":"Remove getEvent method","messageBody":"","fileTypesAndContributionMap":{"functional-code":{"insertions":0,"deletions":8}}},{"hash":"effe9e1c98db11fad713c3a3ac5ab46f0b141443","isMergeCommit":false,"messageTitle":"Added missing }","messageBody":"","fileTypesAndContributionMap":{"functional-code":{"insertions":8,"deletions":0}}},{"hash":"baba9b21628ec425cf452587843fd8081d6fe6cc","isMergeCommit":false,"messageTitle":"Add Javadoc comments","messageBody":"","fileTypesAndContributionMap":{"functional-code":{"insertions":9,"deletions":0}}},{"hash":"4921b4cb4cd2fa64ff3b9865fa4bae592ebf8f6e","isMergeCommit":false,"messageTitle":"Deconflict constructors","messageBody":"","fileTypesAndContributionMap":{"functional-code":{"insertions":13,"deletions":0}}},{"hash":"5d0df0b9b99bd331f2c7cfcc6c61def4c2cb0a91","isMergeCommit":false,"messageTitle":"Update test for \u0027list\u0027 command","messageBody":"","fileTypesAndContributionMap":{"test-code":{"insertions":1,"deletions":1}}},{"hash":"1d03de467c84c56143ff845392758d7ef333a78f","isMergeCommit":false,"messageTitle":"Method overload addEvent","messageBody":"","fileTypesAndContributionMap":{"functional-code":{"insertions":4,"deletions":0}}},{"hash":"3ff96d94a90de0555ba9151d9de6e617cd680807","isMergeCommit":false,"messageTitle":"Fix indentation","messageBody":"","fileTypesAndContributionMap":{"functional-code":{"insertions":1,"deletions":1}}}]},{"date":"2024-10-12","commitResults":[{"hash":"e00a17e9a2338b98d159e071a0d95a3d11e5ed7b","isMergeCommit":false,"messageTitle":"Added functionality to add participants to events.","messageBody":"","fileTypesAndContributionMap":{"functional-code":{"insertions":69,"deletions":6}}},{"hash":"660abab06d2c430bdd0ba6fdd80e56aa21c25a2b","isMergeCommit":false,"messageTitle":"Add parser support and JUnit tests for adding participants","messageBody":"","fileTypesAndContributionMap":{"functional-code":{"insertions":35,"deletions":25},"test-code":{"insertions":33,"deletions":0}}},{"hash":"d5a28563dadf7b548307439f5993f9ed853c1b00","isMergeCommit":true,"messageTitle":"Merge branch \u0027master\u0027 into AddParticipant","messageBody":"","fileTypesAndContributionMap":{}},{"hash":"4fa02eb99a9908b73d4e2bd1f01590af8b48f536","isMergeCommit":false,"messageTitle":"Revert to old indexing","messageBody":"","fileTypesAndContributionMap":{"functional-code":{"insertions":2,"deletions":2}}},{"hash":"13811eab2413c3006e31ac15fcd0dc31a52d2017","isMergeCommit":false,"messageTitle":"Update indexing","messageBody":"","fileTypesAndContributionMap":{"test-code":{"insertions":2,"deletions":2}}},{"hash":"beeb3bf72fee67feaa3c46a1a7bde86ffc3cfbdc","isMergeCommit":false,"messageTitle":"Resolve issue with AddCommand parameters","messageBody":"","fileTypesAndContributionMap":{"functional-code":{"insertions":36,"deletions":17},"test-code":{"insertions":0,"deletions":8}}},{"hash":"0a67546d19ee88f0cf871c6db306ee21e49f48b2","isMergeCommit":false,"messageTitle":"Update to meet Gradle style checks","messageBody":"","fileTypesAndContributionMap":{"functional-code":{"insertions":11,"deletions":14},"test-code":{"insertions":0,"deletions":1}}},{"hash":"cba76a731734824be29755fd8a28fb465c92d579","isMergeCommit":false,"messageTitle":"Add functionality to remove participants from events","messageBody":"","fileTypesAndContributionMap":{"functional-code":{"insertions":64,"deletions":7},"test-code":{"insertions":33,"deletions":1}}},{"hash":"017c4cce9157a98f8d2298454ab8c0ac86a2344a","isMergeCommit":false,"messageTitle":"Add parser support and JUnit tests for removing participants","messageBody":"","fileTypesAndContributionMap":{"functional-code":{"insertions":36,"deletions":23},"test-code":{"insertions":0,"deletions":9}}},{"hash":"fd62d6952d2a22f3aceb0f67cabc5f4dd4108c75","isMergeCommit":false,"messageTitle":"Update constant names to be clearer","messageBody":"","fileTypesAndContributionMap":{"functional-code":{"insertions":5,"deletions":5}}}]},{"date":"2024-10-21","commitResults":[{"hash":"fc6b7819ca441d7920ab7d74225ddbdbc9a470f0","isMergeCommit":true,"messageTitle":"Merge pull request #74 from jemehgoh/mark-event-command","messageBody":"Add a \"mark\" command to mark events as completed","fileTypesAndContributionMap":{}},{"hash":"61d829d086b81808d7398c447a246ed61c78a784","isMergeCommit":true,"messageTitle":"Merge pull request #75 from jemehgoh/mark-command-parser","messageBody":"Add support for the \"mark\" command to the parser","fileTypesAndContributionMap":{}}]},{"date":"2024-10-28","commitResults":[{"hash":"88ce32a2a18c29f5ee803034fd7aba8c44f3a939","isMergeCommit":false,"messageTitle":"Add Priority status to all events, Update all existing tests and methods","messageBody":"","fileTypesAndContributionMap":{"functional-code":{"insertions":75,"deletions":13},"test-code":{"insertions":29,"deletions":22}}},{"hash":"e28c4458e695124617861c4a75c8ebd6734a19fb","isMergeCommit":false,"messageTitle":"Fix style errors","messageBody":"","fileTypesAndContributionMap":{"functional-code":{"insertions":2,"deletions":1}}},{"hash":"04bd22409d5208724be3ee4028f00f468360327f","isMergeCommit":false,"messageTitle":"Add functionality for sort command to sort events by priority, Modify JUnit tests","messageBody":"","fileTypesAndContributionMap":{"functional-code":{"insertions":11,"deletions":0},"test-code":{"insertions":24,"deletions":8}}},{"hash":"0e51dd5011265648ff867c6bea3f5e09a72eae82","isMergeCommit":false,"messageTitle":"Update parser to support sort command for priority, Modify JUnit tests","messageBody":"","fileTypesAndContributionMap":{"functional-code":{"insertions":0,"deletions":1},"test-code":{"insertions":21,"deletions":0}}},{"hash":"6f798475be029ffcaa96763c9859b706d096adb2","isMergeCommit":false,"messageTitle":"Fix style errors","messageBody":"","fileTypesAndContributionMap":{"test-code":{"insertions":25,"deletions":20}}},{"hash":"2ec8ab11fbe4b1524499638bb3d95c0b760cc6c1","isMergeCommit":false,"messageTitle":"Fix style errors","messageBody":"","fileTypesAndContributionMap":{"test-code":{"insertions":12,"deletions":12}}}]},{"date":"2024-10-29","commitResults":[{"hash":"972ea63d684573d6cc3f524c25f9032d2ee0ce65","isMergeCommit":false,"messageTitle":"Add filter command, Add functionality to filter by priority, Add JUnit tests","messageBody":"","fileTypesAndContributionMap":{"functional-code":{"insertions":59,"deletions":0},"test-code":{"insertions":44,"deletions":0}}},{"hash":"c55b4d6574428f5df04dea506fc30ce894eb347d","isMergeCommit":false,"messageTitle":"Add parser support for FilterCommand, Modify JUnit tests","messageBody":"","fileTypesAndContributionMap":{"functional-code":{"insertions":43,"deletions":9},"test-code":{"insertions":9,"deletions":0}}},{"hash":"432b459095f08c4924052a5cf12ad08d29bb42bd","isMergeCommit":false,"messageTitle":"Add Javadoc comments, Fix style errors","messageBody":"","fileTypesAndContributionMap":{"functional-code":{"insertions":48,"deletions":3}}},{"hash":"94d2707ec071e52f9e5e35d42d1c6233fbe96e24","isMergeCommit":false,"messageTitle":"Add FindCommand class","messageBody":"","fileTypesAndContributionMap":{"functional-code":{"insertions":61,"deletions":1}}},{"hash":"57114bb2a59e0edf92b8d38c2e839453e835d9e5","isMergeCommit":false,"messageTitle":"Add JUnit tests","messageBody":"","fileTypesAndContributionMap":{"functional-code":{"insertions":14,"deletions":12},"test-code":{"insertions":60,"deletions":0}}},{"hash":"ee6e3e755d2010e03daa42beedefc4dbc9dcfc3c","isMergeCommit":false,"messageTitle":"Update parser to support find command, Modify JUnit tests","messageBody":"","fileTypesAndContributionMap":{"functional-code":{"insertions":33,"deletions":0},"test-code":{"insertions":19,"deletions":0}}},{"hash":"a1a085464a38087639df7bd9b109be5609ddc6da","isMergeCommit":false,"messageTitle":"Add javadoc comments, Fix style errors, Update UI messages","messageBody":"","fileTypesAndContributionMap":{"functional-code":{"insertions":55,"deletions":2}}},{"hash":"d30c323d376b1b1f2b4aa2fc8ed1c67ed673f607","isMergeCommit":false,"messageTitle":"Add CopyCommand class, Add JUnit tests","messageBody":"","fileTypesAndContributionMap":{"functional-code":{"insertions":60,"deletions":0},"test-code":{"insertions":68,"deletions":0}}},{"hash":"6c9a6113a9e8efef61a228942d7b5e83e96fcd38","isMergeCommit":false,"messageTitle":"Update parser to support copy command, Modify JUnit tests","messageBody":"","fileTypesAndContributionMap":{"functional-code":{"insertions":35,"deletions":7},"test-code":{"insertions":11,"deletions":2}}},{"hash":"3eea879c15e4faf9a00d5b605fbca9c7b3986423","isMergeCommit":false,"messageTitle":"Add javadoc comments, Fix style errors, Update UI messages and EXPECTED.TXT","messageBody":"","fileTypesAndContributionMap":{"functional-code":{"insertions":35,"deletions":1}}},{"hash":"a4c3e2913c2c5a14f0f3a8e7052d5e2d4235a31c","isMergeCommit":false,"messageTitle":"Update user guide","messageBody":"","fileTypesAndContributionMap":{"docs":{"insertions":54,"deletions":0}}},{"hash":"1b017afb0baa1d7a99a98d2effa25740725cdd6a","isMergeCommit":false,"messageTitle":"Fix punctuation, Delete blank line","messageBody":"","fileTypesAndContributionMap":{"functional-code":{"insertions":4,"deletions":5}}}]},{"date":"2024-10-30","commitResults":[{"hash":"dc4bf6fe8e2bdb28c93ce580184d4b58348d19cb","isMergeCommit":false,"messageTitle":"Added break statement, Made exception variable name more descriptive","messageBody":"","fileTypesAndContributionMap":{"functional-code":{"insertions":2,"deletions":1}}},{"hash":"c9b5b7749f935d49ed88bae7a24542f745aa024a","isMergeCommit":false,"messageTitle":"Extracted regex as a constant, Updated javadoc","messageBody":"","fileTypesAndContributionMap":{"functional-code":{"insertions":3,"deletions":3}}},{"hash":"1374017881eb174fc9e01e22cc69b2da34cb7c7f","isMergeCommit":true,"messageTitle":"Merge branch \u0027master\u0027 into UserGuide","messageBody":"","fileTypesAndContributionMap":{}},{"hash":"ae0e02817a181a5a897704df0f5094e91be7e3e6","isMergeCommit":true,"messageTitle":"Merge pull request #119 from KuanHsienn/UserGuide","messageBody":"Update User Guide","fileTypesAndContributionMap":{}},{"hash":"4095074cf94f83abd8ee16e9d8dbc37e23252627","isMergeCommit":true,"messageTitle":"Merge branch \u0027master\u0027 into CopyCommand","messageBody":"","fileTypesAndContributionMap":{}},{"hash":"11e56c0970c000856499d00420545d2626836427","isMergeCommit":false,"messageTitle":"Update MenuCommand.java","messageBody":"","fileTypesAndContributionMap":{"functional-code":{"insertions":1,"deletions":1}}},{"hash":"6d58b7dda644f06cc7d45eb99a446ef98529ac3f","isMergeCommit":false,"messageTitle":"Update CopyCommandTest.java","messageBody":"","fileTypesAndContributionMap":{"test-code":{"insertions":3,"deletions":2}}},{"hash":"460e6a7396d442f964dfe84385625c071cb7d0d0","isMergeCommit":false,"messageTitle":"Update FindCommandTest.java","messageBody":"","fileTypesAndContributionMap":{"test-code":{"insertions":1,"deletions":0}}},{"hash":"416cdf584df133039ef949f568cf7becca636826","isMergeCommit":false,"messageTitle":"Update Parser.java","messageBody":"","fileTypesAndContributionMap":{"functional-code":{"insertions":1,"deletions":1}}},{"hash":"b663ee4a353f5bf48b35d1805bfb1e063b01ace2","isMergeCommit":true,"messageTitle":"Merge branch \u0027master\u0027 into CopyCommand","messageBody":"","fileTypesAndContributionMap":{}},{"hash":"2dcc61a844b3c0277a9f511a880924f1b2ccb996","isMergeCommit":false,"messageTitle":"Update FilterCommand, Parser and ParserTest","messageBody":"","fileTypesAndContributionMap":{"functional-code":{"insertions":3,"deletions":1},"test-code":{"insertions":1,"deletions":0}}},{"hash":"4c346c805ae9281ee748233cd1828621a82f5171","isMergeCommit":true,"messageTitle":"Merge branch \u0027master\u0027 into CopyCommand","messageBody":"","fileTypesAndContributionMap":{}},{"hash":"f0e43ece5942fa799c8733db1c72cf5c794244b7","isMergeCommit":false,"messageTitle":"Add missing ;","messageBody":"","fileTypesAndContributionMap":{"functional-code":{"insertions":1,"deletions":0}}},{"hash":"3d0e65a99003845ade35fffad3970a0613ff2c49","isMergeCommit":true,"messageTitle":"Merge pull request #116 from LTK-1606/CopyCommand","messageBody":"Add Copy command","fileTypesAndContributionMap":{}},{"hash":"bbba740a95aa8a926ee9acb0b90d537ffd0954f1","isMergeCommit":true,"messageTitle":"Merge branch \u0027AddContact\u0027 of https://github.com/KuanHsienn/tp into AddContact","messageBody":"","fileTypesAndContributionMap":{}},{"hash":"348b359b58ae34f53e3aa5991459d21a2997bb46","isMergeCommit":false,"messageTitle":"Update JUnit tests","messageBody":"","fileTypesAndContributionMap":{"test-code":{"insertions":9,"deletions":10}}},{"hash":"78cdd56dcbe94fb99c4d63c9587ea61a5e09df8a","isMergeCommit":false,"messageTitle":"Update Event.java","messageBody":"","fileTypesAndContributionMap":{"functional-code":{"insertions":2,"deletions":1}}},{"hash":"4dd30c3b26688ccd13fd04f73b46065a13766a99","isMergeCommit":true,"messageTitle":"Merge pull request #118 from KuanHsienn/AddContact","messageBody":"Add contact info of participants","fileTypesAndContributionMap":{}},{"hash":"306dfdb176782d94ede39d640373ec16dbd320ba","isMergeCommit":true,"messageTitle":"Merge branch \u0027Storage\u0027 of https://github.com/KuanHsienn/tp into Storage","messageBody":"","fileTypesAndContributionMap":{}},{"hash":"21bfb044b6c561ee32fc3dd0409eb18b0f261b55","isMergeCommit":false,"messageTitle":"Update Parser and Storage","messageBody":"","fileTypesAndContributionMap":{"functional-code":{"insertions":5,"deletions":4}}},{"hash":"714f6b94fede0cd6f116070b075349b4960cdbd6","isMergeCommit":true,"messageTitle":"Merge pull request #127 from KuanHsienn/Storage","messageBody":"Modify Storage parsing implementation","fileTypesAndContributionMap":{}}]}]},"authorFileTypeContributionMap":{"KuanHsienn":{"docs":83,"functional-code":478,"test-code":193,"other":12},"jemehgoh":{"docs":432,"functional-code":571,"test-code":325,"other":2},"glenn-chew":{"docs":1,"functional-code":179,"test-code":102},"MatchaRRR":{"docs":37,"functional-code":342,"test-code":64,"other":1},"LTK-1606":{"docs":58,"functional-code":596,"test-code":334}},"authorContributionVariance":{"KuanHsienn":5993.355,"jemehgoh":8793.248,"glenn-chew":1372.1847,"MatchaRRR":1770.2693,"LTK-1606":19204.816},"authorDisplayNameMap":{"KuanHsienn":"CS2113-W13-3 LIAN..SIEN","jemehgoh":"CS2113-W13-3 GOH ..REMY","glenn-chew":"CS2113-W13-3 GLEN..CHEW","MatchaRRR":"CS2113-W13-3 FU Y..XUAN","LTK-1606":"CS2113-W13-3 LIM ..KANG"}}
