{"authorDailyContributionsMap":{"KuanHsienn":[{"date":"2024-10-02","commitResults":[{"hash":"5c86d106dfa899d736b3633f5ca603f5718690a2","isMergeCommit":false,"messageTitle":"Modify About Us","messageBody":"","fileTypesAndContributionMap":{"docs":{"insertions":4,"deletions":7}}}]}],"jemehgoh":[{"date":"2024-10-01","commitResults":[{"hash":"701e10e34748dbd3ade264d51b951283a02f22ee","isMergeCommit":false,"messageTitle":"Add Ui class and greetUser method","messageBody":"","fileTypesAndContributionMap":{"functional-code":{"insertions":13,"deletions":0}}},{"hash":"e4d5a6ddb9bd029f79be29557b36bb6a6c259e55","isMergeCommit":false,"messageTitle":"Rewrite main function in Duke to use Ui class","messageBody":"","fileTypesAndContributionMap":{"functional-code":{"insertions":5,"deletions":12}}},{"hash":"8d80e0f6d940d42cebc7da9e28af6d7e0b5fb3d1","isMergeCommit":false,"messageTitle":"Rename Duke class to Main","messageBody":"","fileTypesAndContributionMap":{"other":{"insertions":1,"deletions":1}}},{"hash":"0873f95114525516686dbf4903c8caf3a07fbe7e","isMergeCommit":false,"messageTitle":"Update build.gradle to account for change in main class name","messageBody":"","fileTypesAndContributionMap":{"other":{"insertions":1,"deletions":1}}}]},{"date":"2024-10-02","commitResults":[{"hash":"69e199cfce89f9927fe0dfb330245ee874294569","isMergeCommit":false,"messageTitle":"Update personal details in AboutUs","messageBody":"","fileTypesAndContributionMap":{"docs":{"insertions":4,"deletions":7}}},{"hash":"8ebafc4f8152b3b1975ecfca5bfa26ed3b779eda","isMergeCommit":true,"messageTitle":"Merge branch \u0027master\u0027 into johnDoe-AboutUs","messageBody":"","fileTypesAndContributionMap":{}},{"hash":"5dd2e4550d107f443ee4d2947b2aa7be958db671","isMergeCommit":true,"messageTitle":"Merge pull request #24 from jemehgoh/johnDoe-AboutUs","messageBody":"Update personal details in AboutUs","fileTypesAndContributionMap":{}},{"hash":"6bbfabc56c38b4cd315398f94f4fa12b431d3a73","isMergeCommit":true,"messageTitle":"Merge branch \u0027master\u0027 into Glenn-AboutUs","messageBody":"","fileTypesAndContributionMap":{}},{"hash":"5892f99aed8c073a28009eb264406fd5ca380cf0","isMergeCommit":true,"messageTitle":"Merge pull request #25 from glenn-chew/Glenn-AboutUs","messageBody":"Update AboutUs with personal details","fileTypesAndContributionMap":{}},{"hash":"6d05cbf3caaef83826fc10f93b50f28682926029","isMergeCommit":true,"messageTitle":"Merge branch \u0027master\u0027 into TzeKang-AboutUs","messageBody":"","fileTypesAndContributionMap":{}},{"hash":"258054787f3b175c64515b68b8bcbc136a58f101","isMergeCommit":true,"messageTitle":"Merge pull request #26 from LTK-1606/TzeKang-AboutUs","messageBody":"Update aboutus with my details","fileTypesAndContributionMap":{}},{"hash":"8ac6a13ffc5eae805be0cb64614488e73f2885fb","isMergeCommit":true,"messageTitle":"Merge branch \u0027master\u0027 into KuanHsienn-AboutUs","messageBody":"","fileTypesAndContributionMap":{}},{"hash":"75b9984b0c309ca452cbe13c64d33484b28e6635","isMergeCommit":true,"messageTitle":"Merge pull request #27 from KuanHsienn/KuanHsienn-AboutUs","messageBody":"Modify About Us","fileTypesAndContributionMap":{}},{"hash":"51355b37e8b67be1d5bd1910cbf7b1220024c7da","isMergeCommit":false,"messageTitle":"Change main package name from seedu.duke to seedu.manager","messageBody":"","fileTypesAndContributionMap":{"other":{"insertions":4,"deletions":4}}},{"hash":"81a44d7ef95b749af871d7c5f2ba76be460f9153","isMergeCommit":false,"messageTitle":"Update package at top of Main","messageBody":"","fileTypesAndContributionMap":{"functional-code":{"insertions":1,"deletions":1}}},{"hash":"45155adf828b7793d3536d6e860ea5172c765800","isMergeCommit":false,"messageTitle":"Extract welcome message in Ui to a Messages container class","messageBody":"","fileTypesAndContributionMap":{"functional-code":{"insertions":12,"deletions":1}}},{"hash":"e74db773232c1ad2654ae9b2f20f9dfa9c2bc58a","isMergeCommit":true,"messageTitle":"Merge branch \u0027master\u0027 into initial-user-interface","messageBody":"","fileTypesAndContributionMap":{}}]},{"date":"2024-10-04","commitResults":[{"hash":"9a481124a3ae3a0fdd8bc538ad6148aee35f446d","isMergeCommit":false,"messageTitle":"Move welcome message back into Ui class","messageBody":"","fileTypesAndContributionMap":{"functional-code":{"insertions":2,"deletions":12}}},{"hash":"39f7431fcdafc0e4ccbd99537710c2f0d2ca6eae","isMergeCommit":true,"messageTitle":"Merge branch \u0027initial-user-interface\u0027 into ui-user-input","messageBody":"","fileTypesAndContributionMap":{}},{"hash":"a160487536b2407ad1825447b845d327257f8917","isMergeCommit":false,"messageTitle":"Move ui package out of seedu.manager package","messageBody":"","fileTypesAndContributionMap":{"functional-code":{"insertions":1,"deletions":1},"other":{"insertions":1,"deletions":1}}}]},{"date":"2024-10-05","commitResults":[{"hash":"d0a3071120739e415dedc13e0f91693ad63a5c40","isMergeCommit":false,"messageTitle":"Create new abstract Command class for executable commands","messageBody":"","fileTypesAndContributionMap":{"functional-code":{"insertions":12,"deletions":0}}},{"hash":"2d76d0b4330d54369ce1fc4ecb0752ec326e5b0a","isMergeCommit":false,"messageTitle":"Add a new EchoCommand class to echo user input","messageBody":"","fileTypesAndContributionMap":{"functional-code":{"insertions":25,"deletions":0}}},{"hash":"d95f083f73772618221e0b73759ac8d0bbebe736","isMergeCommit":false,"messageTitle":"Add a new Parser class to handle the parsing of user input","messageBody":"","fileTypesAndContributionMap":{"functional-code":{"insertions":19,"deletions":0}}},{"hash":"1687c4020207c343320a83593cbe1510f696cf9c","isMergeCommit":false,"messageTitle":"Add a unit test to check if the parser returns an EchoCommand","messageBody":"","fileTypesAndContributionMap":{"test-code":{"insertions":18,"deletions":0}}},{"hash":"1d107b32407bd335b5b2537733c29c0b192b35fd","isMergeCommit":false,"messageTitle":"Move ui package back under seedu.manager","messageBody":"","fileTypesAndContributionMap":{"functional-code":{"insertions":1,"deletions":1},"other":{"insertions":1,"deletions":1}}},{"hash":"932c0531bd79e95865b8e2452fdd6ddda534b890","isMergeCommit":false,"messageTitle":"Make WELCOME_MESSAGE private","messageBody":"","fileTypesAndContributionMap":{"functional-code":{"insertions":2,"deletions":1}}},{"hash":"215ddb39ed78956605f252c8fe2a774f4f1bc76a","isMergeCommit":true,"messageTitle":"Merge branch \u0027initial-user-interface\u0027 into ui-user-input","messageBody":"","fileTypesAndContributionMap":{}},{"hash":"084853fc22abe1c8e984c1cc2cda4dab34b04b5d","isMergeCommit":false,"messageTitle":"Add a scanner to Ui to take in user input","messageBody":"","fileTypesAndContributionMap":{"functional-code":{"insertions":8,"deletions":0}}},{"hash":"6814eca594affe3b027512d8c0aca736763436d2","isMergeCommit":false,"messageTitle":"Add getCommand method to Ui class to handle user input","messageBody":"","fileTypesAndContributionMap":{"functional-code":{"insertions":11,"deletions":0}}},{"hash":"601cea8d8df2c5d201a7a45817a264a6fef4921a","isMergeCommit":false,"messageTitle":"Add a sayBye method to the Ui class","messageBody":"","fileTypesAndContributionMap":{"functional-code":{"insertions":9,"deletions":0}}},{"hash":"4fff6886bfbadde45310a36fa1cee4abbd28fecf","isMergeCommit":false,"messageTitle":"Update user guide to account for new startup procedure","messageBody":"","fileTypesAndContributionMap":{"docs":{"insertions":10,"deletions":4}}}]},{"date":"2024-10-06","commitResults":[{"hash":"1bb42e9c9b77d35e72a3391c8bbca46b1753665f","isMergeCommit":true,"messageTitle":"Merge branch \u0027ui-user-input\u0027 into exit-command","messageBody":"","fileTypesAndContributionMap":{}},{"hash":"601a89337185d70af93c640f95c03ec98ef049f0","isMergeCommit":true,"messageTitle":"Merge branch \u0027initial-parser\u0027 into exit-command","messageBody":"","fileTypesAndContributionMap":{}},{"hash":"c187692a3bc400c419bf24638da208dfab710031","isMergeCommit":false,"messageTitle":"Move command and parser packages under manager package","messageBody":"","fileTypesAndContributionMap":{"other":{"insertions":9,"deletions":8}}},{"hash":"bc4de9ae9b4e747974ffaaaaad878238649552cb","isMergeCommit":false,"messageTitle":"Add a CommandOutput class to handle command output","messageBody":"","fileTypesAndContributionMap":{"functional-code":{"insertions":37,"deletions":0}}},{"hash":"02f91f5feffd797e00b53b66c5d94201db6132dc","isMergeCommit":false,"messageTitle":"Remove redundant import from ParserTest","messageBody":"","fileTypesAndContributionMap":{"test-code":{"insertions":0,"deletions":1}}},{"hash":"86a78e2f4cc46d6f77e31d448146b7300ec5bcb0","isMergeCommit":false,"messageTitle":"Update Ui to use Parser and Command to parse and execute commands","messageBody":"","fileTypesAndContributionMap":{"functional-code":{"insertions":17,"deletions":6}}},{"hash":"fd55930eb0df6b8d348bcea76e79ac320cf52c5e","isMergeCommit":false,"messageTitle":"Add ExitCommand class to handle program exit","messageBody":"","fileTypesAndContributionMap":{"functional-code":{"insertions":12,"deletions":0}}},{"hash":"2975988fe1a727e07d0cd0977c2b43c70355723e","isMergeCommit":false,"messageTitle":"Change name of ifCanExit getter to follow coding standard","messageBody":"","fileTypesAndContributionMap":{"functional-code":{"insertions":1,"deletions":1}}},{"hash":"31cbb6692372947a6aa6380c7af77694ba3bed46","isMergeCommit":false,"messageTitle":"Fix spacing in EchoCommand","messageBody":"","fileTypesAndContributionMap":{"functional-code":{"insertions":1,"deletions":1}}},{"hash":"b1d4e68a3008bd8ec7f3133d370f7dbf50794fbe","isMergeCommit":false,"messageTitle":"Update Parser to handle exit command","messageBody":"","fileTypesAndContributionMap":{"functional-code":{"insertions":13,"deletions":3}}},{"hash":"1a724d2a878db5819951a049c1ecc977d3bddc18","isMergeCommit":false,"messageTitle":"Update Ui and Main to handle exit command","messageBody":"","fileTypesAndContributionMap":{"functional-code":{"insertions":10,"deletions":13}}},{"hash":"31b76cdc908da7b6cf357cd0b5d513897ea2d020","isMergeCommit":false,"messageTitle":"Change assert statement in ParserTest to assertInstanceOf","messageBody":"","fileTypesAndContributionMap":{"test-code":{"insertions":2,"deletions":1}}},{"hash":"92199e9a6167b219a88e8fb776f5b203e81fb634","isMergeCommit":false,"messageTitle":"Add unit test for exit command","messageBody":"","fileTypesAndContributionMap":{"test-code":{"insertions":9,"deletions":1}}},{"hash":"cb6db085a6a5dcf9dfa76b692edbb80777408446","isMergeCommit":false,"messageTitle":"Remove unused GOODBYE_MESSAGE constant","messageBody":"","fileTypesAndContributionMap":{"functional-code":{"insertions":0,"deletions":1}}}]},{"date":"2024-10-07","commitResults":[{"hash":"0eb6c3c003b1d6606c3f1dabc553ef74cde5c5a5","isMergeCommit":false,"messageTitle":"Extract out exit message and add Javadoc headers","messageBody":"","fileTypesAndContributionMap":{"functional-code":{"insertions":8,"deletions":2}}},{"hash":"34ebd7bd9938a5d3c6462e9c1419c283196fdc8b","isMergeCommit":false,"messageTitle":"Update user guide to account for exit command","messageBody":"","fileTypesAndContributionMap":{"docs":{"insertions":4,"deletions":13}}},{"hash":"44709ef56d363f9fa45c1628a0d12dffc4b71b55","isMergeCommit":false,"messageTitle":"Rename getCommand method and update Javadoc header","messageBody":"","fileTypesAndContributionMap":{"functional-code":{"insertions":3,"deletions":3}}},{"hash":"9c3fdcaf00b82842b722f82c608224ecfd13ca50","isMergeCommit":false,"messageTitle":"Remove duplicate Command, Parser, EchoCommand and ParserTest classes","messageBody":"","fileTypesAndContributionMap":{"functional-code":{"insertions":0,"deletions":56},"test-code":{"insertions":0,"deletions":18}}}]}],"glenn-chew":[{"date":"2024-10-02","commitResults":[{"hash":"1ce1df29e3546288f55ea5319120721c9a55a53e","isMergeCommit":false,"messageTitle":"Update AboutUs with personal details","messageBody":"","fileTypesAndContributionMap":{"docs":{"insertions":3,"deletions":7}}}]},{"date":"2024-10-08","commitResults":[{"hash":"94bc9fcd2640824dea10dbd86fcc3c1904c7d87f","isMergeCommit":true,"messageTitle":"Merge pull request #35 from MatchaRRR/EventList-class","messageBody":"Solve Issue: Implement an event list for events to be added to","fileTypesAndContributionMap":{}}]}],"MatchaRRR":[{"date":"2024-10-02","commitResults":[{"hash":"261f7febc337dca8f4abc9cecaea3ac8a1015596","isMergeCommit":false,"messageTitle":"update AboutUs","messageBody":"","fileTypesAndContributionMap":{"docs":{"insertions":4,"deletions":7}}},{"hash":"5e155bee25e0432bc453c731b3d70c2a6fc5f724","isMergeCommit":true,"messageTitle":"Merge pull request #23 from MatchaRRR/FUYixuan-AboutUs","messageBody":"update AboutUs","fileTypesAndContributionMap":{}}]},{"date":"2024-10-07","commitResults":[{"hash":"5e7b853bff0c7cbb30c8700c975f605153697d01","isMergeCommit":true,"messageTitle":"Merge pull request #30 from jemehgoh/initial-user-interface","messageBody":"Implement a user interface that greets the user upon program startup","fileTypesAndContributionMap":{}},{"hash":"0008de62b2d1b01ac8149e3bdf2cb534b788ca6d","isMergeCommit":true,"messageTitle":"Merge pull request #31 from jemehgoh/ui-user-input","messageBody":"Update the user interface to be able to take in user input","fileTypesAndContributionMap":{}},{"hash":"b625ddf9b702be054b3337cba114facd3294e955","isMergeCommit":true,"messageTitle":"Merge pull request #32 from jemehgoh/initial-parser","messageBody":"Implement a parser that parses commands","fileTypesAndContributionMap":{}},{"hash":"5660c4c5c44b7ec44b5728124d88508e6e9df94a","isMergeCommit":true,"messageTitle":"Merge pull request #33 from jemehgoh/exit-command","messageBody":"Implement an “exit” command that allows the user to close the program","fileTypesAndContributionMap":{}},{"hash":"65d9228de41a397e9f774ce62682ae815471e274","isMergeCommit":true,"messageTitle":"Merge pull request #34 from jemehgoh/remove-duplicate-classes","messageBody":"Remove duplicate Command, Parser, EchoCommand and ParserTest classes","fileTypesAndContributionMap":{}}]},{"date":"2024-10-08","commitResults":[{"hash":"13af35d67938bd083a78f55a8bf03c0388cf801a","isMergeCommit":false,"messageTitle":"Implement an EventList class and an Event abstract class","messageBody":"","fileTypesAndContributionMap":{"functional-code":{"insertions":88,"deletions":0}}}]}],"LTK-1606":[{"date":"2024-10-02","commitResults":[{"hash":"2f33efc2dd8258b10c9d90652eddaa2de91cbf97","isMergeCommit":false,"messageTitle":"Update aboutus with my details","messageBody":"","fileTypesAndContributionMap":{"docs":{"insertions":4,"deletions":7}}}]}]},"authorFileTypeContributionMap":{"KuanHsienn":{"docs":1,"functional-code":0,"test-code":0},"jemehgoh":{"docs":17,"functional-code":178,"test-code":28,"other":1},"glenn-chew":{"docs":1,"functional-code":0,"test-code":0},"MatchaRRR":{"docs":1,"functional-code":88,"test-code":0},"LTK-1606":{"docs":0,"functional-code":0,"test-code":0}},"authorContributionVariance":{"KuanHsienn":6.033242,"jemehgoh":2081.0747,"glenn-chew":4.9861493,"MatchaRRR":386.7978,"LTK-1606":6.033242},"authorDisplayNameMap":{"KuanHsienn":"CS2113-W13-3 LIAN..SIEN","jemehgoh":"CS2113-W13-3 GOH ..REMY","glenn-chew":"CS2113-W13-3 GLEN..CHEW","MatchaRRR":"CS2113-W13-3 FU Y..XUAN","LTK-1606":"CS2113-W13-3 LIM ..KANG"}}
