{"authorDailyContributionsMap":{"crystal-bys":[{"date":"2024-10-02","commitResults":[{"hash":"20dda25dced729bb1494e2936071d69f03217a63","isMergeCommit":false,"messageTitle":"tutorial branching--yinShuang","messageBody":"","fileTypesAndContributionMap":{"docs":{"insertions":7,"deletions":7}}},{"hash":"b2e201753b315de75570b8d0dfb7ce92402bd440","isMergeCommit":true,"messageTitle":"Merge branch \u0027master\u0027 into yinShuang","messageBody":"","fileTypesAndContributionMap":{}},{"hash":"1ed0034947e368fe28a17cf61754e1f151726156","isMergeCommit":true,"messageTitle":"Merge pull request #10 from anlamm/LamHoiKei-AboutUs","messageBody":"update AboutUs Lam Hoi Kei","fileTypesAndContributionMap":{}}]},{"date":"2024-10-08","commitResults":[{"hash":"017360b91005b6f6b5a9bf132c58e69c1c2745d8","isMergeCommit":false,"messageTitle":"Edit contact method completed.","messageBody":"","fileTypesAndContributionMap":{"functional-code":{"insertions":40,"deletions":0},"docs":{"insertions":1,"deletions":1}}},{"hash":"dcec9893da10097a233dec9cd2aed9c626a7d91b","isMergeCommit":true,"messageTitle":"Merge pull request #1 from crystal-bys/deleteContact","messageBody":"Delete a contact","fileTypesAndContributionMap":{}}]},{"date":"2024-10-14","commitResults":[{"hash":"0c8e52457071757f914e054d0f9a34cf01612127","isMergeCommit":true,"messageTitle":"Merge branch \u0027AY2425S1-CS2113-W14-2:master\u0027 into master","messageBody":"","fileTypesAndContributionMap":{}},{"hash":"7f2f79225b5f700a1778b2db25015b5e19985ee3","isMergeCommit":false,"messageTitle":"JUnit cases, additional exception added.","messageBody":"","fileTypesAndContributionMap":{"functional-code":{"insertions":3,"deletions":0},"test-code":{"insertions":46,"deletions":0}}},{"hash":"ea55e21c0f309f97dbab1a5310eb4c3dd0b7adc7","isMergeCommit":false,"messageTitle":"debugged the JUnit test that caused build failure.","messageBody":"","fileTypesAndContributionMap":{"test-code":{"insertions":1,"deletions":1}}},{"hash":"290b818abf867b2daa9d04c021aec3af66a4b372","isMergeCommit":false,"messageTitle":"tried fixing the JUnit test bug.","messageBody":"","fileTypesAndContributionMap":{"functional-code":{"insertions":1,"deletions":1},"test-code":{"insertions":1,"deletions":1}}}]},{"date":"2024-10-19","commitResults":[{"hash":"582d7e3ae40eecdde4c57b2b3e2537e92e3a51e7","isMergeCommit":false,"messageTitle":"Assertions and logging done for delete contact function.","messageBody":"","fileTypesAndContributionMap":{"functional-code":{"insertions":13,"deletions":2}}},{"hash":"cd92a534f4678eff9d829bdb7269b95797fe6cbb","isMergeCommit":false,"messageTitle":"editted code to rethrow exception after logging.","messageBody":"","fileTypesAndContributionMap":{"functional-code":{"insertions":1,"deletions":0}}}]},{"date":"2024-10-20","commitResults":[{"hash":"41fc7b122564ff554153a1df41964e36b7120eba","isMergeCommit":true,"messageTitle":"Merge pull request #39 from Yisoong/Nathan-Find","messageBody":"Add Assertions and Logging for find function","fileTypesAndContributionMap":{}}]},{"date":"2024-10-21","commitResults":[{"hash":"3509bab7eeb2e90c271fa35dcc1e086408aa47be","isMergeCommit":true,"messageTitle":"Merge pull request #40 from Yisoong/Nathan-Find","messageBody":"Fix bug when no results found","fileTypesAndContributionMap":{}}]},{"date":"2024-10-25","commitResults":[{"hash":"86599caa9e89ca02c80ba8e61b2af21261be44d4","isMergeCommit":true,"messageTitle":"Merge pull request #56 from anlamm/master","messageBody":"Basic functions of category is added","fileTypesAndContributionMap":{}},{"hash":"8f57c9be80a1e00f9eabd78e75c383fa40a91196","isMergeCommit":false,"messageTitle":"new activity list done. add activities method is also included.","messageBody":"","fileTypesAndContributionMap":{"functional-code":{"insertions":177,"deletions":0}}},{"hash":"7d2fcd67386676c5a947f216f01cd0eba42bb36a","isMergeCommit":false,"messageTitle":"removed redundant file import.","messageBody":"","fileTypesAndContributionMap":{"functional-code":{"insertions":2,"deletions":2}}},{"hash":"f4a86025b35ecb291530317da447c1c926ac0de9","isMergeCommit":false,"messageTitle":"delete method added.","messageBody":"","fileTypesAndContributionMap":{"functional-code":{"insertions":44,"deletions":0}}},{"hash":"b827badf78c72ed514d5950385fb371c8df3ac29","isMergeCommit":false,"messageTitle":"removed some code that may have caused errors.","messageBody":"","fileTypesAndContributionMap":{"functional-code":{"insertions":2,"deletions":13}}},{"hash":"d64248a8cffd4b8d44c293253ea77923c0875e14","isMergeCommit":false,"messageTitle":"removed redundant lines of code","messageBody":"","fileTypesAndContributionMap":{"functional-code":{"insertions":0,"deletions":3}}},{"hash":"6e0b16b06d3050f72a63d52af948a120664ee52a","isMergeCommit":false,"messageTitle":"Reformatted the activity list to include activityType as well.","messageBody":"","fileTypesAndContributionMap":{"functional-code":{"insertions":64,"deletions":5}}}]},{"date":"2024-10-26","commitResults":[{"hash":"3da048bcd23298b20ecdb7e4b5ed26a161b6546b","isMergeCommit":true,"messageTitle":"Merge pull request #65 from parasytezz/GavinChua-Activity","messageBody":"add activity list and find functionality","fileTypesAndContributionMap":{}},{"hash":"18b34716e9024377d07a4626dc7ec8f93af790a0","isMergeCommit":true,"messageTitle":"Merge pull request #66 from parasytezz/GavinChua-DeveloperGuide2","messageBody":"Edit developer guide","fileTypesAndContributionMap":{}}]},{"date":"2024-10-27","commitResults":[{"hash":"8ec848e5eb744fc0ccc32e28d362a47676e57bb5","isMergeCommit":false,"messageTitle":"DG editted.","messageBody":"","fileTypesAndContributionMap":{"docs":{"insertions":26,"deletions":1}}}]}],"C2linaung":[{"date":"2024-09-30","commitResults":[{"hash":"f0dacfedbab98d710be996fcdd079526ed3a76b4","isMergeCommit":false,"messageTitle":"Update README.md","messageBody":"complete step 4 for tutorial thing","fileTypesAndContributionMap":{"docs":{"insertions":1,"deletions":1}}}]},{"date":"2024-10-02","commitResults":[{"hash":"4e89203716d250a524a87a4c48bb1226c4a2d3d6","isMergeCommit":false,"messageTitle":"changed about me","messageBody":"","fileTypesAndContributionMap":{"docs":{"insertions":7,"deletions":7}}},{"hash":"cb29d342cb7b98ccda77316cdbf98be923cfcc25","isMergeCommit":true,"messageTitle":"Merge pull request #6 from C2linaung/c2-things","messageBody":"changed about me (si thu)","fileTypesAndContributionMap":{}},{"hash":"2ee84964b73de894b4c124eaf00543bfdf3b1f9f","isMergeCommit":true,"messageTitle":"Merge branch \u0027master\u0027 into yinShuang","messageBody":"","fileTypesAndContributionMap":{}},{"hash":"50c7eb07ee705ebfaf86b9de4bee2e13f2522193","isMergeCommit":true,"messageTitle":"Merge pull request #7 from parasytezz/GavinChua-AboutUs","messageBody":"add profile","fileTypesAndContributionMap":{}},{"hash":"63db9f8c35f489dcfdc0c2a2021b5193a88337fe","isMergeCommit":false,"messageTitle":"changed name of main and test files","messageBody":"","fileTypesAndContributionMap":{"other":{"insertions":10,"deletions":10}}}]},{"date":"2024-10-03","commitResults":[{"hash":"03ceb5474e75e650a6f800f6f1fb548d57d4507c","isMergeCommit":false,"messageTitle":"add basic structure of project and add function","messageBody":"","fileTypesAndContributionMap":{"functional-code":{"insertions":208,"deletions":10}}},{"hash":"2ac72f2be7282b623e6e5d848dbc7f7699f20bdb","isMergeCommit":false,"messageTitle":"added view contacts","messageBody":"","fileTypesAndContributionMap":{"functional-code":{"insertions":19,"deletions":2}}},{"hash":"6f5c472509157ac918bc949b24f62f54cbb52c0c","isMergeCommit":false,"messageTitle":"add comments to functions","messageBody":"","fileTypesAndContributionMap":{"functional-code":{"insertions":84,"deletions":1}}},{"hash":"aba27781c0a8de8bd863fc5f743d8f75b9689ad4","isMergeCommit":false,"messageTitle":"checked with checkStyle","messageBody":"","fileTypesAndContributionMap":{"functional-code":{"insertions":4,"deletions":4},"other":{"insertions":15,"deletions":17}}},{"hash":"c1b8c24e27dcec6de44d42f6c8eea4209bc490ac","isMergeCommit":true,"messageTitle":"Merge pull request #15 from C2linaung/add-function","messageBody":"Add function + View Function","fileTypesAndContributionMap":{}}]},{"date":"2024-10-07","commitResults":[{"hash":"8d4f476879fd4c6ccfc27242c1c3af2f3dfc1558","isMergeCommit":true,"messageTitle":"Merge pull request #19 from Yisoong/Nathan","messageBody":"Edit find function to work on other lists","fileTypesAndContributionMap":{}},{"hash":"89d0fc395bbd34314482cc4b380133bb5fce8f0d","isMergeCommit":true,"messageTitle":"Merge pull request #22 from parasytezz/GavinChua-EditContacts2","messageBody":"Gavin chua edit contacts2","fileTypesAndContributionMap":{}},{"hash":"88940af8caa6161ab27ca43958cf63ee538a03c3","isMergeCommit":false,"messageTitle":"update add-function, incorporating edit function to make function more comprehensive","messageBody":"","fileTypesAndContributionMap":{"functional-code":{"insertions":8,"deletions":7}}},{"hash":"8aa2608d6e05d074fe356873c2d107c3b879df22","isMergeCommit":false,"messageTitle":"removed some magic strings in Contact.java","messageBody":"","fileTypesAndContributionMap":{"functional-code":{"insertions":11,"deletions":1}}}]},{"date":"2024-10-08","commitResults":[{"hash":"011ee1fde2f394a06726f490ec30aa077cf6887b","isMergeCommit":true,"messageTitle":"Merge pull request #26 from anlamm/FileManagement","messageBody":"File management","fileTypesAndContributionMap":{}},{"hash":"79dee7f8e27809356ffc361ffab736a457dbdb2a","isMergeCommit":true,"messageTitle":"Merge pull request #27 from crystal-bys/deleteContact","messageBody":"Delete a contact","fileTypesAndContributionMap":{}}]},{"date":"2024-10-09","commitResults":[{"hash":"cc183f2400ccb6ff0c8f08373681dd3894c28d16","isMergeCommit":true,"messageTitle":"Merge pull request #29 from parasytezz/GavinChua-JUnit","messageBody":"Add JUnit tests","fileTypesAndContributionMap":{}}]},{"date":"2024-10-10","commitResults":[{"hash":"f97e2417450b81dd33f5335361d76b1742054493","isMergeCommit":false,"messageTitle":"debug add and delete functions","messageBody":"","fileTypesAndContributionMap":{"functional-code":{"insertions":15,"deletions":3},"other":{"insertions":2,"deletions":1}}},{"hash":"c476f24c723f049e60d5baeec51180e44736edee","isMergeCommit":false,"messageTitle":"complete improvement of current functions","messageBody":"","fileTypesAndContributionMap":{"functional-code":{"insertions":155,"deletions":90},"test-code":{"insertions":6,"deletions":6}}},{"hash":"d7c616b13f34302c6f960fd1d3c47f30fb46e293","isMergeCommit":false,"messageTitle":"changed test file name","messageBody":"","fileTypesAndContributionMap":{"other":{"insertions":1,"deletions":1}}},{"hash":"11269c304b8e45ea1b4c9baa13a57785d71d9791","isMergeCommit":false,"messageTitle":"add JUnit Tests for add-function","messageBody":"","fileTypesAndContributionMap":{"other":{"insertions":41,"deletions":2}}}]},{"date":"2024-10-16","commitResults":[{"hash":"dd6346eadd7659d5628a19f223f98dac2a1f412c","isMergeCommit":false,"messageTitle":"debug save function","messageBody":"","fileTypesAndContributionMap":{"functional-code":{"insertions":6,"deletions":4}}}]},{"date":"2024-10-17","commitResults":[{"hash":"b76e198ab47d74e94d3a53c4e11dbee8d81addf3","isMergeCommit":false,"messageTitle":"enable assertion in gradle","messageBody":"","fileTypesAndContributionMap":{"functional-code":{"insertions":7,"deletions":0},"other":{"insertions":2,"deletions":0}}},{"hash":"845ee0aeb3c7ae13a65c320dfd6f7a6c022f0dd3","isMergeCommit":false,"messageTitle":"removed assertionTest","messageBody":"","fileTypesAndContributionMap":{"functional-code":{"insertions":0,"deletions":7}}},{"hash":"9180c71a57c7e7cb13abb1fda94a8e122601a361","isMergeCommit":false,"messageTitle":"add assertion","messageBody":"","fileTypesAndContributionMap":{"functional-code":{"insertions":31,"deletions":16},"other":{"insertions":4,"deletions":17}}},{"hash":"698df8c4439e921b604c7dcd33c502698f541413","isMergeCommit":false,"messageTitle":"removed unused implementation in main class:","messageBody":"","fileTypesAndContributionMap":{"functional-code":{"insertions":1,"deletions":2}}},{"hash":"126ba7ab6c3fb452120d2928f4741be0472d9636","isMergeCommit":false,"messageTitle":"add simple logger in ContactManager Class","messageBody":"","fileTypesAndContributionMap":{"functional-code":{"insertions":8,"deletions":2}}},{"hash":"a95ce5f182ae546c506ea2b18bfa6b2c1e0eac81","isMergeCommit":false,"messageTitle":"handle checkstyle errors","messageBody":"","fileTypesAndContributionMap":{"functional-code":{"insertions":2,"deletions":2}}}]},{"date":"2024-10-19","commitResults":[{"hash":"3c8efebd4445f35357caef87b0b707ebc43df76b","isMergeCommit":true,"messageTitle":"Merge pull request #36 from crystal-bys/AssertionsAndLogging","messageBody":"Assertions and logging done for delete contact function","fileTypesAndContributionMap":{}}]},{"date":"2024-10-23","commitResults":[{"hash":"969f97e44447d1ce51b37d39107ed27f86811712","isMergeCommit":true,"messageTitle":"Merge pull request #54 from anlamm/FileManagement","messageBody":"Update file management","fileTypesAndContributionMap":{}},{"hash":"0eb6d3d7a30895870dcb69ad14a9cae0ed6d6799","isMergeCommit":true,"messageTitle":"Merge pull request #52 from anlamm/contactsExtension","messageBody":"Contact extension","fileTypesAndContributionMap":{}}]},{"date":"2024-10-24","commitResults":[{"hash":"5f1de6fdd0bfca5b03bb536c7ccef99eef6cc9af","isMergeCommit":false,"messageTitle":"refactored file management codes","messageBody":"","fileTypesAndContributionMap":{"functional-code":{"insertions":39,"deletions":75},"test-code":{"insertions":13,"deletions":13}}},{"hash":"3db3f20ba9a6b54c0e5410f5eddcfd3a777995c2","isMergeCommit":false,"messageTitle":"shifted out the line for redirecting to dummy stream","messageBody":"","fileTypesAndContributionMap":{"functional-code":{"insertions":7,"deletions":6}}},{"hash":"c477f65f6871c5797f389653a0fa1f1e3bb762cd","isMergeCommit":false,"messageTitle":"successfully refactored fileManager","messageBody":"","fileTypesAndContributionMap":{"functional-code":{"insertions":55,"deletions":32},"other":{"insertions":6,"deletions":5},"test-code":{"insertions":13,"deletions":13}}},{"hash":"53252b6c62d18bbd0c68992724573aaea9515964","isMergeCommit":false,"messageTitle":"refactored parser class fully","messageBody":"","fileTypesAndContributionMap":{"functional-code":{"insertions":79,"deletions":18}}},{"hash":"fcb99f3b7d07b781ff32a6aff1d35c40567c703e","isMergeCommit":false,"messageTitle":"basic form of expense adding done","messageBody":"","fileTypesAndContributionMap":{"functional-code":{"insertions":193,"deletions":17}}},{"hash":"0670c85de13483647f551aa4979c34c2e3c23da0","isMergeCommit":false,"messageTitle":"debug save function to allow deletion of last item","messageBody":"","fileTypesAndContributionMap":{"functional-code":{"insertions":54,"deletions":12},"test-code":{"insertions":13,"deletions":27}}},{"hash":"4cd068a3def1df929e77fb8597d87647dc58db37","isMergeCommit":false,"messageTitle":"expenses are working fine but yet to set budget","messageBody":"","fileTypesAndContributionMap":{"functional-code":{"insertions":25,"deletions":29}}},{"hash":"adb59ad9793058a5707d3befe3f138e3765104c9","isMergeCommit":false,"messageTitle":"debug deletion code","messageBody":"","fileTypesAndContributionMap":{"functional-code":{"insertions":1,"deletions":1}}},{"hash":"aa763496b28247a137aa7637ea8e42926d62e95f","isMergeCommit":false,"messageTitle":"changed to match checkstyle config","messageBody":"","fileTypesAndContributionMap":{"functional-code":{"insertions":1,"deletions":1}}}]},{"date":"2024-10-25","commitResults":[{"hash":"a0d01ce675146dead9349b22c75377fc16178cfc","isMergeCommit":true,"messageTitle":"Merge pull request #58 from crystal-bys/deleteActivities","messageBody":"Delete activities method","fileTypesAndContributionMap":{}},{"hash":"45e356586dba696aee918606fde3357de79ba845","isMergeCommit":false,"messageTitle":"add lines to dg and update the printMode function","messageBody":"","fileTypesAndContributionMap":{"functional-code":{"insertions":1,"deletions":0},"docs":{"insertions":21,"deletions":0}}}]}],"anlamm":[{"date":"2024-10-02","commitResults":[{"hash":"dccfe4ae7196ec79af145da044b7ed537dc84dd2","isMergeCommit":false,"messageTitle":"update AboutUs","messageBody":"","fileTypesAndContributionMap":{"docs":{"insertions":7,"deletions":7}}},{"hash":"8979433e06aa21a3339846e8961fac5e34283f10","isMergeCommit":true,"messageTitle":"Merge branch \u0027master\u0027 into LamHoiKei-AboutUs","messageBody":"","fileTypesAndContributionMap":{}}]},{"date":"2024-10-07","commitResults":[{"hash":"023e17865d79c6bfa326d35823b2c032f7b5e0b9","isMergeCommit":false,"messageTitle":"File Manager","messageBody":"implement loading and saving contact in contacts.txt inside data directory\n","fileTypesAndContributionMap":{"functional-code":{"insertions":73,"deletions":2}}}]},{"date":"2024-10-08","commitResults":[{"hash":"972db4c8698b81940d8d6bf4d58c3ae7dfd55e95","isMergeCommit":false,"messageTitle":"Debug and comment in FileManager","messageBody":"","fileTypesAndContributionMap":{"functional-code":{"insertions":22,"deletions":2}}},{"hash":"9b66c81c48771af6590c992ebfff792d4204e0e2","isMergeCommit":false,"messageTitle":"fixed import","messageBody":"","fileTypesAndContributionMap":{"functional-code":{"insertions":6,"deletions":2}}},{"hash":"3bd95ea3f6b22aed72ecff3d42eb75c570b573ec","isMergeCommit":false,"messageTitle":"fixing empty catch box error","messageBody":"","fileTypesAndContributionMap":{"functional-code":{"insertions":3,"deletions":1}}},{"hash":"66d063908669def8ffd040d4e0528b20aaa34dfd","isMergeCommit":false,"messageTitle":"update fileManager","messageBody":"work for add, edit, delete command now\n","fileTypesAndContributionMap":{"functional-code":{"insertions":1,"deletions":9}}}]},{"date":"2024-10-12","commitResults":[{"hash":"41e902043c4be54ca63dd0b86820b23598e9a3d5","isMergeCommit":true,"messageTitle":"Merge pull request #31 from Yisoong/Nathan-JUnit","messageBody":"Add JUnit tests for find function","fileTypesAndContributionMap":{}}]},{"date":"2024-10-23","commitResults":[{"hash":"61a7ef966d8b4140f97cbeb37a7ad0f8019ef752","isMergeCommit":true,"messageTitle":"Merge pull request #2 from anlamm/FileManagement","messageBody":"File management","fileTypesAndContributionMap":{}},{"hash":"8fdf7d39f7a0722981c2a87aaf50e4331f5a039b","isMergeCommit":false,"messageTitle":"update contact class to provide more information per contact","messageBody":"added phone number and email\n","fileTypesAndContributionMap":{"functional-code":{"insertions":20,"deletions":2}}},{"hash":"e3c1df0a94cdab7acf2001778377f3c3c7d51f2c","isMergeCommit":false,"messageTitle":"update test and make code cleaner","messageBody":"refactor code for improved neatness and readability in category information editing.\n","fileTypesAndContributionMap":{"functional-code":{"insertions":33,"deletions":44},"test-code":{"insertions":11,"deletions":11}}},{"hash":"8b749c1d8fabfcd6ef21a9fdddad1413e639e600","isMergeCommit":false,"messageTitle":"capitalize final naming","messageBody":"","fileTypesAndContributionMap":{"functional-code":{"insertions":4,"deletions":5}}},{"hash":"e9d570354954ea753e867b7219fd73a9ced1807f","isMergeCommit":false,"messageTitle":"capitalize final naming","messageBody":"","fileTypesAndContributionMap":{"functional-code":{"insertions":3,"deletions":4},"test-code":{"insertions":5,"deletions":4}}},{"hash":"6cfafcfc83d952bc2714e627fc2d482d4dca419d","isMergeCommit":true,"messageTitle":"reduce line length","messageBody":"","fileTypesAndContributionMap":{}},{"hash":"1b6acfc4cf3d7a82c93d98ebc6f8c5ee2d39604c","isMergeCommit":false,"messageTitle":"capitalize final naming","messageBody":"","fileTypesAndContributionMap":{"functional-code":{"insertions":1,"deletions":1}}},{"hash":"5cd13b551c9045168b5ec8f4d5220148345d74f5","isMergeCommit":false,"messageTitle":"fix test","messageBody":"","fileTypesAndContributionMap":{"functional-code":{"insertions":3,"deletions":3},"test-code":{"insertions":11,"deletions":12}}},{"hash":"e70d9958ca5c1768cffabd7e8999a1473d001e38","isMergeCommit":false,"messageTitle":"fix test","messageBody":"","fileTypesAndContributionMap":{"functional-code":{"insertions":35,"deletions":33}}},{"hash":"3a77868384ce2ba7946ce6e0e6ef6e939318e39b","isMergeCommit":false,"messageTitle":"debugging CI test error","messageBody":"","fileTypesAndContributionMap":{"functional-code":{"insertions":7,"deletions":5}}},{"hash":"26af86a72dc0679fe5bf1e8d2c7aa00b97975cb3","isMergeCommit":false,"messageTitle":"debug CI test error","messageBody":"","fileTypesAndContributionMap":{"functional-code":{"insertions":4,"deletions":4}}},{"hash":"f6f4040491ba80c98bcb40aa1ffbc4ae244c85ca","isMergeCommit":false,"messageTitle":"debug IC error","messageBody":"","fileTypesAndContributionMap":{"functional-code":{"insertions":6,"deletions":6}}},{"hash":"5139df791ba0eaac2d19eca0fd2e96c06a306d87","isMergeCommit":false,"messageTitle":"debug IC error","messageBody":"","fileTypesAndContributionMap":{"functional-code":{"insertions":3,"deletions":3}}},{"hash":"531e79836fa1c3a483d148231303280995f4befc","isMergeCommit":false,"messageTitle":"Refactor FileManager to support saving and loading of multiple types of ArrayList","messageBody":"","fileTypesAndContributionMap":{"functional-code":{"insertions":78,"deletions":53},"test-code":{"insertions":14,"deletions":13}}},{"hash":"723bae6cd66a2df50dfcf32bfdb570fbe4b927b1","isMergeCommit":false,"messageTitle":"follow coding standard","messageBody":"","fileTypesAndContributionMap":{"functional-code":{"insertions":18,"deletions":18},"test-code":{"insertions":28,"deletions":13}}},{"hash":"9be67748d3515da4799590bf6c60ba76d541a8c1","isMergeCommit":false,"messageTitle":"removed non-necessary imports","messageBody":"","fileTypesAndContributionMap":{"functional-code":{"insertions":0,"deletions":2},"test-code":{"insertions":0,"deletions":1}}},{"hash":"a0f2b1691ce38a4ff47496a063e66f83af2e9a30","isMergeCommit":true,"messageTitle":"Merge pull request #53 from parasytezz/GavinChua-DeveloperGuide","messageBody":"Edit Developer guide","fileTypesAndContributionMap":{}},{"hash":"ed4417690ec8ec1627446cab562b63fcc71e97d0","isMergeCommit":true,"messageTitle":"Merge branch \u0027master\u0027 into contactsExtension","messageBody":"","fileTypesAndContributionMap":{}}]},{"date":"2024-10-24","commitResults":[{"hash":"33b327577f4f5d3596fb07fc06fe89b06641fda4","isMergeCommit":true,"messageTitle":"Merge pull request #55 from C2linaung/expense-tracker","messageBody":"Expense tracker","fileTypesAndContributionMap":{}},{"hash":"1b0e00b39a151d23450dbcda27fc302f011fa057","isMergeCommit":false,"messageTitle":"Basic functions of category is added","messageBody":"","fileTypesAndContributionMap":{"functional-code":{"insertions":195,"deletions":1}}}]},{"date":"2024-10-25","commitResults":[{"hash":"717a2fb9af85e163888330b97ae33a33e8635c1b","isMergeCommit":false,"messageTitle":"update comments","messageBody":"","fileTypesAndContributionMap":{"functional-code":{"insertions":59,"deletions":0}}},{"hash":"fd699d14055177517dbd632e62a0ea14bced103b","isMergeCommit":false,"messageTitle":"follow coding standard","messageBody":"","fileTypesAndContributionMap":{"functional-code":{"insertions":1,"deletions":2}}},{"hash":"f37a2b0bb78b22c08bde09b2b6ff79ab0f019561","isMergeCommit":false,"messageTitle":"debug contactParser","messageBody":"miss out return\n","fileTypesAndContributionMap":{"functional-code":{"insertions":1,"deletions":0}}},{"hash":"0fc565945c5fa6d77e3925ea66eef251ab127741","isMergeCommit":true,"messageTitle":"Merge pull request #60 from Yisoong/Nathan-FindExpense","messageBody":"Nathan find expense","fileTypesAndContributionMap":{}},{"hash":"76b3411bca6e5e723fccec5ae5812576a3a0d1ea","isMergeCommit":true,"messageTitle":"Merge pull request #61 from Yisoong/Nathan-DG","messageBody":"Add Contact Manager find function details to DG","fileTypesAndContributionMap":{}},{"hash":"088a402b5bce2a372a50bfd8bd6776014391e50d","isMergeCommit":false,"messageTitle":"update DG and fix category data loss bugs due to parser","messageBody":"","fileTypesAndContributionMap":{"functional-code":{"insertions":3,"deletions":3},"docs":{"insertions":174,"deletions":0}}},{"hash":"5f3b301205eede51c40646a15c9c1621f7ab6443","isMergeCommit":true,"messageTitle":"Merge pull request #63 from crystal-bys/addActivities","messageBody":"Add activities function to include activityType","fileTypesAndContributionMap":{}}]}],"parasytezz":[{"date":"2024-10-02","commitResults":[{"hash":"3779d2cdac3395c8175d941dbdf383d1dec35527","isMergeCommit":false,"messageTitle":"add profile","messageBody":"","fileTypesAndContributionMap":{"docs":{"insertions":5,"deletions":5}}},{"hash":"de3620f7b813358b1ce911b95c17b48132164472","isMergeCommit":true,"messageTitle":"Merge branch \u0027master\u0027 into GavinChua-AboutUs","messageBody":"","fileTypesAndContributionMap":{}}]},{"date":"2024-10-04","commitResults":[{"hash":"693dc0f579c29780f7f869aa2bf8d3edddd8e5e7","isMergeCommit":false,"messageTitle":"Add EditContact","messageBody":"","fileTypesAndContributionMap":{"functional-code":{"insertions":34,"deletions":0}}}]},{"date":"2024-10-06","commitResults":[{"hash":"7337f9085aefa895bc68ecebce4d983a916f7a10","isMergeCommit":true,"messageTitle":"Merge pull request #18 from Yisoong/Nathan","messageBody":"Nathan","fileTypesAndContributionMap":{}}]},{"date":"2024-10-07","commitResults":[{"hash":"f59cc75fa2e60cd1a6fa2cdc3bc215e377219fe8","isMergeCommit":false,"messageTitle":"Updated Edit function","messageBody":"","fileTypesAndContributionMap":{"functional-code":{"insertions":75,"deletions":24}}},{"hash":"a77997f5e4d863c5a91bf4a7d47ff5583ba1a41e","isMergeCommit":false,"messageTitle":"Fix checkstyle","messageBody":"","fileTypesAndContributionMap":{"functional-code":{"insertions":0,"deletions":2}}},{"hash":"c6ce4f0fb6666268578b149310d23c904921feb4","isMergeCommit":true,"messageTitle":"Merge branch \u0027master\u0027 into GavinChua-EditContacts2","messageBody":"","fileTypesAndContributionMap":{}},{"hash":"eb5d1ebc70da5ed2967bb2f9c6588bc26a28ebf5","isMergeCommit":false,"messageTitle":"no message","messageBody":"","fileTypesAndContributionMap":{"functional-code":{"insertions":0,"deletions":1}}}]},{"date":"2024-10-09","commitResults":[{"hash":"5b529cb0130a4d8b5ee6baf7f58cfff29e5a4a8e","isMergeCommit":false,"messageTitle":"add JUnit tests","messageBody":"","fileTypesAndContributionMap":{"functional-code":{"insertions":14,"deletions":2},"test-code":{"insertions":52,"deletions":0}}}]},{"date":"2024-10-10","commitResults":[{"hash":"83fc383f7dc42a00b0061d6b294851299ea0f363","isMergeCommit":true,"messageTitle":"Merge pull request #30 from C2linaung/improve-function-branch","messageBody":"Add-function-unit-testing","fileTypesAndContributionMap":{}}]},{"date":"2024-10-19","commitResults":[{"hash":"ed0e95e73c1813895aad4f47edaa493f96d5df2e","isMergeCommit":false,"messageTitle":"Add Assertions and Logging to edit function","messageBody":"","fileTypesAndContributionMap":{"functional-code":{"insertions":20,"deletions":2}}}]},{"date":"2024-10-23","commitResults":[{"hash":"eba4cd9d83b15af0a301a703b2f36fc929227870","isMergeCommit":false,"messageTitle":"Edit Developer guide","messageBody":"","fileTypesAndContributionMap":{"docs":{"insertions":44,"deletions":1}}}]},{"date":"2024-10-26","commitResults":[{"hash":"7bdf33f321668066ec769ecbf92511512c823335","isMergeCommit":false,"messageTitle":"add view and list functions","messageBody":"","fileTypesAndContributionMap":{"functional-code":{"insertions":103,"deletions":44}}},{"hash":"9df8245c2a4d352e42af3727a48515bd5fa17282","isMergeCommit":false,"messageTitle":"add javadoc and fix checkstyle","messageBody":"","fileTypesAndContributionMap":{"functional-code":{"insertions":39,"deletions":18}}},{"hash":"12ab4e3113162a18ebe9ff0bbbc7ef3e24dc2849","isMergeCommit":false,"messageTitle":"edit developer guide","messageBody":"","fileTypesAndContributionMap":{"docs":{"insertions":24,"deletions":1}}}]},{"date":"2024-10-27","commitResults":[{"hash":"f4e1d49e19ad2f73a19caa659e993d2ac3ba2a43","isMergeCommit":true,"messageTitle":"Merge pull request #67 from crystal-bys/editDG","messageBody":"DG edited for Week 10","fileTypesAndContributionMap":{}}]},{"date":"2024-10-28","commitResults":[{"hash":"387efcb4de0040bf3508cc9a66088a35032be8d7","isMergeCommit":false,"messageTitle":"Edit DG and UG","messageBody":"","fileTypesAndContributionMap":{"docs":{"insertions":78,"deletions":26}}},{"hash":"3cad5ceb18b388fe0725bb86b73ecb013e4fa0a0","isMergeCommit":false,"messageTitle":"Edit DG","messageBody":"","fileTypesAndContributionMap":{"docs":{"insertions":12,"deletions":4}}}]}],"Yisoong":[{"date":"2024-10-02","commitResults":[{"hash":"65bb42c13ee0408b605b17b009c9f0f176d0ca10","isMergeCommit":false,"messageTitle":"change AboutUs page","messageBody":"","fileTypesAndContributionMap":{"docs":{"insertions":5,"deletions":5}}},{"hash":"114504ce0bcfc9859bfa96ad17221ac5841b07ec","isMergeCommit":true,"messageTitle":"Merge branch \u0027master\u0027 into Nathan","messageBody":"","fileTypesAndContributionMap":{}},{"hash":"d91bd92a64ca7989bf4286bd086efba51b0ea588","isMergeCommit":true,"messageTitle":"Merge pull request #9 from Yisoong/Nathan","messageBody":"Change AboutUs page (Nathan)","fileTypesAndContributionMap":{}},{"hash":"620b1ddbd51b2cce6617032e6f1e8fd881eb3706","isMergeCommit":true,"messageTitle":"Merge pull request #11 from crystal-bys/yinShuang","messageBody":"tutorial branching--yinShuang","fileTypesAndContributionMap":{}}]},{"date":"2024-10-05","commitResults":[{"hash":"fce8d7f5200a9186b6d033c5af18bd8986134158","isMergeCommit":true,"messageTitle":"Merge pull request #16 from parasytezz/GavinChua-EditContacts","messageBody":"Add EditContact","fileTypesAndContributionMap":{}},{"hash":"2751af68292f3c70e2f25ef4c9f94cf0113c3f9d","isMergeCommit":false,"messageTitle":"Add find a contact feature","messageBody":"","fileTypesAndContributionMap":{"functional-code":{"insertions":68,"deletions":0}}},{"hash":"c5107e29719570c597441527672056762459c644","isMergeCommit":false,"messageTitle":"Checked with Checkstyle","messageBody":"","fileTypesAndContributionMap":{"functional-code":{"insertions":1,"deletions":1}}}]},{"date":"2024-10-07","commitResults":[{"hash":"4f3d0a833865c5a5a5264eccac1767bf6fb694c4","isMergeCommit":false,"messageTitle":"Edit find function to work on other lists","messageBody":"","fileTypesAndContributionMap":{"functional-code":{"insertions":16,"deletions":19}}},{"hash":"2a3009fac5d98c19afe40085a82497e533db1cfc","isMergeCommit":true,"messageTitle":"Merge pull request #23 from C2linaung/add-function","messageBody":"Add function (updated)","fileTypesAndContributionMap":{}}]},{"date":"2024-10-09","commitResults":[{"hash":"a375fefdb2f7e06d30068d7f8de1696d8cc15607","isMergeCommit":true,"messageTitle":"Merge pull request #28 from anlamm/FileManagement","messageBody":"update fileManager","fileTypesAndContributionMap":{}}]},{"date":"2024-10-12","commitResults":[{"hash":"778acdaa2603c1431f64f17ed3bfb3e78d6cec0f","isMergeCommit":false,"messageTitle":"Add JUnit tests for find function","messageBody":"","fileTypesAndContributionMap":{"functional-code":{"insertions":2,"deletions":2},"test-code":{"insertions":61,"deletions":0}}}]},{"date":"2024-10-14","commitResults":[{"hash":"67a6eb073f63983a426b4ef0c083e9b70664545f","isMergeCommit":true,"messageTitle":"Merge pull request #32 from crystal-bys/JUnit_testing","messageBody":"Add Junit tests for delete function","tags":["v1.0"],"fileTypesAndContributionMap":{}}]},{"date":"2024-10-16","commitResults":[{"hash":"103485cc6289cf10fb48cf472fa46807f2c0bd8d","isMergeCommit":true,"messageTitle":"Merge pull request #33 from C2linaung/debug-save","messageBody":"debug save function","fileTypesAndContributionMap":{}}]},{"date":"2024-10-18","commitResults":[{"hash":"c271f7af54719928d05a638f041358cb92afc48e","isMergeCommit":true,"messageTitle":"Merge pull request #34 from C2linaung/assertion-and-logging","messageBody":"Assertion and logging","fileTypesAndContributionMap":{}}]},{"date":"2024-10-19","commitResults":[{"hash":"2edcd3bbf57655b5b830174657d00f24de845a2c","isMergeCommit":true,"messageTitle":"Merge pull request #35 from parasytezz/GavinChua-Assertions\u0026Logging","messageBody":"Add Assertions and Logging to edit function","fileTypesAndContributionMap":{}},{"hash":"b2cedb4d8fc54d24cbb66ddac6f30dcf58b07a10","isMergeCommit":false,"messageTitle":"Add Assertions and Logging to find function","messageBody":"","fileTypesAndContributionMap":{"functional-code":{"insertions":21,"deletions":1}}},{"hash":"e91f6d525523ae60ac041b8c1aef05c09fb51ad9","isMergeCommit":false,"messageTitle":"Edit Assertions for find function","messageBody":"","fileTypesAndContributionMap":{"functional-code":{"insertions":3,"deletions":3}}}]},{"date":"2024-10-21","commitResults":[{"hash":"25cae0b57ecf6ddc998ff965fd8beceb9ae21711","isMergeCommit":false,"messageTitle":"Fix bug when no results found","messageBody":"","fileTypesAndContributionMap":{"functional-code":{"insertions":3,"deletions":3}}}]},{"date":"2024-10-25","commitResults":[{"hash":"caec1210351fce1a06d709c730f445ff1766a7dd","isMergeCommit":true,"messageTitle":"Merge pull request #57 from crystal-bys/addActivities","messageBody":"Add activities method ","fileTypesAndContributionMap":{}},{"hash":"e47fafe421cdf8e32d0747d70fde04bfd2c1f6d0","isMergeCommit":true,"messageTitle":"Merge pull request #59 from C2linaung/c2-DG","messageBody":"add lines to dg and update the printMode function","fileTypesAndContributionMap":{}},{"hash":"7ebba88be90b7176f13134ffba8f7e353e08da98","isMergeCommit":false,"messageTitle":"add name field for expenses","messageBody":"","fileTypesAndContributionMap":{"functional-code":{"insertions":18,"deletions":4}}},{"hash":"26e39a080e4dee96ba681135f82ccf0e62692437","isMergeCommit":false,"messageTitle":"Add find function for expenses and make find case insensitive","messageBody":"","fileTypesAndContributionMap":{"functional-code":{"insertions":24,"deletions":14}}},{"hash":"183dd062582340ef52983edd6f47db0d87c9cb28","isMergeCommit":false,"messageTitle":"Add JavaDoc comments and update output of toString","messageBody":"","fileTypesAndContributionMap":{"functional-code":{"insertions":74,"deletions":2}}},{"hash":"6afdddbc76f5eea02c686d53fde0b9564efb8945","isMergeCommit":false,"messageTitle":"Add Contact Manager find function details to DG","messageBody":"","fileTypesAndContributionMap":{"docs":{"insertions":36,"deletions":0}}},{"hash":"9ceda70e5eaaf2201e8703648b1282a11a1fcf20","isMergeCommit":true,"messageTitle":"Merge pull request #62 from anlamm/master","messageBody":"update DG and fix category data loss bugs due to parser","fileTypesAndContributionMap":{}}]},{"date":"2024-10-28","commitResults":[{"hash":"1360b432f3dc0a799a2a79eb4d4186da2cb4c592","isMergeCommit":true,"messageTitle":"Merge pull request #68 from parasytezz/GavinChua-UserGuide","messageBody":"Edit DG and UG","fileTypesAndContributionMap":{}}]}]},"authorFileTypeContributionMap":{"crystal-bys":{"docs":27,"functional-code":266,"test-code":40},"C2linaung":{"docs":23,"functional-code":661,"test-code":55,"other":4},"anlamm":{"docs":175,"functional-code":400,"test-code":11},"parasytezz":{"docs":135,"functional-code":230,"test-code":42},"Yisoong":{"docs":36,"functional-code":181,"test-code":53}},"authorContributionVariance":{"crystal-bys":2506.305,"C2linaung":18994.709,"anlamm":8874.328,"parasytezz":1934.7969,"Yisoong":949.57935},"authorDisplayNameMap":{"crystal-bys":"CS2113-W14-2 BU Y..UANG","C2linaung":"CS2113-W14-2 SI T..AUNG","anlamm":"CS2113-W14-2 LAM .. KEI","parasytezz":"CS2113-W14-2 CHUA..AVIN","Yisoong":"CS2113-W14-2 TAN ..THAN"}}
