{"authorDailyContributionsMap":{"crystal-bys":[{"date":"2024-10-02","commitResults":[{"hash":"20dda25dced729bb1494e2936071d69f03217a63","isMergeCommit":false,"messageTitle":"tutorial branching--yinShuang","messageBody":"","fileTypesAndContributionMap":{"docs":{"insertions":7,"deletions":7}}},{"hash":"b2e201753b315de75570b8d0dfb7ce92402bd440","isMergeCommit":true,"messageTitle":"Merge branch \u0027master\u0027 into yinShuang","messageBody":"","fileTypesAndContributionMap":{}},{"hash":"1ed0034947e368fe28a17cf61754e1f151726156","isMergeCommit":true,"messageTitle":"Merge pull request #10 from anlamm/LamHoiKei-AboutUs","messageBody":"update AboutUs Lam Hoi Kei","fileTypesAndContributionMap":{}}]}],"C2linaung":[{"date":"2024-09-30","commitResults":[{"hash":"f0dacfedbab98d710be996fcdd079526ed3a76b4","isMergeCommit":false,"messageTitle":"Update README.md","messageBody":"complete step 4 for tutorial thing","fileTypesAndContributionMap":{"docs":{"insertions":1,"deletions":1}}}]},{"date":"2024-10-02","commitResults":[{"hash":"4e89203716d250a524a87a4c48bb1226c4a2d3d6","isMergeCommit":false,"messageTitle":"changed about me","messageBody":"","fileTypesAndContributionMap":{"docs":{"insertions":7,"deletions":7}}},{"hash":"cb29d342cb7b98ccda77316cdbf98be923cfcc25","isMergeCommit":true,"messageTitle":"Merge pull request #6 from C2linaung/c2-things","messageBody":"changed about me (si thu)","fileTypesAndContributionMap":{}},{"hash":"2ee84964b73de894b4c124eaf00543bfdf3b1f9f","isMergeCommit":true,"messageTitle":"Merge branch \u0027master\u0027 into yinShuang","messageBody":"","fileTypesAndContributionMap":{}},{"hash":"50c7eb07ee705ebfaf86b9de4bee2e13f2522193","isMergeCommit":true,"messageTitle":"Merge pull request #7 from parasytezz/GavinChua-AboutUs","messageBody":"add profile","fileTypesAndContributionMap":{}},{"hash":"63db9f8c35f489dcfdc0c2a2021b5193a88337fe","isMergeCommit":false,"messageTitle":"changed name of main and test files","messageBody":"","fileTypesAndContributionMap":{"other":{"insertions":10,"deletions":10}}}]},{"date":"2024-10-03","commitResults":[{"hash":"03ceb5474e75e650a6f800f6f1fb548d57d4507c","isMergeCommit":false,"messageTitle":"add basic structure of project and add function","messageBody":"","fileTypesAndContributionMap":{"functional-code":{"insertions":208,"deletions":10}}},{"hash":"2ac72f2be7282b623e6e5d848dbc7f7699f20bdb","isMergeCommit":false,"messageTitle":"added view contacts","messageBody":"","fileTypesAndContributionMap":{"functional-code":{"insertions":19,"deletions":2}}},{"hash":"6f5c472509157ac918bc949b24f62f54cbb52c0c","isMergeCommit":false,"messageTitle":"add comments to functions","messageBody":"","fileTypesAndContributionMap":{"functional-code":{"insertions":84,"deletions":1}}},{"hash":"aba27781c0a8de8bd863fc5f743d8f75b9689ad4","isMergeCommit":false,"messageTitle":"checked with checkStyle","messageBody":"","fileTypesAndContributionMap":{"functional-code":{"insertions":4,"deletions":4},"other":{"insertions":15,"deletions":17}}},{"hash":"c1b8c24e27dcec6de44d42f6c8eea4209bc490ac","isMergeCommit":true,"messageTitle":"Merge pull request #15 from C2linaung/add-function","messageBody":"Add function + View Function","fileTypesAndContributionMap":{}}]}],"anlamm":[{"date":"2024-10-02","commitResults":[{"hash":"dccfe4ae7196ec79af145da044b7ed537dc84dd2","isMergeCommit":false,"messageTitle":"update AboutUs","messageBody":"","fileTypesAndContributionMap":{"docs":{"insertions":7,"deletions":7}}},{"hash":"8979433e06aa21a3339846e8961fac5e34283f10","isMergeCommit":true,"messageTitle":"Merge branch \u0027master\u0027 into LamHoiKei-AboutUs","messageBody":"","fileTypesAndContributionMap":{}}]}],"parasytezz":[{"date":"2024-10-02","commitResults":[{"hash":"3779d2cdac3395c8175d941dbdf383d1dec35527","isMergeCommit":false,"messageTitle":"add profile","messageBody":"","fileTypesAndContributionMap":{"docs":{"insertions":5,"deletions":5}}},{"hash":"de3620f7b813358b1ce911b95c17b48132164472","isMergeCommit":true,"messageTitle":"Merge branch \u0027master\u0027 into GavinChua-AboutUs","messageBody":"","fileTypesAndContributionMap":{}}]},{"date":"2024-10-04","commitResults":[{"hash":"693dc0f579c29780f7f869aa2bf8d3edddd8e5e7","isMergeCommit":false,"messageTitle":"Add EditContact","messageBody":"","fileTypesAndContributionMap":{"functional-code":{"insertions":34,"deletions":0}}}]}],"Yisoong":[{"date":"2024-10-02","commitResults":[{"hash":"65bb42c13ee0408b605b17b009c9f0f176d0ca10","isMergeCommit":false,"messageTitle":"change AboutUs page","messageBody":"","fileTypesAndContributionMap":{"docs":{"insertions":5,"deletions":5}}},{"hash":"114504ce0bcfc9859bfa96ad17221ac5841b07ec","isMergeCommit":true,"messageTitle":"Merge branch \u0027master\u0027 into Nathan","messageBody":"","fileTypesAndContributionMap":{}},{"hash":"d91bd92a64ca7989bf4286bd086efba51b0ea588","isMergeCommit":true,"messageTitle":"Merge pull request #9 from Yisoong/Nathan","messageBody":"Change AboutUs page (Nathan)","fileTypesAndContributionMap":{}},{"hash":"620b1ddbd51b2cce6617032e6f1e8fd881eb3706","isMergeCommit":true,"messageTitle":"Merge pull request #11 from crystal-bys/yinShuang","messageBody":"tutorial branching--yinShuang","fileTypesAndContributionMap":{}}]},{"date":"2024-10-05","commitResults":[{"hash":"fce8d7f5200a9186b6d033c5af18bd8986134158","isMergeCommit":true,"messageTitle":"Merge pull request #16 from parasytezz/GavinChua-EditContacts","messageBody":"Add EditContact","fileTypesAndContributionMap":{}}]}]},"authorFileTypeContributionMap":{"crystal-bys":{"docs":1,"functional-code":0,"test-code":0},"C2linaung":{"docs":2,"functional-code":307,"test-code":2,"other":2},"anlamm":{"docs":1,"functional-code":0,"test-code":0},"parasytezz":{"docs":2,"functional-code":34,"test-code":0},"Yisoong":{"docs":1,"functional-code":0,"test-code":0}},"authorContributionVariance":{"crystal-bys":11.484375,"C2linaung":7728.5,"anlamm":11.484375,"parasytezz":70.9375,"Yisoong":5.859375},"authorDisplayNameMap":{"crystal-bys":"CS2113-W14-2 BU Y..UANG","C2linaung":"CS2113-W14-2 SI T..AUNG","anlamm":"CS2113-W14-2 LAM .. KEI","parasytezz":"CS2113-W14-2 CHUA..AVIN","Yisoong":"CS2113-W14-2 TAN ..THAN"}}
