{"authorDailyContributionsMap":{"crystal-bys":[{"date":"2024-10-02","commitResults":[{"hash":"20dda25dced729bb1494e2936071d69f03217a63","isMergeCommit":false,"messageTitle":"tutorial branching--yinShuang","messageBody":"","fileTypesAndContributionMap":{"docs":{"insertions":7,"deletions":7}}},{"hash":"b2e201753b315de75570b8d0dfb7ce92402bd440","isMergeCommit":true,"messageTitle":"Merge branch \u0027master\u0027 into yinShuang","messageBody":"","fileTypesAndContributionMap":{}},{"hash":"1ed0034947e368fe28a17cf61754e1f151726156","isMergeCommit":true,"messageTitle":"Merge pull request #10 from anlamm/LamHoiKei-AboutUs","messageBody":"update AboutUs Lam Hoi Kei","fileTypesAndContributionMap":{}}]},{"date":"2024-10-08","commitResults":[{"hash":"017360b91005b6f6b5a9bf132c58e69c1c2745d8","isMergeCommit":false,"messageTitle":"Edit contact method completed.","messageBody":"","fileTypesAndContributionMap":{"functional-code":{"insertions":40,"deletions":0},"docs":{"insertions":1,"deletions":1}}},{"hash":"dcec9893da10097a233dec9cd2aed9c626a7d91b","isMergeCommit":true,"messageTitle":"Merge pull request #1 from crystal-bys/deleteContact","messageBody":"Delete a contact","fileTypesAndContributionMap":{}}]},{"date":"2024-10-14","commitResults":[{"hash":"0c8e52457071757f914e054d0f9a34cf01612127","isMergeCommit":true,"messageTitle":"Merge branch \u0027AY2425S1-CS2113-W14-2:master\u0027 into master","messageBody":"","fileTypesAndContributionMap":{}},{"hash":"7f2f79225b5f700a1778b2db25015b5e19985ee3","isMergeCommit":false,"messageTitle":"JUnit cases, additional exception added.","messageBody":"","fileTypesAndContributionMap":{"functional-code":{"insertions":3,"deletions":0},"test-code":{"insertions":46,"deletions":0}}},{"hash":"ea55e21c0f309f97dbab1a5310eb4c3dd0b7adc7","isMergeCommit":false,"messageTitle":"debugged the JUnit test that caused build failure.","messageBody":"","fileTypesAndContributionMap":{"test-code":{"insertions":1,"deletions":1}}},{"hash":"290b818abf867b2daa9d04c021aec3af66a4b372","isMergeCommit":false,"messageTitle":"tried fixing the JUnit test bug.","messageBody":"","fileTypesAndContributionMap":{"functional-code":{"insertions":1,"deletions":1},"test-code":{"insertions":1,"deletions":1}}}]},{"date":"2024-10-19","commitResults":[{"hash":"582d7e3ae40eecdde4c57b2b3e2537e92e3a51e7","isMergeCommit":false,"messageTitle":"Assertions and logging done for delete contact function.","messageBody":"","fileTypesAndContributionMap":{"functional-code":{"insertions":13,"deletions":2}}},{"hash":"cd92a534f4678eff9d829bdb7269b95797fe6cbb","isMergeCommit":false,"messageTitle":"editted code to rethrow exception after logging.","messageBody":"","fileTypesAndContributionMap":{"functional-code":{"insertions":1,"deletions":0}}}]},{"date":"2024-10-20","commitResults":[{"hash":"41fc7b122564ff554153a1df41964e36b7120eba","isMergeCommit":true,"messageTitle":"Merge pull request #39 from Yisoong/Nathan-Find","messageBody":"Add Assertions and Logging for find function","fileTypesAndContributionMap":{}}]},{"date":"2024-10-21","commitResults":[{"hash":"3509bab7eeb2e90c271fa35dcc1e086408aa47be","isMergeCommit":true,"messageTitle":"Merge pull request #40 from Yisoong/Nathan-Find","messageBody":"Fix bug when no results found","fileTypesAndContributionMap":{}}]},{"date":"2024-10-25","commitResults":[{"hash":"86599caa9e89ca02c80ba8e61b2af21261be44d4","isMergeCommit":true,"messageTitle":"Merge pull request #56 from anlamm/master","messageBody":"Basic functions of category is added","fileTypesAndContributionMap":{}},{"hash":"8f57c9be80a1e00f9eabd78e75c383fa40a91196","isMergeCommit":false,"messageTitle":"new activity list done. add activities method is also included.","messageBody":"","fileTypesAndContributionMap":{"functional-code":{"insertions":177,"deletions":0}}},{"hash":"7d2fcd67386676c5a947f216f01cd0eba42bb36a","isMergeCommit":false,"messageTitle":"removed redundant file import.","messageBody":"","fileTypesAndContributionMap":{"functional-code":{"insertions":2,"deletions":2}}},{"hash":"f4a86025b35ecb291530317da447c1c926ac0de9","isMergeCommit":false,"messageTitle":"delete method added.","messageBody":"","fileTypesAndContributionMap":{"functional-code":{"insertions":44,"deletions":0}}},{"hash":"b827badf78c72ed514d5950385fb371c8df3ac29","isMergeCommit":false,"messageTitle":"removed some code that may have caused errors.","messageBody":"","fileTypesAndContributionMap":{"functional-code":{"insertions":2,"deletions":13}}},{"hash":"d64248a8cffd4b8d44c293253ea77923c0875e14","isMergeCommit":false,"messageTitle":"removed redundant lines of code","messageBody":"","fileTypesAndContributionMap":{"functional-code":{"insertions":0,"deletions":3}}},{"hash":"6e0b16b06d3050f72a63d52af948a120664ee52a","isMergeCommit":false,"messageTitle":"Reformatted the activity list to include activityType as well.","messageBody":"","fileTypesAndContributionMap":{"functional-code":{"insertions":64,"deletions":5}}}]},{"date":"2024-10-26","commitResults":[{"hash":"3da048bcd23298b20ecdb7e4b5ed26a161b6546b","isMergeCommit":true,"messageTitle":"Merge pull request #65 from parasytezz/GavinChua-Activity","messageBody":"add activity list and find functionality","fileTypesAndContributionMap":{}},{"hash":"18b34716e9024377d07a4626dc7ec8f93af790a0","isMergeCommit":true,"messageTitle":"Merge pull request #66 from parasytezz/GavinChua-DeveloperGuide2","messageBody":"Edit developer guide","fileTypesAndContributionMap":{}}]},{"date":"2024-10-27","commitResults":[{"hash":"8ec848e5eb744fc0ccc32e28d362a47676e57bb5","isMergeCommit":false,"messageTitle":"DG editted.","messageBody":"","fileTypesAndContributionMap":{"docs":{"insertions":26,"deletions":1}}}]},{"date":"2024-10-29","commitResults":[{"hash":"3cb998ac54f37d6a8ab5593a780ef6ff4e960dad","isMergeCommit":true,"messageTitle":"Merge pull request #72 from anlamm/master","messageBody":"fixed bug of saving edit command and update DG","fileTypesAndContributionMap":{}}]},{"date":"2024-10-30","commitResults":[{"hash":"0fd56e0c98fb5ce7143d21b4f90dcbc48ffd6c2c","isMergeCommit":true,"messageTitle":"Merge pull request #73 from C2linaung/c2-DG","messageBody":"C2 dg","fileTypesAndContributionMap":{}},{"hash":"8b3ce2ffa4bea2e6ce3ab3299c353afcd361a1e8","isMergeCommit":true,"messageTitle":"Merge pull request #74 from Yisoong/Nathan-DG","messageBody":"Add class diagram for contacts and sequence diagram for find contacts","fileTypesAndContributionMap":{}}]},{"date":"2024-11-01","commitResults":[{"hash":"0f75eae408e5df193cfab8a81af6fd63f963362c","isMergeCommit":true,"messageTitle":"Merge pull request #81 from anlamm/master","messageBody":"draft ppp, update ug and dg","fileTypesAndContributionMap":{}},{"hash":"13aca92936381dffb4381dd4663ceb7bf094c81e","isMergeCommit":false,"messageTitle":"inserted sequence diagram for deleteContact.","messageBody":"","fileTypesAndContributionMap":{"docs":{"insertions":17,"deletions":0}}},{"hash":"e60de26fc24a22ed3f95bd5f2a43cedcaa70269a","isMergeCommit":false,"messageTitle":"edited UG to include delete-a-contact.","messageBody":"","fileTypesAndContributionMap":{"docs":{"insertions":22,"deletions":1}}},{"hash":"6ae422f71b86ef5785d673e570808d4e0ee1dcc7","isMergeCommit":false,"messageTitle":"add PPP-YS","messageBody":"","fileTypesAndContributionMap":{"docs":{"insertions":23,"deletions":0}}},{"hash":"64ded46442b03dca74226fd943f3d4f2a9bf5066","isMergeCommit":true,"messageTitle":"Merge pull request #84 from Yisoong/Nathan-DG","messageBody":"Move PPP into team folder","fileTypesAndContributionMap":{}}]}],"C2linaung":[{"date":"2024-09-30","commitResults":[{"hash":"f0dacfedbab98d710be996fcdd079526ed3a76b4","isMergeCommit":false,"messageTitle":"Update README.md","messageBody":"complete step 4 for tutorial thing","fileTypesAndContributionMap":{"docs":{"insertions":1,"deletions":1}}}]},{"date":"2024-10-02","commitResults":[{"hash":"4e89203716d250a524a87a4c48bb1226c4a2d3d6","isMergeCommit":false,"messageTitle":"changed about me","messageBody":"","fileTypesAndContributionMap":{"docs":{"insertions":7,"deletions":7}}},{"hash":"cb29d342cb7b98ccda77316cdbf98be923cfcc25","isMergeCommit":true,"messageTitle":"Merge pull request #6 from C2linaung/c2-things","messageBody":"changed about me (si thu)","fileTypesAndContributionMap":{}},{"hash":"2ee84964b73de894b4c124eaf00543bfdf3b1f9f","isMergeCommit":true,"messageTitle":"Merge branch \u0027master\u0027 into yinShuang","messageBody":"","fileTypesAndContributionMap":{}},{"hash":"50c7eb07ee705ebfaf86b9de4bee2e13f2522193","isMergeCommit":true,"messageTitle":"Merge pull request #7 from parasytezz/GavinChua-AboutUs","messageBody":"add profile","fileTypesAndContributionMap":{}},{"hash":"63db9f8c35f489dcfdc0c2a2021b5193a88337fe","isMergeCommit":false,"messageTitle":"changed name of main and test files","messageBody":"","fileTypesAndContributionMap":{"other":{"insertions":10,"deletions":10}}}]},{"date":"2024-10-03","commitResults":[{"hash":"03ceb5474e75e650a6f800f6f1fb548d57d4507c","isMergeCommit":false,"messageTitle":"add basic structure of project and add function","messageBody":"","fileTypesAndContributionMap":{"functional-code":{"insertions":208,"deletions":10}}},{"hash":"2ac72f2be7282b623e6e5d848dbc7f7699f20bdb","isMergeCommit":false,"messageTitle":"added view contacts","messageBody":"","fileTypesAndContributionMap":{"functional-code":{"insertions":19,"deletions":2}}},{"hash":"6f5c472509157ac918bc949b24f62f54cbb52c0c","isMergeCommit":false,"messageTitle":"add comments to functions","messageBody":"","fileTypesAndContributionMap":{"functional-code":{"insertions":84,"deletions":1}}},{"hash":"aba27781c0a8de8bd863fc5f743d8f75b9689ad4","isMergeCommit":false,"messageTitle":"checked with checkStyle","messageBody":"","fileTypesAndContributionMap":{"functional-code":{"insertions":4,"deletions":4},"other":{"insertions":15,"deletions":17}}},{"hash":"c1b8c24e27dcec6de44d42f6c8eea4209bc490ac","isMergeCommit":true,"messageTitle":"Merge pull request #15 from C2linaung/add-function","messageBody":"Add function + View Function","fileTypesAndContributionMap":{}}]},{"date":"2024-10-07","commitResults":[{"hash":"8d4f476879fd4c6ccfc27242c1c3af2f3dfc1558","isMergeCommit":true,"messageTitle":"Merge pull request #19 from Yisoong/Nathan","messageBody":"Edit find function to work on other lists","fileTypesAndContributionMap":{}},{"hash":"89d0fc395bbd34314482cc4b380133bb5fce8f0d","isMergeCommit":true,"messageTitle":"Merge pull request #22 from parasytezz/GavinChua-EditContacts2","messageBody":"Gavin chua edit contacts2","fileTypesAndContributionMap":{}},{"hash":"88940af8caa6161ab27ca43958cf63ee538a03c3","isMergeCommit":false,"messageTitle":"update add-function, incorporating edit function to make function more comprehensive","messageBody":"","fileTypesAndContributionMap":{"functional-code":{"insertions":8,"deletions":7}}},{"hash":"8aa2608d6e05d074fe356873c2d107c3b879df22","isMergeCommit":false,"messageTitle":"removed some magic strings in Contact.java","messageBody":"","fileTypesAndContributionMap":{"functional-code":{"insertions":11,"deletions":1}}}]},{"date":"2024-10-08","commitResults":[{"hash":"011ee1fde2f394a06726f490ec30aa077cf6887b","isMergeCommit":true,"messageTitle":"Merge pull request #26 from anlamm/FileManagement","messageBody":"File management","fileTypesAndContributionMap":{}},{"hash":"79dee7f8e27809356ffc361ffab736a457dbdb2a","isMergeCommit":true,"messageTitle":"Merge pull request #27 from crystal-bys/deleteContact","messageBody":"Delete a contact","fileTypesAndContributionMap":{}}]},{"date":"2024-10-09","commitResults":[{"hash":"cc183f2400ccb6ff0c8f08373681dd3894c28d16","isMergeCommit":true,"messageTitle":"Merge pull request #29 from parasytezz/GavinChua-JUnit","messageBody":"Add JUnit tests","fileTypesAndContributionMap":{}}]},{"date":"2024-10-10","commitResults":[{"hash":"f97e2417450b81dd33f5335361d76b1742054493","isMergeCommit":false,"messageTitle":"debug add and delete functions","messageBody":"","fileTypesAndContributionMap":{"functional-code":{"insertions":15,"deletions":3},"other":{"insertions":2,"deletions":1}}},{"hash":"c476f24c723f049e60d5baeec51180e44736edee","isMergeCommit":false,"messageTitle":"complete improvement of current functions","messageBody":"","fileTypesAndContributionMap":{"functional-code":{"insertions":155,"deletions":90},"test-code":{"insertions":6,"deletions":6}}},{"hash":"d7c616b13f34302c6f960fd1d3c47f30fb46e293","isMergeCommit":false,"messageTitle":"changed test file name","messageBody":"","fileTypesAndContributionMap":{"other":{"insertions":1,"deletions":1}}},{"hash":"11269c304b8e45ea1b4c9baa13a57785d71d9791","isMergeCommit":false,"messageTitle":"add JUnit Tests for add-function","messageBody":"","fileTypesAndContributionMap":{"other":{"insertions":41,"deletions":2}}}]},{"date":"2024-10-16","commitResults":[{"hash":"dd6346eadd7659d5628a19f223f98dac2a1f412c","isMergeCommit":false,"messageTitle":"debug save function","messageBody":"","fileTypesAndContributionMap":{"functional-code":{"insertions":6,"deletions":4}}}]},{"date":"2024-10-17","commitResults":[{"hash":"b76e198ab47d74e94d3a53c4e11dbee8d81addf3","isMergeCommit":false,"messageTitle":"enable assertion in gradle","messageBody":"","fileTypesAndContributionMap":{"functional-code":{"insertions":7,"deletions":0},"other":{"insertions":2,"deletions":0}}},{"hash":"845ee0aeb3c7ae13a65c320dfd6f7a6c022f0dd3","isMergeCommit":false,"messageTitle":"removed assertionTest","messageBody":"","fileTypesAndContributionMap":{"functional-code":{"insertions":0,"deletions":7}}},{"hash":"9180c71a57c7e7cb13abb1fda94a8e122601a361","isMergeCommit":false,"messageTitle":"add assertion","messageBody":"","fileTypesAndContributionMap":{"functional-code":{"insertions":31,"deletions":16},"other":{"insertions":4,"deletions":17}}},{"hash":"698df8c4439e921b604c7dcd33c502698f541413","isMergeCommit":false,"messageTitle":"removed unused implementation in main class:","messageBody":"","fileTypesAndContributionMap":{"functional-code":{"insertions":1,"deletions":2}}},{"hash":"126ba7ab6c3fb452120d2928f4741be0472d9636","isMergeCommit":false,"messageTitle":"add simple logger in ContactManager Class","messageBody":"","fileTypesAndContributionMap":{"functional-code":{"insertions":8,"deletions":2}}},{"hash":"a95ce5f182ae546c506ea2b18bfa6b2c1e0eac81","isMergeCommit":false,"messageTitle":"handle checkstyle errors","messageBody":"","fileTypesAndContributionMap":{"functional-code":{"insertions":2,"deletions":2}}}]},{"date":"2024-10-19","commitResults":[{"hash":"3c8efebd4445f35357caef87b0b707ebc43df76b","isMergeCommit":true,"messageTitle":"Merge pull request #36 from crystal-bys/AssertionsAndLogging","messageBody":"Assertions and logging done for delete contact function","fileTypesAndContributionMap":{}}]},{"date":"2024-10-23","commitResults":[{"hash":"969f97e44447d1ce51b37d39107ed27f86811712","isMergeCommit":true,"messageTitle":"Merge pull request #54 from anlamm/FileManagement","messageBody":"Update file management","fileTypesAndContributionMap":{}},{"hash":"0eb6d3d7a30895870dcb69ad14a9cae0ed6d6799","isMergeCommit":true,"messageTitle":"Merge pull request #52 from anlamm/contactsExtension","messageBody":"Contact extension","fileTypesAndContributionMap":{}}]},{"date":"2024-10-24","commitResults":[{"hash":"5f1de6fdd0bfca5b03bb536c7ccef99eef6cc9af","isMergeCommit":false,"messageTitle":"refactored file management codes","messageBody":"","fileTypesAndContributionMap":{"functional-code":{"insertions":39,"deletions":75},"test-code":{"insertions":13,"deletions":13}}},{"hash":"3db3f20ba9a6b54c0e5410f5eddcfd3a777995c2","isMergeCommit":false,"messageTitle":"shifted out the line for redirecting to dummy stream","messageBody":"","fileTypesAndContributionMap":{"functional-code":{"insertions":7,"deletions":6}}},{"hash":"c477f65f6871c5797f389653a0fa1f1e3bb762cd","isMergeCommit":false,"messageTitle":"successfully refactored fileManager","messageBody":"","fileTypesAndContributionMap":{"functional-code":{"insertions":55,"deletions":32},"other":{"insertions":6,"deletions":5},"test-code":{"insertions":13,"deletions":13}}},{"hash":"53252b6c62d18bbd0c68992724573aaea9515964","isMergeCommit":false,"messageTitle":"refactored parser class fully","messageBody":"","fileTypesAndContributionMap":{"functional-code":{"insertions":79,"deletions":18}}},{"hash":"fcb99f3b7d07b781ff32a6aff1d35c40567c703e","isMergeCommit":false,"messageTitle":"basic form of expense adding done","messageBody":"","fileTypesAndContributionMap":{"functional-code":{"insertions":193,"deletions":17}}},{"hash":"0670c85de13483647f551aa4979c34c2e3c23da0","isMergeCommit":false,"messageTitle":"debug save function to allow deletion of last item","messageBody":"","fileTypesAndContributionMap":{"functional-code":{"insertions":54,"deletions":12},"test-code":{"insertions":13,"deletions":27}}},{"hash":"4cd068a3def1df929e77fb8597d87647dc58db37","isMergeCommit":false,"messageTitle":"expenses are working fine but yet to set budget","messageBody":"","fileTypesAndContributionMap":{"functional-code":{"insertions":25,"deletions":29}}},{"hash":"adb59ad9793058a5707d3befe3f138e3765104c9","isMergeCommit":false,"messageTitle":"debug deletion code","messageBody":"","fileTypesAndContributionMap":{"functional-code":{"insertions":1,"deletions":1}}},{"hash":"aa763496b28247a137aa7637ea8e42926d62e95f","isMergeCommit":false,"messageTitle":"changed to match checkstyle config","messageBody":"","fileTypesAndContributionMap":{"functional-code":{"insertions":1,"deletions":1}}}]},{"date":"2024-10-25","commitResults":[{"hash":"a0d01ce675146dead9349b22c75377fc16178cfc","isMergeCommit":true,"messageTitle":"Merge pull request #58 from crystal-bys/deleteActivities","messageBody":"Delete activities method","fileTypesAndContributionMap":{}},{"hash":"45e356586dba696aee918606fde3357de79ba845","isMergeCommit":false,"messageTitle":"add lines to dg and update the printMode function","messageBody":"","fileTypesAndContributionMap":{"functional-code":{"insertions":1,"deletions":0},"docs":{"insertions":21,"deletions":0}}}]},{"date":"2024-10-29","commitResults":[{"hash":"6d836e6e31f7a3e49e7d7b320924901a2a3525d3","isMergeCommit":false,"messageTitle":"addContact squence diagram added","messageBody":"","fileTypesAndContributionMap":{"docs":{"insertions":19,"deletions":288}}}]},{"date":"2024-10-30","commitResults":[{"hash":"fbc8a21a355497b99816cccc3f3b24ff02e6ec9e","isMergeCommit":false,"messageTitle":"add viewList sequence diagram","messageBody":"","fileTypesAndContributionMap":{"docs":{"insertions":8,"deletions":1}}},{"hash":"d7c054f9db3683f31e0c02ae8f56a43f3c801ab6","isMergeCommit":false,"messageTitle":"added explanation for sequence diagrams","messageBody":"","fileTypesAndContributionMap":{"docs":{"insertions":20,"deletions":0}}}]},{"date":"2024-10-31","commitResults":[{"hash":"83c9b80c921a3c6d182d33cb3f2b5cf2a3a137d5","isMergeCommit":false,"messageTitle":"made changes to loadList function to detect corrupted data","messageBody":"","fileTypesAndContributionMap":{"functional-code":{"insertions":45,"deletions":17},"other":{"insertions":19,"deletions":11},"test-code":{"insertions":1,"deletions":0}}},{"hash":"c11afff10962669e2c9849e1ce2c7a944535217a","isMergeCommit":false,"messageTitle":"update DG, added Ui and Parser","messageBody":"","fileTypesAndContributionMap":{"functional-code":{"insertions":32,"deletions":25},"other":{"insertions":6,"deletions":6},"docs":{"insertions":75,"deletions":29},"test-code":{"insertions":1,"deletions":1}}},{"hash":"1b68b30fba344864e2ffa0f2e8271488cebf2a06","isMergeCommit":false,"messageTitle":"add method table to contact manager in dg","messageBody":"","fileTypesAndContributionMap":{"docs":{"insertions":10,"deletions":0}}}]},{"date":"2024-11-01","commitResults":[{"hash":"b557d42d9cfa8501ab08a03b208baa085ae28571","isMergeCommit":true,"messageTitle":"Merge pull request #76 from parasytezz/GavinChua-DeveloperGuide4","messageBody":"Edit diagram for editContact fucntion and add explanation","fileTypesAndContributionMap":{}},{"hash":"d6632975eab9c0e00c955178af634bc412f437c1","isMergeCommit":false,"messageTitle":"updated UG - c2","messageBody":"","fileTypesAndContributionMap":{"docs":{"insertions":116,"deletions":43}}},{"hash":"209223157069dfa45aad5be954109fc08457c6b7","isMergeCommit":false,"messageTitle":"updated ppp","messageBody":"","fileTypesAndContributionMap":{"docs":{"insertions":39,"deletions":10}}},{"hash":"c16a0d2bd53a264c3e22cf157b561e4c925f62c9","isMergeCommit":true,"messageTitle":"Merge pull request #77 from Yisoong/Nathan-DG","messageBody":"Nathan DG","fileTypesAndContributionMap":{}},{"hash":"25c366390af27ed313b976a7ecb1dd38f3ad41e4","isMergeCommit":true,"messageTitle":"Merge branch \u0027master\u0027 into c2-UG","messageBody":"","fileTypesAndContributionMap":{}},{"hash":"1a71ffc47df8f62e4e88066c4713eb5e7c1e35ed","isMergeCommit":true,"messageTitle":"Merge pull request #79 from Yisoong/Nathan-DG","messageBody":"Nathan dg","fileTypesAndContributionMap":{}},{"hash":"ea3cd54d5782f88b5a4fc5310d985c99aa7cf88e","isMergeCommit":false,"messageTitle":"update DG bug for picture","messageBody":"","fileTypesAndContributionMap":{"docs":{"insertions":3,"deletions":3}}},{"hash":"5d44bdd6545974c8d85ea58fbf2107529a6607cf","isMergeCommit":true,"messageTitle":"Merge pull request #82 from crystal-bys/master","messageBody":"deleteContact for DG","fileTypesAndContributionMap":{}},{"hash":"9e2e56665cec66233c0f1df44085ab7a015b7a6a","isMergeCommit":true,"messageTitle":"Merge pull request #83 from crystal-bys/editUG","messageBody":"YS UG","fileTypesAndContributionMap":{}},{"hash":"8b5918a5ecc2c660e029060b25c211cc891b15e4","isMergeCommit":false,"messageTitle":"debug header for dg","messageBody":"","fileTypesAndContributionMap":{"docs":{"insertions":1,"deletions":1}}},{"hash":"f30f40c604ee64d2444edf033c59b383c53ef21a","isMergeCommit":false,"messageTitle":"successfully debugged the case where deleting an item when there are 2 items","messageBody":"","fileTypesAndContributionMap":{"functional-code":{"insertions":16,"deletions":10},"docs":{"insertions":15,"deletions":5},"test-code":{"insertions":11,"deletions":11}}},{"hash":"71bb0c1497cd62e540b8b8aa3f987d2d97adb5d3","isMergeCommit":false,"messageTitle":"changed name of method to get expense list","messageBody":"","fileTypesAndContributionMap":{"functional-code":{"insertions":1,"deletions":1}}},{"hash":"cb7bdf26cee2baddf983bbfefd29b2f16facca97","isMergeCommit":true,"messageTitle":"Merge pull request #88 from parasytezz/GavinChua-PPP2","messageBody":"add to PPP","fileTypesAndContributionMap":{}},{"hash":"fd2c0c13bb3f3df0753eb4473d42c6df4b4ac02c","isMergeCommit":true,"messageTitle":"Merge branch \u0027master\u0027 of https://github.com/C2linaung/tp","messageBody":"","fileTypesAndContributionMap":{}},{"hash":"5bfc206840755cada23fc3dd8781f469fe9330b2","isMergeCommit":false,"messageTitle":"added budget without saving budget","messageBody":"","fileTypesAndContributionMap":{"functional-code":{"insertions":23,"deletions":0}}},{"hash":"386800bb459286a30e4d6e0ff1069c727766f07b","isMergeCommit":false,"messageTitle":"added ui parts to view of expense list and budget values","messageBody":"","fileTypesAndContributionMap":{"functional-code":{"insertions":14,"deletions":1}}}]},{"date":"2024-11-02","commitResults":[{"hash":"0f416174506d1f9309485346b2ee61c82ae13646","isMergeCommit":false,"messageTitle":"added budget with save functionality","messageBody":"","fileTypesAndContributionMap":{"functional-code":{"insertions":58,"deletions":5}}},{"hash":"378993895451f8cec381194e117ab274ad7df928","isMergeCommit":false,"messageTitle":"added edit functionality to expenses","messageBody":"","fileTypesAndContributionMap":{"functional-code":{"insertions":18,"deletions":3}}},{"hash":"cae94995e3e7bc1955058dc9f0bfe151fbe6ddf4","isMergeCommit":false,"messageTitle":"refactor Ui dummy stream code","messageBody":"","fileTypesAndContributionMap":{"functional-code":{"insertions":28,"deletions":21},"other":{"insertions":6,"deletions":3}}},{"hash":"aa5059cd9d6e657550a3b36eed482929870e19b1","isMergeCommit":false,"messageTitle":"readjust placement of catching planpalexception to not loop back all the way when error","messageBody":"","fileTypesAndContributionMap":{"functional-code":{"insertions":32,"deletions":13}}},{"hash":"200c6919a3ca5451ac617886eafa9eb70ab748d8","isMergeCommit":false,"messageTitle":"loading now tells user the first instance that commands stopped loading","messageBody":"","fileTypesAndContributionMap":{"functional-code":{"insertions":1,"deletions":1}}},{"hash":"63eed20da9f0a3c51f8c9c728c9619a72af12e71","isMergeCommit":false,"messageTitle":"added planpaltest and InvalidModeException","messageBody":"","fileTypesAndContributionMap":{"functional-code":{"insertions":29,"deletions":1},"test-code":{"insertions":23,"deletions":2}}},{"hash":"4c861cf04737b9f27f8bee7d75e08f99a7da6fbf","isMergeCommit":false,"messageTitle":"added test cases for expense tracking","messageBody":"","fileTypesAndContributionMap":{"functional-code":{"insertions":55,"deletions":7},"test-code":{"insertions":182,"deletions":0}}},{"hash":"84b0c11fd0db485e2106dfb581f6aed4ffeb806c","isMergeCommit":false,"messageTitle":"refactored test cases for expense manager","messageBody":"","fileTypesAndContributionMap":{"test-code":{"insertions":277,"deletions":171}}},{"hash":"6f8d15d188d69fac3aa6e616e86325361ac18168","isMergeCommit":false,"messageTitle":"test codes for add and delete expenses added","messageBody":"","fileTypesAndContributionMap":{"functional-code":{"insertions":37,"deletions":8},"test-code":{"insertions":132,"deletions":0}}},{"hash":"91b0b697bb2ae839e0ca30559fa89f7704d9bf93","isMergeCommit":false,"messageTitle":"edit expenses test added","messageBody":"","fileTypesAndContributionMap":{"functional-code":{"insertions":3,"deletions":1},"test-code":{"insertions":61,"deletions":2}}},{"hash":"e26683deae718a943b2c6a2395d16cac0959528c","isMergeCommit":false,"messageTitle":"added find expense tests","messageBody":"","fileTypesAndContributionMap":{"test-code":{"insertions":62,"deletions":9}}},{"hash":"5ca9179413d703aaa33cdec1ce1f4c402267a0a9","isMergeCommit":false,"messageTitle":"complete expenses addition caa 021124","messageBody":"","fileTypesAndContributionMap":{"test-code":{"insertions":33,"deletions":5}}},{"hash":"10c3eb2e43b3257c0453998240cf8f72dc21397a","isMergeCommit":false,"messageTitle":"debug test cases for contact","messageBody":"","fileTypesAndContributionMap":{"test-code":{"insertions":2,"deletions":2}}},{"hash":"699fe062a9e46b12b68208b8eeae54525855d101","isMergeCommit":true,"messageTitle":"Merge pull request #93 from parasytezz/GavinChua-Activity4","messageBody":"Add edit function for activity","fileTypesAndContributionMap":{}},{"hash":"f0b0a67949bf86b54c87701c3ddabce62e5fb379","isMergeCommit":true,"messageTitle":"Merge pull request #95 from parasytezz/GavinChua-JUnit2","messageBody":"add JUnit test for Edit, Find, and View activity","fileTypesAndContributionMap":{}}]},{"date":"2024-11-03","commitResults":[{"hash":"f526c53b63257d59f5cd69faf0d886f9c66e01f9","isMergeCommit":true,"messageTitle":"Merge pull request #97 from parasytezz/GavinChua-Activity5","messageBody":" fix edit function and edit DG","fileTypesAndContributionMap":{}}]}],"anlamm":[{"date":"2024-10-02","commitResults":[{"hash":"dccfe4ae7196ec79af145da044b7ed537dc84dd2","isMergeCommit":false,"messageTitle":"update AboutUs","messageBody":"","fileTypesAndContributionMap":{"docs":{"insertions":7,"deletions":7}}},{"hash":"8979433e06aa21a3339846e8961fac5e34283f10","isMergeCommit":true,"messageTitle":"Merge branch \u0027master\u0027 into LamHoiKei-AboutUs","messageBody":"","fileTypesAndContributionMap":{}}]},{"date":"2024-10-07","commitResults":[{"hash":"023e17865d79c6bfa326d35823b2c032f7b5e0b9","isMergeCommit":false,"messageTitle":"File Manager","messageBody":"implement loading and saving contact in contacts.txt inside data directory\n","fileTypesAndContributionMap":{"functional-code":{"insertions":73,"deletions":2}}}]},{"date":"2024-10-08","commitResults":[{"hash":"972db4c8698b81940d8d6bf4d58c3ae7dfd55e95","isMergeCommit":false,"messageTitle":"Debug and comment in FileManager","messageBody":"","fileTypesAndContributionMap":{"functional-code":{"insertions":22,"deletions":2}}},{"hash":"9b66c81c48771af6590c992ebfff792d4204e0e2","isMergeCommit":false,"messageTitle":"fixed import","messageBody":"","fileTypesAndContributionMap":{"functional-code":{"insertions":6,"deletions":2}}},{"hash":"3bd95ea3f6b22aed72ecff3d42eb75c570b573ec","isMergeCommit":false,"messageTitle":"fixing empty catch box error","messageBody":"","fileTypesAndContributionMap":{"functional-code":{"insertions":3,"deletions":1}}},{"hash":"66d063908669def8ffd040d4e0528b20aaa34dfd","isMergeCommit":false,"messageTitle":"update fileManager","messageBody":"work for add, edit, delete command now\n","fileTypesAndContributionMap":{"functional-code":{"insertions":1,"deletions":9}}}]},{"date":"2024-10-12","commitResults":[{"hash":"41e902043c4be54ca63dd0b86820b23598e9a3d5","isMergeCommit":true,"messageTitle":"Merge pull request #31 from Yisoong/Nathan-JUnit","messageBody":"Add JUnit tests for find function","fileTypesAndContributionMap":{}}]},{"date":"2024-10-23","commitResults":[{"hash":"61a7ef966d8b4140f97cbeb37a7ad0f8019ef752","isMergeCommit":true,"messageTitle":"Merge pull request #2 from anlamm/FileManagement","messageBody":"File management","fileTypesAndContributionMap":{}},{"hash":"8fdf7d39f7a0722981c2a87aaf50e4331f5a039b","isMergeCommit":false,"messageTitle":"update contact class to provide more information per contact","messageBody":"added phone number and email\n","fileTypesAndContributionMap":{"functional-code":{"insertions":20,"deletions":2}}},{"hash":"e3c1df0a94cdab7acf2001778377f3c3c7d51f2c","isMergeCommit":false,"messageTitle":"update test and make code cleaner","messageBody":"refactor code for improved neatness and readability in category information editing.\n","fileTypesAndContributionMap":{"functional-code":{"insertions":33,"deletions":44},"test-code":{"insertions":11,"deletions":11}}},{"hash":"8b749c1d8fabfcd6ef21a9fdddad1413e639e600","isMergeCommit":false,"messageTitle":"capitalize final naming","messageBody":"","fileTypesAndContributionMap":{"functional-code":{"insertions":4,"deletions":5}}},{"hash":"e9d570354954ea753e867b7219fd73a9ced1807f","isMergeCommit":false,"messageTitle":"capitalize final naming","messageBody":"","fileTypesAndContributionMap":{"functional-code":{"insertions":3,"deletions":4},"test-code":{"insertions":5,"deletions":4}}},{"hash":"6cfafcfc83d952bc2714e627fc2d482d4dca419d","isMergeCommit":true,"messageTitle":"reduce line length","messageBody":"","fileTypesAndContributionMap":{}},{"hash":"1b6acfc4cf3d7a82c93d98ebc6f8c5ee2d39604c","isMergeCommit":false,"messageTitle":"capitalize final naming","messageBody":"","fileTypesAndContributionMap":{"functional-code":{"insertions":1,"deletions":1}}},{"hash":"5cd13b551c9045168b5ec8f4d5220148345d74f5","isMergeCommit":false,"messageTitle":"fix test","messageBody":"","fileTypesAndContributionMap":{"functional-code":{"insertions":3,"deletions":3},"test-code":{"insertions":11,"deletions":12}}},{"hash":"e70d9958ca5c1768cffabd7e8999a1473d001e38","isMergeCommit":false,"messageTitle":"fix test","messageBody":"","fileTypesAndContributionMap":{"functional-code":{"insertions":35,"deletions":33}}},{"hash":"3a77868384ce2ba7946ce6e0e6ef6e939318e39b","isMergeCommit":false,"messageTitle":"debugging CI test error","messageBody":"","fileTypesAndContributionMap":{"functional-code":{"insertions":7,"deletions":5}}},{"hash":"26af86a72dc0679fe5bf1e8d2c7aa00b97975cb3","isMergeCommit":false,"messageTitle":"debug CI test error","messageBody":"","fileTypesAndContributionMap":{"functional-code":{"insertions":4,"deletions":4}}},{"hash":"f6f4040491ba80c98bcb40aa1ffbc4ae244c85ca","isMergeCommit":false,"messageTitle":"debug IC error","messageBody":"","fileTypesAndContributionMap":{"functional-code":{"insertions":6,"deletions":6}}},{"hash":"5139df791ba0eaac2d19eca0fd2e96c06a306d87","isMergeCommit":false,"messageTitle":"debug IC error","messageBody":"","fileTypesAndContributionMap":{"functional-code":{"insertions":3,"deletions":3}}},{"hash":"531e79836fa1c3a483d148231303280995f4befc","isMergeCommit":false,"messageTitle":"Refactor FileManager to support saving and loading of multiple types of ArrayList","messageBody":"","fileTypesAndContributionMap":{"functional-code":{"insertions":78,"deletions":53},"test-code":{"insertions":14,"deletions":13}}},{"hash":"723bae6cd66a2df50dfcf32bfdb570fbe4b927b1","isMergeCommit":false,"messageTitle":"follow coding standard","messageBody":"","fileTypesAndContributionMap":{"functional-code":{"insertions":18,"deletions":18},"test-code":{"insertions":28,"deletions":13}}},{"hash":"9be67748d3515da4799590bf6c60ba76d541a8c1","isMergeCommit":false,"messageTitle":"removed non-necessary imports","messageBody":"","fileTypesAndContributionMap":{"functional-code":{"insertions":0,"deletions":2},"test-code":{"insertions":0,"deletions":1}}},{"hash":"a0f2b1691ce38a4ff47496a063e66f83af2e9a30","isMergeCommit":true,"messageTitle":"Merge pull request #53 from parasytezz/GavinChua-DeveloperGuide","messageBody":"Edit Developer guide","fileTypesAndContributionMap":{}},{"hash":"ed4417690ec8ec1627446cab562b63fcc71e97d0","isMergeCommit":true,"messageTitle":"Merge branch \u0027master\u0027 into contactsExtension","messageBody":"","fileTypesAndContributionMap":{}}]},{"date":"2024-10-24","commitResults":[{"hash":"33b327577f4f5d3596fb07fc06fe89b06641fda4","isMergeCommit":true,"messageTitle":"Merge pull request #55 from C2linaung/expense-tracker","messageBody":"Expense tracker","fileTypesAndContributionMap":{}},{"hash":"1b0e00b39a151d23450dbcda27fc302f011fa057","isMergeCommit":false,"messageTitle":"Basic functions of category is added","messageBody":"","fileTypesAndContributionMap":{"functional-code":{"insertions":195,"deletions":1}}}]},{"date":"2024-10-25","commitResults":[{"hash":"717a2fb9af85e163888330b97ae33a33e8635c1b","isMergeCommit":false,"messageTitle":"update comments","messageBody":"","fileTypesAndContributionMap":{"functional-code":{"insertions":59,"deletions":0}}},{"hash":"fd699d14055177517dbd632e62a0ea14bced103b","isMergeCommit":false,"messageTitle":"follow coding standard","messageBody":"","fileTypesAndContributionMap":{"functional-code":{"insertions":1,"deletions":2}}},{"hash":"f37a2b0bb78b22c08bde09b2b6ff79ab0f019561","isMergeCommit":false,"messageTitle":"debug contactParser","messageBody":"miss out return\n","fileTypesAndContributionMap":{"functional-code":{"insertions":1,"deletions":0}}},{"hash":"0fc565945c5fa6d77e3925ea66eef251ab127741","isMergeCommit":true,"messageTitle":"Merge pull request #60 from Yisoong/Nathan-FindExpense","messageBody":"Nathan find expense","fileTypesAndContributionMap":{}},{"hash":"76b3411bca6e5e723fccec5ae5812576a3a0d1ea","isMergeCommit":true,"messageTitle":"Merge pull request #61 from Yisoong/Nathan-DG","messageBody":"Add Contact Manager find function details to DG","fileTypesAndContributionMap":{}},{"hash":"088a402b5bce2a372a50bfd8bd6776014391e50d","isMergeCommit":false,"messageTitle":"update DG and fix category data loss bugs due to parser","messageBody":"","fileTypesAndContributionMap":{"functional-code":{"insertions":3,"deletions":3},"docs":{"insertions":174,"deletions":0}}},{"hash":"5f3b301205eede51c40646a15c9c1621f7ab6443","isMergeCommit":true,"messageTitle":"Merge pull request #63 from crystal-bys/addActivities","messageBody":"Add activities function to include activityType","fileTypesAndContributionMap":{}}]},{"date":"2024-10-29","commitResults":[{"hash":"55f2393b3411c8a0f984036a9766759360948f59","isMergeCommit":false,"messageTitle":"fixed bug of saving edit command and update DG","messageBody":"","fileTypesAndContributionMap":{"functional-code":{"insertions":11,"deletions":0},"docs":{"insertions":3,"deletions":0}}},{"hash":"cc12294b1012e9d3d3c1dd18b67907e3e0e710d3","isMergeCommit":true,"messageTitle":"Merge pull request #71 from parasytezz/GavinChua-Activity3","messageBody":"Edit Activity class","fileTypesAndContributionMap":{}}]},{"date":"2024-11-01","commitResults":[{"hash":"1e3f12a04bf3e217951ff48e0ce51820e32d46ee","isMergeCommit":false,"messageTitle":"draft ppp, update ug and dg","messageBody":"","fileTypesAndContributionMap":{"docs":{"insertions":218,"deletions":1}}},{"hash":"d395a368a2d76bc1299a9fe7b1595cfa4ad3247a","isMergeCommit":false,"messageTitle":"update ug","messageBody":"","fileTypesAndContributionMap":{"docs":{"insertions":3,"deletions":1}}}]}],"parasytezz":[{"date":"2024-10-02","commitResults":[{"hash":"3779d2cdac3395c8175d941dbdf383d1dec35527","isMergeCommit":false,"messageTitle":"add profile","messageBody":"","fileTypesAndContributionMap":{"docs":{"insertions":5,"deletions":5}}},{"hash":"de3620f7b813358b1ce911b95c17b48132164472","isMergeCommit":true,"messageTitle":"Merge branch \u0027master\u0027 into GavinChua-AboutUs","messageBody":"","fileTypesAndContributionMap":{}}]},{"date":"2024-10-04","commitResults":[{"hash":"693dc0f579c29780f7f869aa2bf8d3edddd8e5e7","isMergeCommit":false,"messageTitle":"Add EditContact","messageBody":"","fileTypesAndContributionMap":{"functional-code":{"insertions":34,"deletions":0}}}]},{"date":"2024-10-06","commitResults":[{"hash":"7337f9085aefa895bc68ecebce4d983a916f7a10","isMergeCommit":true,"messageTitle":"Merge pull request #18 from Yisoong/Nathan","messageBody":"Nathan","fileTypesAndContributionMap":{}}]},{"date":"2024-10-07","commitResults":[{"hash":"f59cc75fa2e60cd1a6fa2cdc3bc215e377219fe8","isMergeCommit":false,"messageTitle":"Updated Edit function","messageBody":"","fileTypesAndContributionMap":{"functional-code":{"insertions":75,"deletions":24}}},{"hash":"a77997f5e4d863c5a91bf4a7d47ff5583ba1a41e","isMergeCommit":false,"messageTitle":"Fix checkstyle","messageBody":"","fileTypesAndContributionMap":{"functional-code":{"insertions":0,"deletions":2}}},{"hash":"c6ce4f0fb6666268578b149310d23c904921feb4","isMergeCommit":true,"messageTitle":"Merge branch \u0027master\u0027 into GavinChua-EditContacts2","messageBody":"","fileTypesAndContributionMap":{}},{"hash":"eb5d1ebc70da5ed2967bb2f9c6588bc26a28ebf5","isMergeCommit":false,"messageTitle":"no message","messageBody":"","fileTypesAndContributionMap":{"functional-code":{"insertions":0,"deletions":1}}}]},{"date":"2024-10-09","commitResults":[{"hash":"5b529cb0130a4d8b5ee6baf7f58cfff29e5a4a8e","isMergeCommit":false,"messageTitle":"add JUnit tests","messageBody":"","fileTypesAndContributionMap":{"functional-code":{"insertions":14,"deletions":2},"test-code":{"insertions":52,"deletions":0}}}]},{"date":"2024-10-10","commitResults":[{"hash":"83fc383f7dc42a00b0061d6b294851299ea0f363","isMergeCommit":true,"messageTitle":"Merge pull request #30 from C2linaung/improve-function-branch","messageBody":"Add-function-unit-testing","fileTypesAndContributionMap":{}}]},{"date":"2024-10-19","commitResults":[{"hash":"ed0e95e73c1813895aad4f47edaa493f96d5df2e","isMergeCommit":false,"messageTitle":"Add Assertions and Logging to edit function","messageBody":"","fileTypesAndContributionMap":{"functional-code":{"insertions":20,"deletions":2}}}]},{"date":"2024-10-23","commitResults":[{"hash":"eba4cd9d83b15af0a301a703b2f36fc929227870","isMergeCommit":false,"messageTitle":"Edit Developer guide","messageBody":"","fileTypesAndContributionMap":{"docs":{"insertions":44,"deletions":1}}}]},{"date":"2024-10-26","commitResults":[{"hash":"7bdf33f321668066ec769ecbf92511512c823335","isMergeCommit":false,"messageTitle":"add view and list functions","messageBody":"","fileTypesAndContributionMap":{"functional-code":{"insertions":103,"deletions":44}}},{"hash":"9df8245c2a4d352e42af3727a48515bd5fa17282","isMergeCommit":false,"messageTitle":"add javadoc and fix checkstyle","messageBody":"","fileTypesAndContributionMap":{"functional-code":{"insertions":39,"deletions":18}}},{"hash":"12ab4e3113162a18ebe9ff0bbbc7ef3e24dc2849","isMergeCommit":false,"messageTitle":"edit developer guide","messageBody":"","fileTypesAndContributionMap":{"docs":{"insertions":24,"deletions":1}}}]},{"date":"2024-10-27","commitResults":[{"hash":"f4e1d49e19ad2f73a19caa659e993d2ac3ba2a43","isMergeCommit":true,"messageTitle":"Merge pull request #67 from crystal-bys/editDG","messageBody":"DG edited for Week 10","fileTypesAndContributionMap":{}}]},{"date":"2024-10-28","commitResults":[{"hash":"387efcb4de0040bf3508cc9a66088a35032be8d7","isMergeCommit":false,"messageTitle":"Edit DG and UG","messageBody":"","fileTypesAndContributionMap":{"docs":{"insertions":78,"deletions":26}}},{"hash":"3cad5ceb18b388fe0725bb86b73ecb013e4fa0a0","isMergeCommit":false,"messageTitle":"Edit DG","messageBody":"","fileTypesAndContributionMap":{"docs":{"insertions":12,"deletions":4}}},{"hash":"fbdd3345bb04f668db07620390ee5f585456dfc4","isMergeCommit":true,"messageTitle":"Merge pull request #69 from Yisoong/Nathan-DeleteExpense","messageBody":"Add delete function for expenses","fileTypesAndContributionMap":{}}]},{"date":"2024-10-29","commitResults":[{"hash":"7d141df56310bbfa484f8d04e270dd2d5b7845ca","isMergeCommit":false,"messageTitle":"Edit Activity class","messageBody":"","fileTypesAndContributionMap":{"functional-code":{"insertions":2,"deletions":5}}}]},{"date":"2024-10-31","commitResults":[{"hash":"97741652f7a966e93205f73ccb268ca899a21d46","isMergeCommit":false,"messageTitle":"Edit diagram for editContact fucntion and add explanation","messageBody":"","fileTypesAndContributionMap":{"docs":{"insertions":15,"deletions":1}}}]},{"date":"2024-11-01","commitResults":[{"hash":"88fc40fb07494deea5962455724b805e1e0d43d7","isMergeCommit":false,"messageTitle":"add ppp","messageBody":"","fileTypesAndContributionMap":{"docs":{"insertions":44,"deletions":0}}},{"hash":"d57c808d9e184bf1825eb9db4697b1538a7ea03a","isMergeCommit":false,"messageTitle":"add to PPP","messageBody":"","fileTypesAndContributionMap":{"docs":{"insertions":21,"deletions":17}}},{"hash":"47ace8346cc60a4a17279c8adaf9b68dc0bb9cdf","isMergeCommit":true,"messageTitle":"Merge pull request #87 from C2linaung/debug-delete","messageBody":"Debug delete","fileTypesAndContributionMap":{}},{"hash":"303a4d49a7c0809254bf39446c14c10a8ac7e4cb","isMergeCommit":false,"messageTitle":"Edit UserGuide","messageBody":"","fileTypesAndContributionMap":{"docs":{"insertions":46,"deletions":3}}}]},{"date":"2024-11-02","commitResults":[{"hash":"6a3f94460924697aaaffd639198469f602018ca1","isMergeCommit":false,"messageTitle":"Add edit function to activity","messageBody":"","fileTypesAndContributionMap":{"functional-code":{"insertions":83,"deletions":59}}},{"hash":"fb3dd932a06f36158f7fb8d3545591f2db347be2","isMergeCommit":false,"messageTitle":"no message","messageBody":"","fileTypesAndContributionMap":{"functional-code":{"insertions":18,"deletions":21}}},{"hash":"2ec2ec8d5c71511c8f87ca5990874c01e1810f6d","isMergeCommit":true,"messageTitle":"Merge pull request #92 from C2linaung/test-expenses","messageBody":"Test expenses","fileTypesAndContributionMap":{}},{"hash":"5c7a930231c5017a320fd8fa6ab0e1bc6669030a","isMergeCommit":false,"messageTitle":"add JUnit test for Edit, Find, and View activity","messageBody":"","fileTypesAndContributionMap":{"test-code":{"insertions":189,"deletions":0}}},{"hash":"a32ccc862369ae78f23fa241d9f8d746c52a836d","isMergeCommit":false,"messageTitle":"fix checkstyle","messageBody":"","fileTypesAndContributionMap":{"test-code":{"insertions":11,"deletions":7}}}]},{"date":"2024-11-03","commitResults":[{"hash":"7aa1119403dc52802e29040d77e4449e3dfc6f80","isMergeCommit":false,"messageTitle":"fix edit function and edit DG","messageBody":"","fileTypesAndContributionMap":{"functional-code":{"insertions":4,"deletions":4},"docs":{"insertions":61,"deletions":0},"test-code":{"insertions":6,"deletions":0}}},{"hash":"04ccb1e98bd352ef1e9b518f2cbee1967b2e8844","isMergeCommit":false,"messageTitle":"no message","messageBody":"","fileTypesAndContributionMap":{"test-code":{"insertions":0,"deletions":6}}},{"hash":"5a26193cc874d4e5a842c316365e3e39bd18136c","isMergeCommit":false,"messageTitle":"no message","messageBody":"","fileTypesAndContributionMap":{"test-code":{"insertions":4,"deletions":4}}}]}],"Yisoong":[{"date":"2024-10-02","commitResults":[{"hash":"65bb42c13ee0408b605b17b009c9f0f176d0ca10","isMergeCommit":false,"messageTitle":"change AboutUs page","messageBody":"","fileTypesAndContributionMap":{"docs":{"insertions":5,"deletions":5}}},{"hash":"114504ce0bcfc9859bfa96ad17221ac5841b07ec","isMergeCommit":true,"messageTitle":"Merge branch \u0027master\u0027 into Nathan","messageBody":"","fileTypesAndContributionMap":{}},{"hash":"d91bd92a64ca7989bf4286bd086efba51b0ea588","isMergeCommit":true,"messageTitle":"Merge pull request #9 from Yisoong/Nathan","messageBody":"Change AboutUs page (Nathan)","fileTypesAndContributionMap":{}},{"hash":"620b1ddbd51b2cce6617032e6f1e8fd881eb3706","isMergeCommit":true,"messageTitle":"Merge pull request #11 from crystal-bys/yinShuang","messageBody":"tutorial branching--yinShuang","fileTypesAndContributionMap":{}}]},{"date":"2024-10-05","commitResults":[{"hash":"fce8d7f5200a9186b6d033c5af18bd8986134158","isMergeCommit":true,"messageTitle":"Merge pull request #16 from parasytezz/GavinChua-EditContacts","messageBody":"Add EditContact","fileTypesAndContributionMap":{}},{"hash":"2751af68292f3c70e2f25ef4c9f94cf0113c3f9d","isMergeCommit":false,"messageTitle":"Add find a contact feature","messageBody":"","fileTypesAndContributionMap":{"functional-code":{"insertions":68,"deletions":0}}},{"hash":"c5107e29719570c597441527672056762459c644","isMergeCommit":false,"messageTitle":"Checked with Checkstyle","messageBody":"","fileTypesAndContributionMap":{"functional-code":{"insertions":1,"deletions":1}}}]},{"date":"2024-10-07","commitResults":[{"hash":"4f3d0a833865c5a5a5264eccac1767bf6fb694c4","isMergeCommit":false,"messageTitle":"Edit find function to work on other lists","messageBody":"","fileTypesAndContributionMap":{"functional-code":{"insertions":16,"deletions":19}}},{"hash":"2a3009fac5d98c19afe40085a82497e533db1cfc","isMergeCommit":true,"messageTitle":"Merge pull request #23 from C2linaung/add-function","messageBody":"Add function (updated)","fileTypesAndContributionMap":{}}]},{"date":"2024-10-09","commitResults":[{"hash":"a375fefdb2f7e06d30068d7f8de1696d8cc15607","isMergeCommit":true,"messageTitle":"Merge pull request #28 from anlamm/FileManagement","messageBody":"update fileManager","fileTypesAndContributionMap":{}}]},{"date":"2024-10-12","commitResults":[{"hash":"778acdaa2603c1431f64f17ed3bfb3e78d6cec0f","isMergeCommit":false,"messageTitle":"Add JUnit tests for find function","messageBody":"","fileTypesAndContributionMap":{"functional-code":{"insertions":2,"deletions":2},"test-code":{"insertions":61,"deletions":0}}}]},{"date":"2024-10-14","commitResults":[{"hash":"67a6eb073f63983a426b4ef0c083e9b70664545f","isMergeCommit":true,"messageTitle":"Merge pull request #32 from crystal-bys/JUnit_testing","messageBody":"Add Junit tests for delete function","tags":["v1.0"],"fileTypesAndContributionMap":{}}]},{"date":"2024-10-16","commitResults":[{"hash":"103485cc6289cf10fb48cf472fa46807f2c0bd8d","isMergeCommit":true,"messageTitle":"Merge pull request #33 from C2linaung/debug-save","messageBody":"debug save function","fileTypesAndContributionMap":{}}]},{"date":"2024-10-18","commitResults":[{"hash":"c271f7af54719928d05a638f041358cb92afc48e","isMergeCommit":true,"messageTitle":"Merge pull request #34 from C2linaung/assertion-and-logging","messageBody":"Assertion and logging","fileTypesAndContributionMap":{}}]},{"date":"2024-10-19","commitResults":[{"hash":"2edcd3bbf57655b5b830174657d00f24de845a2c","isMergeCommit":true,"messageTitle":"Merge pull request #35 from parasytezz/GavinChua-Assertions\u0026Logging","messageBody":"Add Assertions and Logging to edit function","fileTypesAndContributionMap":{}},{"hash":"b2cedb4d8fc54d24cbb66ddac6f30dcf58b07a10","isMergeCommit":false,"messageTitle":"Add Assertions and Logging to find function","messageBody":"","fileTypesAndContributionMap":{"functional-code":{"insertions":21,"deletions":1}}},{"hash":"e91f6d525523ae60ac041b8c1aef05c09fb51ad9","isMergeCommit":false,"messageTitle":"Edit Assertions for find function","messageBody":"","fileTypesAndContributionMap":{"functional-code":{"insertions":3,"deletions":3}}}]},{"date":"2024-10-21","commitResults":[{"hash":"25cae0b57ecf6ddc998ff965fd8beceb9ae21711","isMergeCommit":false,"messageTitle":"Fix bug when no results found","messageBody":"","fileTypesAndContributionMap":{"functional-code":{"insertions":3,"deletions":3}}}]},{"date":"2024-10-25","commitResults":[{"hash":"caec1210351fce1a06d709c730f445ff1766a7dd","isMergeCommit":true,"messageTitle":"Merge pull request #57 from crystal-bys/addActivities","messageBody":"Add activities method ","fileTypesAndContributionMap":{}},{"hash":"e47fafe421cdf8e32d0747d70fde04bfd2c1f6d0","isMergeCommit":true,"messageTitle":"Merge pull request #59 from C2linaung/c2-DG","messageBody":"add lines to dg and update the printMode function","fileTypesAndContributionMap":{}},{"hash":"7ebba88be90b7176f13134ffba8f7e353e08da98","isMergeCommit":false,"messageTitle":"add name field for expenses","messageBody":"","fileTypesAndContributionMap":{"functional-code":{"insertions":18,"deletions":4}}},{"hash":"26e39a080e4dee96ba681135f82ccf0e62692437","isMergeCommit":false,"messageTitle":"Add find function for expenses and make find case insensitive","messageBody":"","fileTypesAndContributionMap":{"functional-code":{"insertions":24,"deletions":14}}},{"hash":"183dd062582340ef52983edd6f47db0d87c9cb28","isMergeCommit":false,"messageTitle":"Add JavaDoc comments and update output of toString","messageBody":"","fileTypesAndContributionMap":{"functional-code":{"insertions":74,"deletions":2}}},{"hash":"6afdddbc76f5eea02c686d53fde0b9564efb8945","isMergeCommit":false,"messageTitle":"Add Contact Manager find function details to DG","messageBody":"","fileTypesAndContributionMap":{"docs":{"insertions":36,"deletions":0}}},{"hash":"9ceda70e5eaaf2201e8703648b1282a11a1fcf20","isMergeCommit":true,"messageTitle":"Merge pull request #62 from anlamm/master","messageBody":"update DG and fix category data loss bugs due to parser","fileTypesAndContributionMap":{}}]},{"date":"2024-10-28","commitResults":[{"hash":"18d1e50e8492e23721b520be02c3fee62e002473","isMergeCommit":false,"messageTitle":"Add delete function for expenses","messageBody":"","fileTypesAndContributionMap":{"functional-code":{"insertions":26,"deletions":0}}},{"hash":"1360b432f3dc0a799a2a79eb4d4186da2cb4c592","isMergeCommit":true,"messageTitle":"Merge pull request #68 from parasytezz/GavinChua-UserGuide","messageBody":"Edit DG and UG","fileTypesAndContributionMap":{}}]},{"date":"2024-10-29","commitResults":[{"hash":"7128d90566060a92e3502474f5fadc874b830398","isMergeCommit":true,"messageTitle":"Merge pull request #70 from C2linaung/c2-DG","messageBody":"addContact sequence diagram added","fileTypesAndContributionMap":{}}]},{"date":"2024-10-30","commitResults":[{"hash":"22ea35a83b00397c5cfb36273a87362baabfac2d","isMergeCommit":false,"messageTitle":"Add class diagram for contacts and sequence diagram for find contacts","messageBody":"","fileTypesAndContributionMap":{"docs":{"insertions":10,"deletions":0}}}]},{"date":"2024-10-31","commitResults":[{"hash":"7594726b2d554065489c71b995503754567989d5","isMergeCommit":true,"messageTitle":"Merge pull request #75 from C2linaung/c2-DG","messageBody":"C2 dg","fileTypesAndContributionMap":{}}]},{"date":"2024-11-01","commitResults":[{"hash":"bc129a819fc80ff80ee9ce2fb77981b3c3a5db36","isMergeCommit":false,"messageTitle":"Edits to Developer Guide","messageBody":"","fileTypesAndContributionMap":{"docs":{"insertions":57,"deletions":16}}},{"hash":"ddeca0bde9b5d5a43dce5d9dc10c3f03c563f738","isMergeCommit":false,"messageTitle":"Add find contact details to User Guide","messageBody":"","fileTypesAndContributionMap":{"docs":{"insertions":23,"deletions":1}}},{"hash":"644a9c3324768471925558a5d15bcc875dbbf252","isMergeCommit":true,"messageTitle":"Merge branch \u0027master\u0027 into Nathan-DG","messageBody":"","fileTypesAndContributionMap":{}},{"hash":"18d904d275c8cac11259442eadd6519aec082993","isMergeCommit":false,"messageTitle":"Update PPP","messageBody":"","fileTypesAndContributionMap":{"docs":{"insertions":48,"deletions":2}}},{"hash":"5c27d5347122d486ac615e958b52024588ce1c1f","isMergeCommit":true,"messageTitle":"Merge pull request #78 from C2linaung/c2-UG","messageBody":"C2 ug","fileTypesAndContributionMap":{}},{"hash":"88af9f592f7cc3d335b090d3032db9a3b19ce36a","isMergeCommit":true,"messageTitle":"Edit UG and DG","messageBody":"","fileTypesAndContributionMap":{}},{"hash":"1de9ddc0b33259b2346a29d432f16b8f2659f257","isMergeCommit":false,"messageTitle":"Add \"find\" and \"delete\" to UG","messageBody":"","fileTypesAndContributionMap":{"docs":{"insertions":40,"deletions":4}}},{"hash":"f05706394f729154de93597fb705fc83253a182c","isMergeCommit":true,"messageTitle":"Merge pull request #80 from C2linaung/c2-DG","messageBody":"update DG bug for picture","fileTypesAndContributionMap":{}},{"hash":"120e2c4508a35ab0ec6afd35b1a210f33e8a762f","isMergeCommit":false,"messageTitle":"Move PPP into team folder","messageBody":"","fileTypesAndContributionMap":{"docs":{"insertions":0,"deletions":0}}},{"hash":"b031dd35e697665f932bdfad2f70811d6144a67f","isMergeCommit":true,"messageTitle":"Merge pull request #85 from crystal-bys/add-PPP","messageBody":"add PPP-YS","fileTypesAndContributionMap":{}},{"hash":"c62fe263553bb2f334624c4cf013c514d8eab9f3","isMergeCommit":true,"messageTitle":"Merge pull request #86 from parasytezz/GavinChua-PPP","messageBody":"add PPP","fileTypesAndContributionMap":{}},{"hash":"1b7b643837cec817f7e3d0376ddc9141672beb35","isMergeCommit":true,"messageTitle":"Merge pull request #89 from parasytezz/GavinChua-UserGuide2","messageBody":"Edit UserGuide","fileTypesAndContributionMap":{}}]},{"date":"2024-11-02","commitResults":[{"hash":"b766c400c3ea8cceb0c3f52ad3756ce9766be9aa","isMergeCommit":true,"messageTitle":"Merge pull request #90 from C2linaung/budget-function","messageBody":"Budget function","fileTypesAndContributionMap":{}}]}]},"authorFileTypeContributionMap":{"crystal-bys":{"docs":63,"functional-code":233,"test-code":39},"C2linaung":{"docs":261,"functional-code":1000,"test-code":652,"other":4},"anlamm":{"docs":223,"functional-code":379,"test-code":0},"parasytezz":{"docs":229,"functional-code":266,"test-code":234},"Yisoong":{"docs":164,"functional-code":204,"test-code":53}},"authorContributionVariance":{"crystal-bys":2245.8738,"C2linaung":53927.92,"anlamm":8607.573,"parasytezz":5027.3105,"Yisoong":1550.2351},"authorDisplayNameMap":{"crystal-bys":"CS2113-W14-2 BU Y..UANG","C2linaung":"CS2113-W14-2 SI T..AUNG","anlamm":"CS2113-W14-2 LAM .. KEI","parasytezz":"CS2113-W14-2 CHUA..AVIN","Yisoong":"CS2113-W14-2 TAN ..THAN"}}
