[{"path":"build.gradle","fileType":"other","lines":[{"lineNumber":1,"author":{"gitId":"-"},"content":"plugins {","lastModifiedDate":"2020-05-25","isFullCredit":false},{"lineNumber":2,"author":{"gitId":"-"},"content":"    id \u0027java\u0027","lastModifiedDate":"2020-05-25","isFullCredit":false},{"lineNumber":3,"author":{"gitId":"-"},"content":"    id \u0027application\u0027","lastModifiedDate":"2020-05-25","isFullCredit":false},{"lineNumber":4,"author":{"gitId":"-"},"content":"    id \u0027checkstyle\u0027","lastModifiedDate":"2020-05-25","isFullCredit":false},{"lineNumber":5,"author":{"gitId":"-"},"content":"    id \u0027com.github.johnrengelman.shadow\u0027 version \u00277.1.2\u0027","lastModifiedDate":"2022-06-17","isFullCredit":false},{"lineNumber":6,"author":{"gitId":"-"},"content":"}","lastModifiedDate":"2020-05-25","isFullCredit":false},{"lineNumber":7,"author":{"gitId":"-"},"content":"","lastModifiedDate":"2020-05-25","isFullCredit":false},{"lineNumber":8,"author":{"gitId":"-"},"content":"repositories {","lastModifiedDate":"2020-05-25","isFullCredit":false},{"lineNumber":9,"author":{"gitId":"-"},"content":"    mavenCentral()","lastModifiedDate":"2020-05-25","isFullCredit":false},{"lineNumber":10,"author":{"gitId":"-"},"content":"}","lastModifiedDate":"2020-05-25","isFullCredit":false},{"lineNumber":11,"author":{"gitId":"-"},"content":"","lastModifiedDate":"2020-05-25","isFullCredit":false},{"lineNumber":12,"author":{"gitId":"-"},"content":"dependencies {","lastModifiedDate":"2020-05-25","isFullCredit":false},{"lineNumber":13,"author":{"gitId":"-"},"content":"    testImplementation group: \u0027org.junit.jupiter\u0027, name: \u0027junit-jupiter-api\u0027, version: \u00275.10.0\u0027","lastModifiedDate":"2023-08-05","isFullCredit":false},{"lineNumber":14,"author":{"gitId":"-"},"content":"    testRuntimeOnly group: \u0027org.junit.jupiter\u0027, name: \u0027junit-jupiter-engine\u0027, version: \u00275.10.0\u0027","lastModifiedDate":"2023-08-05","isFullCredit":false},{"lineNumber":15,"author":{"gitId":"-"},"content":"}","lastModifiedDate":"2020-05-25","isFullCredit":false},{"lineNumber":16,"author":{"gitId":"-"},"content":"","lastModifiedDate":"2020-05-25","isFullCredit":false},{"lineNumber":17,"author":{"gitId":"-"},"content":"test {","lastModifiedDate":"2020-05-25","isFullCredit":false},{"lineNumber":18,"author":{"gitId":"-"},"content":"    useJUnitPlatform()","lastModifiedDate":"2020-05-25","isFullCredit":false},{"lineNumber":19,"author":{"gitId":"-"},"content":"","lastModifiedDate":"2020-05-25","isFullCredit":false},{"lineNumber":20,"author":{"gitId":"-"},"content":"    testLogging {","lastModifiedDate":"2020-05-25","isFullCredit":false},{"lineNumber":21,"author":{"gitId":"-"},"content":"        events \"passed\", \"skipped\", \"failed\"","lastModifiedDate":"2020-05-25","isFullCredit":false},{"lineNumber":22,"author":{"gitId":"-"},"content":"","lastModifiedDate":"2020-05-25","isFullCredit":false},{"lineNumber":23,"author":{"gitId":"-"},"content":"        showExceptions true","lastModifiedDate":"2020-05-25","isFullCredit":false},{"lineNumber":24,"author":{"gitId":"-"},"content":"        exceptionFormat \"full\"","lastModifiedDate":"2020-05-25","isFullCredit":false},{"lineNumber":25,"author":{"gitId":"-"},"content":"        showCauses true","lastModifiedDate":"2020-05-25","isFullCredit":false},{"lineNumber":26,"author":{"gitId":"-"},"content":"        showStackTraces true","lastModifiedDate":"2020-05-25","isFullCredit":false},{"lineNumber":27,"author":{"gitId":"-"},"content":"        showStandardStreams \u003d false","lastModifiedDate":"2020-05-25","isFullCredit":false},{"lineNumber":28,"author":{"gitId":"-"},"content":"    }","lastModifiedDate":"2020-05-25","isFullCredit":false},{"lineNumber":29,"author":{"gitId":"-"},"content":"}","lastModifiedDate":"2020-05-25","isFullCredit":false},{"lineNumber":30,"author":{"gitId":"-"},"content":"","lastModifiedDate":"2020-05-25","isFullCredit":false},{"lineNumber":31,"author":{"gitId":"-"},"content":"application {","lastModifiedDate":"2020-05-25","isFullCredit":false},{"lineNumber":32,"author":{"gitId":"rexkoh425"},"content":"    mainClass.set(\"seedu.clirental.CliRental\")","lastModifiedDate":"2024-10-14","isFullCredit":false},{"lineNumber":33,"author":{"gitId":"-"},"content":"}","lastModifiedDate":"2020-05-25","isFullCredit":false},{"lineNumber":34,"author":{"gitId":"-"},"content":"","lastModifiedDate":"2020-05-25","isFullCredit":false},{"lineNumber":35,"author":{"gitId":"-"},"content":"shadowJar {","lastModifiedDate":"2020-05-25","isFullCredit":false},{"lineNumber":36,"author":{"gitId":"rexkoh425"},"content":"    archiveBaseName.set(\"CliRental\")","lastModifiedDate":"2024-10-14","isFullCredit":false},{"lineNumber":37,"author":{"gitId":"-"},"content":"    archiveClassifier.set(\"\")","lastModifiedDate":"2023-09-24","isFullCredit":false},{"lineNumber":38,"author":{"gitId":"-"},"content":"}","lastModifiedDate":"2020-05-25","isFullCredit":false},{"lineNumber":39,"author":{"gitId":"-"},"content":"","lastModifiedDate":"2020-05-25","isFullCredit":false},{"lineNumber":40,"author":{"gitId":"-"},"content":"checkstyle {","lastModifiedDate":"2020-05-25","isFullCredit":false},{"lineNumber":41,"author":{"gitId":"-"},"content":"    toolVersion \u003d \u002710.2\u0027","lastModifiedDate":"2022-04-29","isFullCredit":false},{"lineNumber":42,"author":{"gitId":"-"},"content":"}","lastModifiedDate":"2020-05-25","isFullCredit":false},{"lineNumber":43,"author":{"gitId":"-"},"content":"","lastModifiedDate":"2020-05-25","isFullCredit":false},{"lineNumber":44,"author":{"gitId":"-"},"content":"run{","lastModifiedDate":"2020-05-25","isFullCredit":false},{"lineNumber":45,"author":{"gitId":"-"},"content":"    standardInput \u003d System.in","lastModifiedDate":"2020-05-25","isFullCredit":false},{"lineNumber":46,"author":{"gitId":"-"},"content":"}","lastModifiedDate":"2020-05-25","isFullCredit":false}],"authorContributionMap":{"rexkoh425":2,"-":44}},{"path":"docs/AboutUs.md","fileType":"docs","lines":[{"lineNumber":1,"author":{"gitId":"-"},"content":"# About us","lastModifiedDate":"2020-05-24","isFullCredit":false},{"lineNumber":2,"author":{"gitId":"-"},"content":"","lastModifiedDate":"2020-05-24","isFullCredit":false},{"lineNumber":3,"author":{"gitId":"tkhahns"},"content":"","lastModifiedDate":"2024-10-03","isFullCredit":false},{"lineNumber":4,"author":{"gitId":"-"},"content":"Display | Name  |            Github Profile            | Portfolio ","lastModifiedDate":"2020-05-24","isFullCredit":false},{"lineNumber":5,"author":{"gitId":"tkhahns"},"content":"--------|:-----:|:------------------------------------:|:---------:","lastModifiedDate":"2024-10-03","isFullCredit":false},{"lineNumber":6,"author":{"gitId":"tkhahns"},"content":"![](./team/Khanh.png) | Khanh | [Github](https://github.com/tkhahns) | [Portfolio](docs/team/johndoe.md)","lastModifiedDate":"2024-10-03","isFullCredit":false},{"lineNumber":7,"author":{"gitId":"tkhahns"},"content":"","lastModifiedDate":"2024-10-03","isFullCredit":false},{"lineNumber":8,"author":{"gitId":"tkhahns"},"content":"","lastModifiedDate":"2024-10-03","isFullCredit":false},{"lineNumber":9,"author":{"gitId":"-"},"content":"Display |   Name   |             Github Profile             | Portfolio ","lastModifiedDate":"2020-05-24","isFullCredit":false},{"lineNumber":10,"author":{"gitId":"rexkoh425"},"content":"--------|:--------:|:--------------------------------------:|:---------:","lastModifiedDate":"2024-10-03","isFullCredit":false},{"lineNumber":11,"author":{"gitId":"rexkoh425"},"content":"![](https://via.placeholder.com/100.png?text\u003dPhoto) | Rex Koh  | [Github](https://github.com/rexkoh425) | [Portfolio](docs/team/RexKoh.md)","lastModifiedDate":"2024-10-03","isFullCredit":false},{"lineNumber":12,"author":{"gitId":"tkhahns"},"content":"","lastModifiedDate":"2024-10-03","isFullCredit":false},{"lineNumber":13,"author":{"gitId":"-"},"content":"Display | Name | Github Profile | Portfolio ","lastModifiedDate":"2020-05-24","isFullCredit":false},{"lineNumber":14,"author":{"gitId":"-"},"content":"--------|:----:|:--------------:|:---------:","lastModifiedDate":"2020-05-24","isFullCredit":false},{"lineNumber":15,"author":{"gitId":"CT9ARyan"},"content":"![](https://via.placeholder.com/100.png?text\u003dPhoto) | Ryan Fong | [Github](https://github.com/CT9ARyan) | [Portfolio](./team/ryanfong.md)","lastModifiedDate":"2024-10-03","isFullCredit":false},{"lineNumber":16,"author":{"gitId":"CT9ARyan"},"content":"","lastModifiedDate":"2024-10-03","isFullCredit":false}],"authorContributionMap":{"rexkoh425":2,"CT9ARyan":2,"-":6,"tkhahns":6}},{"path":"docs/README.md","fileType":"docs","lines":[{"lineNumber":1,"author":{"gitId":"tkhahns"},"content":"# CliRental","lastModifiedDate":"2024-10-01","isFullCredit":false},{"lineNumber":2,"author":{"gitId":"-"},"content":"","lastModifiedDate":"2019-07-29","isFullCredit":false},{"lineNumber":3,"author":{"gitId":"tkhahns"},"content":"Welcome to CliRental, a perfect desktop app dedicate to managing  a car rental business involves handling large volumes of data, making traditional pen-and-paper methods inefficient for managers. This app is designed specifically for car rental managers, offering a Command Line Interface (CLI) that enables quick data entry and efficient tracking of customers, cars, and transactions.","lastModifiedDate":"2024-10-01","isFullCredit":false},{"lineNumber":4,"author":{"gitId":"-"},"content":"","lastModifiedDate":"2019-07-29","isFullCredit":false},{"lineNumber":5,"author":{"gitId":"-"},"content":"Useful links:","lastModifiedDate":"2020-05-24","isFullCredit":false},{"lineNumber":6,"author":{"gitId":"-"},"content":"* [User Guide](UserGuide.md)","lastModifiedDate":"2020-05-24","isFullCredit":false},{"lineNumber":7,"author":{"gitId":"-"},"content":"* [Developer Guide](DeveloperGuide.md)","lastModifiedDate":"2020-05-24","isFullCredit":false},{"lineNumber":8,"author":{"gitId":"-"},"content":"* [About Us](AboutUs.md)","lastModifiedDate":"2020-05-24","isFullCredit":false}],"authorContributionMap":{"tkhahns":2,"-":6}},{"path":"docs/UserGuide.md","fileType":"docs","lines":[{"lineNumber":1,"author":{"gitId":"rexkoh425"},"content":"# CliRental User Guide","lastModifiedDate":"2024-10-14","isFullCredit":false},{"lineNumber":2,"author":{"gitId":"-"},"content":"","lastModifiedDate":"2020-05-24","isFullCredit":false},{"lineNumber":3,"author":{"gitId":"-"},"content":"## Introduction","lastModifiedDate":"2020-05-24","isFullCredit":false},{"lineNumber":4,"author":{"gitId":"-"},"content":"","lastModifiedDate":"2020-05-24","isFullCredit":false},{"lineNumber":5,"author":{"gitId":"rexkoh425"},"content":"Clirental is a CLI-based application which allows car rental companies ","lastModifiedDate":"2024-10-14","isFullCredit":false},{"lineNumber":6,"author":{"gitId":"rexkoh425"},"content":"to track their customers , cars and rental transactions.","lastModifiedDate":"2024-10-14","isFullCredit":false},{"lineNumber":7,"author":{"gitId":"-"},"content":"","lastModifiedDate":"2020-05-24","isFullCredit":false},{"lineNumber":8,"author":{"gitId":"-"},"content":"## Quick Start","lastModifiedDate":"2020-05-24","isFullCredit":false},{"lineNumber":9,"author":{"gitId":"-"},"content":"","lastModifiedDate":"2020-05-24","isFullCredit":false},{"lineNumber":10,"author":{"gitId":"-"},"content":"1. Ensure that you have Java 17 or above installed.","lastModifiedDate":"2020-05-24","isFullCredit":false},{"lineNumber":11,"author":{"gitId":"rexkoh425"},"content":"1. Down the latest version of `CliRental` from [here](https://github.com/AY2425S1-CS2113-T11-3/tp/releases).","lastModifiedDate":"2024-10-14","isFullCredit":false},{"lineNumber":12,"author":{"gitId":"-"},"content":"","lastModifiedDate":"2020-05-24","isFullCredit":false},{"lineNumber":13,"author":{"gitId":"-"},"content":"## Features","lastModifiedDate":"2020-05-24","isFullCredit":false},{"lineNumber":14,"author":{"gitId":"-"},"content":"","lastModifiedDate":"2020-05-24","isFullCredit":false},{"lineNumber":15,"author":{"gitId":"rexkoh425"},"content":"### Adding a user to the database: `add-user`","lastModifiedDate":"2024-10-14","isFullCredit":false},{"lineNumber":16,"author":{"gitId":"-"},"content":"","lastModifiedDate":"2020-05-24","isFullCredit":false},{"lineNumber":17,"author":{"gitId":"rexkoh425"},"content":"Adds a customer to the list of customers tracked by the car rental application","lastModifiedDate":"2024-10-14","isFullCredit":false},{"lineNumber":18,"author":{"gitId":"-"},"content":"","lastModifiedDate":"2020-05-24","isFullCredit":false},{"lineNumber":19,"author":{"gitId":"rexkoh425"},"content":"Format: `add-user /u [USERNAME] /a [AGE] /c [CONTACT_NUMBER]`","lastModifiedDate":"2024-10-14","isFullCredit":false},{"lineNumber":20,"author":{"gitId":"-"},"content":"","lastModifiedDate":"2020-05-24","isFullCredit":false},{"lineNumber":21,"author":{"gitId":"rexkoh425"},"content":"* `USERNAME` : `STRING`.","lastModifiedDate":"2024-10-14","isFullCredit":false},{"lineNumber":22,"author":{"gitId":"rexkoh425"},"content":"* `AGE` : `INT`","lastModifiedDate":"2024-10-14","isFullCredit":false},{"lineNumber":23,"author":{"gitId":"rexkoh425"},"content":"* `CONTACT_NUMBER` : `INT`","lastModifiedDate":"2024-10-14","isFullCredit":false},{"lineNumber":24,"author":{"gitId":"rexkoh425"},"content":"* `/u` , `/a` , `/c` must be in sequence.","lastModifiedDate":"2024-10-14","isFullCredit":false},{"lineNumber":25,"author":{"gitId":"-"},"content":"","lastModifiedDate":"2020-05-24","isFullCredit":false},{"lineNumber":26,"author":{"gitId":"-"},"content":"Example of usage: ","lastModifiedDate":"2020-05-24","isFullCredit":false},{"lineNumber":27,"author":{"gitId":"-"},"content":"","lastModifiedDate":"2020-05-24","isFullCredit":false},{"lineNumber":28,"author":{"gitId":"rexkoh425"},"content":"`add-user /u John /a 18 /c 95382572`","lastModifiedDate":"2024-10-14","isFullCredit":false},{"lineNumber":29,"author":{"gitId":"-"},"content":"","lastModifiedDate":"2020-05-24","isFullCredit":false},{"lineNumber":30,"author":{"gitId":"-"},"content":"## FAQ","lastModifiedDate":"2020-05-24","isFullCredit":false},{"lineNumber":31,"author":{"gitId":"-"},"content":"","lastModifiedDate":"2020-05-24","isFullCredit":false},{"lineNumber":32,"author":{"gitId":"rexkoh425"},"content":"**Q**: Is there any file saving system in place currently? ","lastModifiedDate":"2024-10-14","isFullCredit":false},{"lineNumber":33,"author":{"gitId":"-"},"content":"","lastModifiedDate":"2020-05-24","isFullCredit":false},{"lineNumber":34,"author":{"gitId":"rexkoh425"},"content":"**A**: Unfortunately no , we are currently working on it. Thank you for your patience.","lastModifiedDate":"2024-10-14","isFullCredit":false},{"lineNumber":35,"author":{"gitId":"-"},"content":"","lastModifiedDate":"2020-05-24","isFullCredit":false},{"lineNumber":36,"author":{"gitId":"-"},"content":"## Command Summary","lastModifiedDate":"2020-05-24","isFullCredit":false},{"lineNumber":37,"author":{"gitId":"-"},"content":"","lastModifiedDate":"2020-05-24","isFullCredit":false},{"lineNumber":38,"author":{"gitId":"rexkoh425"},"content":"* Add todo `add-user /u [USERNAME] /a [AGE] /c [CONTACT_NUMBER]`","lastModifiedDate":"2024-10-14","isFullCredit":false}],"authorContributionMap":{"rexkoh425":15,"-":23}},{"path":"docs/team/ryanfong.md","fileType":"docs","lines":[{"lineNumber":1,"author":{"gitId":"CT9ARyan"},"content":"# Ryan Fong - Project Portfolio Page","lastModifiedDate":"2024-10-03","isFullCredit":false},{"lineNumber":2,"author":{"gitId":"-"},"content":"","lastModifiedDate":"2020-05-24","isFullCredit":false},{"lineNumber":3,"author":{"gitId":"-"},"content":"## Overview","lastModifiedDate":"2020-05-24","isFullCredit":false},{"lineNumber":4,"author":{"gitId":"-"},"content":"","lastModifiedDate":"2020-05-24","isFullCredit":false},{"lineNumber":5,"author":{"gitId":"-"},"content":"","lastModifiedDate":"2020-05-24","isFullCredit":false},{"lineNumber":6,"author":{"gitId":"-"},"content":"### Summary of Contributions","lastModifiedDate":"2020-05-24","isFullCredit":false}],"authorContributionMap":{"CT9ARyan":1,"-":5}},{"path":"src/main/java/customer/Customer.java","fileType":"functional-code","lines":[{"lineNumber":1,"author":{"gitId":"rexkoh425"},"content":"package customer;","lastModifiedDate":"2024-10-11","isFullCredit":false},{"lineNumber":2,"author":{"gitId":"rexkoh425"},"content":"","lastModifiedDate":"2024-10-11","isFullCredit":false},{"lineNumber":3,"author":{"gitId":"rexkoh425"},"content":"/**","lastModifiedDate":"2024-10-13","isFullCredit":false},{"lineNumber":4,"author":{"gitId":"rexkoh425"},"content":" * Represents customers of CliRental","lastModifiedDate":"2024-10-13","isFullCredit":false},{"lineNumber":5,"author":{"gitId":"rexkoh425"},"content":" */","lastModifiedDate":"2024-10-13","isFullCredit":false},{"lineNumber":6,"author":{"gitId":"rexkoh425"},"content":"public class Customer {","lastModifiedDate":"2024-10-11","isFullCredit":false},{"lineNumber":7,"author":{"gitId":"rexkoh425"},"content":"","lastModifiedDate":"2024-10-11","isFullCredit":false},{"lineNumber":8,"author":{"gitId":"rexkoh425"},"content":"    private String username;","lastModifiedDate":"2024-10-11","isFullCredit":false},{"lineNumber":9,"author":{"gitId":"rexkoh425"},"content":"    private int age;","lastModifiedDate":"2024-10-11","isFullCredit":false},{"lineNumber":10,"author":{"gitId":"rexkoh425"},"content":"    private int contactNumber;","lastModifiedDate":"2024-10-11","isFullCredit":false},{"lineNumber":11,"author":{"gitId":"rexkoh425"},"content":"","lastModifiedDate":"2024-10-11","isFullCredit":false},{"lineNumber":12,"author":{"gitId":"rexkoh425"},"content":"    public Customer(String username, int age, int contactNumber){","lastModifiedDate":"2024-10-11","isFullCredit":false},{"lineNumber":13,"author":{"gitId":"rexkoh425"},"content":"        this.username \u003d username;","lastModifiedDate":"2024-10-11","isFullCredit":false},{"lineNumber":14,"author":{"gitId":"rexkoh425"},"content":"        this.age \u003d age;","lastModifiedDate":"2024-10-11","isFullCredit":false},{"lineNumber":15,"author":{"gitId":"rexkoh425"},"content":"        this.contactNumber \u003d contactNumber;","lastModifiedDate":"2024-10-11","isFullCredit":false},{"lineNumber":16,"author":{"gitId":"rexkoh425"},"content":"    }","lastModifiedDate":"2024-10-11","isFullCredit":false},{"lineNumber":17,"author":{"gitId":"rexkoh425"},"content":"","lastModifiedDate":"2024-10-11","isFullCredit":false},{"lineNumber":18,"author":{"gitId":"rexkoh425"},"content":"    public String getUsername() {","lastModifiedDate":"2024-10-11","isFullCredit":false},{"lineNumber":19,"author":{"gitId":"rexkoh425"},"content":"        return username;","lastModifiedDate":"2024-10-11","isFullCredit":false},{"lineNumber":20,"author":{"gitId":"rexkoh425"},"content":"    }","lastModifiedDate":"2024-10-11","isFullCredit":false},{"lineNumber":21,"author":{"gitId":"rexkoh425"},"content":"","lastModifiedDate":"2024-10-11","isFullCredit":false},{"lineNumber":22,"author":{"gitId":"rexkoh425"},"content":"    public int getContactNumber() {","lastModifiedDate":"2024-10-11","isFullCredit":false},{"lineNumber":23,"author":{"gitId":"rexkoh425"},"content":"        return contactNumber;","lastModifiedDate":"2024-10-11","isFullCredit":false},{"lineNumber":24,"author":{"gitId":"rexkoh425"},"content":"    }","lastModifiedDate":"2024-10-11","isFullCredit":false},{"lineNumber":25,"author":{"gitId":"rexkoh425"},"content":"","lastModifiedDate":"2024-10-11","isFullCredit":false},{"lineNumber":26,"author":{"gitId":"rexkoh425"},"content":"    public int getAge() {","lastModifiedDate":"2024-10-11","isFullCredit":false},{"lineNumber":27,"author":{"gitId":"rexkoh425"},"content":"        return age;","lastModifiedDate":"2024-10-11","isFullCredit":false},{"lineNumber":28,"author":{"gitId":"rexkoh425"},"content":"    }","lastModifiedDate":"2024-10-11","isFullCredit":false},{"lineNumber":29,"author":{"gitId":"rexkoh425"},"content":"","lastModifiedDate":"2024-10-11","isFullCredit":false},{"lineNumber":30,"author":{"gitId":"rexkoh425"},"content":"    public void setUsername(String username) {","lastModifiedDate":"2024-10-11","isFullCredit":false},{"lineNumber":31,"author":{"gitId":"rexkoh425"},"content":"        this.username \u003d username;","lastModifiedDate":"2024-10-11","isFullCredit":false},{"lineNumber":32,"author":{"gitId":"rexkoh425"},"content":"    }","lastModifiedDate":"2024-10-11","isFullCredit":false},{"lineNumber":33,"author":{"gitId":"rexkoh425"},"content":"","lastModifiedDate":"2024-10-11","isFullCredit":false},{"lineNumber":34,"author":{"gitId":"rexkoh425"},"content":"    public void setAge(int age) {","lastModifiedDate":"2024-10-11","isFullCredit":false},{"lineNumber":35,"author":{"gitId":"rexkoh425"},"content":"        this.age \u003d age;","lastModifiedDate":"2024-10-11","isFullCredit":false},{"lineNumber":36,"author":{"gitId":"rexkoh425"},"content":"    }","lastModifiedDate":"2024-10-11","isFullCredit":false},{"lineNumber":37,"author":{"gitId":"rexkoh425"},"content":"","lastModifiedDate":"2024-10-11","isFullCredit":false},{"lineNumber":38,"author":{"gitId":"rexkoh425"},"content":"    public void setContactNumber(int contactNumber) {","lastModifiedDate":"2024-10-11","isFullCredit":false},{"lineNumber":39,"author":{"gitId":"rexkoh425"},"content":"        this.contactNumber \u003d contactNumber;","lastModifiedDate":"2024-10-11","isFullCredit":false},{"lineNumber":40,"author":{"gitId":"rexkoh425"},"content":"    }","lastModifiedDate":"2024-10-11","isFullCredit":false},{"lineNumber":41,"author":{"gitId":"rexkoh425"},"content":"","lastModifiedDate":"2024-10-11","isFullCredit":false},{"lineNumber":42,"author":{"gitId":"rexkoh425"},"content":"    public String toString(){","lastModifiedDate":"2024-10-13","isFullCredit":false},{"lineNumber":43,"author":{"gitId":"rexkoh425"},"content":"        return \"Username : \" + this.getUsername() + \"\\n\"","lastModifiedDate":"2024-10-13","isFullCredit":false},{"lineNumber":44,"author":{"gitId":"rexkoh425"},"content":"                + \"Age : \" + this.getAge() + \"\\n\"","lastModifiedDate":"2024-10-13","isFullCredit":false},{"lineNumber":45,"author":{"gitId":"rexkoh425"},"content":"                + \"Contact Number : \" + this.getContactNumber();","lastModifiedDate":"2024-10-13","isFullCredit":false},{"lineNumber":46,"author":{"gitId":"rexkoh425"},"content":"    }","lastModifiedDate":"2024-10-13","isFullCredit":false},{"lineNumber":47,"author":{"gitId":"rexkoh425"},"content":"}","lastModifiedDate":"2024-10-11","isFullCredit":false}],"authorContributionMap":{"rexkoh425":47}},{"path":"src/main/java/customer/CustomerList.java","fileType":"functional-code","lines":[{"lineNumber":1,"author":{"gitId":"rexkoh425"},"content":"package customer;","lastModifiedDate":"2024-10-11","isFullCredit":false},{"lineNumber":2,"author":{"gitId":"rexkoh425"},"content":"","lastModifiedDate":"2024-10-11","isFullCredit":false},{"lineNumber":3,"author":{"gitId":"rexkoh425"},"content":"import java.util.ArrayList;","lastModifiedDate":"2024-10-11","isFullCredit":false},{"lineNumber":4,"author":{"gitId":"rexkoh425"},"content":"","lastModifiedDate":"2024-10-11","isFullCredit":false},{"lineNumber":5,"author":{"gitId":"rexkoh425"},"content":"public class CustomerList {","lastModifiedDate":"2024-10-11","isFullCredit":false},{"lineNumber":6,"author":{"gitId":"rexkoh425"},"content":"","lastModifiedDate":"2024-10-11","isFullCredit":false},{"lineNumber":7,"author":{"gitId":"rexkoh425"},"content":"    public static ArrayList\u003cCustomer\u003e customers \u003d new ArrayList\u003c\u003e();","lastModifiedDate":"2024-10-13","isFullCredit":false},{"lineNumber":8,"author":{"gitId":"rexkoh425"},"content":"","lastModifiedDate":"2024-10-11","isFullCredit":false},{"lineNumber":9,"author":{"gitId":"rexkoh425"},"content":"    public static void addCustomer(Customer customer){","lastModifiedDate":"2024-10-11","isFullCredit":false},{"lineNumber":10,"author":{"gitId":"rexkoh425"},"content":"        customers.add(customer);","lastModifiedDate":"2024-10-11","isFullCredit":false},{"lineNumber":11,"author":{"gitId":"rexkoh425"},"content":"        System.out.println(\"Customer added\");","lastModifiedDate":"2024-10-13","isFullCredit":false},{"lineNumber":12,"author":{"gitId":"rexkoh425"},"content":"        System.out.println(customer.toString());","lastModifiedDate":"2024-10-13","isFullCredit":false},{"lineNumber":13,"author":{"gitId":"rexkoh425"},"content":"    }","lastModifiedDate":"2024-10-11","isFullCredit":false},{"lineNumber":14,"author":{"gitId":"rexkoh425"},"content":"","lastModifiedDate":"2024-10-11","isFullCredit":false},{"lineNumber":15,"author":{"gitId":"rexkoh425"},"content":"    public static ArrayList\u003cCustomer\u003e getCustomers() {","lastModifiedDate":"2024-10-11","isFullCredit":false},{"lineNumber":16,"author":{"gitId":"rexkoh425"},"content":"        return customers;","lastModifiedDate":"2024-10-11","isFullCredit":false},{"lineNumber":17,"author":{"gitId":"rexkoh425"},"content":"    }","lastModifiedDate":"2024-10-11","isFullCredit":false},{"lineNumber":18,"author":{"gitId":"rexkoh425"},"content":"}","lastModifiedDate":"2024-10-11","isFullCredit":false},{"lineNumber":19,"author":{"gitId":"rexkoh425"},"content":"","lastModifiedDate":"2024-10-11","isFullCredit":false}],"authorContributionMap":{"rexkoh425":19}},{"path":"src/main/java/exceptions/CustomerException.java","fileType":"functional-code","lines":[{"lineNumber":1,"author":{"gitId":"rexkoh425"},"content":"package exceptions;","lastModifiedDate":"2024-10-11","isFullCredit":false},{"lineNumber":2,"author":{"gitId":"rexkoh425"},"content":"","lastModifiedDate":"2024-10-11","isFullCredit":false},{"lineNumber":3,"author":{"gitId":"rexkoh425"},"content":"/**","lastModifiedDate":"2024-10-13","isFullCredit":false},{"lineNumber":4,"author":{"gitId":"rexkoh425"},"content":" * Customer related exceptions","lastModifiedDate":"2024-10-13","isFullCredit":false},{"lineNumber":5,"author":{"gitId":"rexkoh425"},"content":" */","lastModifiedDate":"2024-10-13","isFullCredit":false},{"lineNumber":6,"author":{"gitId":"rexkoh425"},"content":"public class CustomerException extends RuntimeException {","lastModifiedDate":"2024-10-11","isFullCredit":false},{"lineNumber":7,"author":{"gitId":"rexkoh425"},"content":"","lastModifiedDate":"2024-10-11","isFullCredit":false},{"lineNumber":8,"author":{"gitId":"rexkoh425"},"content":"    public static final String ADD_FORMAT \u003d \"add-user /u [USERNAME] /a [AGE] /c [CONTACT_NUMBER]\";","lastModifiedDate":"2024-10-11","isFullCredit":false},{"lineNumber":9,"author":{"gitId":"rexkoh425"},"content":"","lastModifiedDate":"2024-10-11","isFullCredit":false},{"lineNumber":10,"author":{"gitId":"rexkoh425"},"content":"    public CustomerException(String message) {","lastModifiedDate":"2024-10-11","isFullCredit":false},{"lineNumber":11,"author":{"gitId":"rexkoh425"},"content":"        super(message);","lastModifiedDate":"2024-10-11","isFullCredit":false},{"lineNumber":12,"author":{"gitId":"rexkoh425"},"content":"    }","lastModifiedDate":"2024-10-11","isFullCredit":false},{"lineNumber":13,"author":{"gitId":"rexkoh425"},"content":"","lastModifiedDate":"2024-10-11","isFullCredit":false},{"lineNumber":14,"author":{"gitId":"rexkoh425"},"content":"    public void printErrorMessage(){","lastModifiedDate":"2024-10-11","isFullCredit":false},{"lineNumber":15,"author":{"gitId":"rexkoh425"},"content":"        System.out.println(getMessage());","lastModifiedDate":"2024-10-11","isFullCredit":false},{"lineNumber":16,"author":{"gitId":"rexkoh425"},"content":"    }","lastModifiedDate":"2024-10-11","isFullCredit":false},{"lineNumber":17,"author":{"gitId":"rexkoh425"},"content":"","lastModifiedDate":"2024-10-11","isFullCredit":false},{"lineNumber":18,"author":{"gitId":"rexkoh425"},"content":"    /**","lastModifiedDate":"2024-10-13","isFullCredit":false},{"lineNumber":19,"author":{"gitId":"rexkoh425"},"content":"     * Exception for the add-user command","lastModifiedDate":"2024-10-13","isFullCredit":false},{"lineNumber":20,"author":{"gitId":"rexkoh425"},"content":"     */","lastModifiedDate":"2024-10-13","isFullCredit":false},{"lineNumber":21,"author":{"gitId":"rexkoh425"},"content":"    public static CustomerException addCustomerException(){","lastModifiedDate":"2024-10-11","isFullCredit":false},{"lineNumber":22,"author":{"gitId":"rexkoh425"},"content":"        return new CustomerException(\"Unable to add customer. Please follow : \" + ADD_FORMAT);","lastModifiedDate":"2024-10-11","isFullCredit":false},{"lineNumber":23,"author":{"gitId":"rexkoh425"},"content":"    }","lastModifiedDate":"2024-10-11","isFullCredit":false},{"lineNumber":24,"author":{"gitId":"rexkoh425"},"content":"}","lastModifiedDate":"2024-10-11","isFullCredit":false}],"authorContributionMap":{"rexkoh425":24}},{"path":"src/main/java/parser/Parser.java","fileType":"functional-code","lines":[{"lineNumber":1,"author":{"gitId":"rexkoh425"},"content":"package parser;","lastModifiedDate":"2024-10-11","isFullCredit":false},{"lineNumber":2,"author":{"gitId":"rexkoh425"},"content":"","lastModifiedDate":"2024-10-11","isFullCredit":false},{"lineNumber":3,"author":{"gitId":"rexkoh425"},"content":"import customer.Customer;","lastModifiedDate":"2024-10-13","isFullCredit":false},{"lineNumber":4,"author":{"gitId":"rexkoh425"},"content":"import exceptions.CustomerException;","lastModifiedDate":"2024-10-13","isFullCredit":false},{"lineNumber":5,"author":{"gitId":"rexkoh425"},"content":"import java.util.Scanner;","lastModifiedDate":"2024-10-11","isFullCredit":false},{"lineNumber":6,"author":{"gitId":"rexkoh425"},"content":"","lastModifiedDate":"2024-10-11","isFullCredit":false},{"lineNumber":7,"author":{"gitId":"rexkoh425"},"content":"public class Parser {","lastModifiedDate":"2024-10-11","isFullCredit":false},{"lineNumber":8,"author":{"gitId":"rexkoh425"},"content":"","lastModifiedDate":"2024-10-11","isFullCredit":false},{"lineNumber":9,"author":{"gitId":"rexkoh425"},"content":"    public static Scanner scanner \u003d new Scanner(System.in);","lastModifiedDate":"2024-10-11","isFullCredit":false},{"lineNumber":10,"author":{"gitId":"rexkoh425"},"content":"    public static String userInput;","lastModifiedDate":"2024-10-13","isFullCredit":false},{"lineNumber":11,"author":{"gitId":"rexkoh425"},"content":"    private static final String ADD_CUSTOMER_COMMAND \u003d \"add-user\";","lastModifiedDate":"2024-10-14","isFullCredit":false},{"lineNumber":12,"author":{"gitId":"rexkoh425"},"content":"","lastModifiedDate":"2024-10-11","isFullCredit":false},{"lineNumber":13,"author":{"gitId":"rexkoh425"},"content":"    /**","lastModifiedDate":"2024-10-13","isFullCredit":false},{"lineNumber":14,"author":{"gitId":"rexkoh425"},"content":"     * Gets the first word of user input.","lastModifiedDate":"2024-10-13","isFullCredit":false},{"lineNumber":15,"author":{"gitId":"rexkoh425"},"content":"     */","lastModifiedDate":"2024-10-13","isFullCredit":false},{"lineNumber":16,"author":{"gitId":"rexkoh425"},"content":"    public static String getAction(){","lastModifiedDate":"2024-10-11","isFullCredit":false},{"lineNumber":17,"author":{"gitId":"rexkoh425"},"content":"        System.out.println(\"What would you like to do?\");","lastModifiedDate":"2024-10-13","isFullCredit":false},{"lineNumber":18,"author":{"gitId":"rexkoh425"},"content":"        System.out.println(\"_\".repeat(60));","lastModifiedDate":"2024-10-13","isFullCredit":false},{"lineNumber":19,"author":{"gitId":"rexkoh425"},"content":"        String userInput \u003d scanner.nextLine();","lastModifiedDate":"2024-10-13","isFullCredit":false},{"lineNumber":20,"author":{"gitId":"rexkoh425"},"content":"        userInput \u003d userInput.trim();","lastModifiedDate":"2024-10-13","isFullCredit":false},{"lineNumber":21,"author":{"gitId":"rexkoh425"},"content":"        String[] words \u003d userInput.split(\" \");","lastModifiedDate":"2024-10-13","isFullCredit":false},{"lineNumber":22,"author":{"gitId":"rexkoh425"},"content":"        Parser.userInput \u003d userInput;","lastModifiedDate":"2024-10-13","isFullCredit":false},{"lineNumber":23,"author":{"gitId":"rexkoh425"},"content":"        return words[0];","lastModifiedDate":"2024-10-13","isFullCredit":false},{"lineNumber":24,"author":{"gitId":"rexkoh425"},"content":"    }","lastModifiedDate":"2024-10-13","isFullCredit":false},{"lineNumber":25,"author":{"gitId":"rexkoh425"},"content":"","lastModifiedDate":"2024-10-13","isFullCredit":false},{"lineNumber":26,"author":{"gitId":"rexkoh425"},"content":"    /**","lastModifiedDate":"2024-10-13","isFullCredit":false},{"lineNumber":27,"author":{"gitId":"rexkoh425"},"content":"     * Creates new customer object based on user input.","lastModifiedDate":"2024-10-13","isFullCredit":false},{"lineNumber":28,"author":{"gitId":"rexkoh425"},"content":"     *","lastModifiedDate":"2024-10-13","isFullCredit":false},{"lineNumber":29,"author":{"gitId":"rexkoh425"},"content":"     * @throws CustomerException if input is not compliant with format.","lastModifiedDate":"2024-10-13","isFullCredit":false},{"lineNumber":30,"author":{"gitId":"rexkoh425"},"content":"     * @throws NumberFormatException if the age and contact content are not integer string.","lastModifiedDate":"2024-10-13","isFullCredit":false},{"lineNumber":31,"author":{"gitId":"rexkoh425"},"content":"     */","lastModifiedDate":"2024-10-13","isFullCredit":false},{"lineNumber":32,"author":{"gitId":"rexkoh425"},"content":"    public static Customer parseIntoCustomer() throws CustomerException , NumberFormatException {","lastModifiedDate":"2024-10-13","isFullCredit":false},{"lineNumber":33,"author":{"gitId":"rexkoh425"},"content":"        userInput \u003d userInput.substring(ADD_CUSTOMER_COMMAND.length()).trim();","lastModifiedDate":"2024-10-14","isFullCredit":false},{"lineNumber":34,"author":{"gitId":"rexkoh425"},"content":"        String[] parameters \u003d { \"/u\" , \"/a\" , \"/c\"};","lastModifiedDate":"2024-10-13","isFullCredit":false},{"lineNumber":35,"author":{"gitId":"rexkoh425"},"content":"        String[] parameterContents;","lastModifiedDate":"2024-10-13","isFullCredit":false},{"lineNumber":36,"author":{"gitId":"rexkoh425"},"content":"        if(isValidSequence(parameters)){","lastModifiedDate":"2024-10-13","isFullCredit":false},{"lineNumber":37,"author":{"gitId":"rexkoh425"},"content":"            parameterContents \u003d parseParameterContents(parameters);","lastModifiedDate":"2024-10-13","isFullCredit":false},{"lineNumber":38,"author":{"gitId":"rexkoh425"},"content":"        }else{","lastModifiedDate":"2024-10-13","isFullCredit":false},{"lineNumber":39,"author":{"gitId":"rexkoh425"},"content":"            throw CustomerException.addCustomerException();","lastModifiedDate":"2024-10-13","isFullCredit":false},{"lineNumber":40,"author":{"gitId":"rexkoh425"},"content":"        }","lastModifiedDate":"2024-10-13","isFullCredit":false},{"lineNumber":41,"author":{"gitId":"rexkoh425"},"content":"","lastModifiedDate":"2024-10-13","isFullCredit":false},{"lineNumber":42,"author":{"gitId":"rexkoh425"},"content":"        String username \u003d parameterContents[0];","lastModifiedDate":"2024-10-13","isFullCredit":false},{"lineNumber":43,"author":{"gitId":"rexkoh425"},"content":"        int age \u003d Integer.parseInt(parameterContents[1]);","lastModifiedDate":"2024-10-13","isFullCredit":false},{"lineNumber":44,"author":{"gitId":"rexkoh425"},"content":"        int contactNumber \u003d Integer.parseInt(parameterContents[2]);","lastModifiedDate":"2024-10-13","isFullCredit":false},{"lineNumber":45,"author":{"gitId":"rexkoh425"},"content":"        return new Customer(username , age, contactNumber );","lastModifiedDate":"2024-10-13","isFullCredit":false},{"lineNumber":46,"author":{"gitId":"rexkoh425"},"content":"    }","lastModifiedDate":"2024-10-13","isFullCredit":false},{"lineNumber":47,"author":{"gitId":"rexkoh425"},"content":"","lastModifiedDate":"2024-10-13","isFullCredit":false},{"lineNumber":48,"author":{"gitId":"rexkoh425"},"content":"    /**","lastModifiedDate":"2024-10-13","isFullCredit":false},{"lineNumber":49,"author":{"gitId":"rexkoh425"},"content":"     * Parses the user input according to the parameters based on a fixed sequence.","lastModifiedDate":"2024-10-13","isFullCredit":false},{"lineNumber":50,"author":{"gitId":"rexkoh425"},"content":"     *","lastModifiedDate":"2024-10-13","isFullCredit":false},{"lineNumber":51,"author":{"gitId":"rexkoh425"},"content":"     * @param parameters Sequence to parse the input.","lastModifiedDate":"2024-10-13","isFullCredit":false},{"lineNumber":52,"author":{"gitId":"rexkoh425"},"content":"     * @return content of each parameter in sequence.","lastModifiedDate":"2024-10-13","isFullCredit":false},{"lineNumber":53,"author":{"gitId":"rexkoh425"},"content":"     */","lastModifiedDate":"2024-10-13","isFullCredit":false},{"lineNumber":54,"author":{"gitId":"rexkoh425"},"content":"    public static String[] parseParameterContents(String[] parameters){","lastModifiedDate":"2024-10-13","isFullCredit":false},{"lineNumber":55,"author":{"gitId":"rexkoh425"},"content":"        String[] contents \u003d new String[parameters.length];","lastModifiedDate":"2024-10-13","isFullCredit":false},{"lineNumber":56,"author":{"gitId":"rexkoh425"},"content":"        for(int i \u003d 0; i \u003c parameters.length - 1; i++){","lastModifiedDate":"2024-10-13","isFullCredit":false},{"lineNumber":57,"author":{"gitId":"rexkoh425"},"content":"            int indexOfBeforeParameter \u003d userInput.indexOf(parameters[i]);","lastModifiedDate":"2024-10-13","isFullCredit":false},{"lineNumber":58,"author":{"gitId":"rexkoh425"},"content":"            int indexOfAfterParameter \u003d userInput.indexOf(parameters[i+1]);","lastModifiedDate":"2024-10-13","isFullCredit":false},{"lineNumber":59,"author":{"gitId":"rexkoh425"},"content":"            int endOfBeforeParameter \u003d indexOfBeforeParameter + parameters[i].length();","lastModifiedDate":"2024-10-13","isFullCredit":false},{"lineNumber":60,"author":{"gitId":"rexkoh425"},"content":"            contents[i] \u003d userInput.substring(endOfBeforeParameter, indexOfAfterParameter).trim();","lastModifiedDate":"2024-10-13","isFullCredit":false},{"lineNumber":61,"author":{"gitId":"rexkoh425"},"content":"        }","lastModifiedDate":"2024-10-13","isFullCredit":false},{"lineNumber":62,"author":{"gitId":"rexkoh425"},"content":"        int indexOfLastParameter \u003d userInput.indexOf(parameters[parameters.length - 1]);","lastModifiedDate":"2024-10-13","isFullCredit":false},{"lineNumber":63,"author":{"gitId":"rexkoh425"},"content":"        int endOfLastParameter \u003d indexOfLastParameter + parameters[parameters.length - 1].length();","lastModifiedDate":"2024-10-13","isFullCredit":false},{"lineNumber":64,"author":{"gitId":"rexkoh425"},"content":"        contents[parameters.length - 1] \u003d userInput.substring(endOfLastParameter).trim();","lastModifiedDate":"2024-10-13","isFullCredit":false},{"lineNumber":65,"author":{"gitId":"rexkoh425"},"content":"","lastModifiedDate":"2024-10-13","isFullCredit":false},{"lineNumber":66,"author":{"gitId":"rexkoh425"},"content":"        return contents;","lastModifiedDate":"2024-10-13","isFullCredit":false},{"lineNumber":67,"author":{"gitId":"rexkoh425"},"content":"    }","lastModifiedDate":"2024-10-13","isFullCredit":false},{"lineNumber":68,"author":{"gitId":"rexkoh425"},"content":"","lastModifiedDate":"2024-10-13","isFullCredit":false},{"lineNumber":69,"author":{"gitId":"rexkoh425"},"content":"    /**","lastModifiedDate":"2024-10-13","isFullCredit":false},{"lineNumber":70,"author":{"gitId":"rexkoh425"},"content":"     * Checks if the parameters exist and is in sequence.","lastModifiedDate":"2024-10-13","isFullCredit":false},{"lineNumber":71,"author":{"gitId":"rexkoh425"},"content":"     *","lastModifiedDate":"2024-10-13","isFullCredit":false},{"lineNumber":72,"author":{"gitId":"rexkoh425"},"content":"     * @param parameters parameters which the input should have , in sequence.","lastModifiedDate":"2024-10-13","isFullCredit":false},{"lineNumber":73,"author":{"gitId":"rexkoh425"},"content":"     */","lastModifiedDate":"2024-10-13","isFullCredit":false},{"lineNumber":74,"author":{"gitId":"rexkoh425"},"content":"    private static boolean isValidSequence(String[] parameters){","lastModifiedDate":"2024-10-13","isFullCredit":false},{"lineNumber":75,"author":{"gitId":"rexkoh425"},"content":"","lastModifiedDate":"2024-10-13","isFullCredit":false},{"lineNumber":76,"author":{"gitId":"rexkoh425"},"content":"","lastModifiedDate":"2024-10-13","isFullCredit":false},{"lineNumber":77,"author":{"gitId":"rexkoh425"},"content":"        for (String parameter : parameters) {","lastModifiedDate":"2024-10-13","isFullCredit":false},{"lineNumber":78,"author":{"gitId":"rexkoh425"},"content":"            if (!userInput.contains(parameter)) {","lastModifiedDate":"2024-10-13","isFullCredit":false},{"lineNumber":79,"author":{"gitId":"rexkoh425"},"content":"                return false;","lastModifiedDate":"2024-10-13","isFullCredit":false},{"lineNumber":80,"author":{"gitId":"rexkoh425"},"content":"            }","lastModifiedDate":"2024-10-13","isFullCredit":false},{"lineNumber":81,"author":{"gitId":"rexkoh425"},"content":"        }","lastModifiedDate":"2024-10-13","isFullCredit":false},{"lineNumber":82,"author":{"gitId":"rexkoh425"},"content":"","lastModifiedDate":"2024-10-13","isFullCredit":false},{"lineNumber":83,"author":{"gitId":"rexkoh425"},"content":"        for(int i \u003d 1 ; i \u003c parameters.length ; i++){","lastModifiedDate":"2024-10-13","isFullCredit":false},{"lineNumber":84,"author":{"gitId":"rexkoh425"},"content":"            if(userInput.indexOf(parameters[i]) \u003c userInput.indexOf(parameters[i-1])){","lastModifiedDate":"2024-10-13","isFullCredit":false},{"lineNumber":85,"author":{"gitId":"rexkoh425"},"content":"                return false;","lastModifiedDate":"2024-10-13","isFullCredit":false},{"lineNumber":86,"author":{"gitId":"rexkoh425"},"content":"            }","lastModifiedDate":"2024-10-13","isFullCredit":false},{"lineNumber":87,"author":{"gitId":"rexkoh425"},"content":"        }","lastModifiedDate":"2024-10-13","isFullCredit":false},{"lineNumber":88,"author":{"gitId":"rexkoh425"},"content":"","lastModifiedDate":"2024-10-11","isFullCredit":false},{"lineNumber":89,"author":{"gitId":"rexkoh425"},"content":"        return true;","lastModifiedDate":"2024-10-13","isFullCredit":false},{"lineNumber":90,"author":{"gitId":"rexkoh425"},"content":"    }","lastModifiedDate":"2024-10-11","isFullCredit":false},{"lineNumber":91,"author":{"gitId":"rexkoh425"},"content":"}","lastModifiedDate":"2024-10-11","isFullCredit":false}],"authorContributionMap":{"rexkoh425":91}},{"path":"src/main/java/seedu/clirental/CliRental.java","fileType":"functional-code","lines":[{"lineNumber":1,"author":{"gitId":"rexkoh425"},"content":"package seedu.clirental;","lastModifiedDate":"2024-10-14","isFullCredit":false},{"lineNumber":2,"author":{"gitId":"-"},"content":"","lastModifiedDate":"2020-05-24","isFullCredit":false},{"lineNumber":3,"author":{"gitId":"rexkoh425"},"content":"import customer.Customer;","lastModifiedDate":"2024-10-11","isFullCredit":false},{"lineNumber":4,"author":{"gitId":"rexkoh425"},"content":"import customer.CustomerList;","lastModifiedDate":"2024-10-11","isFullCredit":false},{"lineNumber":5,"author":{"gitId":"rexkoh425"},"content":"import exceptions.CustomerException;","lastModifiedDate":"2024-10-13","isFullCredit":false},{"lineNumber":6,"author":{"gitId":"rexkoh425"},"content":"import parser.Parser;","lastModifiedDate":"2024-10-13","isFullCredit":false},{"lineNumber":7,"author":{"gitId":"-"},"content":"","lastModifiedDate":"2020-05-24","isFullCredit":false},{"lineNumber":8,"author":{"gitId":"rexkoh425"},"content":"public class CliRental {","lastModifiedDate":"2024-10-14","isFullCredit":false},{"lineNumber":9,"author":{"gitId":"-"},"content":"    /**","lastModifiedDate":"2020-05-24","isFullCredit":false},{"lineNumber":10,"author":{"gitId":"-"},"content":"     * Main entry-point for the java.duke.Duke application.","lastModifiedDate":"2020-05-24","isFullCredit":false},{"lineNumber":11,"author":{"gitId":"-"},"content":"     */","lastModifiedDate":"2020-05-24","isFullCredit":false},{"lineNumber":12,"author":{"gitId":"-"},"content":"    public static void main(String[] args) {","lastModifiedDate":"2019-07-29","isFullCredit":false},{"lineNumber":13,"author":{"gitId":"rexkoh425"},"content":"        printGreetings();","lastModifiedDate":"2024-10-11","isFullCredit":false},{"lineNumber":14,"author":{"gitId":"rexkoh425"},"content":"        getName();","lastModifiedDate":"2024-10-11","isFullCredit":false},{"lineNumber":15,"author":{"gitId":"rexkoh425"},"content":"        String action \u003d Parser.getAction();","lastModifiedDate":"2024-10-13","isFullCredit":false},{"lineNumber":16,"author":{"gitId":"rexkoh425"},"content":"","lastModifiedDate":"2024-10-13","isFullCredit":false},{"lineNumber":17,"author":{"gitId":"rexkoh425"},"content":"        try {","lastModifiedDate":"2024-10-13","isFullCredit":false},{"lineNumber":18,"author":{"gitId":"rexkoh425"},"content":"            switch (action) {","lastModifiedDate":"2024-10-13","isFullCredit":false},{"lineNumber":19,"author":{"gitId":"rexkoh425"},"content":"            case \"add-user\":","lastModifiedDate":"2024-10-13","isFullCredit":false},{"lineNumber":20,"author":{"gitId":"rexkoh425"},"content":"                Customer customer \u003d Parser.parseIntoCustomer();","lastModifiedDate":"2024-10-13","isFullCredit":false},{"lineNumber":21,"author":{"gitId":"rexkoh425"},"content":"                CustomerList.addCustomer(customer);","lastModifiedDate":"2024-10-13","isFullCredit":false},{"lineNumber":22,"author":{"gitId":"rexkoh425"},"content":"                break;","lastModifiedDate":"2024-10-13","isFullCredit":false},{"lineNumber":23,"author":{"gitId":"rexkoh425"},"content":"            case \"extra\":","lastModifiedDate":"2024-10-13","isFullCredit":false},{"lineNumber":24,"author":{"gitId":"rexkoh425"},"content":"                System.out.println(\"extra case for switch\");","lastModifiedDate":"2024-10-13","isFullCredit":false},{"lineNumber":25,"author":{"gitId":"rexkoh425"},"content":"                break;","lastModifiedDate":"2024-10-13","isFullCredit":false},{"lineNumber":26,"author":{"gitId":"rexkoh425"},"content":"            default:","lastModifiedDate":"2024-10-13","isFullCredit":false},{"lineNumber":27,"author":{"gitId":"rexkoh425"},"content":"                System.out.println(\"Invalid Command\");","lastModifiedDate":"2024-10-13","isFullCredit":false},{"lineNumber":28,"author":{"gitId":"rexkoh425"},"content":"                break;","lastModifiedDate":"2024-10-13","isFullCredit":false},{"lineNumber":29,"author":{"gitId":"rexkoh425"},"content":"            }","lastModifiedDate":"2024-10-13","isFullCredit":false},{"lineNumber":30,"author":{"gitId":"rexkoh425"},"content":"        }catch(CustomerException exception){","lastModifiedDate":"2024-10-13","isFullCredit":false},{"lineNumber":31,"author":{"gitId":"rexkoh425"},"content":"            exception.printErrorMessage();","lastModifiedDate":"2024-10-13","isFullCredit":false},{"lineNumber":32,"author":{"gitId":"rexkoh425"},"content":"","lastModifiedDate":"2024-10-13","isFullCredit":false},{"lineNumber":33,"author":{"gitId":"rexkoh425"},"content":"        }catch(NumberFormatException exception){","lastModifiedDate":"2024-10-13","isFullCredit":false},{"lineNumber":34,"author":{"gitId":"rexkoh425"},"content":"            System.out.println(\"Unable to parse customer\");","lastModifiedDate":"2024-10-13","isFullCredit":false},{"lineNumber":35,"author":{"gitId":"rexkoh425"},"content":"        }","lastModifiedDate":"2024-10-13","isFullCredit":false},{"lineNumber":36,"author":{"gitId":"rexkoh425"},"content":"","lastModifiedDate":"2024-10-13","isFullCredit":false},{"lineNumber":37,"author":{"gitId":"rexkoh425"},"content":"    }","lastModifiedDate":"2024-10-11","isFullCredit":false},{"lineNumber":38,"author":{"gitId":"rexkoh425"},"content":"","lastModifiedDate":"2024-10-11","isFullCredit":false},{"lineNumber":39,"author":{"gitId":"rexkoh425"},"content":"    public static void getName(){","lastModifiedDate":"2024-10-11","isFullCredit":false},{"lineNumber":40,"author":{"gitId":"rexkoh425"},"content":"        System.out.println(\"What is your name?\");","lastModifiedDate":"2024-10-11","isFullCredit":false},{"lineNumber":41,"author":{"gitId":"rexkoh425"},"content":"        System.out.println(\"Hello \" + Parser.scanner.nextLine());","lastModifiedDate":"2024-10-13","isFullCredit":false},{"lineNumber":42,"author":{"gitId":"rexkoh425"},"content":"    }","lastModifiedDate":"2024-10-11","isFullCredit":false},{"lineNumber":43,"author":{"gitId":"rexkoh425"},"content":"","lastModifiedDate":"2024-10-11","isFullCredit":false},{"lineNumber":44,"author":{"gitId":"rexkoh425"},"content":"    public static void printGreetings(){","lastModifiedDate":"2024-10-11","isFullCredit":false},{"lineNumber":45,"author":{"gitId":"rexkoh425"},"content":"        String logo \u003d","lastModifiedDate":"2024-10-11","isFullCredit":false},{"lineNumber":46,"author":{"gitId":"rexkoh425"},"content":"                \"\"\"","lastModifiedDate":"2024-10-11","isFullCredit":false},{"lineNumber":47,"author":{"gitId":"rexkoh425"},"content":"                        ____ _ _ ____            _        _","lastModifiedDate":"2024-10-11","isFullCredit":false},{"lineNumber":48,"author":{"gitId":"rexkoh425"},"content":"                        / ___| (_)  _ \\\\ ___ _ __ | |_ __ _| |","lastModifiedDate":"2024-10-11","isFullCredit":false},{"lineNumber":49,"author":{"gitId":"rexkoh425"},"content":"                        | |   | | | |_) / _ \\\\ \u0027_ \\\\| __/ _` | |","lastModifiedDate":"2024-10-11","isFullCredit":false},{"lineNumber":50,"author":{"gitId":"rexkoh425"},"content":"                        | |___| | |  _ \u003c  __/ | | | || (_| | |","lastModifiedDate":"2024-10-11","isFullCredit":false},{"lineNumber":51,"author":{"gitId":"rexkoh425"},"content":"                        \\\\____|_|_|_| \\\\_\\\\___|_| |_|\\\\__\\\\__,_|_|","lastModifiedDate":"2024-10-11","isFullCredit":false},{"lineNumber":52,"author":{"gitId":"rexkoh425"},"content":"                        \"\"\";","lastModifiedDate":"2024-10-11","isFullCredit":false},{"lineNumber":53,"author":{"gitId":"-"},"content":"        System.out.println(\"Hello from\\n\" + logo);","lastModifiedDate":"2019-07-29","isFullCredit":false},{"lineNumber":54,"author":{"gitId":"-"},"content":"    }","lastModifiedDate":"2019-07-29","isFullCredit":false},{"lineNumber":55,"author":{"gitId":"-"},"content":"}","lastModifiedDate":"2019-07-29","isFullCredit":false}],"authorContributionMap":{"rexkoh425":46,"-":9}},{"path":"src/test/java/customer/CustomerListTest.java","fileType":"test-code","lines":[{"lineNumber":1,"author":{"gitId":"rexkoh425"},"content":"package customer;","lastModifiedDate":"2024-10-11","isFullCredit":false},{"lineNumber":2,"author":{"gitId":"rexkoh425"},"content":"","lastModifiedDate":"2024-10-11","isFullCredit":false},{"lineNumber":3,"author":{"gitId":"rexkoh425"},"content":"import static org.junit.jupiter.api.Assertions.assertEquals;","lastModifiedDate":"2024-10-11","isFullCredit":false},{"lineNumber":4,"author":{"gitId":"rexkoh425"},"content":"import org.junit.jupiter.api.Test;","lastModifiedDate":"2024-10-11","isFullCredit":false},{"lineNumber":5,"author":{"gitId":"rexkoh425"},"content":"","lastModifiedDate":"2024-10-11","isFullCredit":false},{"lineNumber":6,"author":{"gitId":"rexkoh425"},"content":"public class CustomerListTest {","lastModifiedDate":"2024-10-11","isFullCredit":false},{"lineNumber":7,"author":{"gitId":"rexkoh425"},"content":"","lastModifiedDate":"2024-10-11","isFullCredit":false},{"lineNumber":8,"author":{"gitId":"rexkoh425"},"content":"    @Test","lastModifiedDate":"2024-10-11","isFullCredit":false},{"lineNumber":9,"author":{"gitId":"rexkoh425"},"content":"    public void testAddCustomer() {","lastModifiedDate":"2024-10-11","isFullCredit":false},{"lineNumber":10,"author":{"gitId":"rexkoh425"},"content":"        Customer customer1 \u003d new Customer(\"John\" , 18 , 98414916);","lastModifiedDate":"2024-10-11","isFullCredit":false},{"lineNumber":11,"author":{"gitId":"rexkoh425"},"content":"        Customer customer2 \u003d new Customer(\"Mary\" , 20 , 98411416);","lastModifiedDate":"2024-10-11","isFullCredit":false},{"lineNumber":12,"author":{"gitId":"rexkoh425"},"content":"        CustomerList.addCustomer(customer1);","lastModifiedDate":"2024-10-11","isFullCredit":false},{"lineNumber":13,"author":{"gitId":"rexkoh425"},"content":"        CustomerList.addCustomer(customer2);","lastModifiedDate":"2024-10-11","isFullCredit":false},{"lineNumber":14,"author":{"gitId":"rexkoh425"},"content":"        assertEquals(2 , CustomerList.getCustomers().size());","lastModifiedDate":"2024-10-11","isFullCredit":false},{"lineNumber":15,"author":{"gitId":"rexkoh425"},"content":"        assertEquals(customer1, CustomerList.getCustomers().get(0));","lastModifiedDate":"2024-10-11","isFullCredit":false},{"lineNumber":16,"author":{"gitId":"rexkoh425"},"content":"        assertEquals(customer2, CustomerList.getCustomers().get(1));","lastModifiedDate":"2024-10-11","isFullCredit":false},{"lineNumber":17,"author":{"gitId":"rexkoh425"},"content":"    }","lastModifiedDate":"2024-10-11","isFullCredit":false},{"lineNumber":18,"author":{"gitId":"rexkoh425"},"content":"}","lastModifiedDate":"2024-10-11","isFullCredit":false}],"authorContributionMap":{"rexkoh425":18}},{"path":"src/test/java/customer/CustomerTest.java","fileType":"test-code","lines":[{"lineNumber":1,"author":{"gitId":"rexkoh425"},"content":"package customer;","lastModifiedDate":"2024-10-11","isFullCredit":false},{"lineNumber":2,"author":{"gitId":"rexkoh425"},"content":"","lastModifiedDate":"2024-10-11","isFullCredit":false},{"lineNumber":3,"author":{"gitId":"rexkoh425"},"content":"import static org.junit.jupiter.api.Assertions.assertEquals;","lastModifiedDate":"2024-10-11","isFullCredit":false},{"lineNumber":4,"author":{"gitId":"rexkoh425"},"content":"import org.junit.jupiter.api.Test;","lastModifiedDate":"2024-10-11","isFullCredit":false},{"lineNumber":5,"author":{"gitId":"rexkoh425"},"content":"","lastModifiedDate":"2024-10-11","isFullCredit":false},{"lineNumber":6,"author":{"gitId":"rexkoh425"},"content":"public class CustomerTest {","lastModifiedDate":"2024-10-11","isFullCredit":false},{"lineNumber":7,"author":{"gitId":"rexkoh425"},"content":"","lastModifiedDate":"2024-10-11","isFullCredit":false},{"lineNumber":8,"author":{"gitId":"rexkoh425"},"content":"    @Test","lastModifiedDate":"2024-10-11","isFullCredit":false},{"lineNumber":9,"author":{"gitId":"rexkoh425"},"content":"    public void testCustomerGetters() {","lastModifiedDate":"2024-10-11","isFullCredit":false},{"lineNumber":10,"author":{"gitId":"rexkoh425"},"content":"        Customer customer \u003d new Customer(\"John\" , 18 , 97193723);","lastModifiedDate":"2024-10-11","isFullCredit":false},{"lineNumber":11,"author":{"gitId":"rexkoh425"},"content":"        assertEquals(\"John\" , customer.getUsername());","lastModifiedDate":"2024-10-11","isFullCredit":false},{"lineNumber":12,"author":{"gitId":"rexkoh425"},"content":"        assertEquals(18 , customer.getAge());","lastModifiedDate":"2024-10-11","isFullCredit":false},{"lineNumber":13,"author":{"gitId":"rexkoh425"},"content":"        assertEquals(97193723 , customer.getContactNumber());","lastModifiedDate":"2024-10-11","isFullCredit":false},{"lineNumber":14,"author":{"gitId":"rexkoh425"},"content":"    }","lastModifiedDate":"2024-10-11","isFullCredit":false},{"lineNumber":15,"author":{"gitId":"rexkoh425"},"content":"","lastModifiedDate":"2024-10-11","isFullCredit":false},{"lineNumber":16,"author":{"gitId":"rexkoh425"},"content":"    @Test","lastModifiedDate":"2024-10-11","isFullCredit":false},{"lineNumber":17,"author":{"gitId":"rexkoh425"},"content":"    public void testSetters(){","lastModifiedDate":"2024-10-11","isFullCredit":false},{"lineNumber":18,"author":{"gitId":"rexkoh425"},"content":"        Customer customer \u003d new Customer(\"John\" , 18 , 97193723);","lastModifiedDate":"2024-10-11","isFullCredit":false},{"lineNumber":19,"author":{"gitId":"rexkoh425"},"content":"        customer.setUsername(\"Mary\");","lastModifiedDate":"2024-10-11","isFullCredit":false},{"lineNumber":20,"author":{"gitId":"rexkoh425"},"content":"        customer.setAge(20);","lastModifiedDate":"2024-10-11","isFullCredit":false},{"lineNumber":21,"author":{"gitId":"rexkoh425"},"content":"        customer.setContactNumber(97529752);","lastModifiedDate":"2024-10-11","isFullCredit":false},{"lineNumber":22,"author":{"gitId":"rexkoh425"},"content":"        assertEquals(\"Mary\" , customer.getUsername());","lastModifiedDate":"2024-10-11","isFullCredit":false},{"lineNumber":23,"author":{"gitId":"rexkoh425"},"content":"        assertEquals(20 , customer.getAge());","lastModifiedDate":"2024-10-11","isFullCredit":false},{"lineNumber":24,"author":{"gitId":"rexkoh425"},"content":"        assertEquals(97529752 , customer.getContactNumber());","lastModifiedDate":"2024-10-11","isFullCredit":false},{"lineNumber":25,"author":{"gitId":"rexkoh425"},"content":"    }","lastModifiedDate":"2024-10-11","isFullCredit":false},{"lineNumber":26,"author":{"gitId":"rexkoh425"},"content":"}","lastModifiedDate":"2024-10-11","isFullCredit":false}],"authorContributionMap":{"rexkoh425":26}},{"path":"src/test/java/parser/ParserTest.java","fileType":"test-code","lines":[{"lineNumber":1,"author":{"gitId":"rexkoh425"},"content":"package parser;","lastModifiedDate":"2024-10-13","isFullCredit":false},{"lineNumber":2,"author":{"gitId":"rexkoh425"},"content":"","lastModifiedDate":"2024-10-13","isFullCredit":false},{"lineNumber":3,"author":{"gitId":"rexkoh425"},"content":"import customer.Customer;","lastModifiedDate":"2024-10-13","isFullCredit":false},{"lineNumber":4,"author":{"gitId":"rexkoh425"},"content":"import org.junit.jupiter.api.Test;","lastModifiedDate":"2024-10-13","isFullCredit":false},{"lineNumber":5,"author":{"gitId":"rexkoh425"},"content":"import static org.junit.jupiter.api.Assertions.assertEquals;","lastModifiedDate":"2024-10-13","isFullCredit":false},{"lineNumber":6,"author":{"gitId":"rexkoh425"},"content":"","lastModifiedDate":"2024-10-13","isFullCredit":false},{"lineNumber":7,"author":{"gitId":"rexkoh425"},"content":"public class ParserTest {","lastModifiedDate":"2024-10-13","isFullCredit":false},{"lineNumber":8,"author":{"gitId":"rexkoh425"},"content":"","lastModifiedDate":"2024-10-13","isFullCredit":false},{"lineNumber":9,"author":{"gitId":"rexkoh425"},"content":"    @Test","lastModifiedDate":"2024-10-13","isFullCredit":false},{"lineNumber":10,"author":{"gitId":"rexkoh425"},"content":"    void parseParameterContents() {","lastModifiedDate":"2024-10-13","isFullCredit":false},{"lineNumber":11,"author":{"gitId":"rexkoh425"},"content":"        Parser.userInput \u003d \"add-user /u test /a 18 /c 92750174\";","lastModifiedDate":"2024-10-13","isFullCredit":false},{"lineNumber":12,"author":{"gitId":"rexkoh425"},"content":"        String[] parameters \u003d { \"/u\" , \"/a\" , \"/c\"};","lastModifiedDate":"2024-10-13","isFullCredit":false},{"lineNumber":13,"author":{"gitId":"rexkoh425"},"content":"        String[] contents \u003d Parser.parseParameterContents(parameters);","lastModifiedDate":"2024-10-13","isFullCredit":false},{"lineNumber":14,"author":{"gitId":"rexkoh425"},"content":"        assert contents[0].equals(\"test\");","lastModifiedDate":"2024-10-13","isFullCredit":false},{"lineNumber":15,"author":{"gitId":"rexkoh425"},"content":"        assert contents[1].equals(\"18\");","lastModifiedDate":"2024-10-13","isFullCredit":false},{"lineNumber":16,"author":{"gitId":"rexkoh425"},"content":"        assert contents[2].equals(\"92750174\");","lastModifiedDate":"2024-10-13","isFullCredit":false},{"lineNumber":17,"author":{"gitId":"rexkoh425"},"content":"    }","lastModifiedDate":"2024-10-13","isFullCredit":false},{"lineNumber":18,"author":{"gitId":"rexkoh425"},"content":"","lastModifiedDate":"2024-10-13","isFullCredit":false},{"lineNumber":19,"author":{"gitId":"rexkoh425"},"content":"    @Test","lastModifiedDate":"2024-10-13","isFullCredit":false},{"lineNumber":20,"author":{"gitId":"rexkoh425"},"content":"    void parseIntoCustomer() {","lastModifiedDate":"2024-10-13","isFullCredit":false},{"lineNumber":21,"author":{"gitId":"rexkoh425"},"content":"        Parser.userInput \u003d \"add-user /u test /a 18 /c 92750174\";","lastModifiedDate":"2024-10-13","isFullCredit":false},{"lineNumber":22,"author":{"gitId":"rexkoh425"},"content":"        Customer customer \u003d Parser.parseIntoCustomer();","lastModifiedDate":"2024-10-13","isFullCredit":false},{"lineNumber":23,"author":{"gitId":"rexkoh425"},"content":"        assertEquals(\"test\" , customer.getUsername());","lastModifiedDate":"2024-10-13","isFullCredit":false},{"lineNumber":24,"author":{"gitId":"rexkoh425"},"content":"        assertEquals(18 , customer.getAge());","lastModifiedDate":"2024-10-13","isFullCredit":false},{"lineNumber":25,"author":{"gitId":"rexkoh425"},"content":"        assertEquals( 92750174 , customer.getContactNumber());","lastModifiedDate":"2024-10-13","isFullCredit":false},{"lineNumber":26,"author":{"gitId":"rexkoh425"},"content":"    }","lastModifiedDate":"2024-10-13","isFullCredit":false},{"lineNumber":27,"author":{"gitId":"rexkoh425"},"content":"}","lastModifiedDate":"2024-10-13","isFullCredit":false}],"authorContributionMap":{"rexkoh425":27}},{"path":"src/test/java/seedu/clirental/CliRental.java","fileType":"test-code","lines":[{"lineNumber":1,"author":{"gitId":"rexkoh425"},"content":"package seedu.clirental;","lastModifiedDate":"2024-10-14","isFullCredit":false},{"lineNumber":2,"author":{"gitId":"-"},"content":"","lastModifiedDate":"2020-05-24","isFullCredit":false},{"lineNumber":3,"author":{"gitId":"-"},"content":"import static org.junit.jupiter.api.Assertions.assertTrue;","lastModifiedDate":"2020-05-24","isFullCredit":false},{"lineNumber":4,"author":{"gitId":"-"},"content":"import org.junit.jupiter.api.Test;","lastModifiedDate":"2020-05-24","isFullCredit":false},{"lineNumber":5,"author":{"gitId":"-"},"content":"","lastModifiedDate":"2020-05-24","isFullCredit":false},{"lineNumber":6,"author":{"gitId":"rexkoh425"},"content":"class CliRentalTest {","lastModifiedDate":"2024-10-14","isFullCredit":false},{"lineNumber":7,"author":{"gitId":"-"},"content":"    @Test","lastModifiedDate":"2020-05-24","isFullCredit":false},{"lineNumber":8,"author":{"gitId":"-"},"content":"    public void sampleTest() {","lastModifiedDate":"2020-05-24","isFullCredit":false},{"lineNumber":9,"author":{"gitId":"-"},"content":"        assertTrue(true);","lastModifiedDate":"2020-05-24","isFullCredit":false},{"lineNumber":10,"author":{"gitId":"-"},"content":"    }","lastModifiedDate":"2020-05-24","isFullCredit":false},{"lineNumber":11,"author":{"gitId":"-"},"content":"}","lastModifiedDate":"2020-05-24","isFullCredit":false}],"authorContributionMap":{"rexkoh425":2,"-":9}}]
