{"authorDailyContributionsMap":{"SemiColonKen":[{"date":"2024-10-16","commitResults":[{"hash":"8780ea67cda8affee2186c06d96e56f69a5e636d","isMergeCommit":false,"messageTitle":"Added add rental transaction functionality","messageBody":"","fileTypesAndContributionMap":{"functional-code":{"insertions":196,"deletions":0}}},{"hash":"9902af8465bde34d719c1ec7e47e6bcfdf332c44","isMergeCommit":true,"messageTitle":"Merge branch \u0027add-rental-tx\u0027","messageBody":"","fileTypesAndContributionMap":{}},{"hash":"ab8110dc6318ed2fcfc251cee15048c8dcbbfb5c","isMergeCommit":true,"messageTitle":"Merge branch \u0027master\u0027 into add-rental-tx","messageBody":"","fileTypesAndContributionMap":{}},{"hash":"2afb59bfef5c8658789fca5bed6f8fa2bd64b5af","isMergeCommit":false,"messageTitle":"remove try catch method for ADD_RENTAL_COMMAND","messageBody":"","fileTypesAndContributionMap":{"functional-code":{"insertions":2,"deletions":6}}},{"hash":"dfa852d4907fde1797b910a025f291c880a0d640","isMergeCommit":false,"messageTitle":"Update Parser.java","messageBody":"Change ADD_RENTAL_COMMAND to ADD_TRANSACTION_COMMAND\r\n\r\nADD_TRANSACTION_COMMAND to return false for isExit","fileTypesAndContributionMap":{"functional-code":{"insertions":3,"deletions":2}}},{"hash":"d65144f94c1b53465a2a50a5c5354e0e96276e05","isMergeCommit":true,"messageTitle":"Resolved Conflict","messageBody":"","fileTypesAndContributionMap":{}},{"hash":"4b37729225f890406d31b634206149d9359f2930","isMergeCommit":true,"messageTitle":"Merge branch \u0027add-rental-tx\u0027 of https://github.com/SemiColonKen/tp into add-rental-tx","messageBody":"","fileTypesAndContributionMap":{}},{"hash":"156d82171e4489cfdd684eef9617c9405dc67fa3","isMergeCommit":true,"messageTitle":"Merge branch \u0027master\u0027 into add-rental-tx","messageBody":"","fileTypesAndContributionMap":{}},{"hash":"76eabbb7edd60f4bc7648f7a0c2b3fc30354455d","isMergeCommit":false,"messageTitle":"Update RentalSystem.java","messageBody":"Remove main method as it is not necessary. \r\n\r\nMain method previously was used to handle empty and unknown command, which is being handled by parser.","fileTypesAndContributionMap":{"functional-code":{"insertions":0,"deletions":15}}},{"hash":"5c9ba5cb75f38b77184e95a8e6492cdb57da20b2","isMergeCommit":true,"messageTitle":"Merge pull request #69 from SemiColonKen/add-rental-tx","messageBody":"A-AddRentalTransaction","fileTypesAndContributionMap":{}},{"hash":"27b1e272331bf12202e883076d9405a2b69d564f","isMergeCommit":false,"messageTitle":"Resolved comments","messageBody":"","fileTypesAndContributionMap":{"functional-code":{"insertions":5,"deletions":0}}},{"hash":"8dd3f34f6892840765e2e84cc295366d2913a86f","isMergeCommit":false,"messageTitle":"Resolved comments","messageBody":"","fileTypesAndContributionMap":{"functional-code":{"insertions":2,"deletions":2}}},{"hash":"8c3da7bbd1056c0f3dac807f390ee707b68f57e3","isMergeCommit":true,"messageTitle":"Resolved conflict","messageBody":"","fileTypesAndContributionMap":{}},{"hash":"79cabd0fa06fb4ebaa5a82178ba089c0c1be4c38","isMergeCommit":false,"messageTitle":"Change from rental class to transaction class. Change from swithc class to the standard way for TransactionParser","messageBody":"","fileTypesAndContributionMap":{"functional-code":{"insertions":130,"deletions":124},"other":{"insertions":13,"deletions":3}}},{"hash":"2fe169f0f4b5e7f0df1a0104ab28d3c2c0ff88c0","isMergeCommit":true,"messageTitle":"Merge branch \u0027add-rental-tx\u0027 of https://github.com/SemiColonKen/tp","messageBody":"","fileTypesAndContributionMap":{}}]},{"date":"2024-10-17","commitResults":[{"hash":"e2172594eb5c9ecf0f61c74befb2cfe8c9b6f8f1","isMergeCommit":true,"messageTitle":"Merge branch \u0027master\u0027 of https://github.com/SemiColonKen/tp","messageBody":"","fileTypesAndContributionMap":{}},{"hash":"ce666a3e78bcb4bdba723b7c98ba6b2b679cbec7","isMergeCommit":false,"messageTitle":"resolved conflict (hopefully)","messageBody":"","fileTypesAndContributionMap":{"functional-code":{"insertions":4,"deletions":4},"other":{"insertions":2,"deletions":2}}},{"hash":"16d52da43a57450cb6f853e12a04b11712691100","isMergeCommit":true,"messageTitle":"Merge branch \u0027master\u0027 into add-rental-tx","messageBody":"","fileTypesAndContributionMap":{}},{"hash":"d22e7d45f73063ecf6aa8d7f985bc7b6ae7a3966","isMergeCommit":false,"messageTitle":"Update TransactionList.java","messageBody":"missing curly bracket line 77","fileTypesAndContributionMap":{"functional-code":{"insertions":1,"deletions":0}}},{"hash":"41fc97a2ca16659a30d254e9421310fdc3417433","isMergeCommit":false,"messageTitle":"Update TransactionList.java","messageBody":"one more curly line 78","fileTypesAndContributionMap":{"functional-code":{"insertions":1,"deletions":0}}},{"hash":"3649ac75ec24cb7cb600dbe4e231418073935c4a","isMergeCommit":false,"messageTitle":"Update TransactionList.java","messageBody":"checkstyle update","fileTypesAndContributionMap":{"functional-code":{"insertions":4,"deletions":2}}},{"hash":"309b40819795e7cf30c4556602c9fdc9027ed05b","isMergeCommit":false,"messageTitle":"Update TransactionParser.java","messageBody":"checkstyle update","fileTypesAndContributionMap":{"functional-code":{"insertions":2,"deletions":1}}},{"hash":"dae8cec47cecbda3dff65b63ba8c8239b733b779","isMergeCommit":true,"messageTitle":"Merge pull request #76 from SemiColonKen/add-rental-tx","messageBody":"Add transaction","fileTypesAndContributionMap":{}},{"hash":"08e69ef5274a4c802fd628099d5ebdc60308b03f","isMergeCommit":false,"messageTitle":"added remove customer command","messageBody":"","fileTypesAndContributionMap":{"functional-code":{"insertions":25,"deletions":2}}},{"hash":"f8a59f0b5674b22ca542abd45ca9ac73638d91f9","isMergeCommit":true,"messageTitle":"resolved conflict for Parser due to forgotten pull request earlier on","messageBody":"","fileTypesAndContributionMap":{}},{"hash":"256457e270e4504b2cc5a6d5495bde10dbf2f025","isMergeCommit":true,"messageTitle":"Merge pull request #78 from SemiColonKen/add-rental-tx","messageBody":"A-RemoveCustomer","fileTypesAndContributionMap":{}},{"hash":"6e090cf98756149b27b361930276bf580dc91574","isMergeCommit":false,"messageTitle":"Parser now adds a new transaction. Successfully implemented remove-tx. Transaction ID now changes (increment starting from TX1) for each newly added transaction","messageBody":"","fileTypesAndContributionMap":{"functional-code":{"insertions":60,"deletions":162}}}]},{"date":"2024-10-21","commitResults":[{"hash":"5eacd81cd4fdad1c8fbca3b10ae25d2385bfc9a1","isMergeCommit":false,"messageTitle":"Resolved add transaction error where the transaction was only printed. Added transaction ID.","messageBody":"","fileTypesAndContributionMap":{"functional-code":{"insertions":2,"deletions":22}}},{"hash":"3812c885e47cae210e499bd4afc8940044cfa69f","isMergeCommit":false,"messageTitle":"Resolved Gradle error","messageBody":"","fileTypesAndContributionMap":{"functional-code":{"insertions":2,"deletions":3}}},{"hash":"6ee3dd394e8a5fa105eba213e656f1bf6bc0ef7a","isMergeCommit":false,"messageTitle":"Resolved Gradle error","messageBody":"","fileTypesAndContributionMap":{"functional-code":{"insertions":2,"deletions":1}}}]},{"date":"2024-10-30","commitResults":[{"hash":"7c6ddcdacefb58bd3a92bf26995003f49253c173","isMergeCommit":true,"messageTitle":"Merge pull request #109 from rexkoh425/A-SaveFile","messageBody":"A-SaveFile","fileTypesAndContributionMap":{}}]},{"date":"2024-11-01","commitResults":[{"hash":"175f87e58e9295d7b1dfae5ef578451eea360682","isMergeCommit":true,"messageTitle":"Merge branch \u0027master\u0027 of https://github.com/SemiColonKen/tp","messageBody":"","fileTypesAndContributionMap":{}}]},{"date":"2024-11-07","commitResults":[{"hash":"38ffbe75adbd58e26b263cca1164bf15e14cc506","isMergeCommit":false,"messageTitle":"Change data type for duration to int. Change data type for startDate to LocalDate. Added exception checks for parser for startDate. Moved valid and existing CarLicensePlate check from TransactionList to TransactionParser. Added additonal text in HelpParser. Added exception checks for duration. Change the parser input catch to be align with other packages.","messageBody":"","fileTypesAndContributionMap":{"functional-code":{"insertions":53,"deletions":23}}},{"hash":"d0e8a489b1e055273161d84d1750f2bb145e0039","isMergeCommit":false,"messageTitle":"Added mockito dependency in gradle. Put dateTimeFormatter as a public variable","messageBody":"","fileTypesAndContributionMap":{"functional-code":{"insertions":3,"deletions":2},"other":{"insertions":1,"deletions":0}}},{"hash":"72064ce8a32890466c04933dc8f297956de6691a","isMergeCommit":false,"messageTitle":"Change variables in test to match the new variable type in code","messageBody":"","fileTypesAndContributionMap":{"test-code":{"insertions":638,"deletions":0}}},{"hash":"b1859650ba4903d0194a854573b764e7e4cd6bfe","isMergeCommit":true,"messageTitle":"Resolved merge error","messageBody":"","fileTypesAndContributionMap":{}},{"hash":"af84192e29cc54ea4c4436e22c6079977f762dc4","isMergeCommit":false,"messageTitle":"Fixed build check failure in pull request","messageBody":"","fileTypesAndContributionMap":{"test-code":{"insertions":9,"deletions":9}}},{"hash":"9d3fc94fa05a8ea0fd643b1fd15ecd0c5deb2cca","isMergeCommit":false,"messageTitle":"resolve remover-user bug and added checks for remove-user userInput","messageBody":"","fileTypesAndContributionMap":{"functional-code":{"insertions":21,"deletions":10}}},{"hash":"e439b83fee05a0a16f33b32624c1f40608df880c","isMergeCommit":true,"messageTitle":"Merge branch \u0027master\u0027 into master","messageBody":"","fileTypesAndContributionMap":{}},{"hash":"2a3bd8d149b8b8070f0ed786278e0674fe075ce1","isMergeCommit":true,"messageTitle":"Fix merge conflict and updated remove-user function","messageBody":"","fileTypesAndContributionMap":{}},{"hash":"c6dc18c8135f7823d2693490aa85e2d3fae883ff","isMergeCommit":false,"messageTitle":"Added missing exceptions","messageBody":"","fileTypesAndContributionMap":{"functional-code":{"insertions":10,"deletions":1}}},{"hash":"e839fbb8d291fb9efc44f32387db651e601e8dd1","isMergeCommit":false,"messageTitle":"Remove unused import in CustomerParser","messageBody":"","fileTypesAndContributionMap":{"functional-code":{"insertions":0,"deletions":1}}},{"hash":"c30fbd248a2a5ac894315bde1423008db2120fbc","isMergeCommit":false,"messageTitle":"Resolve IO redirection test failure","messageBody":"","fileTypesAndContributionMap":{"functional-code":{"insertions":6,"deletions":6},"docs":{"insertions":1,"deletions":1}}},{"hash":"0e25903fd96ee7973597b246114ba38a64f41589","isMergeCommit":false,"messageTitle":"Added startDate format guide for parser and in test and UserGuide","messageBody":"","fileTypesAndContributionMap":{"functional-code":{"insertions":2,"deletions":3},"docs":{"insertions":3,"deletions":3}}},{"hash":"adcd851126d7f79b76e05b1232550d83f25ef6c4","isMergeCommit":false,"messageTitle":"add-tx will check if customer has been added to customer list. Replaced username to customerName for better clarity.","messageBody":"","fileTypesAndContributionMap":{"functional-code":{"insertions":59,"deletions":26},"test-code":{"insertions":7,"deletions":7}}},{"hash":"7ab20955c58962d65c9d38b2ab32de1bfd25f212","isMergeCommit":false,"messageTitle":"update TransactionList, TransactionFile and CustomerList to overcome checkstyle error","messageBody":"","fileTypesAndContributionMap":{"functional-code":{"insertions":0,"deletions":2}}},{"hash":"14d5b4705ac44c2893f39ed6b56b60886480bcba","isMergeCommit":false,"messageTitle":"Update TransactionList.java","messageBody":"","fileTypesAndContributionMap":{"functional-code":{"insertions":0,"deletions":4}}},{"hash":"9635b855907ce6024b0781f478d2bdf00548e1b2","isMergeCommit":false,"messageTitle":"Update CustomerList.java","messageBody":"","fileTypesAndContributionMap":{"functional-code":{"insertions":0,"deletions":2}}},{"hash":"a60362d0b080971b6509617abdf793f6e7d00725","isMergeCommit":false,"messageTitle":"resolve TransactionFileTest failure where 17-10-2024 cannot be parsed","messageBody":"","fileTypesAndContributionMap":{"functional-code":{"insertions":9,"deletions":10}}},{"hash":"74c7e6fec602a1c608652daeb8fe1fcd00155d06","isMergeCommit":true,"messageTitle":"Merge branch \u0027master\u0027 of https://github.com/SemiColonKen/tp","messageBody":"","fileTypesAndContributionMap":{}},{"hash":"a45e9b2613a78f8e84f861763b6bf3943ba470b7","isMergeCommit":false,"messageTitle":"resolve testToStringWhenCompleted failure where Start Date are not in right format","messageBody":"","fileTypesAndContributionMap":{"test-code":{"insertions":4,"deletions":4}}}]}],"rexkoh425":[{"date":"2024-10-03","commitResults":[{"hash":"e7adc2d3d26766479f947c6af99fb14a1cfc3efb","isMergeCommit":false,"messageTitle":"Added Rex\u0027s Profile","messageBody":"","fileTypesAndContributionMap":{"docs":{"insertions":3,"deletions":7}}},{"hash":"94ee5ea07bed7730c285440be9871a293046b025","isMergeCommit":true,"messageTitle":"Merge pull request #1 from rexkoh425/RexKoh-AboutUs","messageBody":"Added Rex\u0027s Profile","fileTypesAndContributionMap":{}}]},{"date":"2024-10-13","commitResults":[{"hash":"918ffe65239c59ef00d4c2e71d3575adb8b1577f","isMergeCommit":false,"messageTitle":"Add Customer and CustomerList class","messageBody":"Implemented methods required for add-user commands.\nImplemented JUnit test for Customer in CustomerTest class.\n","fileTypesAndContributionMap":{"functional-code":{"insertions":67,"deletions":5},"test-code":{"insertions":31,"deletions":1}}},{"hash":"7039ef24da64ec436c92e03648cc1063add0931c","isMergeCommit":false,"messageTitle":"Implement JUnit test for CustomerList","messageBody":"CustomerListTest contains JUnit test for CustomerList\n","fileTypesAndContributionMap":{"functional-code":{"insertions":3,"deletions":1},"test-code":{"insertions":14,"deletions":0}}},{"hash":"9369071b079c57f999c589840873521183cb9872","isMergeCommit":false,"messageTitle":"Add basic Parser Class","messageBody":"Implemented support for parsing add-user command\n","fileTypesAndContributionMap":{"functional-code":{"insertions":33,"deletions":4}}},{"hash":"dc36ba9fc55df19dbe0a64b0ce8d10e7c25a1648","isMergeCommit":false,"messageTitle":"Add exceptions for Customer","messageBody":"CustomerException class will handle Customer related exceptions\n","fileTypesAndContributionMap":{"functional-code":{"insertions":18,"deletions":0}}},{"hash":"2275b524fe677d6297b2752d4fd1b3783f8e4265","isMergeCommit":false,"messageTitle":"Bug fix for add-user command","messageBody":"Parser was parsing add-user command wrongly.This resulted in the\nNumberFormatException when a string containing words is parsed\ninto integer.\n","fileTypesAndContributionMap":{"functional-code":{"insertions":103,"deletions":7},"test-code":{"insertions":30,"deletions":0}}},{"hash":"79e12d45a23827a47ff0250c04cf1c4f43eea9c4","isMergeCommit":false,"messageTitle":"Add javadoc comments","messageBody":"","fileTypesAndContributionMap":{"functional-code":{"insertions":18,"deletions":4}}},{"hash":"d7288b1e74fc64450a4f87a6378072e91ce52a36","isMergeCommit":false,"messageTitle":"Remove unused imports and methods","messageBody":"","fileTypesAndContributionMap":{"functional-code":{"insertions":0,"deletions":5},"test-code":{"insertions":0,"deletions":4}}},{"hash":"fdc559e4f7a414edd4a8310834b6747b902ec5fb","isMergeCommit":false,"messageTitle":"Update Text-Ui-test to include add-user command","messageBody":"","fileTypesAndContributionMap":{"functional-code":{"insertions":3,"deletions":3}}},{"hash":"56eb6f70b5551f3b140b4aba3dbbf63ae8023ce4","isMergeCommit":false,"messageTitle":"Remove unused imports","messageBody":"","fileTypesAndContributionMap":{"functional-code":{"insertions":0,"deletions":1}}}]},{"date":"2024-10-14","commitResults":[{"hash":"371b5d073ec70ead3172cf51d80d0644dca58e2f","isMergeCommit":false,"messageTitle":"Edit UG for add-user command","messageBody":"Added the formatting and example of add-user command to UserGuide.md\n","fileTypesAndContributionMap":{"docs":{"insertions":16,"deletions":20}}},{"hash":"738f00f9a2a6cc327f53858e7ec57240b632c6af","isMergeCommit":false,"messageTitle":"Edit code based on review on A-AddCustomer Pull Request","messageBody":"","fileTypesAndContributionMap":{"functional-code":{"insertions":3,"deletions":3}}},{"hash":"d9fb05378ad0f1c28c3241ccf5e6c9ff2675ae9e","isMergeCommit":false,"messageTitle":"Rename Duke to CliRental for class and package name","messageBody":"","fileTypesAndContributionMap":{"other":{"insertions":6,"deletions":6}}},{"hash":"e79da846dbe6d1b7480c90e7c441fe48f5c8096b","isMergeCommit":true,"messageTitle":"Merge pull request #55 from rexkoh425/A-AddCustomers","messageBody":"A-AddCustomerUG","fileTypesAndContributionMap":{}}]},{"date":"2024-10-16","commitResults":[{"hash":"55d21253c241678add0ce9582626a317d35ef9dd","isMergeCommit":true,"messageTitle":"Merge pull request #60 from CT9ARyan/branch-AddCar","messageBody":"A-AddCar","fileTypesAndContributionMap":{}},{"hash":"b7c2ddb75a54dd5926a8cafcb060516e157a9b0a","isMergeCommit":false,"messageTitle":"Add method to list cars in CarList class","messageBody":"","fileTypesAndContributionMap":{"functional-code":{"insertions":20,"deletions":0},"test-code":{"insertions":16,"deletions":0}}},{"hash":"57389c4977f7eaa3254491f87aad1e46b36a9a8d","isMergeCommit":false,"messageTitle":"Remove unused imports","messageBody":"","fileTypesAndContributionMap":{"test-code":{"insertions":0,"deletions":1}}},{"hash":"1f3e82fd84189cb832c37384c4489752ada2cd6a","isMergeCommit":false,"messageTitle":"Update UG for list-cars command","messageBody":"","fileTypesAndContributionMap":{"docs":{"insertions":6,"deletions":0}}},{"hash":"8f8be6d965821e081535fa1520029e74cb412cc0","isMergeCommit":false,"messageTitle":"Edit list to start from 1 instead of 0","messageBody":"","fileTypesAndContributionMap":{"functional-code":{"insertions":1,"deletions":1}}},{"hash":"05619f8d476f334b312147bbc5c4dac9926f0173","isMergeCommit":false,"messageTitle":"Edit according to comments to PR","messageBody":"Changed method name to list all cars to printCarList().\n\nUsed concatenation for printCarList().\n","fileTypesAndContributionMap":{"functional-code":{"insertions":4,"deletions":8},"test-code":{"insertions":1,"deletions":1}}},{"hash":"ff9dc533fa2c3c6fe105e263837b782175221381","isMergeCommit":false,"messageTitle":"Change print to println in printCarList()","messageBody":"","fileTypesAndContributionMap":{"functional-code":{"insertions":1,"deletions":1}}},{"hash":"6a3686045a66c4050c695f1f0aeebc7fa99114fa","isMergeCommit":false,"messageTitle":"Change LIST_CAR_COMMAND to LIST_CARS_COMMAND","messageBody":"","fileTypesAndContributionMap":{"functional-code":{"insertions":2,"deletions":2}}},{"hash":"e1b1065293fea994ec2fe5225ee6526c6dd71245","isMergeCommit":true,"messageTitle":"Merge branch \u0027master\u0027 into A-ListRentalCars","messageBody":"","fileTypesAndContributionMap":{}},{"hash":"95748ab7a4c5c4716095ad7a7b23fe41ee3b6a3d","isMergeCommit":false,"messageTitle":"Add list-cars command Parser.parse methods","messageBody":"","fileTypesAndContributionMap":{"functional-code":{"insertions":4,"deletions":0}}},{"hash":"f49abba1c377472feaae38e14e334062b81538ac","isMergeCommit":true,"messageTitle":"Merge pull request #75 from rexkoh425/A-ListRentalCars","messageBody":"A-ListRentalCarsBugFix","fileTypesAndContributionMap":{}}]},{"date":"2024-10-24","commitResults":[{"hash":"4a8ddeb783145c5a54717d15b688b72875f21fc9","isMergeCommit":false,"messageTitle":"Update car object to contain rented status","messageBody":"list-cars command will now print rented status of the car too\n","fileTypesAndContributionMap":{"functional-code":{"insertions":20,"deletions":6},"test-code":{"insertions":5,"deletions":2}}},{"hash":"f02e68c7cea0242a62a52a94b3c907bb77bbe955","isMergeCommit":false,"messageTitle":"Update user guide for cars","messageBody":"Add sample response to user guide for list-cars and add-user command\n","fileTypesAndContributionMap":{"docs":{"insertions":25,"deletions":1}}},{"hash":"1b8cf8c566b564b54a035614a203abf977304063","isMergeCommit":false,"messageTitle":"Remove wildcard imports from CarTest","messageBody":"","fileTypesAndContributionMap":{"test-code":{"insertions":3,"deletions":2}}},{"hash":"2a4deff6283a49aca1af793d83993a05aff6c626","isMergeCommit":false,"messageTitle":"Update UG according to comments","messageBody":"","fileTypesAndContributionMap":{"docs":{"insertions":1,"deletions":1}}},{"hash":"9382b943ac5dc69b01d7a2312920fe1bfcf25cd2","isMergeCommit":false,"messageTitle":"Revert \"Update UG according to comments\"","messageBody":"This reverts commit 2a4deff6283a49aca1af793d83993a05aff6c626.\n","fileTypesAndContributionMap":{"docs":{"insertions":1,"deletions":1}}},{"hash":"d7b42ea3650f2675637977f55b509790d35f2c5d","isMergeCommit":false,"messageTitle":"Update UG according to comments","messageBody":"","fileTypesAndContributionMap":{"docs":{"insertions":1,"deletions":1}}},{"hash":"840ded27439f313fe26172e539727b693a8179a9","isMergeCommit":true,"messageTitle":"Merge pull request #88 from rexkoh425/A-RentedStatus","messageBody":"A-RentedStatus","fileTypesAndContributionMap":{}},{"hash":"05ba7a8df4f1a6bdb09b5eb7741dee87787739bc","isMergeCommit":true,"messageTitle":"Merge branch \u0027AY2425S1-CS2113-T11-3:master\u0027 into master","messageBody":"","fileTypesAndContributionMap":{}},{"hash":"a6d8d51933b5502784a8afe61438c7b1c80538f5","isMergeCommit":false,"messageTitle":"Create carData file automatically","messageBody":"carData file is created automatically if it does not exist at the start of the program.\n","fileTypesAndContributionMap":{"functional-code":{"insertions":60,"deletions":0}}},{"hash":"a12cb22102a1f1b990706a66caadf8624178ef06","isMergeCommit":false,"messageTitle":"Add method to create file","messageBody":"Create method to create customer and transaction data file. File is created at the start of program.\n","fileTypesAndContributionMap":{"functional-code":{"insertions":34,"deletions":12}}},{"hash":"fdfe3cc780f6747453cbbf0e4391ac508fbf5e57","isMergeCommit":false,"messageTitle":"Add method to load car data file","messageBody":"carData.txt which contains car data will be loaded upon start of program\n","fileTypesAndContributionMap":{"functional-code":{"insertions":87,"deletions":0}}}]},{"date":"2024-10-25","commitResults":[{"hash":"73bcf7a3fb51c613cba1dbdb85bffe653165444b","isMergeCommit":false,"messageTitle":"Add support to update car data file","messageBody":"carData.txt will be updated after every user input\n","fileTypesAndContributionMap":{"functional-code":{"insertions":34,"deletions":6}}},{"hash":"536a2e7811e0136cfa17477a319daf30f4d4c9d9","isMergeCommit":false,"messageTitle":"Add support for customer data file","messageBody":"1) customerData.txt will be updated after command\n2) customerData.txt will be loaded at the start of the program\n3) customerData.txt will be created if it does not exist at the start of the program\n","fileTypesAndContributionMap":{"functional-code":{"insertions":97,"deletions":5},"test-code":{"insertions":7,"deletions":7}}}]},{"date":"2024-10-27","commitResults":[{"hash":"79fcaa470ce8d6d8abf39fd69f3c37f0e3b5dd83","isMergeCommit":false,"messageTitle":"Add support for transaction data file","messageBody":"1) transactionData.txt will be updated after command\n2) transactionData.txt will be loaded at the start of the program\n3) transactionData.txt will be created if it does not exist at the start of the program\n","fileTypesAndContributionMap":{"functional-code":{"insertions":125,"deletions":15}}}]},{"date":"2024-10-28","commitResults":[{"hash":"35b6defe0242b00fe7132782051f1a83ec3da63e","isMergeCommit":false,"messageTitle":"Add javadoc comment for classes","messageBody":"","fileTypesAndContributionMap":{"functional-code":{"insertions":355,"deletions":215}}},{"hash":"a88351cbcf0e529256b70f14850657e779ccdd80","isMergeCommit":false,"messageTitle":"Enable assertions","messageBody":"","fileTypesAndContributionMap":{"functional-code":{"insertions":1,"deletions":0},"other":{"insertions":1,"deletions":0}}},{"hash":"6f1b926c1aed2b14ebf11c6e9ff7a586d12766d2","isMergeCommit":false,"messageTitle":"Update UG","messageBody":"","fileTypesAndContributionMap":{"docs":{"insertions":32,"deletions":0}}}]},{"date":"2024-10-29","commitResults":[{"hash":"fbdc860bd66a488b3ebefcba768292841d7dc934","isMergeCommit":false,"messageTitle":"Change committer name","messageBody":"Wrong committer name for CustomerParser , likely overridden from previous merges\n","fileTypesAndContributionMap":{"functional-code":{"insertions":1,"deletions":5},"other":{"insertions":1,"deletions":1}}},{"hash":"537c43b1783fc50afdf0d18b58e46a5e29da6124","isMergeCommit":false,"messageTitle":"Add Sequence diagram","messageBody":"Sequence diagram of loading of Car file is created under docs/UML\n","fileTypesAndContributionMap":{"functional-code":{"insertions":9,"deletions":11},"docs":{"insertions":81,"deletions":0}}},{"hash":"15c060b840d3031f20a8a7d285ab490b9c35972e","isMergeCommit":false,"messageTitle":"Update UG","messageBody":"","fileTypesAndContributionMap":{"docs":{"insertions":17,"deletions":3}}},{"hash":"c26761c4dc2601bc060b5631fd387bfdf73eb882","isMergeCommit":false,"messageTitle":"Add Sequence diagram for add-user","messageBody":"","fileTypesAndContributionMap":{"docs":{"insertions":82,"deletions":1}}},{"hash":"100b815a3ae9140b20ee9c389d716fc2798b2e63","isMergeCommit":false,"messageTitle":"Add Class diagram for CLiRental","messageBody":"","fileTypesAndContributionMap":{"functional-code":{"insertions":0,"deletions":1},"docs":{"insertions":39,"deletions":1}}},{"hash":"2df4ca137f6403ace19d0bed0fca78418bcdded4","isMergeCommit":false,"messageTitle":"Edit DG","messageBody":"","fileTypesAndContributionMap":{"docs":{"insertions":2,"deletions":0}}},{"hash":"be18f35efeb069e98811829c3eb4e1fd85693b12","isMergeCommit":false,"messageTitle":"Update javadoc for CarFile","messageBody":"","fileTypesAndContributionMap":{"functional-code":{"insertions":27,"deletions":4},"test-code":{"insertions":14,"deletions":0}}}]},{"date":"2024-10-30","commitResults":[{"hash":"688ccc63473a09dac09cea731222f37484aca61d","isMergeCommit":false,"messageTitle":"Add Junit test for file operations","messageBody":"","fileTypesAndContributionMap":{"functional-code":{"insertions":118,"deletions":62},"test-code":{"insertions":182,"deletions":2}}},{"hash":"ea0b7fe8ba0974a9f534bbaa1361df76a506903c","isMergeCommit":true,"messageTitle":"Resolve merge conflict","messageBody":"","fileTypesAndContributionMap":{}},{"hash":"ac845d15c0e0a4a2c4fc591e28fa196f3f15a76c","isMergeCommit":false,"messageTitle":"Add constructor for Car","messageBody":"","fileTypesAndContributionMap":{"functional-code":{"insertions":7,"deletions":0}}},{"hash":"537a90553f9f82e966560ec09acc1d755c1c0330","isMergeCommit":false,"messageTitle":"Change members of Car to final","messageBody":"","fileTypesAndContributionMap":{"functional-code":{"insertions":3,"deletions":3}}},{"hash":"9cd3ecbb5c024384298d2b859cdba7632b55e163","isMergeCommit":false,"messageTitle":"Remove wildcard imports","messageBody":"","fileTypesAndContributionMap":{"test-code":{"insertions":4,"deletions":5}}},{"hash":"3de87d1308b7871c6556a0ff485d85817bbb6194","isMergeCommit":false,"messageTitle":"Update Junit","messageBody":"","fileTypesAndContributionMap":{"functional-code":{"insertions":1,"deletions":1},"test-code":{"insertions":1,"deletions":21}}},{"hash":"d495bba43506bfd7d59ab7b67d9ef63768a6e759","isMergeCommit":false,"messageTitle":"Remove unused imports","messageBody":"","fileTypesAndContributionMap":{"test-code":{"insertions":0,"deletions":3}}},{"hash":"0d0e4ad4de496c529126380636760875e7050931","isMergeCommit":false,"messageTitle":"Remove unused imports","messageBody":"","fileTypesAndContributionMap":{"test-code":{"insertions":0,"deletions":2}}},{"hash":"a6b6c429eb4ca071a9fcfef906665cc9b8bb77fb","isMergeCommit":false,"messageTitle":"Edit Junit test cases","messageBody":"","fileTypesAndContributionMap":{"test-code":{"insertions":0,"deletions":43}}},{"hash":"c8cca3b83970ac2a8b83ef719eea4c963c8fdbb9","isMergeCommit":false,"messageTitle":"Update UI testing","messageBody":"","fileTypesAndContributionMap":{"functional-code":{"insertions":1,"deletions":1}}},{"hash":"19f819815194a1e61c2ad08c575214049d8015b4","isMergeCommit":false,"messageTitle":"Update Junit","messageBody":"conflicting packages with same name for transaction\n","fileTypesAndContributionMap":{"functional-code":{"insertions":37,"deletions":25},"test-code":{"insertions":5,"deletions":5}}},{"hash":"fea60f5743b7dabba2f5a010ceb6df5e668bda4c","isMergeCommit":false,"messageTitle":"Remove unused import","messageBody":"","fileTypesAndContributionMap":{"functional-code":{"insertions":0,"deletions":2}}},{"hash":"2640b12771ac53d6f97dea02018dbff8705e85a4","isMergeCommit":false,"messageTitle":"Remove duplicate packages","messageBody":"","fileTypesAndContributionMap":{"functional-code":{"insertions":1,"deletions":109}}},{"hash":"17ff10b3edbe8d1850778d629980e49d4970cc11","isMergeCommit":false,"messageTitle":"Remove duplicate in build.gradle","messageBody":"","fileTypesAndContributionMap":{"other":{"insertions":0,"deletions":1}}}]},{"date":"2024-11-07","commitResults":[{"hash":"a7e4c8bf51aff321f7ce549d8d2c2cb3a4ee12a6","isMergeCommit":true,"messageTitle":"Merge pull request #120 from SemiColonKen/master","messageBody":"A-AddRentalTransaction Features Improvements","fileTypesAndContributionMap":{}}]}],"AaronZZ10":[{"date":"2024-10-03","commitResults":[{"hash":"f560ef7479218c30763079b34dfe9a5828cf5abf","isMergeCommit":false,"messageTitle":"about us","messageBody":"","fileTypesAndContributionMap":{"docs":{"insertions":3,"deletions":7}}},{"hash":"b7d3db8dc0c14f2b280d36c387090b57f2877961","isMergeCommit":false,"messageTitle":"about us","messageBody":"","fileTypesAndContributionMap":{"docs":{"insertions":1,"deletions":1}}},{"hash":"37cae79616f7c5103447220e04693f96db1907a2","isMergeCommit":false,"messageTitle":"about us","messageBody":"","fileTypesAndContributionMap":{"docs":{"insertions":3,"deletions":3}}}]},{"date":"2024-10-16","commitResults":[{"hash":"be3f868770d4ff460158cfba9f65674b6be3f46a","isMergeCommit":true,"messageTitle":"list users, remove tx","messageBody":"","fileTypesAndContributionMap":{}},{"hash":"54fd17a6b343d01bb69b97f2c65a4ee0c3379eb5","isMergeCommit":false,"messageTitle":"list users, remove tx","messageBody":"","fileTypesAndContributionMap":{"docs":{"insertions":0,"deletions":5}}},{"hash":"95c57af28d3199748925c8efc3adc62729fd2ad7","isMergeCommit":false,"messageTitle":"list users, remove tx","messageBody":"","fileTypesAndContributionMap":{"docs":{"insertions":18,"deletions":0}}},{"hash":"4e3c16c1da012b0e4a85b09e4db1f70c4abdc2bd","isMergeCommit":false,"messageTitle":"list users, remove tx","messageBody":"","fileTypesAndContributionMap":{"functional-code":{"insertions":25,"deletions":0}}},{"hash":"c0922130cb0bb20c35e0fc05e4323f522837a644","isMergeCommit":false,"messageTitle":"create Transaction, TransactionList, TransactionParser classes, and complete REMOVE-TRANSACTION feature","messageBody":"","fileTypesAndContributionMap":{"functional-code":{"insertions":74,"deletions":1}}},{"hash":"81a8f1f4670498742c7137f5fa2837be2d5ee0c0","isMergeCommit":false,"messageTitle":"fix format of line longer than 120 chars in Transaction.java","messageBody":"","fileTypesAndContributionMap":{"functional-code":{"insertions":6,"deletions":5}}},{"hash":"144ad83ec4e4023c355e229531d268581aaf8782","isMergeCommit":false,"messageTitle":"fix minor typo","messageBody":"","fileTypesAndContributionMap":{"functional-code":{"insertions":1,"deletions":1}}},{"hash":"65f15905a192ef0b525fab1efa700a18d2b6c11d","isMergeCommit":false,"messageTitle":"fix minor typo","messageBody":"","fileTypesAndContributionMap":{"functional-code":{"insertions":2,"deletions":2},"docs":{"insertions":1,"deletions":1}}},{"hash":"555b649f38edd728bbfcb3355e6673b2f1125661","isMergeCommit":true,"messageTitle":"Merge pull request #61 from AaronZZ10/master","messageBody":"A-ListAllCustomers \u0026 A-RemoveTransaction","fileTypesAndContributionMap":{}},{"hash":"5807581e1fd40514da6b3388004db6ae239d5780","isMergeCommit":false,"messageTitle":"Revert \"A-ListAllCustomers\"","messageBody":"","fileTypesAndContributionMap":{"functional-code":{"insertions":0,"deletions":99},"docs":{"insertions":0,"deletions":3}}},{"hash":"0c8c0a36551b6f8327787419a4ecce51f78fb907","isMergeCommit":true,"messageTitle":"Merge pull request #62 from AY2425S1-CS2113-T11-3/revert-61-master","messageBody":"Revert \"A-ListAllCustomers\"","fileTypesAndContributionMap":{}},{"hash":"78492c155a82340c307f51344b3122e59b27220c","isMergeCommit":false,"messageTitle":"fix format of printCustomers","messageBody":"","fileTypesAndContributionMap":{"functional-code":{"insertions":4,"deletions":1}}},{"hash":"2d9f0b9828a566851284d9910e7ab36de4a93b50","isMergeCommit":true,"messageTitle":"Merge branch \u0027master\u0027 into master","messageBody":"","fileTypesAndContributionMap":{}},{"hash":"008c88be46f5a463190fdcfe6d7766f522ed3831","isMergeCommit":false,"messageTitle":"nothing","messageBody":"","fileTypesAndContributionMap":{"functional-code":{"insertions":8,"deletions":0}}},{"hash":"a17160ee0cfc23d93d694942ab7d730dbc58bee1","isMergeCommit":false,"messageTitle":"Revert \"Revert \"A-ListAllCustomers\"\"","messageBody":"","fileTypesAndContributionMap":{"functional-code":{"insertions":99,"deletions":0},"docs":{"insertions":3,"deletions":0}}},{"hash":"383e517bf88b46bd8e17eba9eda731bcf4c5c9d9","isMergeCommit":false,"messageTitle":"fix format in paser","messageBody":"","fileTypesAndContributionMap":{"functional-code":{"insertions":2,"deletions":2}}},{"hash":"f88c0ae487307da28112850038f0a77127d399fa","isMergeCommit":false,"messageTitle":"Update Transaction.java","messageBody":"","fileTypesAndContributionMap":{"functional-code":{"insertions":1,"deletions":1}}},{"hash":"d4c5a25c8359ae4bde342033ce4cc724544b949c","isMergeCommit":false,"messageTitle":"Update TransactionList.java","messageBody":"","fileTypesAndContributionMap":{"functional-code":{"insertions":1,"deletions":3}}},{"hash":"bcbb0163e61f8682f3794c264be86258045e9558","isMergeCommit":true,"messageTitle":"add unit test for list customers","messageBody":"","fileTypesAndContributionMap":{}},{"hash":"88bb0edce692efc81224d642ea0e56f633f9f55a","isMergeCommit":true,"messageTitle":"Merge branch \u0027AY2425S1-CS2113-T11-3:master\u0027 into master","messageBody":"","fileTypesAndContributionMap":{}},{"hash":"bce4f3871704bb47f29a23614f15d1acbd2ccaa2","isMergeCommit":false,"messageTitle":"add unit test for list customers","messageBody":"","fileTypesAndContributionMap":{"test-code":{"insertions":0,"deletions":5}}}]},{"date":"2024-10-17","commitResults":[{"hash":"487984cdb854da3009244aa65a760d67cdc8ca21","isMergeCommit":true,"messageTitle":"Merge branch \u0027AY2425S1-CS2113-T11-3:master\u0027 into master","messageBody":"","fileTypesAndContributionMap":{}}]},{"date":"2024-10-24","commitResults":[{"hash":"70957d18fa91baa073355998f88b6aaa18a08408","isMergeCommit":true,"messageTitle":"add unit test for list customers","messageBody":"","fileTypesAndContributionMap":{}},{"hash":"4884d0a1084e153413cdea821d1b363e3acc8d86","isMergeCommit":true,"messageTitle":"add unit test for list customers","messageBody":"","fileTypesAndContributionMap":{}}]},{"date":"2024-10-29","commitResults":[{"hash":"af70332d0938147317cc3630a46f6ffec11da5f9","isMergeCommit":true,"messageTitle":"fix remove-tx and exception handling","messageBody":"","fileTypesAndContributionMap":{}},{"hash":"c32c45a259494ef648abc718d8f253dbe2f43e67","isMergeCommit":false,"messageTitle":"remove txlistest","messageBody":"","fileTypesAndContributionMap":{"test-code":{"insertions":0,"deletions":7}}},{"hash":"e1aaa1475b0fec253093f10a44622802ed09eaaf","isMergeCommit":false,"messageTitle":"fix format","messageBody":"","fileTypesAndContributionMap":{"functional-code":{"insertions":4,"deletions":2}}},{"hash":"4da80c2d64e83052dd798b2077c61d751ca055ad","isMergeCommit":false,"messageTitle":"fix test","messageBody":"","fileTypesAndContributionMap":{"test-code":{"insertions":0,"deletions":25}}},{"hash":"e40c6dbe3e609305aa19f6966f894b24ab7c7e35","isMergeCommit":false,"messageTitle":"fix test","messageBody":"","fileTypesAndContributionMap":{"test-code":{"insertions":1,"deletions":3}}},{"hash":"4e47539751fd2e0a548fa255150d3b4a4e925b54","isMergeCommit":true,"messageTitle":"Merge pull request #99 from AaronZZ10/master","messageBody":"fix remove-tx issues and exceptions","fileTypesAndContributionMap":{}},{"hash":"0090f3ddaf900a2feb30cd0aaccc5b12123d70ab","isMergeCommit":false,"messageTitle":"change helper; mark/unmark tx completed; show completed/uncompleted tx; show tx by customer name","messageBody":"","fileTypesAndContributionMap":{"functional-code":{"insertions":186,"deletions":61}}},{"hash":"0c0bbc982c6ed354b536242d1d1cd5a87d72feb6","isMergeCommit":false,"messageTitle":"fix format","messageBody":"","fileTypesAndContributionMap":{"functional-code":{"insertions":14,"deletions":8}}}]},{"date":"2024-10-30","commitResults":[{"hash":"1f902fcdb0bb4bb51e12b66482697d3f0b824674","isMergeCommit":false,"messageTitle":"use printDividerLine()","messageBody":"","fileTypesAndContributionMap":{"functional-code":{"insertions":2,"deletions":3}}},{"hash":"8f896c4723f329c879d64a500e883253fa6e0b76","isMergeCommit":true,"messageTitle":"Merge pull request #100 from AaronZZ10/master","messageBody":"mark/unmark tx completed; show completed/uncompleted tx etc.","fileTypesAndContributionMap":{}},{"hash":"231a6edf09f3095af2bc2952953d487529400032","isMergeCommit":true,"messageTitle":"Merge pull request #104 from CT9ARyan/branch-ShowAllRented","messageBody":"A-ShowAllRented","fileTypesAndContributionMap":{}},{"hash":"0a1243d3cd6ec210d512ccd89e2e4f2f40c7f95b","isMergeCommit":false,"messageTitle":"transactionTest","messageBody":"","fileTypesAndContributionMap":{"test-code":{"insertions":86,"deletions":0}}},{"hash":"e4bc456296e264d3c641401d6717e40e5d7017c2","isMergeCommit":false,"messageTitle":"fix format","messageBody":"","fileTypesAndContributionMap":{"test-code":{"insertions":3,"deletions":1}}},{"hash":"f1f6e890702c84a2c55ffab91ea99f834d9b0cce","isMergeCommit":false,"messageTitle":"fix format","messageBody":"","fileTypesAndContributionMap":{"test-code":{"insertions":3,"deletions":2}}}]},{"date":"2024-11-01","commitResults":[{"hash":"78add681576b32b4eb8d91731562e5d8c477f097","isMergeCommit":true,"messageTitle":"Merge branch \u0027AY2425S1-CS2113-T11-3:master\u0027 into master","messageBody":"","fileTypesAndContributionMap":{}}]},{"date":"2024-11-02","commitResults":[{"hash":"295eb641f943a4abdef9224e5b712923cf64b0de","isMergeCommit":false,"messageTitle":"change date in transaction from string to LocalDate","messageBody":"","fileTypesAndContributionMap":{"functional-code":{"insertions":36,"deletions":21},"test-code":{"insertions":11,"deletions":4}}},{"hash":"4372661263a54afa9fac85279c48f6ff1f10f733","isMergeCommit":false,"messageTitle":"add junit test for transactionlist class","messageBody":"","fileTypesAndContributionMap":{"functional-code":{"insertions":5,"deletions":3},"other":{"insertions":3,"deletions":0},"test-code":{"insertions":488,"deletions":0}}},{"hash":"636817db3ef567aa522f2648e8d46bb4f0eddbac","isMergeCommit":false,"messageTitle":"fix format","messageBody":"","fileTypesAndContributionMap":{"functional-code":{"insertions":3,"deletions":1},"test-code":{"insertions":91,"deletions":45}}},{"hash":"32ec78a0bf0aec5776451fe5c1034bcc483f915d","isMergeCommit":false,"messageTitle":"fix format","messageBody":"","fileTypesAndContributionMap":{"test-code":{"insertions":5,"deletions":1}}},{"hash":"b6d75497a42da5148fd9a802d2953cf99b5fc03e","isMergeCommit":true,"messageTitle":"Merge branch \u0027AY2425S1-CS2113-T11-3:master\u0027 into master","messageBody":"","fileTypesAndContributionMap":{}},{"hash":"71277386b10cdbb18c96ec93ffc2e6b071b8820b","isMergeCommit":false,"messageTitle":"fix format","messageBody":"","fileTypesAndContributionMap":{"functional-code":{"insertions":3,"deletions":6}}},{"hash":"d2bdbcb1fe7801d7f65eca44ec2c42b248ab07e3","isMergeCommit":false,"messageTitle":"fix format","messageBody":"","fileTypesAndContributionMap":{"functional-code":{"insertions":4,"deletions":2},"test-code":{"insertions":2,"deletions":1}}},{"hash":"4a47a00f2e817e9dac51df68df3cedd32fe32e65","isMergeCommit":false,"messageTitle":"fix format","messageBody":"","fileTypesAndContributionMap":{"test-code":{"insertions":3,"deletions":3}}},{"hash":"f8b6a77a0c00ea9beaa53b5779c15cf6e9550de9","isMergeCommit":false,"messageTitle":"fix test","messageBody":"","fileTypesAndContributionMap":{"functional-code":{"insertions":5,"deletions":4},"test-code":{"insertions":6,"deletions":7}}},{"hash":"ac1fd6899e46f3cb7c5d4c61823a6f42bce47949","isMergeCommit":false,"messageTitle":"fix test","messageBody":"","fileTypesAndContributionMap":{"test-code":{"insertions":12,"deletions":8}}},{"hash":"82264c7f8cbadbf5c73b74a5de7fa00c665f9ba9","isMergeCommit":false,"messageTitle":"fix test","messageBody":"","fileTypesAndContributionMap":{"functional-code":{"insertions":7,"deletions":11},"test-code":{"insertions":20,"deletions":20}}},{"hash":"2a9a6210b1f88c64dfefc1c4a0b3e2a8e4aa7e2d","isMergeCommit":false,"messageTitle":"fix format","messageBody":"","fileTypesAndContributionMap":{"test-code":{"insertions":4,"deletions":2}}},{"hash":"f23aa7f903f92e236ca76cad7371d5c69611e610","isMergeCommit":false,"messageTitle":"fix test","messageBody":"","fileTypesAndContributionMap":{"other":{"insertions":3,"deletions":0}}},{"hash":"bca8ce1b13ba299bf07bbc18004874da89c51a64","isMergeCommit":false,"messageTitle":"fix test for windows","messageBody":"","fileTypesAndContributionMap":{"functional-code":{"insertions":1,"deletions":1},"test-code":{"insertions":6,"deletions":8}}},{"hash":"d5e1cfe7a550ed0ebd48b03b8fcc330f0384a95e","isMergeCommit":false,"messageTitle":"fix test for windows","messageBody":"","fileTypesAndContributionMap":{"test-code":{"insertions":1,"deletions":1}}},{"hash":"3ecf7475931a398692191961d0a175b97072a981","isMergeCommit":false,"messageTitle":"fix test for windows","messageBody":"","fileTypesAndContributionMap":{"other":{"insertions":28,"deletions":11}}},{"hash":"c0d0e692d9e1de41d6d3f73a7294af890312e329","isMergeCommit":true,"messageTitle":"Merge pull request #105 from AaronZZ10/master","messageBody":"transactionTest","fileTypesAndContributionMap":{}}]},{"date":"2024-11-04","commitResults":[{"hash":"6794c13c84d4584a01c613fc512312695d1c94e1","isMergeCommit":false,"messageTitle":"assert - defensive coding in TransactionList","messageBody":"","fileTypesAndContributionMap":{"functional-code":{"insertions":65,"deletions":5}}},{"hash":"c20c18d5fedd2b86f97d54c18913f8d3a23b7557","isMergeCommit":false,"messageTitle":"update developerGuide","messageBody":"","fileTypesAndContributionMap":{"functional-code":{"insertions":1,"deletions":1},"docs":{"insertions":41,"deletions":0}}},{"hash":"2c52dcb547cd9aa6180ed44c2638d9a3a33096c4","isMergeCommit":false,"messageTitle":"fix format","messageBody":"","fileTypesAndContributionMap":{"functional-code":{"insertions":1,"deletions":1}}},{"hash":"959ec1d92c32617124fee85cec17d158efda86d2","isMergeCommit":false,"messageTitle":"update userguide","messageBody":"","fileTypesAndContributionMap":{"docs":{"insertions":38,"deletions":0}}}]},{"date":"2024-11-05","commitResults":[{"hash":"fef26a847a1e8a9f5312e71476e06487fffb9478","isMergeCommit":true,"messageTitle":"Merge pull request #112 from AaronZZ10/master","messageBody":"update developerguide and add assertions to transactionlist class","fileTypesAndContributionMap":{}}]},{"date":"2024-11-07","commitResults":[{"hash":"7b57cd047305bb2aab4cc3b54e87e595c20205df","isMergeCommit":true,"messageTitle":"Merge pull request #119 from CT9ARyan/branch-FeatureImprovements","messageBody":"A-FeatureImprovements","fileTypesAndContributionMap":{}},{"hash":"c98d9bcb91615861f9a6e04ccd2c6156d2dc9946","isMergeCommit":false,"messageTitle":"fix bug for remove-user","messageBody":"","fileTypesAndContributionMap":{"functional-code":{"insertions":6,"deletions":3}}},{"hash":"1ed68ea902e9b38111548901cdf1b7be6d02d254","isMergeCommit":true,"messageTitle":"Merge branch \u0027AY2425S1-CS2113-T11-3:master\u0027 into master","messageBody":"","fileTypesAndContributionMap":{}},{"hash":"a2e4df9f5ca16811cb221273869e5333c0be6920","isMergeCommit":false,"messageTitle":"fix bug for remove-user","messageBody":"","fileTypesAndContributionMap":{"functional-code":{"insertions":15,"deletions":22}}},{"hash":"123b7c10213defff567380dd8eb8805b7cbe7a2e","isMergeCommit":false,"messageTitle":"fix bug for remove-user","messageBody":"","fileTypesAndContributionMap":{"functional-code":{"insertions":9,"deletions":9}}},{"hash":"0d2620fd643442911939b35f776fbb96081c915a","isMergeCommit":true,"messageTitle":"Merge pull request #121 from AaronZZ10/master","messageBody":"fix remove-user bug","fileTypesAndContributionMap":{}},{"hash":"bcdb012314f1111662db20c482fc3ef9a52be278","isMergeCommit":true,"messageTitle":"Merge pull request #122 from CT9ARyan/branch-UserGuide","messageBody":"A-UserGuideUpdate","fileTypesAndContributionMap":{}}]}],"CT9ARyan":[{"date":"2024-10-03","commitResults":[{"hash":"9f6aa20a2ea25fb69074635b6e4761b30fd8ac08","isMergeCommit":false,"messageTitle":"Update name in project portfolio file","messageBody":"","fileTypesAndContributionMap":{"docs":{"insertions":1,"deletions":1}}},{"hash":"e0045c6caaf013f0842992fe8039d8d7aa67aa9b","isMergeCommit":false,"messageTitle":"Update contents in AboutUs file","messageBody":"","fileTypesAndContributionMap":{"docs":{"insertions":1,"deletions":5}}},{"hash":"d966175ee5902639c461c721c10ec58b9bf537f5","isMergeCommit":true,"messageTitle":"Merge branch \u0027master\u0027 of https://github.com/AY2425S1-CS2113-T11-3/tp into Ryan-AboutUs","messageBody":"# Conflicts:\n#\tdocs/AboutUs.md\n","fileTypesAndContributionMap":{}},{"hash":"03ffdfa83e07ce8ed41cb6219ccc914d03a48383","isMergeCommit":true,"messageTitle":"Merge pull request #4 from CT9ARyan/Ryan-AboutUs","messageBody":"Ryan-About us","fileTypesAndContributionMap":{}}]},{"date":"2024-10-15","commitResults":[{"hash":"bed9a3907fbc37c0bac8da6bca9a62d0ac191eec","isMergeCommit":false,"messageTitle":"Update AboutUs.md page","messageBody":"","fileTypesAndContributionMap":{"docs":{"insertions":1,"deletions":1}}},{"hash":"2af03cf97cfc4e8937fb6b5c16557a64410cda87","isMergeCommit":false,"messageTitle":"Add new \"Car\" class","messageBody":"","fileTypesAndContributionMap":{"functional-code":{"insertions":5,"deletions":0}}},{"hash":"d6baa1cbc7b423129d3f16516e9ef0d52024bc21","isMergeCommit":false,"messageTitle":"Add new \"CarList\" class to store \"Car\" objects","messageBody":"","fileTypesAndContributionMap":{"functional-code":{"insertions":7,"deletions":0}}},{"hash":"748b2bc796bf37797ac69698b01fcd12e8972647","isMergeCommit":false,"messageTitle":"Add constructor, setter and getter methods for attributes in \"Car\" class","messageBody":"","fileTypesAndContributionMap":{"functional-code":{"insertions":33,"deletions":0}}},{"hash":"c0b3990ce3e44363a8fd9b23b7d03ebc2e913b30","isMergeCommit":false,"messageTitle":"Add new methods in \"CarList\" class","messageBody":"getCarsList() -\u003e returns the current car list.\n\naddCar(Car car) -\u003e adds a new Car object to the list.\n","fileTypesAndContributionMap":{"functional-code":{"insertions":13,"deletions":0}}},{"hash":"53916232896e623ce7929902c58b05eaca5a44f3","isMergeCommit":false,"messageTitle":"Add new custom exception class to handle all car related exceptions","messageBody":"","fileTypesAndContributionMap":{"functional-code":{"insertions":4,"deletions":0}}},{"hash":"ed39058f487ef68ba94578d0a6b34257bc1a71c3","isMergeCommit":false,"messageTitle":"Add new \"Parser\" class to make sense of user input","messageBody":"","fileTypesAndContributionMap":{"functional-code":{"insertions":4,"deletions":0}}},{"hash":"001edb0f56eb72775f6a79e5975e8197ed443385","isMergeCommit":false,"messageTitle":"Refactor CarList class to \"car\" package","messageBody":"","fileTypesAndContributionMap":{"other":{"insertions":2,"deletions":2}}},{"hash":"f566ed95f7c860d9b2b4537f2e280c9d840e3d66","isMergeCommit":false,"messageTitle":"Refactor Car class to \"car\" package","messageBody":"","fileTypesAndContributionMap":{"other":{"insertions":1,"deletions":1}}},{"hash":"5caf7a14506980347c864b68dfb3d1651fce6cef","isMergeCommit":false,"messageTitle":"Add new \"CarParser\" class to parse valid user input to a Car object","messageBody":"","fileTypesAndContributionMap":{"functional-code":{"insertions":4,"deletions":0}}},{"hash":"d085ee1531307bcf46d2e9d4cdbdbdd1e74e0464","isMergeCommit":false,"messageTitle":"Format car rental price to 2 decimal places","messageBody":"","fileTypesAndContributionMap":{"functional-code":{"insertions":1,"deletions":1}}},{"hash":"dfc9cb8815c3c3d940619669e6d0cebd803ea008","isMergeCommit":false,"messageTitle":"Update main method in Duke","messageBody":"","fileTypesAndContributionMap":{"functional-code":{"insertions":28,"deletions":10}}},{"hash":"1f31f72f1cfbae09f43a9f1a84737e124b0f9d04","isMergeCommit":false,"messageTitle":"Add new exception method in \"CarException\" class","messageBody":"","fileTypesAndContributionMap":{"functional-code":{"insertions":14,"deletions":1}}},{"hash":"eb547b201e5f268fa9b7c406c6e1cd54a7d72e90","isMergeCommit":false,"messageTitle":"Create new \"Parser\" class to parse user input","messageBody":"","fileTypesAndContributionMap":{"functional-code":{"insertions":23,"deletions":0}}},{"hash":"fae4e2a8e9d27664ffe9b321142f61507e01cda6","isMergeCommit":false,"messageTitle":"Add method in \"CarParser\" class to check validity of format specified by user","messageBody":"","fileTypesAndContributionMap":{"functional-code":{"insertions":15,"deletions":0}}},{"hash":"3e06f61d2867ebdfd30e92b11383603f3a0c07ac","isMergeCommit":false,"messageTitle":"Add method in \"CarParser\" class to extract car model from valid user input","messageBody":"","fileTypesAndContributionMap":{"functional-code":{"insertions":11,"deletions":0}}},{"hash":"967c47739dc5381b61c7bb9a60b52d75d4ef538a","isMergeCommit":false,"messageTitle":"Add method in \"CarParser\" class to extract car license plate number from valid user input","messageBody":"","fileTypesAndContributionMap":{"functional-code":{"insertions":15,"deletions":0}}},{"hash":"ad57334c862dbb501b9fea88af9f9c8feebe5f7a","isMergeCommit":false,"messageTitle":"Add method in \"CarParser\" class to extract car rental price from valid user input","messageBody":"","fileTypesAndContributionMap":{"functional-code":{"insertions":11,"deletions":0}}},{"hash":"a20386cb64e1fa2662d2faa77ce3618aebc6ed7c","isMergeCommit":false,"messageTitle":"Add method to parse user input into a Car object if format is valid","messageBody":"","fileTypesAndContributionMap":{"functional-code":{"insertions":23,"deletions":0}}},{"hash":"c93ae1d25626f11ced2735e6b4437f82a5c741d8","isMergeCommit":true,"messageTitle":"Merge branch \u0027master\u0027 of https://github.com/AY2425S1-CS2113-T11-3/tp","messageBody":"# Conflicts:\n#\tdocs/AboutUs.md\n","fileTypesAndContributionMap":{}},{"hash":"8717912704ae82fc2a7cce5c6b47fb0abeb30758","isMergeCommit":true,"messageTitle":"Merge branch \u0027master\u0027 into branch-AddCar","messageBody":"# Conflicts:\n#\tsrc/main/java/parser/Parser.java\n#\tsrc/main/java/seedu/duke/Duke.java\n","fileTypesAndContributionMap":{}},{"hash":"a0919ced9a108fedbb0ba75d686b715619256531","isMergeCommit":false,"messageTitle":"Remove Duke.java","messageBody":"","fileTypesAndContributionMap":{"functional-code":{"insertions":0,"deletions":39}}},{"hash":"8c185d7182ff28aded29b7d2bee528f22cc6841f","isMergeCommit":false,"messageTitle":"Remove unused imports in \"CliRental.java\"","messageBody":"","fileTypesAndContributionMap":{"functional-code":{"insertions":0,"deletions":3}}},{"hash":"a22d727716a0a6f631e020d3eb2e659c085c6881","isMergeCommit":false,"messageTitle":"Refactor getUserInput() method which reads in the user\u0027s input to the \"Parser\" class","messageBody":"","fileTypesAndContributionMap":{"functional-code":{"insertions":15,"deletions":14}}},{"hash":"ce3959e9695580a1fdd17da8483f6bc524902b47","isMergeCommit":false,"messageTitle":"Update Parser and CliRental class to pass CheckStyle test.","messageBody":"Checkstyle error: Variable access definition in wrong order.\n\nSolution: Access modifiers for variables MUST BE listed in the following order, \"public\", \"protected\", \"package-private\", \"private\".\n","fileTypesAndContributionMap":{"functional-code":{"insertions":2,"deletions":4}}}]},{"date":"2024-10-16","commitResults":[{"hash":"98a5a73051f756f1a7b68f71b4174fb842718463","isMergeCommit":true,"messageTitle":"Merge pull request #64 from AY2425S1-CS2113-T11-3/revert-62-revert-61-master","messageBody":"A-ListAllCustomers \u0026 A-RemoveTransaction","fileTypesAndContributionMap":{}},{"hash":"b63666623ae0ffa3c65ebbbb23ff7b1207c080f2","isMergeCommit":false,"messageTitle":"Add CustomerParserTest class that uses JUnit tests to test methods in CustomerParser","messageBody":"","fileTypesAndContributionMap":{"test-code":{"insertions":27,"deletions":0}}},{"hash":"5766a596d453dbb462925f17931fe4fbf3f57a1c","isMergeCommit":false,"messageTitle":"Add CarTest class that uses JUnit tests to test methods in Car class","messageBody":"","fileTypesAndContributionMap":{"test-code":{"insertions":32,"deletions":0}}},{"hash":"f8c73d02549129e48d56c8f8853939b5da586b87","isMergeCommit":false,"messageTitle":"Add CarListTest class that uses JUnit tests to test methods in CarList class","messageBody":"","fileTypesAndContributionMap":{"test-code":{"insertions":33,"deletions":0}}},{"hash":"aa8d194c22f052dc4edd732b866e5cf9394d55b9","isMergeCommit":false,"messageTitle":"Add CarParserTest class that uses JUnit tests to test methods in CarParser","messageBody":"","fileTypesAndContributionMap":{"test-code":{"insertions":51,"deletions":0}}},{"hash":"563e2654abcfc67aa1ab151a87c2575a184ed7af","isMergeCommit":false,"messageTitle":"Update JUnit test methods in ParserTest class","messageBody":"","fileTypesAndContributionMap":{"test-code":{"insertions":22,"deletions":16}}},{"hash":"494fa59fd428f144d1dc03b3b3f016f4e5ccfa7d","isMergeCommit":false,"messageTitle":"Add new exception method in CarException class","messageBody":"","fileTypesAndContributionMap":{"functional-code":{"insertions":5,"deletions":0}}},{"hash":"f75db68bd5106ab2e11904741d1f7de250e3c68a","isMergeCommit":false,"messageTitle":"Update \"NumberFormatException\" exception message printed out in CliRental.java","messageBody":"","fileTypesAndContributionMap":{"functional-code":{"insertions":3,"deletions":3}}},{"hash":"5f3d6e1ceca3f094a571e60d1c29a564c0c239d9","isMergeCommit":false,"messageTitle":"Fix minor bug in Car class","messageBody":"Previously, when calling the default constructor of the Car class, a Car object will be instantiated if both the model name and license plate number are string type values, and the price is a double type value. This means that even negative values, as long as they are of double type, will still be considered as valid and stored as the price attribute of the Car object.\n\nHowever, in our context of price, negative price doesn\u0027t make sense. Hence, the price value entered by the user will first pass through a simple conditional check, and an exception will be thrown if the price is negative.\n","fileTypesAndContributionMap":{"functional-code":{"insertions":9,"deletions":2}}},{"hash":"13c4172260b17df161a2914889a5846291872de9","isMergeCommit":true,"messageTitle":"Merge branch \u0027master\u0027 into branch-AddCar-JUnitTests","messageBody":"# Conflicts:\n#\tsrc/test/java/car/CarListTest.java\n","fileTypesAndContributionMap":{}},{"hash":"8da3a6707ba99dd13c0b51487502b62ec47f274c","isMergeCommit":false,"messageTitle":"Update JUnit test methods","messageBody":"","fileTypesAndContributionMap":{"test-code":{"insertions":1,"deletions":2}}},{"hash":"a1e5307048fdc9092bdd498c88457bca1a69380f","isMergeCommit":true,"messageTitle":"Merge branch \u0027master\u0027 into branch-AddCar-JUnitTests","messageBody":"","fileTypesAndContributionMap":{}},{"hash":"79b2a5d0162ccc9b007eb64e09d84b7127636155","isMergeCommit":false,"messageTitle":"Update Parser and ParserTest","messageBody":"","fileTypesAndContributionMap":{"functional-code":{"insertions":2,"deletions":1},"test-code":{"insertions":2,"deletions":1}}},{"hash":"51aeca82180c6a573a4a336331d82973cad28377","isMergeCommit":false,"messageTitle":"Update JUnit test method","messageBody":"","fileTypesAndContributionMap":{"test-code":{"insertions":0,"deletions":2}}},{"hash":"42abb4909a1130fc8adc126809d3d5532cdb4105","isMergeCommit":false,"messageTitle":"Resolve issues in CustomerParserTest, CarParserTest and ParserTest classes","messageBody":"","fileTypesAndContributionMap":{"test-code":{"insertions":8,"deletions":0}}},{"hash":"1f160a6e0f60b89a206086c6a8786e8b975864d7","isMergeCommit":false,"messageTitle":"Update Parser to include support for listing all transactions","messageBody":"","fileTypesAndContributionMap":{"functional-code":{"insertions":6,"deletions":1}}},{"hash":"1228aff18884375d705725a47f24c978ccc232cb","isMergeCommit":false,"messageTitle":"Add method in TransactionList to print all transactions","messageBody":"","fileTypesAndContributionMap":{"functional-code":{"insertions":15,"deletions":0}}},{"hash":"55f92a78b8ddaa17a48b31e551fe34b12e8f512a","isMergeCommit":false,"messageTitle":"Update ParserTest method","messageBody":"","fileTypesAndContributionMap":{"test-code":{"insertions":3,"deletions":2}}},{"hash":"534c3596da2fe3ee1f5bbc7fa925c790a5ab89dd","isMergeCommit":true,"messageTitle":"Merge branch \u0027master\u0027 into branch-AddCar-JUnitTests","messageBody":"# Conflicts:\n#\tsrc/main/java/parser/Parser.java\n","fileTypesAndContributionMap":{}},{"hash":"1874dfe9a997c8d9b4d105ed93fca00969619834","isMergeCommit":false,"messageTitle":"Remove usused import in ParserTest","messageBody":"","fileTypesAndContributionMap":{"test-code":{"insertions":0,"deletions":1}}},{"hash":"77776de1c09cf311d6fe7d58b480d6581a967fa9","isMergeCommit":false,"messageTitle":"Add new tests for the ParserTest \u0027parse\u0027 method","messageBody":"","fileTypesAndContributionMap":{"test-code":{"insertions":4,"deletions":2}}},{"hash":"b666399c62e5a6b310b0730a4f591ca0f4381b32","isMergeCommit":false,"messageTitle":"Update test parameter names in ParserTest","messageBody":"","fileTypesAndContributionMap":{"test-code":{"insertions":2,"deletions":2}}},{"hash":"e752ea8ce009420251a6d36906a181217daf0278","isMergeCommit":true,"messageTitle":"Merge pull request #71 from CT9ARyan/branch-AddCar-JUnitTests","messageBody":"A-AddCar-JUnitTests","fileTypesAndContributionMap":{}}]},{"date":"2024-10-17","commitResults":[{"hash":"2652265be1fd624082dbe5bf6e8b4c72cd71301a","isMergeCommit":false,"messageTitle":"Refactor \u0027Transaction\u0027 related classes into \u0027transaction\u0027 package","messageBody":"Previously, package name was spelt incorrectly. (i.e. \u0027transcation\u0027 instead of \u0027transaction\u0027)\n","fileTypesAndContributionMap":{"functional-code":{"insertions":3,"deletions":3},"other":{"insertions":2,"deletions":2}}}]},{"date":"2024-10-23","commitResults":[{"hash":"e2224aa92adb184059519525ddd2a690d05ab1b6","isMergeCommit":false,"messageTitle":"Update build.gradle file to enable assertions","messageBody":"","fileTypesAndContributionMap":{"other":{"insertions":1,"deletions":0}}},{"hash":"6d6e0a83d1ebeb938892850a8b5fae3a993917bb","isMergeCommit":true,"messageTitle":"Merge branch \u0027master\u0027 of https://github.com/AY2425S1-CS2113-T11-3/tp","messageBody":"# Conflicts:\n#\tsrc/main/java/parser/Parser.java\n#\tsrc/main/java/parser/TransactionParser.java\n","fileTypesAndContributionMap":{}}]},{"date":"2024-10-25","commitResults":[{"hash":"fb9990c3de4067be7132a36f7b806144e427ebbd","isMergeCommit":false,"messageTitle":"Format \u0027carLicensePlate\u0027 parameter in Transaction constructor to uppercase","messageBody":"","fileTypesAndContributionMap":{"functional-code":{"insertions":1,"deletions":1}}},{"hash":"5c186751db95cf8f4bde42b256f6445e624fb4c7","isMergeCommit":false,"messageTitle":"Refactor printing of divider line to a method","messageBody":"","fileTypesAndContributionMap":{"functional-code":{"insertions":5,"deletions":1}}},{"hash":"bdfccf6d2bf56258fd03ae6c99f3fa3f23bc1387","isMergeCommit":false,"messageTitle":"Update CliRental.java to use the new print divider line method","messageBody":"","fileTypesAndContributionMap":{"functional-code":{"insertions":2,"deletions":0}}},{"hash":"9de5bcdbd908127155f83cb4edbf1a9f45bf5889","isMergeCommit":false,"messageTitle":"Add new attribute \u0027isRented\u0027 and its setter and getter methods in the \u0027Car\u0027 class","messageBody":"The setter methods for the other attributes are removed because they are unused. This is because the attribute values are already set by the arguments when the \u0027Car\u0027 constructor is invoked when instantiating a \u0027Car\u0027 object.\n","fileTypesAndContributionMap":{"functional-code":{"insertions":15,"deletions":18}}},{"hash":"549b8260c4a075a9f54a36bd26b7a6e3024f0d04","isMergeCommit":false,"messageTitle":"Add new car exception to handle duplicate license plate numbers when adding a new \u0027Car\u0027 object to the list","messageBody":"Just like in the real world, every license plate number is unique and different. Therefore, in our project, the license plate number will be used as a unique identifier for every \u0027Car\u0027 object, and hence must be different.\n","fileTypesAndContributionMap":{"functional-code":{"insertions":4,"deletions":0}}},{"hash":"609a5f132f821fae0bfcc6e7aed74913ebee7757","isMergeCommit":false,"messageTitle":"Add new car exception to handle unknown license plate number when adding a new transaction","messageBody":"When adding a new transaction, the license plate number must be an existing one. (i.e. car and license plate number must exist in the list) If is the license plate number is not found/unknown, it simply means that the car does not exist in the list of available cars yet, hence throwing an exception.\n","fileTypesAndContributionMap":{"functional-code":{"insertions":7,"deletions":0}}},{"hash":"23c27708bca95aff24b508144f8fb06ad29677ba","isMergeCommit":false,"messageTitle":"Add new car exception to handle invalid license plate number format","messageBody":"","fileTypesAndContributionMap":{"functional-code":{"insertions":8,"deletions":0}}},{"hash":"9b9ffc61538026eb68464ad410eacdd9eebcbc00","isMergeCommit":false,"messageTitle":"Update \u0027extractCarLicensePlateNumber\u0027 method in \u0027CarParser\u0027 class to return the carLicensePlateNumber in uppercase","messageBody":"","fileTypesAndContributionMap":{"functional-code":{"insertions":1,"deletions":1}}},{"hash":"9e2bba6d7a9dcb25fe19bf288f9cb09e4ac34b4e","isMergeCommit":false,"messageTitle":"Add new boolean method to check validity of car price","messageBody":"Returns:\n\ntrue -\u003e price \u003e\u003d 0.00\nfalse -\u003e price \u003c 0.00\n","fileTypesAndContributionMap":{"functional-code":{"insertions":4,"deletions":0}}},{"hash":"eb7c5e14ee2da419a5e27d255b4ec523f32e51ba","isMergeCommit":false,"messageTitle":"Add new boolean method to check validity of license plate number","messageBody":"License plate number format is standardised. To simplify things, ALL license plate number must follow the format: \"SXX####X\", in order to be deemed valid.\n\nValid license plate number requirements:\n- MUST start with \"S\"\n- \"X\" represents any letter from [A - Z]\n- \"#\" represents any number from [0 - 9]\n","fileTypesAndContributionMap":{"functional-code":{"insertions":28,"deletions":0}}},{"hash":"196cab60f87688c0af7a2c3470884991c45e3e2b","isMergeCommit":false,"messageTitle":"Update \u0027parseIntoCar\u0027 method to perform validity checks for both license plate number and price","messageBody":"","fileTypesAndContributionMap":{"functional-code":{"insertions":12,"deletions":2}}},{"hash":"91cf5f3d28bec1c76a84ea565522733c553d3d60","isMergeCommit":false,"messageTitle":"Add new method to check if license plate number (and corresponding \u0027Car\u0027 object) exists in the list","messageBody":"","fileTypesAndContributionMap":{"functional-code":{"insertions":8,"deletions":0}}},{"hash":"2d78378d6c9957bea903a6255d237ed503c334e6","isMergeCommit":false,"messageTitle":"Add new methods to set rental status of \u0027Car\u0027","messageBody":"","fileTypesAndContributionMap":{"functional-code":{"insertions":28,"deletions":1}}},{"hash":"f20b3944e164a45e102017595d582ef18f630b2b","isMergeCommit":false,"messageTitle":"Update \u0027addTx\u0027 method to automatically update rental status of \u0027Car\u0027","messageBody":"The addition of the transaction will only be successful If the license plate number is valid and exists in the car list. The \u0027printAllTransactions\u0027 method was also updated to print the \u0027transactionId\u0027 too.\n","fileTypesAndContributionMap":{"functional-code":{"insertions":10,"deletions":1}}},{"hash":"e6e8b10351e3f4bd343d9671f35aee6fb55a59bd","isMergeCommit":true,"messageTitle":"Merge branch \u0027master\u0027 of https://github.com/AY2425S1-CS2113-T11-3/tp","messageBody":"","fileTypesAndContributionMap":{}},{"hash":"a8ab79304b46cc86c75895a809753e5ba05ae2b4","isMergeCommit":true,"messageTitle":"Merge branch \u0027master\u0027 into branch-CarRentalStatus","messageBody":"# Conflicts:\n#\tsrc/main/java/car/Car.java\n#\tsrc/main/java/car/CarList.java\n","fileTypesAndContributionMap":{}},{"hash":"31639025fac210512f520ed777c4ebfe7096f675","isMergeCommit":false,"messageTitle":"Update JUnit tests","messageBody":"","fileTypesAndContributionMap":{"test-code":{"insertions":0,"deletions":6}}},{"hash":"0a4ef2c2f607fb26d85e8e71ee24c8e7dd64318a","isMergeCommit":false,"messageTitle":"Remove unused imports in JUnit test classes","messageBody":"","fileTypesAndContributionMap":{"test-code":{"insertions":0,"deletions":2}}},{"hash":"f36487eb3fd04d7746ab4692f38703ea9b6fa168","isMergeCommit":false,"messageTitle":"Update JUnit tests","messageBody":"","fileTypesAndContributionMap":{"test-code":{"insertions":9,"deletions":12}}}]},{"date":"2024-10-26","commitResults":[{"hash":"4cbb052f67224411f7e70c907705e697390ad384","isMergeCommit":false,"messageTitle":"Update format of \u0027invalidLicensePlateNumber\u0027 exception message","messageBody":"","fileTypesAndContributionMap":{"functional-code":{"insertions":1,"deletions":1}}},{"hash":"f600d3d60a0adb9cef8bb32ab7bc58670ea7ccf8","isMergeCommit":false,"messageTitle":"Modify code for \u0027isValidLicensePlateNumber\u0027 to make it shorter and more concise","messageBody":"","fileTypesAndContributionMap":{"functional-code":{"insertions":4,"deletions":8}}},{"hash":"c0fe4d1621ae0a7bf84f46c95c712e57a68fcf0c","isMergeCommit":true,"messageTitle":"Merge pull request #95 from CT9ARyan/branch-CarRentalStatus","messageBody":"A-CarRentalStatus","fileTypesAndContributionMap":{}}]},{"date":"2024-10-30","commitResults":[{"hash":"3d522b21f94c6cc0d3fc0338962da5227811d563","isMergeCommit":false,"messageTitle":"Update printCarList() method to handle case when list is empty","messageBody":"","fileTypesAndContributionMap":{"functional-code":{"insertions":8,"deletions":0}}},{"hash":"99633357c597b73ff32a8a877ee6afe0116b95c3","isMergeCommit":false,"messageTitle":"Add method to print and filter out rented cars","messageBody":"","fileTypesAndContributionMap":{"functional-code":{"insertions":18,"deletions":0}}},{"hash":"5b99edb711b76d88c48c9f038b4e8e3a619412f0","isMergeCommit":false,"messageTitle":"Add method to print and filter out available cars","messageBody":"","fileTypesAndContributionMap":{"functional-code":{"insertions":18,"deletions":0}}},{"hash":"e79a251f22d3eeeb3e6a4d1bd2bb6ae07fe7a58a","isMergeCommit":false,"messageTitle":"Add method to return a list of rented cars","messageBody":"","fileTypesAndContributionMap":{"functional-code":{"insertions":11,"deletions":0}}},{"hash":"79adcabed9430abf8a3bfd60154e3a4d8ef7987a","isMergeCommit":false,"messageTitle":"Add method to return a list of available cars","messageBody":"","fileTypesAndContributionMap":{"functional-code":{"insertions":11,"deletions":1}}},{"hash":"556fa8655bf8ff8a25b9e29d046a635c7238a6f7","isMergeCommit":false,"messageTitle":"Update \u0027CarException\u0027 exception messages","messageBody":"","fileTypesAndContributionMap":{"functional-code":{"insertions":2,"deletions":2}}},{"hash":"635f65ea5d76d3f031d1a93251266aac70fcc720","isMergeCommit":false,"messageTitle":"Add new command constants declaration","messageBody":"","fileTypesAndContributionMap":{"functional-code":{"insertions":3,"deletions":0}}},{"hash":"8163c71611713afb12be125715eae38e564a68ee","isMergeCommit":false,"messageTitle":"Add command actions for listing rented and available cars","messageBody":"The order of the switch cases are also rearranged so that they are in order. In addition, commands belonging to the same category/group are being grouped together. This helps to improve readability, especially when troubleshooting or editing the code, and also improves the code quality.\n","fileTypesAndContributionMap":{"functional-code":{"insertions":29,"deletions":24}}},{"hash":"81af114ab545c8234eb38c487383d0cfc51b459c","isMergeCommit":false,"messageTitle":"Add method in \u0027addTx\u0027 to check validity of car license plate number","messageBody":"","fileTypesAndContributionMap":{"functional-code":{"insertions":6,"deletions":0}}},{"hash":"3830adb35ea2e1752f0d4611b7330cca046b8c41","isMergeCommit":true,"messageTitle":"Merge branch \u0027master\u0027 into branch-ShowAllRented","messageBody":"# Conflicts:\n#\tsrc/main/java/parser/Parser.java\n","fileTypesAndContributionMap":{}},{"hash":"8512c3c5a669b7a097a19dacf436640393fc9614","isMergeCommit":false,"messageTitle":"Edit code to pass checkstyle tests","messageBody":"","fileTypesAndContributionMap":{"functional-code":{"insertions":7,"deletions":7}}}]},{"date":"2024-11-01","commitResults":[{"hash":"e16860e52e9a68f35a0abfeeb2f40698f05d4cc7","isMergeCommit":false,"messageTitle":"Add new plantUML file for \u0027add-car\u0027 command sequence diagram","messageBody":"","fileTypesAndContributionMap":{"docs":{"insertions":32,"deletions":0}}},{"hash":"69e9665d28e82b63d07871d4142cab01cf5a5f90","isMergeCommit":false,"messageTitle":"Add new plantUML file for \u0027add-tx\u0027 command sequence diagram","messageBody":"","fileTypesAndContributionMap":{"docs":{"insertions":39,"deletions":0}}},{"hash":"102e94adf95da27a9b0b0649c119f7f0be9af895","isMergeCommit":false,"messageTitle":"Add new plantUML file for class diagram","messageBody":"","fileTypesAndContributionMap":{"docs":{"insertions":74,"deletions":0}}},{"hash":"ecb28bb909c828a91aa870cd047ce676485a1297","isMergeCommit":false,"messageTitle":"Update \u0027Design and implementation\u0027 section of DG","messageBody":"","fileTypesAndContributionMap":{"docs":{"insertions":67,"deletions":0}}},{"hash":"54903db5f41ac369738d7f636e38a2a903fba361","isMergeCommit":false,"messageTitle":"Update sequence diagrams to remove footbox at the bottom","messageBody":"","fileTypesAndContributionMap":{"docs":{"insertions":2,"deletions":0}}},{"hash":"413c81358f8a9b46d57ca64f7404be6c3d758a82","isMergeCommit":false,"messageTitle":"Update \u0027Design and implementation\u0027 section in DG","messageBody":"","fileTypesAndContributionMap":{"docs":{"insertions":28,"deletions":7}}},{"hash":"109ae503d056e0d5e215ecfdf516a3b7b2d10c28","isMergeCommit":true,"messageTitle":"Merge branch \u0027master\u0027 into branch-DeveloperGuide","messageBody":"# Conflicts:\n#\tdocs/DeveloperGuide.md\n","fileTypesAndContributionMap":{}}]},{"date":"2024-11-05","commitResults":[{"hash":"f8847533dd6aca6efc0dbca994948c4cee06c393","isMergeCommit":false,"messageTitle":"Add new method to format car price to 2dp","messageBody":"Whenever money is concerned and there is a decimal point, the result should always be formatted to 2 d.p. However, when storing the result as a double, the program always removes the trailing zeroes.\n\nFor example, when assigning a value of \"16.10\" to a double type variable \"result\", the program will store it as \"16.1\". Therefore, this new method ensures that when the car list is printed out, the price will be formatted to 2dp for ALL cars. (i.e. 16.10 instead of 16.1). In addition, for whole number/integers, only the int value will be printed out. (i.e. 16 if the value stored is \"16\" or \"16.00\", etc.)\n","fileTypesAndContributionMap":{"functional-code":{"insertions":29,"deletions":13}}},{"hash":"5096b820f581cbbe66d6d31c92d142834f9f1590","isMergeCommit":false,"messageTitle":"Update \u0027isValidLicensePlateNumber\u0027 method in \u0027CarParser\u0027","messageBody":"The updated method improves the flexibility of the license plate number requirement. Previously, the requirement was that the numeric part of the license plate number MUST BE a 4 digit number. Technically, since it has to be a 4 digit number, the accepted range is only from 1000 to 9999. However, in order to bypass this and input a number less than 1000, users can input leading zeroes at the front of the number (e.g. 0055), and this is undesirable.\n\nBased on the real world, the accpetable range of numbers is from 1 to 9999. Therefore, in an attempt to model after the real world and be as realistic as possible, this new updated method allows users to do just that. The updated method now accepts numbers ranging from 1 to 9999, without any leading zeroes.\n","fileTypesAndContributionMap":{"functional-code":{"insertions":12,"deletions":5}}},{"hash":"49b9f55b24b08ad357be02655ce98cd18cc48ae7","isMergeCommit":false,"messageTitle":"Update car rental status for \u0027remove\u0027, \u0027markCompleted\u0027 and \u0027unmarkCompleted\u0027 methods in \u0027TransactionList\u0027","messageBody":"","fileTypesAndContributionMap":{"functional-code":{"insertions":3,"deletions":0}}},{"hash":"a4be16adcacfba8926276bb32da7437e10320634","isMergeCommit":false,"messageTitle":"Add assertions for methods in \u0027CarList\u0027 and \u0027CarParser\u0027","messageBody":"","fileTypesAndContributionMap":{"functional-code":{"insertions":8,"deletions":0}}},{"hash":"e51bc2f582f4d5ed79ea16c847f8f86fca9229c2","isMergeCommit":false,"messageTitle":"Remove redundant \u0027throws CarException\u0027 line from \u0027Car\u0027 constructors","messageBody":"The validity of the \u0027Car\u0027 parameters are already checked for in the \u0027CarParser\u0027 class before a \u0027Car\u0027 object can be instantiated. Therefore, by the time the \u0027Car\u0027 constructor is invoked, the parameters should already be valid and hence no exceptions should be thrown from the \u0027Car\u0027 constructor.\n","fileTypesAndContributionMap":{"functional-code":{"insertions":2,"deletions":2}}},{"hash":"55c2084d4959a80b75a93164cd786fd2de70758f","isMergeCommit":false,"messageTitle":"Edit \u0027parseIntoCar\u0027 method in \u0027CarParser\u0027 to include throwing of \u0027NumberFormatException\u0027","messageBody":"The \u0027NumberFormatException\u0027 is thrown when the user inputs a non-number value (i.e non-int value or non-double value) for the \u0027price\u0027 parameter of the car.\n","fileTypesAndContributionMap":{"functional-code":{"insertions":1,"deletions":1}}}]},{"date":"2024-11-06","commitResults":[{"hash":"9373e8669cdf4ab4f57c31832e25f442433614ff","isMergeCommit":false,"messageTitle":"Update JUnit tests for \u0027Parser\u0027 and all \u0027Car\u0027 related classes.","messageBody":"","fileTypesAndContributionMap":{"test-code":{"insertions":161,"deletions":42}}},{"hash":"bd15d8b8545c391f8ddbda3f7b01ee4cd3019929","isMergeCommit":false,"messageTitle":"Update \u0027NumberFormatException\u0027 error message in \u0027CliRental\u0027","messageBody":"","fileTypesAndContributionMap":{"functional-code":{"insertions":1,"deletions":1}}},{"hash":"5d259d67cd180a068f4acc3b781e3585358a960f","isMergeCommit":false,"messageTitle":"Update \u0027formatPriceToTwoDp\u0027 method in \u0027CarList\u0027","messageBody":"Previously, only price with a decimal point will be formatted to 2 d.p. In the event that the specified price is an integer/whole number, the formatted price will still remain as an integer/whole number. In the updated method, ALL prices will now be formatted to 2 d.p, regardless whether there is a decimal point. For example, even if the specified price is 16, the method will return a formatted price of 16.00.\n","fileTypesAndContributionMap":{"functional-code":{"insertions":10,"deletions":8}}},{"hash":"2ca261ad3ae7888f3ee5ed3378148bb7e7de47a1","isMergeCommit":false,"messageTitle":"Update \u0027LICENSE_PLATE_NUMBER_FORMAT\u0027 message in \u0027CarException\u0027","messageBody":"","fileTypesAndContributionMap":{"functional-code":{"insertions":3,"deletions":3}}},{"hash":"9a8226ff79388a1d57218a6da035fbeda79b7a70","isMergeCommit":false,"messageTitle":"Add JavaDoc comments for \u0027Car\u0027 related methods","messageBody":"","fileTypesAndContributionMap":{"functional-code":{"insertions":151,"deletions":6}}},{"hash":"d0a9073138ed4d45c13f62337b0f5b5e9e7cafc4","isMergeCommit":false,"messageTitle":"Add \u0027add-car\u0027 feature description in user guide","messageBody":"","fileTypesAndContributionMap":{"docs":{"insertions":26,"deletions":0}}},{"hash":"3cb0699bb54734312df1c9b73ab046b09a25aa4b","isMergeCommit":false,"messageTitle":"Add \u0027list-rented\u0027 feature description in user guide","messageBody":"","fileTypesAndContributionMap":{"docs":{"insertions":21,"deletions":0}}},{"hash":"e67682f21b7e3b3818c9cbffd7b98995c002968b","isMergeCommit":false,"messageTitle":"Add \u0027list-available\u0027 feature description in user guide","messageBody":"","fileTypesAndContributionMap":{"docs":{"insertions":20,"deletions":0}}},{"hash":"1e4acfd375a9c3dbd22a60e5536bef49c12726af","isMergeCommit":false,"messageTitle":"Add \u0027Updating rental status of car\u0027 feature description in user guide","messageBody":"","fileTypesAndContributionMap":{"docs":{"insertions":6,"deletions":0}}},{"hash":"47192befdbc0f6d7bc7d5dbbd719319c4c9d7684","isMergeCommit":false,"messageTitle":"Add \u0027list-tx\u0027 feature description in user guide","messageBody":"","fileTypesAndContributionMap":{"docs":{"insertions":23,"deletions":0}}},{"hash":"266a7b784df870bf2fa17be0e02e6158c7d1f57e","isMergeCommit":false,"messageTitle":"Update format of user guide","messageBody":"","fileTypesAndContributionMap":{"docs":{"insertions":4,"deletions":2}}},{"hash":"69edab9d8bc2e4cc06a172ee44c6afc934f51c6b","isMergeCommit":false,"messageTitle":"Edit feature description for \u0027updating rental status of car\u0027","messageBody":"","fileTypesAndContributionMap":{"docs":{"insertions":6,"deletions":2}}},{"hash":"0434dcd7889a287e46057a84127582067eea5907","isMergeCommit":true,"messageTitle":"Merge branch \u0027master\u0027 into branch-FeatureImprovements","messageBody":"# Conflicts:\n#\tsrc/main/java/car/CarList.java\n#\tsrc/main/java/exceptions/CarException.java\n#\tsrc/main/java/transaction/TransactionList.java\n","fileTypesAndContributionMap":{}},{"hash":"2c3a1ca6cdae6a2e68640a6805cba1e3bd4a9e8d","isMergeCommit":false,"messageTitle":"Update JUnit tests","messageBody":"","fileTypesAndContributionMap":{"test-code":{"insertions":5,"deletions":5}}},{"hash":"dc30c5ce0b32d7fc4b7c0c9073ef9822ec8edc42","isMergeCommit":false,"messageTitle":"Update JUnit test assert condition in \u0027TransactionListTest\u0027","messageBody":"","fileTypesAndContributionMap":{"test-code":{"insertions":2,"deletions":1}}}]},{"date":"2024-11-07","commitResults":[{"hash":"9c2a3e64583ac48ab59770842f09463a6d6ff101","isMergeCommit":false,"messageTitle":"Edit \u0027ADD_CAR_FORMAT\u0027 message","messageBody":"","fileTypesAndContributionMap":{"functional-code":{"insertions":1,"deletions":1}}},{"hash":"513db565e0d6af2da7f1206cf8434d499282449f","isMergeCommit":false,"messageTitle":"Add command summary table for all commands in user guide","messageBody":"","fileTypesAndContributionMap":{"docs":{"insertions":50,"deletions":6}}}]}],"tkhahns":[{"date":"2024-10-01","commitResults":[{"hash":"b38222586bf162e58a28991505bdd5ff1afac09a","isMergeCommit":false,"messageTitle":"Modify README.md","messageBody":"","fileTypesAndContributionMap":{"docs":{"insertions":2,"deletions":2}}}]},{"date":"2024-10-03","commitResults":[{"hash":"e102ddd68e06d18c158c7290f5349ab055573f66","isMergeCommit":false,"messageTitle":"Edit AboutUs.md","messageBody":"","fileTypesAndContributionMap":{"docs":{"insertions":4,"deletions":7}}},{"hash":"f7fc27f20d823b9eb55a7832627e5aacf9a83262","isMergeCommit":true,"messageTitle":"Merge branch \u0027master\u0027 of https://github.com/AY2425S1-CS2113-T11-3/tp into Khanh-AboutUs","messageBody":"# Conflicts:\n#\tdocs/AboutUs.md\n","fileTypesAndContributionMap":{}},{"hash":"b40c9fc4a45de63b4d33479e95f12be6700f18a0","isMergeCommit":true,"messageTitle":"Merge branch \u0027master\u0027 of https://github.com/AY2425S1-CS2113-T11-3/tp into Khanh-AboutUs","messageBody":"# Conflicts:\n#\tdocs/AboutUs.md\n","fileTypesAndContributionMap":{}},{"hash":"eb50dc97a45ce14c688ba8556fd22e05bdd48ddb","isMergeCommit":true,"messageTitle":"Merge pull request #3 from tkhahns/Khanh-AboutUs","messageBody":"Khanh - First PR","fileTypesAndContributionMap":{}},{"hash":"20cc5eba783adbaa7c3c98300b1f3c5a0ded5994","isMergeCommit":false,"messageTitle":"Modify AbouUs.md","messageBody":"","fileTypesAndContributionMap":{"docs":{"insertions":3,"deletions":6}}},{"hash":"a1cc4f69c354586b1917343e3cb634a212befced","isMergeCommit":true,"messageTitle":"Merge branch \u0027AY2425S1-CS2113-T11-3:master\u0027 into Khanh-AboutUs","messageBody":"","fileTypesAndContributionMap":{}},{"hash":"03d3c2969e4220f2e15e81f51707c648d3f8d219","isMergeCommit":true,"messageTitle":"Merge pull request #6 from tkhahns/Khanh-AboutUs","messageBody":"Khanh about us","fileTypesAndContributionMap":{}},{"hash":"9d6b52e5dc986183ebc139e8f27afe47d2b43371","isMergeCommit":false,"messageTitle":"Khanh profile pic","messageBody":"","fileTypesAndContributionMap":{"docs":{"insertions":1,"deletions":1}}},{"hash":"237647130f930a77f71ac7482868bad468480d28","isMergeCommit":true,"messageTitle":"Merge branch \u0027master\u0027 of https://github.com/AY2425S1-CS2113-T11-3/tp into Khanh-AboutUs","messageBody":"","fileTypesAndContributionMap":{}},{"hash":"78d437e271534850e8854ac5503a2dfcc8016f2a","isMergeCommit":true,"messageTitle":"Merge pull request #7 from tkhahns/Khanh-AboutUs","messageBody":"Khanh profile pic","fileTypesAndContributionMap":{}}]},{"date":"2024-10-14","commitResults":[{"hash":"bb50ef03a179336bbf6613c37dc11e0cb5cf0c01","isMergeCommit":true,"messageTitle":"Merge pull request #54 from rexkoh425/A-AddCustomers","messageBody":"A-AddCustomers","fileTypesAndContributionMap":{}}]},{"date":"2024-10-16","commitResults":[{"hash":"e32b9f432a53b422d54296cf4d8b1e94610bdf5e","isMergeCommit":false,"messageTitle":"Add Help Class to list all commands","messageBody":"","fileTypesAndContributionMap":{"functional-code":{"insertions":2,"deletions":0}}},{"hash":"5b787985d3ffe7d39a5b0f75cfd9e4f47d422abc","isMergeCommit":false,"messageTitle":"Add Help class to list all commands","messageBody":"","fileTypesAndContributionMap":{"functional-code":{"insertions":42,"deletions":14}}},{"hash":"8cf4d3ac01310e126733e37a7d6fd7da18261b4e","isMergeCommit":false,"messageTitle":"Create HelpParser and CliRentalException","messageBody":"","fileTypesAndContributionMap":{"functional-code":{"insertions":6,"deletions":30}}},{"hash":"d3aec2852aaf6b94caf7c3c10491a8015a8388b1","isMergeCommit":false,"messageTitle":"Create HelpParser and CliRentalException","messageBody":"","fileTypesAndContributionMap":{"functional-code":{"insertions":48,"deletions":6}}},{"hash":"0db19b5ffac36ee6696b9991f9d0d01ceb5c1908","isMergeCommit":false,"messageTitle":"Add remove-car","messageBody":"","fileTypesAndContributionMap":{"functional-code":{"insertions":51,"deletions":1}}},{"hash":"df01a6c38936dadc9d344d80a28b2915ae5b16e4","isMergeCommit":true,"messageTitle":"Merge branch \u0027master\u0027 into master","messageBody":"","fileTypesAndContributionMap":{}},{"hash":"abd14854a0e89654b4b30753f52f6c202c1ac85d","isMergeCommit":true,"messageTitle":"Merge pull request #66 from rexkoh425/A-ListRentalCars","messageBody":"A-ListRentalCars","fileTypesAndContributionMap":{}},{"hash":"5a40e49853defc484f9c3f669b5ac1479e8270b1","isMergeCommit":true,"messageTitle":"Merge branch \u0027master\u0027 into master","messageBody":"","fileTypesAndContributionMap":{}},{"hash":"dd073d62c9330695d79a3652f5f1e1f6c23a7110","isMergeCommit":false,"messageTitle":"Remove duplicate case","messageBody":"","fileTypesAndContributionMap":{"functional-code":{"insertions":0,"deletions":4}}},{"hash":"cd81c8f6e73b8a6272252627e7cec9c4288695e6","isMergeCommit":true,"messageTitle":"Merge branch \u0027master\u0027 of https://github.com/AY2425S1-CS2113-T11-3/tp","messageBody":"# Conflicts:\n#\tsrc/main/java/car/CarList.java\n","fileTypesAndContributionMap":{}},{"hash":"330c23403c86d9f1968784d65829dff0c0efaeb7","isMergeCommit":true,"messageTitle":"Merge branch \u0027master\u0027 of https://github.com/tkhahns/tp","messageBody":"# Conflicts:\n#\tsrc/main/java/car/CarList.java\n","fileTypesAndContributionMap":{}},{"hash":"fce1c919a493ddc7561031a250ae126598c79f66","isMergeCommit":false,"messageTitle":"Modify indentation","messageBody":"","fileTypesAndContributionMap":{"functional-code":{"insertions":29,"deletions":29}}},{"hash":"2ac59fcb741a043b77535d08bbb0bde169cf3a55","isMergeCommit":true,"messageTitle":"Merge pull request #68 from tkhahns/master","messageBody":"A-RemoveCar","fileTypesAndContributionMap":{}},{"hash":"b5e4c965a418911de488413f68b54b170c2e635f","isMergeCommit":true,"messageTitle":"Merge pull request #74 from CT9ARyan/branch-ListAllTransactions","messageBody":"A-ListAllTransactions","fileTypesAndContributionMap":{}},{"hash":"681b8de484b50b5f7ebe790cd60d55a3ba1e3d6f","isMergeCommit":false,"messageTitle":"Fix remove-car","messageBody":"","fileTypesAndContributionMap":{"functional-code":{"insertions":1,"deletions":1}}},{"hash":"b7296f7f23bf0abf502c9a9345db6898d84b125d","isMergeCommit":true,"messageTitle":"Merge pull request #77 from tkhahns/master","messageBody":"Fix remove-car","tags":["v1.0"],"fileTypesAndContributionMap":{}}]},{"date":"2024-10-18","commitResults":[{"hash":"dd8190bf5fea186ae8b99bd32aef2eb2d82edc36","isMergeCommit":false,"messageTitle":"Update test cases for CarParserTest","messageBody":"","fileTypesAndContributionMap":{"test-code":{"insertions":42,"deletions":2}}},{"hash":"23d72bfdb9a5d4ff1b87399bded221b8d7128396","isMergeCommit":false,"messageTitle":"Update test cases for CarTest","messageBody":"","fileTypesAndContributionMap":{"test-code":{"insertions":27,"deletions":1}}},{"hash":"6cbd37a6fd08a353cff5bb8612f017b5b342efef","isMergeCommit":false,"messageTitle":"Remove 1 failed test case in CarTest","messageBody":"","fileTypesAndContributionMap":{"test-code":{"insertions":1,"deletions":7}}},{"hash":"fc2ada88957ad2576b2441e2d430bb074b81fd4b","isMergeCommit":true,"messageTitle":"Merge pull request #79 from tkhahns/master","messageBody":"Update test cases for CarTest and CarParserTest","fileTypesAndContributionMap":{}}]},{"date":"2024-10-21","commitResults":[{"hash":"913290a170621618642183a08d51aa5bf7f6aa1d","isMergeCommit":true,"messageTitle":"Merge pull request #84 from SemiColonKen/add-rental-tx","messageBody":"A-AddRental","fileTypesAndContributionMap":{}}]},{"date":"2024-10-29","commitResults":[{"hash":"51015ec899d65ee9529176d85a19c6f8ffb1db54","isMergeCommit":false,"messageTitle":"- Add price category according to price input via median calculation \u0026 update every time a new car gets added - Edit list-cars to contain the price category section","messageBody":"","fileTypesAndContributionMap":{"functional-code":{"insertions":51,"deletions":3}}},{"hash":"d6cc2a9da162e34cc4ed432e4631ba048e9b7744","isMergeCommit":false,"messageTitle":"- Move the commands to CarParser - Added details in Car details output","messageBody":"","fileTypesAndContributionMap":{"functional-code":{"insertions":4,"deletions":3}}},{"hash":"4c2b4c7785c43016a322915777e78bdad82f8db5","isMergeCommit":false,"messageTitle":"Change \"Cheap\" to \"Affordabe\"","messageBody":"","fileTypesAndContributionMap":{"functional-code":{"insertions":1,"deletions":1}}},{"hash":"6680a5d4ece3e97a5650d312243d15e299ae6894","isMergeCommit":false,"messageTitle":"Add median calculation feature","messageBody":"","fileTypesAndContributionMap":{"functional-code":{"insertions":51,"deletions":3}}},{"hash":"b0b8977128e72dc4b3422d7d885466198f91b100","isMergeCommit":false,"messageTitle":"Move the commands to CarParser and add details in Car details output","messageBody":"","fileTypesAndContributionMap":{"functional-code":{"insertions":4,"deletions":3}}},{"hash":"8c66c9558d8d26e4a30930b9a18d429c4d10ea53","isMergeCommit":false,"messageTitle":"Change \"Cheap\" to \"Affordabe\"","messageBody":"","fileTypesAndContributionMap":{"functional-code":{"insertions":1,"deletions":1}}},{"hash":"455bdc4fd595f36c72c3e70f134b0ba72cb90896","isMergeCommit":false,"messageTitle":"Fix checkstyle error","messageBody":"","fileTypesAndContributionMap":{"functional-code":{"insertions":9,"deletions":3}}},{"hash":"ca334c29a6508e8071fa77f6fba67204d3632af5","isMergeCommit":false,"messageTitle":"Fix checkstyle error 2","messageBody":"","fileTypesAndContributionMap":{"functional-code":{"insertions":2,"deletions":4}}},{"hash":"15768c0e1aea302f224e77bef0c5cf03ffc576d3","isMergeCommit":false,"messageTitle":"Fix checkstyle error 3","messageBody":"","fileTypesAndContributionMap":{"functional-code":{"insertions":4,"deletions":2}}}]},{"date":"2024-11-01","commitResults":[{"hash":"b65a3dcb53653303e294470203c5d7f6fdd0fe66","isMergeCommit":true,"messageTitle":"Merge branch \u0027master\u0027 of https://github.com/AY2425S1-CS2113-T11-3/tp","messageBody":"# Conflicts:\n#\tsrc/main/java/parser/Parser.java\n","fileTypesAndContributionMap":{}},{"hash":"44053b48e58b1fb4d19700533b3c94e2d5e671ec","isMergeCommit":true,"messageTitle":"Merge branch \u0027master\u0027 into master","messageBody":"","fileTypesAndContributionMap":{}},{"hash":"180976654f05c78ade223c95195911c0c2d23ebd","isMergeCommit":true,"messageTitle":"Merge pull request #110 from CT9ARyan/branch-DeveloperGuide","messageBody":"A-RyanDeveloperGuide","fileTypesAndContributionMap":{}}]},{"date":"2024-11-04","commitResults":[{"hash":"09bb17f30c0fa64dc6eaaa908035fe5454dc4199","isMergeCommit":true,"messageTitle":"Merge branch \u0027master\u0027 of https://github.com/AY2425S1-CS2113-T11-3/tp","messageBody":"","fileTypesAndContributionMap":{}}]},{"date":"2024-11-05","commitResults":[{"hash":"b7a5227cd6d0c13e6319849a7845d8e6cb629c1f","isMergeCommit":true,"messageTitle":"Merge branch \u0027AY2425S1-CS2113-T11-3:master\u0027 into master","messageBody":"","fileTypesAndContributionMap":{}},{"hash":"98b77186cc0f2727f52c0af3ca3aab783ca15c00","isMergeCommit":false,"messageTitle":"Modify following upstream","messageBody":"","fileTypesAndContributionMap":{"functional-code":{"insertions":1,"deletions":1}}},{"hash":"a6ffced28fc631e64d5d0131da136fdb29daaf3b","isMergeCommit":true,"messageTitle":"Merge pull request #98 from tkhahns/master","messageBody":"Add median calculation feature to classify between expensive and affordable car","fileTypesAndContributionMap":{}}]}]},"authorFileTypeContributionMap":{"SemiColonKen":{"docs":4,"functional-code":224,"test-code":652},"rexkoh425":{"docs":290,"functional-code":733,"test-code":174,"other":3},"AaronZZ10":{"docs":88,"functional-code":283,"test-code":1,"other":33},"CT9ARyan":{"docs":384,"functional-code":690,"test-code":298},"tkhahns":{"docs":2,"functional-code":141,"test-code":27}},"authorContributionVariance":{"SemiColonKen":23455.742,"rexkoh425":20004.342,"AaronZZ10":20842.709,"CT9ARyan":9826.611,"tkhahns":1908.96},"authorDisplayNameMap":{"SemiColonKen":"CS2113-T11-3 TAN ..NETH","rexkoh425":"CS2113-T11-3 REX .. KAI","AaronZZ10":"CS2113-T11-3 LIU .. HAO","CT9ARyan":"CS2113-T11-3 FONG..RYAN","tkhahns":"CS2113-T11-3 DAO ..HANH"}}
