[{"path":"README.md","fileType":"docs","lines":[{"lineNumber":1,"author":{"gitId":"yijiano"},"content":"# Pharmacy Inventory \u0026 Logistics Ledger (PILL)","lastModifiedDate":"2024-09-30","isFullCredit":false},{"lineNumber":2,"author":{"gitId":"-"},"content":"","lastModifiedDate":"2020-05-25","isFullCredit":false},{"lineNumber":3,"author":{"gitId":"-"},"content":"This is a project template for a greenfield Java project. It\u0027s named after the Java mascot _Duke_. Given below are instructions on how to use it.","lastModifiedDate":"2020-05-25","isFullCredit":false},{"lineNumber":4,"author":{"gitId":"-"},"content":"","lastModifiedDate":"2020-05-25","isFullCredit":false},{"lineNumber":5,"author":{"gitId":"-"},"content":"## Setting up in Intellij","lastModifiedDate":"2020-05-25","isFullCredit":false},{"lineNumber":6,"author":{"gitId":"-"},"content":"","lastModifiedDate":"2020-05-25","isFullCredit":false},{"lineNumber":7,"author":{"gitId":"-"},"content":"Prerequisites: JDK 17 (use the exact version), update Intellij to the most recent version.","lastModifiedDate":"2020-05-24","isFullCredit":false},{"lineNumber":8,"author":{"gitId":"-"},"content":"","lastModifiedDate":"2020-05-24","isFullCredit":false},{"lineNumber":9,"author":{"gitId":"-"},"content":"1. **Ensure Intellij JDK 17 is defined as an SDK**, as described [here](https://www.jetbrains.com/help/idea/sdk.html#set-up-jdk) -- this step is not needed if you have used JDK 17 in a previous Intellij project.","lastModifiedDate":"2020-05-24","isFullCredit":false},{"lineNumber":10,"author":{"gitId":"-"},"content":"1. **Import the project _as a Gradle project_**, as described [here](https://se-education.org/guides/tutorials/intellijImportGradleProject.html).","lastModifiedDate":"2020-05-24","isFullCredit":false},{"lineNumber":11,"author":{"gitId":"-"},"content":"1. **Verify the setup**: After the importing is complete, locate the `src/main/java/seedu/duke/Duke.java` file, right-click it, and choose `Run Duke.main()`. If the setup is correct, you should see something like the below:","lastModifiedDate":"2020-05-24","isFullCredit":false},{"lineNumber":12,"author":{"gitId":"-"},"content":"   ```","lastModifiedDate":"2020-05-25","isFullCredit":false},{"lineNumber":13,"author":{"gitId":"-"},"content":"   \u003e Task :compileJava","lastModifiedDate":"2020-05-24","isFullCredit":false},{"lineNumber":14,"author":{"gitId":"-"},"content":"   \u003e Task :processResources NO-SOURCE","lastModifiedDate":"2020-05-24","isFullCredit":false},{"lineNumber":15,"author":{"gitId":"-"},"content":"   \u003e Task :classes","lastModifiedDate":"2020-05-24","isFullCredit":false},{"lineNumber":16,"author":{"gitId":"-"},"content":"   ","lastModifiedDate":"2020-05-24","isFullCredit":false},{"lineNumber":17,"author":{"gitId":"-"},"content":"   \u003e Task :Duke.main()","lastModifiedDate":"2020-05-24","isFullCredit":false},{"lineNumber":18,"author":{"gitId":"-"},"content":"   Hello from","lastModifiedDate":"2020-05-25","isFullCredit":false},{"lineNumber":19,"author":{"gitId":"-"},"content":"    ____        _        ","lastModifiedDate":"2020-05-25","isFullCredit":false},{"lineNumber":20,"author":{"gitId":"-"},"content":"   |  _ \\ _   _| | _____ ","lastModifiedDate":"2020-05-25","isFullCredit":false},{"lineNumber":21,"author":{"gitId":"-"},"content":"   | | | | | | | |/ / _ \\","lastModifiedDate":"2020-05-25","isFullCredit":false},{"lineNumber":22,"author":{"gitId":"-"},"content":"   | |_| | |_| |   \u003c  __/","lastModifiedDate":"2020-05-25","isFullCredit":false},{"lineNumber":23,"author":{"gitId":"-"},"content":"   |____/ \\__,_|_|\\_\\___|","lastModifiedDate":"2020-05-25","isFullCredit":false},{"lineNumber":24,"author":{"gitId":"-"},"content":"   ","lastModifiedDate":"2020-05-24","isFullCredit":false},{"lineNumber":25,"author":{"gitId":"-"},"content":"   What is your name?","lastModifiedDate":"2020-05-24","isFullCredit":false},{"lineNumber":26,"author":{"gitId":"-"},"content":"   ```","lastModifiedDate":"2020-05-25","isFullCredit":false},{"lineNumber":27,"author":{"gitId":"-"},"content":"   Type some word and press enter to let the execution proceed to the end.","lastModifiedDate":"2020-05-24","isFullCredit":false},{"lineNumber":28,"author":{"gitId":"-"},"content":"","lastModifiedDate":"2020-05-24","isFullCredit":false},{"lineNumber":29,"author":{"gitId":"-"},"content":"## Build automation using Gradle","lastModifiedDate":"2020-05-24","isFullCredit":false},{"lineNumber":30,"author":{"gitId":"-"},"content":"","lastModifiedDate":"2020-05-24","isFullCredit":false},{"lineNumber":31,"author":{"gitId":"-"},"content":"* This project uses Gradle for build automation and dependency management. It includes a basic build script as well (i.e. the `build.gradle` file).","lastModifiedDate":"2020-05-24","isFullCredit":false},{"lineNumber":32,"author":{"gitId":"-"},"content":"* If you are new to Gradle, refer to the [Gradle Tutorial at se-education.org/guides](https://se-education.org/guides/tutorials/gradle.html).","lastModifiedDate":"2020-05-24","isFullCredit":false},{"lineNumber":33,"author":{"gitId":"-"},"content":"","lastModifiedDate":"2020-05-24","isFullCredit":false},{"lineNumber":34,"author":{"gitId":"-"},"content":"## Testing","lastModifiedDate":"2020-05-24","isFullCredit":false},{"lineNumber":35,"author":{"gitId":"-"},"content":"","lastModifiedDate":"2020-05-24","isFullCredit":false},{"lineNumber":36,"author":{"gitId":"-"},"content":"### I/O redirection tests","lastModifiedDate":"2020-05-24","isFullCredit":false},{"lineNumber":37,"author":{"gitId":"-"},"content":"","lastModifiedDate":"2020-05-24","isFullCredit":false},{"lineNumber":38,"author":{"gitId":"-"},"content":"* To run _I/O redirection_ tests (aka _Text UI tests_), navigate to the `text-ui-test` and run the `runtest(.bat/.sh)` script.","lastModifiedDate":"2020-05-24","isFullCredit":false},{"lineNumber":39,"author":{"gitId":"-"},"content":"","lastModifiedDate":"2020-05-24","isFullCredit":false},{"lineNumber":40,"author":{"gitId":"-"},"content":"### JUnit tests","lastModifiedDate":"2020-05-24","isFullCredit":false},{"lineNumber":41,"author":{"gitId":"-"},"content":"","lastModifiedDate":"2020-05-24","isFullCredit":false},{"lineNumber":42,"author":{"gitId":"-"},"content":"* A skeleton JUnit test (`src/test/java/seedu/duke/DukeTest.java`) is provided with this project template. ","lastModifiedDate":"2020-05-24","isFullCredit":false},{"lineNumber":43,"author":{"gitId":"-"},"content":"* If you are new to JUnit, refer to the [JUnit Tutorial at se-education.org/guides](https://se-education.org/guides/tutorials/junit.html).","lastModifiedDate":"2020-05-24","isFullCredit":false},{"lineNumber":44,"author":{"gitId":"-"},"content":"","lastModifiedDate":"2020-05-24","isFullCredit":false},{"lineNumber":45,"author":{"gitId":"-"},"content":"## Checkstyle","lastModifiedDate":"2020-05-24","isFullCredit":false},{"lineNumber":46,"author":{"gitId":"-"},"content":"","lastModifiedDate":"2020-05-24","isFullCredit":false},{"lineNumber":47,"author":{"gitId":"-"},"content":"* A sample CheckStyle rule configuration is provided in this project.","lastModifiedDate":"2020-05-24","isFullCredit":false},{"lineNumber":48,"author":{"gitId":"-"},"content":"* If you are new to Checkstyle, refer to the [Checkstyle Tutorial at se-education.org/guides](https://se-education.org/guides/tutorials/checkstyle.html).","lastModifiedDate":"2020-05-24","isFullCredit":false},{"lineNumber":49,"author":{"gitId":"-"},"content":"","lastModifiedDate":"2020-05-24","isFullCredit":false},{"lineNumber":50,"author":{"gitId":"-"},"content":"## CI using GitHub Actions","lastModifiedDate":"2020-05-24","isFullCredit":false},{"lineNumber":51,"author":{"gitId":"-"},"content":"","lastModifiedDate":"2020-05-24","isFullCredit":false},{"lineNumber":52,"author":{"gitId":"-"},"content":"The project uses [GitHub actions](https://github.com/features/actions) for CI. When you push a commit to this repo or PR against it, GitHub actions will run automatically to build and verify the code as updated by the commit/PR.","lastModifiedDate":"2020-05-24","isFullCredit":false},{"lineNumber":53,"author":{"gitId":"-"},"content":"","lastModifiedDate":"2020-05-24","isFullCredit":false},{"lineNumber":54,"author":{"gitId":"-"},"content":"## Documentation","lastModifiedDate":"2020-05-24","isFullCredit":false},{"lineNumber":55,"author":{"gitId":"-"},"content":"","lastModifiedDate":"2020-05-24","isFullCredit":false},{"lineNumber":56,"author":{"gitId":"-"},"content":"`/docs` folder contains a skeleton version of the project documentation.","lastModifiedDate":"2020-05-24","isFullCredit":false},{"lineNumber":57,"author":{"gitId":"-"},"content":"","lastModifiedDate":"2020-05-24","isFullCredit":false},{"lineNumber":58,"author":{"gitId":"-"},"content":"Steps for publishing documentation to the public: ","lastModifiedDate":"2020-05-24","isFullCredit":false},{"lineNumber":59,"author":{"gitId":"-"},"content":"1. If you are using this project template for an individual project, go your fork on GitHub.\u003cbr\u003e","lastModifiedDate":"2020-05-24","isFullCredit":false},{"lineNumber":60,"author":{"gitId":"-"},"content":"   If you are using this project template for a team project, go to the team fork on GitHub.","lastModifiedDate":"2020-05-24","isFullCredit":false},{"lineNumber":61,"author":{"gitId":"-"},"content":"1. Click on the `settings` tab.","lastModifiedDate":"2020-05-24","isFullCredit":false},{"lineNumber":62,"author":{"gitId":"-"},"content":"1. Scroll down to the `GitHub Pages` section.","lastModifiedDate":"2020-05-24","isFullCredit":false},{"lineNumber":63,"author":{"gitId":"-"},"content":"1. Set the `source` as `master branch /docs folder`.","lastModifiedDate":"2020-05-24","isFullCredit":false},{"lineNumber":64,"author":{"gitId":"-"},"content":"1. Optionally, use the `choose a theme` button to choose a theme for your documentation.","lastModifiedDate":"2020-05-24","isFullCredit":false}],"authorContributionMap":{"yijiano":1,"-":63}},{"path":"docs/AboutUs.md","fileType":"docs","lines":[{"lineNumber":1,"author":{"gitId":"-"},"content":"# About us","lastModifiedDate":"2024-10-02","isFullCredit":false},{"lineNumber":2,"author":{"gitId":"-"},"content":"","lastModifiedDate":"2024-10-02","isFullCredit":false},{"lineNumber":3,"author":{"gitId":"yakultbottle"},"content":"Display | Name | Github Pofile | Portfolio","lastModifiedDate":"2024-10-02","isFullCredit":false},{"lineNumber":4,"author":{"gitId":"yakultbottle"},"content":"--------|:----:|:-------------:|:--------:","lastModifiedDate":"2024-10-02","isFullCredit":false},{"lineNumber":5,"author":{"gitId":"yakultbottle"},"content":"","lastModifiedDate":"2024-10-02","isFullCredit":false},{"lineNumber":6,"author":{"gitId":"yakultbottle"},"content":"![](https://th.bing.com/th/id/OIP.4gUeSpMg2p-5Of2to-rb3gHaJl?rs\u003d1\u0026pid\u003dImgDetMain) | Benjamin Lim | [Github](https://github.com/yakultbottle) | [Portfolio](docs/team/yakultbottle.md)","lastModifiedDate":"2024-10-02","isFullCredit":false},{"lineNumber":7,"author":{"gitId":"yakultbottle"},"content":"![](https://carrotsandcake.com/wp-content/uploads/2022/07/Among-Us-Symbol.png) | Zhang Yijian | [Github](https://github.com/yijiano) | [Portfolio](docs/team/yijiano.md)","lastModifiedDate":"2024-10-02","isFullCredit":false},{"lineNumber":8,"author":{"gitId":"yakultbottle"},"content":"![](https://th.bing.com/th/id/OIP.GMzbuaCd00rCkkcGvd2GiQHaHa?rs\u003d1\u0026pid\u003dImgDetMain) | Nivedit | [Github](https://github.com/cnivedit) | [Portfolio](docs/team/cnivedit.md)","lastModifiedDate":"2024-10-02","isFullCredit":false},{"lineNumber":9,"author":{"gitId":"yakultbottle"},"content":"![](https://th.bing.com/th/id/OIP.uoFjfZw1zxgaKZq6Mn4uJQHaJr?rs\u003d1\u0026pid\u003dImgDetMain) | Xinchi | [Github](https://github.com/cxc0418) | [Portfolio](docs/team/cxc0418.md)","lastModifiedDate":"2024-10-02","isFullCredit":false},{"lineNumber":10,"author":{"gitId":"yakultbottle"},"content":"![](https://th.bing.com/th/id/OIP.FjosDChkMJNJSOVsiUSGlQHaJr?rs\u003d1\u0026pid\u003dImgDetMain) | Philip | [Github](https://github.com/philip1304) | [Portfolio](docs/team/philip1304.md)","lastModifiedDate":"2024-10-02","isFullCredit":false}],"authorContributionMap":{"yakultbottle":8,"-":2}},{"path":"src/main/java/seedu/duke/Command/Command.java","fileType":"functional-code","lines":[{"lineNumber":1,"author":{"gitId":"yakultbottle"},"content":"package seedu.duke.Command;","lastModifiedDate":"2024-10-09","isFullCredit":false},{"lineNumber":2,"author":{"gitId":"yakultbottle"},"content":"","lastModifiedDate":"2024-10-09","isFullCredit":false},{"lineNumber":3,"author":{"gitId":"yakultbottle"},"content":"import java.util.Scanner;","lastModifiedDate":"2024-10-09","isFullCredit":false},{"lineNumber":4,"author":{"gitId":"yakultbottle"},"content":"","lastModifiedDate":"2024-10-09","isFullCredit":false},{"lineNumber":5,"author":{"gitId":"yakultbottle"},"content":"/**","lastModifiedDate":"2024-10-09","isFullCredit":false},{"lineNumber":6,"author":{"gitId":"yakultbottle"},"content":" * Represents a command that can be executed.","lastModifiedDate":"2024-10-09","isFullCredit":false},{"lineNumber":7,"author":{"gitId":"yakultbottle"},"content":" * Each command is responsible for performing a specific action in the system.","lastModifiedDate":"2024-10-09","isFullCredit":false},{"lineNumber":8,"author":{"gitId":"yakultbottle"},"content":" */","lastModifiedDate":"2024-10-09","isFullCredit":false},{"lineNumber":9,"author":{"gitId":"yakultbottle"},"content":"public abstract class Command {","lastModifiedDate":"2024-10-09","isFullCredit":false},{"lineNumber":10,"author":{"gitId":"yakultbottle"},"content":"    /**","lastModifiedDate":"2024-10-09","isFullCredit":false},{"lineNumber":11,"author":{"gitId":"yakultbottle"},"content":"     * Executes the command with the specified task list, user interface, and storage.","lastModifiedDate":"2024-10-09","isFullCredit":false},{"lineNumber":12,"author":{"gitId":"yakultbottle"},"content":"     *","lastModifiedDate":"2024-10-09","isFullCredit":false},{"lineNumber":13,"author":{"gitId":"yakultbottle"},"content":"     * @param tasks       The task list to be manipulated by the command.","lastModifiedDate":"2024-10-09","isFullCredit":false},{"lineNumber":14,"author":{"gitId":"yakultbottle"},"content":"     * @param ui          The Scanner that takes input from the terminal.","lastModifiedDate":"2024-10-09","isFullCredit":false},{"lineNumber":15,"author":{"gitId":"yakultbottle"},"content":"     * @param storagePath The storage path for saving/loading tasks.","lastModifiedDate":"2024-10-09","isFullCredit":false},{"lineNumber":16,"author":{"gitId":"yakultbottle"},"content":"     */","lastModifiedDate":"2024-10-09","isFullCredit":false},{"lineNumber":17,"author":{"gitId":"yakultbottle"},"content":"    public abstract void execute(String[] tasks, Scanner ui, String storagePath);","lastModifiedDate":"2024-10-09","isFullCredit":false},{"lineNumber":18,"author":{"gitId":"yakultbottle"},"content":"","lastModifiedDate":"2024-10-09","isFullCredit":false},{"lineNumber":19,"author":{"gitId":"yakultbottle"},"content":"    /**","lastModifiedDate":"2024-10-09","isFullCredit":false},{"lineNumber":20,"author":{"gitId":"yakultbottle"},"content":"     * Determines whether this command will exit the application.","lastModifiedDate":"2024-10-09","isFullCredit":false},{"lineNumber":21,"author":{"gitId":"yakultbottle"},"content":"     * Overridden only by the ByeCommand.","lastModifiedDate":"2024-10-09","isFullCredit":false},{"lineNumber":22,"author":{"gitId":"yakultbottle"},"content":"     *","lastModifiedDate":"2024-10-09","isFullCredit":false},{"lineNumber":23,"author":{"gitId":"yakultbottle"},"content":"     * @return false, as most commands do not exit the application.","lastModifiedDate":"2024-10-09","isFullCredit":false},{"lineNumber":24,"author":{"gitId":"yakultbottle"},"content":"     */","lastModifiedDate":"2024-10-09","isFullCredit":false},{"lineNumber":25,"author":{"gitId":"yakultbottle"},"content":"    public boolean isExit() {","lastModifiedDate":"2024-10-09","isFullCredit":false},{"lineNumber":26,"author":{"gitId":"yakultbottle"},"content":"        return false;","lastModifiedDate":"2024-10-09","isFullCredit":false},{"lineNumber":27,"author":{"gitId":"yakultbottle"},"content":"    }","lastModifiedDate":"2024-10-09","isFullCredit":false},{"lineNumber":28,"author":{"gitId":"yakultbottle"},"content":"}","lastModifiedDate":"2024-10-09","isFullCredit":false}],"authorContributionMap":{"yakultbottle":28}}]
