{"authorDailyContributionsMap":{"philip1304":[],"cxc0418":[{"date":"2024-10-02","commitResults":[{"hash":"bb92845c1c2201de96839142b01021843866b4ed","isMergeCommit":false,"messageTitle":"Commit and Push","messageBody":"","fileTypesAndContributionMap":{"docs":{"insertions":1,"deletions":9}}},{"hash":"d01528a8d8a7ff88796f76c1cc6e338125a8827c","isMergeCommit":true,"messageTitle":"Merge branch \u0027master\u0027 into Xinchi-AboutUs","messageBody":"","fileTypesAndContributionMap":{}},{"hash":"1c5a323867eb25bb5c518e80a8a9e4a2f1aef2bf","isMergeCommit":true,"messageTitle":"Merge pull request #4 from cxc0418/Xinchi-AboutUs","messageBody":"Commit and Push","fileTypesAndContributionMap":{}}]}],"yijiano":[{"date":"2024-09-30","commitResults":[{"hash":"c40b08d16fbea08945acba59e6a09c66b3295f91","isMergeCommit":false,"messageTitle":"Update README.md","messageBody":"","fileTypesAndContributionMap":{"docs":{"insertions":1,"deletions":1}}}]},{"date":"2024-10-02","commitResults":[{"hash":"133f1ac6b6b9d8bee05f933e259c5da8d1098f75","isMergeCommit":false,"messageTitle":"Update docs/README.md","messageBody":"","fileTypesAndContributionMap":{"docs":{"insertions":1,"deletions":9}}},{"hash":"5e88e251c64e96a6de5e71139ee229c3bd96427f","isMergeCommit":true,"messageTitle":"Ressolve Merge Conflict","messageBody":"","fileTypesAndContributionMap":{}},{"hash":"4befb2aea16f6838cb89d358d4039f2da44a7412","isMergeCommit":true,"messageTitle":"Merge pull request #3 from yijiano/Yijian-AboutUs","messageBody":"Update docs/AboutUs.md","fileTypesAndContributionMap":{}}]},{"date":"2024-10-09","commitResults":[{"hash":"cfda687b4f5d2410c84438c228a620d92c2fbffd","isMergeCommit":false,"messageTitle":"Add Ui and Printer, add Init and Exit","messageBody":"","fileTypesAndContributionMap":{"functional-code":{"insertions":89,"deletions":21},"other":{"insertions":2,"deletions":2}}},{"hash":"3ba63b63e40764aaebb25b8fdec6d2baf7700ae2","isMergeCommit":false,"messageTitle":"Fix compile errors","messageBody":"","fileTypesAndContributionMap":{"functional-code":{"insertions":5,"deletions":3}}},{"hash":"667953e7c332a09708e27098165b9e7f57b545ab","isMergeCommit":false,"messageTitle":"Update text-ui-text","messageBody":"","fileTypesAndContributionMap":{"functional-code":{"insertions":1,"deletions":3},"other":{"insertions":1,"deletions":1}}},{"hash":"ff80cd9361049b3ff2d3623f938534d7bdb86c4e","isMergeCommit":false,"messageTitle":"Update main class name in gradle","messageBody":"","fileTypesAndContributionMap":{"other":{"insertions":1,"deletions":1}}},{"hash":"e9e545cabfe7237c43c1d4d61ad796d92e95f2e1","isMergeCommit":false,"messageTitle":"Fix print, update text-ui-test","messageBody":"","fileTypesAndContributionMap":{"functional-code":{"insertions":3,"deletions":5}}},{"hash":"b65727a1967901229a2211b2014a156450f2141d","isMergeCommit":false,"messageTitle":"Update problematic ASCII","messageBody":"","fileTypesAndContributionMap":{"functional-code":{"insertions":15,"deletions":13}}},{"hash":"81b6f68dff367354ae8c9b543a103de1e155f537","isMergeCommit":true,"messageTitle":"Merge pull request #39 from yijiano/master","messageBody":"Add Ui and Printer, add Init and Exit","fileTypesAndContributionMap":{}}]},{"date":"2024-10-10","commitResults":[{"hash":"c3990079645ce8498c537a36325b7b7b5c60d254","isMergeCommit":false,"messageTitle":"Add Parser, add basic error catching","messageBody":"","fileTypesAndContributionMap":{"functional-code":{"insertions":103,"deletions":10}}},{"hash":"304688f894e3e2e9511b190d291fc4a240664b2a","isMergeCommit":true,"messageTitle":"Merge pull request #42 from yijiano/master","messageBody":"Add Parser, add basic error catching","fileTypesAndContributionMap":{}},{"hash":"7eb87a5f67aa688ec4b3cc16b6fc2e19add05774","isMergeCommit":false,"messageTitle":"Add JUnit test for UI","messageBody":"","fileTypesAndContributionMap":{"test-code":{"insertions":24,"deletions":2}}},{"hash":"f4693ecf6d58ceafc06100d5c96ab7d873a30bc5","isMergeCommit":true,"messageTitle":"Merge pull request #43 from yijiano/master","messageBody":"Add JUnit test for UI","fileTypesAndContributionMap":{}},{"hash":"4ade379c5f8ca87267ceda7592532607865a75ec","isMergeCommit":false,"messageTitle":"Refactor exit command handling","messageBody":"","fileTypesAndContributionMap":{"functional-code":{"insertions":17,"deletions":3}}},{"hash":"d3921fc5eb59df7c67c271ccc47c91b9bab8b27c","isMergeCommit":true,"messageTitle":"Merge pull request #44 from yijiano/dev/UiParser","messageBody":"Refactor exit command handling","fileTypesAndContributionMap":{}}]}],"yakultbottle":[{"date":"2024-10-02","commitResults":[{"hash":"2aa8028d431aeeafa72c8b4a1b4b31182cd5e0a3","isMergeCommit":false,"messageTitle":"Added big name","messageBody":"","fileTypesAndContributionMap":{"docs":{"insertions":1,"deletions":9}}},{"hash":"f313115ba538e181a36ea629832137afc5dcbc3d","isMergeCommit":true,"messageTitle":"Merge branch \u0027ben-AboutUs\u0027","messageBody":"","fileTypesAndContributionMap":{}},{"hash":"528b8921f31fbad6e35e05fa86f9aa557ab06762","isMergeCommit":true,"messageTitle":"Merge pull request #2 from yakultbottle/ben-AboutUs","messageBody":"Added big name","fileTypesAndContributionMap":{}},{"hash":"84110d68e86407ef09b7445570d90ffa3a10dd72","isMergeCommit":false,"messageTitle":"Fix AboutUs","messageBody":"","fileTypesAndContributionMap":{"docs":{"insertions":12,"deletions":1}}},{"hash":"dd3f2bc4941dfb517d219623aa0016b30f351b41","isMergeCommit":true,"messageTitle":"Merge pull request #10 from yakultbottle/master","messageBody":"Fix AboutUs","fileTypesAndContributionMap":{}},{"hash":"9d53221511f92b3d103752091195150c142b668e","isMergeCommit":false,"messageTitle":"Cleanup AboutUs","messageBody":"","fileTypesAndContributionMap":{"docs":{"insertions":0,"deletions":5}}},{"hash":"95b1bc939a6ba38c7bf749a70c3f943747c68f68","isMergeCommit":true,"messageTitle":"Merge pull request #11 from yakultbottle/master","messageBody":"Cleanup AboutUs","fileTypesAndContributionMap":{}}]},{"date":"2024-10-09","commitResults":[{"hash":"38b17f4a00886a922feb5edfc1252003eb66fe2e","isMergeCommit":false,"messageTitle":"Create abstract class Command","messageBody":"","fileTypesAndContributionMap":{"functional-code":{"insertions":28,"deletions":0}}},{"hash":"e27c334cb28f997932d0f951acc15d75ab4604d4","isMergeCommit":true,"messageTitle":"Merge pull request #22 from yakultbottle/Command","messageBody":"Create abstract class Command","fileTypesAndContributionMap":{}}]}],"cnivedit":[{"date":"2024-10-02","commitResults":[{"hash":"2b46f8f29565d31756495413fe7aa31dfc634c3c","isMergeCommit":false,"messageTitle":"Update AboutUs page","messageBody":"","fileTypesAndContributionMap":{"docs":{"insertions":1,"deletions":9}}},{"hash":"f2b99b3d39dd4702f57a5731ebda9aa64c9f6f6a","isMergeCommit":true,"messageTitle":"Merge pull request #1 from cnivedit/Nivedit-AboutUs","messageBody":"Update AboutUs page","fileTypesAndContributionMap":{}}]}]},"authorFileTypeContributionMap":{"philip1304":{"docs":0,"functional-code":0,"test-code":0},"cxc0418":{"docs":0,"functional-code":0,"test-code":0},"yijiano":{"docs":1,"functional-code":202,"test-code":26,"other":1},"yakultbottle":{"docs":8,"functional-code":22,"test-code":0},"cnivedit":{"docs":0,"functional-code":0,"test-code":0}},"authorContributionVariance":{"philip1304":0.0,"cxc0418":4.5351486,"yijiano":2263.4739,"yakultbottle":67.55555,"cnivedit":4.5351486},"authorDisplayNameMap":{"philip1304":"CS2113-W14-4 CHAN..ILIP","cxc0418":"CS2113-W14-4 CHEN..NCHI","yijiano":"CS2113-W14-4 ZHAN..JIAN","yakultbottle":"CS2113-W14-4 LIM ..AMIN","cnivedit":"CS2113-W14-4 CHIT..UMAR"}}
