{"authorDailyContributionsMap":{"philip1304":[{"date":"2024-10-11","commitResults":[{"hash":"f258a3997c9142b2f886b961767637272e70ac9c","isMergeCommit":false,"messageTitle":"tp - helpCommand // initial code","messageBody":"","fileTypesAndContributionMap":{"functional-code":{"insertions":18,"deletions":1}}},{"hash":"0c9a36d0f8e21a8c64ecc5feb97ebc2dee5cbfb7","isMergeCommit":true,"messageTitle":"Merge branch \u0027AY2425S1-CS2113-W14-4:master\u0027 into master","messageBody":"","fileTypesAndContributionMap":{}}]},{"date":"2024-10-13","commitResults":[{"hash":"72c36281f5804f4c39f34bac67c06c2b86d972b9","isMergeCommit":true,"messageTitle":"Merge branch \u0027AY2425S1-CS2113-W14-4:master\u0027 into master","messageBody":"","fileTypesAndContributionMap":{}},{"hash":"df3254a4b777cf425d11cfb54312d1b1d4a907d1","isMergeCommit":false,"messageTitle":"tp - helpCommand // initial code","messageBody":"","fileTypesAndContributionMap":{"functional-code":{"insertions":29,"deletions":11}}},{"hash":"b4a59e2aec97b9de15bfa983295aa88340c57e25","isMergeCommit":false,"messageTitle":"tp - helpCommand // initial code","messageBody":"","fileTypesAndContributionMap":{"functional-code":{"insertions":1,"deletions":4}}},{"hash":"5f4fd3d7ceaf0a3031c58d5f7d8557651991e8b8","isMergeCommit":true,"messageTitle":"Merge branch \u0027master\u0027 into master","messageBody":"","fileTypesAndContributionMap":{}},{"hash":"71e2c117e903c78403b6ed02698627adb3b60940","isMergeCommit":false,"messageTitle":"Help Command // initial code","messageBody":"","fileTypesAndContributionMap":{"functional-code":{"insertions":66,"deletions":3}}},{"hash":"dea79ab0a534aed7285f75bed9ebd00407fb3a69","isMergeCommit":true,"messageTitle":"Merge branch \u0027master\u0027 into master","messageBody":"","fileTypesAndContributionMap":{}},{"hash":"2d9ac2d8bd3ac62399628e20cdc5f28e572846ca","isMergeCommit":false,"messageTitle":"Help Command // initial code - updated","messageBody":"","fileTypesAndContributionMap":{"functional-code":{"insertions":31,"deletions":37}}},{"hash":"7283d8b5684017e1d5a6d54c4b2207ba9eb86c56","isMergeCommit":true,"messageTitle":"Merge branch \u0027master\u0027 into master","messageBody":"","fileTypesAndContributionMap":{}},{"hash":"1a8a91f6ec40173cd9708293503a1b4501de557d","isMergeCommit":false,"messageTitle":"tp - helpCommand // initial code - updated to reflect changes in other code","messageBody":"","fileTypesAndContributionMap":{"functional-code":{"insertions":5,"deletions":3}}},{"hash":"65f8d7802c619bf031a7fd3c9ecab692fc0bdd16","isMergeCommit":true,"messageTitle":"Merge pull request #57 from philip1304/master","messageBody":"Help Command // updated","fileTypesAndContributionMap":{}}]},{"date":"2024-10-14","commitResults":[{"hash":"50d85c70c800cd23492ae946bc3aaf9fdf55293d","isMergeCommit":false,"messageTitle":"Help Command // improved \u0027help\u0027 and error messages","messageBody":"","fileTypesAndContributionMap":{"functional-code":{"insertions":90,"deletions":20}}},{"hash":"1857ba77b0f34aa7890d25b6b1b1e7738d7d8a0d","isMergeCommit":false,"messageTitle":"Help Command // improved \u0027help\u0027 and error messages","messageBody":"- Added \u0027edit\u0027 command.\n","fileTypesAndContributionMap":{"functional-code":{"insertions":20,"deletions":1}}},{"hash":"9d59c19a15130e57ea2f24ea4afdcb2778dd2dcb","isMergeCommit":true,"messageTitle":"Merge pull request #64 from philip1304/improved-help","messageBody":"Help Command // improved \u0027help\u0027 and error messages","fileTypesAndContributionMap":{}},{"hash":"ea0ab7828252eaee9f6150c0a6b83deb646bd9a7","isMergeCommit":false,"messageTitle":"Help Command // Asserts, Loggers, Verbose","messageBody":"Notes:\nAdded a few asserts and loggers.\nChanged help information shown with and without verbose parameters.\n","fileTypesAndContributionMap":{"functional-code":{"insertions":39,"deletions":13}}},{"hash":"9639dfa4a7be2a18997d26987d61fb89d8ab8ff9","isMergeCommit":true,"messageTitle":"Merge pull request #67 from philip1304/helpcommand-assert-logger","messageBody":"Help Command // Asserts, Loggers, Verbose","fileTypesAndContributionMap":{}}]},{"date":"2024-10-17","commitResults":[{"hash":"760925deaa28639b456b5d6922f5e452d0f78cbf","isMergeCommit":false,"messageTitle":"Command Typo Correction #17 // Implemented","messageBody":"Notes:\n- HelpCommand class updated.\nStringMatcher class implemented.\n","fileTypesAndContributionMap":{"functional-code":{"insertions":86,"deletions":4}}},{"hash":"2be51efcb0b91337cf2174fd9043f8a1ac4d6c98","isMergeCommit":false,"messageTitle":"Command Typo Correction #17 // Implemented","messageBody":"Notes:\n- Fixes to StringMatcher class.\n","fileTypesAndContributionMap":{"functional-code":{"insertions":1,"deletions":1}}},{"hash":"02f7291db421e8aed005c50865673321b9a530c2","isMergeCommit":false,"messageTitle":"HelpCommand // Updated","messageBody":"Notes:\n- Made changes to HelpCommand class.\n","fileTypesAndContributionMap":{"functional-code":{"insertions":16,"deletions":7}}},{"hash":"08d9f573836b39c6cd5651fc06320cf9e034ae2f","isMergeCommit":true,"messageTitle":"Merge pull request #96 from philip1304/master","messageBody":"Command Typo Correction #17 // Implemented","fileTypesAndContributionMap":{}}]},{"date":"2024-10-19","commitResults":[{"hash":"035d942d7315e1dc8d877906bbfbf5c81638c6ae","isMergeCommit":false,"messageTitle":"HelpCommandTest // Implemented","messageBody":"Notes:\n- Added HelpCommandTest class.\n- W.I.P, will add more test cases.\n","fileTypesAndContributionMap":{"test-code":{"insertions":167,"deletions":0}}},{"hash":"0ac67dc66e9234b708e6903abd09f867a7c06090","isMergeCommit":false,"messageTitle":"HelpCommandTest // Changes to fit Gradle Requirements","messageBody":"Notes:\n- Changes to imports.\n","fileTypesAndContributionMap":{"test-code":{"insertions":2,"deletions":1}}}]},{"date":"2024-10-20","commitResults":[{"hash":"ef78c92162d651fff2bc41e5900829da316fe914","isMergeCommit":true,"messageTitle":"Merge pull request #99 from philip1304/master","messageBody":"HelpCommandTest // Implemented","fileTypesAndContributionMap":{}},{"hash":"9e72a2ca865fe8c904ca606bc1b37d3127a2b8c7","isMergeCommit":false,"messageTitle":"DateTime // Implemented","messageBody":"Notes:\n- Added W.I.P base class for DateTime.\n","fileTypesAndContributionMap":{"functional-code":{"insertions":67,"deletions":0}}},{"hash":"b8b15e18c904bf169d128f58854b83b0dcc569fd","isMergeCommit":false,"messageTitle":"DateTime // Updated","messageBody":"Notes:\n- Added implements Comparable for more flexibility and easier sorting.\n","fileTypesAndContributionMap":{"functional-code":{"insertions":11,"deletions":5}}},{"hash":"4817675bdbaaddbb850868f97af76b8a328fa6cf","isMergeCommit":true,"messageTitle":"Merge pull request #102 from philip1304/datetime-class","messageBody":"DateTime // Implemented","fileTypesAndContributionMap":{}}]},{"date":"2024-10-26","commitResults":[{"hash":"393fde96d34179a3b126ed2fd4037b839bb32cdc","isMergeCommit":false,"messageTitle":"HelpCommandTest // Added Tests","messageBody":"Notes:\n- Added JUnit tests for more coverage.\n","fileTypesAndContributionMap":{"test-code":{"insertions":234,"deletions":94}}}]},{"date":"2024-10-27","commitResults":[{"hash":"8507660998094e3710a4205c679e6bd8be3d47f4","isMergeCommit":false,"messageTitle":"DateTimeTest // Implemented","messageBody":"Notes:\n- Added DateTimeTest class.\n","fileTypesAndContributionMap":{"test-code":{"insertions":131,"deletions":0}}},{"hash":"4535be351a5fc163cd781c880fc19706a1cba36a","isMergeCommit":false,"messageTitle":"StringMatcherTest // Implemented","messageBody":"Notes:\n- Added StringMatcherTest class.\n","fileTypesAndContributionMap":{"test-code":{"insertions":113,"deletions":0}}},{"hash":"347bcd88f27d67b6f4f67f4ac5bf347bfa8cbb50","isMergeCommit":false,"messageTitle":"JUnit Test Classes // Updated","messageBody":"Notes:\n- Changed imports to avoid using star imports [*].\n","fileTypesAndContributionMap":{"test-code":{"insertions":7,"deletions":2}}},{"hash":"216fed74941631ff2fffa500ec2a0b0e20b72f13","isMergeCommit":true,"messageTitle":"Merge pull request #112 from philip1304/master","messageBody":"JUnit Tests // Updated","fileTypesAndContributionMap":{}},{"hash":"19d7cb5f1fc1721748ecc2539d07b5e0c7bf091d","isMergeCommit":false,"messageTitle":"HelpCommand \u0026 HelpCommandTest // Updated","messageBody":"Notes:\n- Changes to add help command information for \u0027expired\u0027 and \u0027expiring\u0027 commands.\n- Added JUnit test cases for further coverage.\n- Added JUnit test cases to cover the new help commands.\n","fileTypesAndContributionMap":{"functional-code":{"insertions":43,"deletions":1},"test-code":{"insertions":180,"deletions":5}}},{"hash":"83eecede7aa6d7a99bcf9f47fd22532bb8c28ab0","isMergeCommit":true,"messageTitle":"Merge pull request #116 from philip1304/master","messageBody":"HelpCommand \u0026 HelpCommandTest // Updated","fileTypesAndContributionMap":{}},{"hash":"42824956ad9f0fbe26ce5401b3969a1106374f95","isMergeCommit":false,"messageTitle":"JavaDoc Comments // Updated","messageBody":"Notes:\n- Added \u0026 updated JavaDoc comments in HelpCommand, DateTime, StringMatcher.\n","fileTypesAndContributionMap":{"functional-code":{"insertions":149,"deletions":18}}},{"hash":"3b7e438d783260d9057396f4195f028e69958167","isMergeCommit":false,"messageTitle":"Order.java // Implemented","messageBody":"Notes:\n- Added Order class.\n","fileTypesAndContributionMap":{"functional-code":{"insertions":152,"deletions":0}}},{"hash":"50cbd66bec94b8e67f14659b8e793a8502257832","isMergeCommit":false,"messageTitle":"OrderItem.java // Implemented","messageBody":"Notes:\n- Added OrderItem class.\n","fileTypesAndContributionMap":{"functional-code":{"insertions":161,"deletions":0}}},{"hash":"7a0c3309f8eec689ec9f09a8118f04f73681224a","isMergeCommit":false,"messageTitle":"Transaction.java // Implemented","messageBody":"Notes:\n- Added Transaction class.\n","fileTypesAndContributionMap":{"functional-code":{"insertions":130,"deletions":0}}},{"hash":"810410bd6dcb29831057d6466d2f7a64c79414bd","isMergeCommit":false,"messageTitle":"TransactionManager.java // Implemented","messageBody":"Notes:\n- Added TransactionManager class.\n","fileTypesAndContributionMap":{"functional-code":{"insertions":176,"deletions":0}}},{"hash":"6ad2a7c9866a922c3783b46db997f95324b0dc51","isMergeCommit":false,"messageTitle":"HelpCommand // Updated","messageBody":"Notes:\n- Updated to implement help for new commands.\n","fileTypesAndContributionMap":{"functional-code":{"insertions":125,"deletions":3}}},{"hash":"84d88e3aedb35ba0aed2182a241c172843e68ece","isMergeCommit":true,"messageTitle":"Merge pull request #117 from philip1304/master","messageBody":"New Classes \u0026 Updated Classes","fileTypesAndContributionMap":{}}]},{"date":"2024-10-28","commitResults":[{"hash":"6ec19a468395dbb52808874701e52c8b6ca7aa0d","isMergeCommit":false,"messageTitle":"JUnit Test Classes // Implemented \u0026 Updated","messageBody":"Notes:\n- Added more tests to HelpCommandTest.java to cover new code added to HelpCommand.java\n- Implemented OrderItemTest.java\n- Implemented OrderTest.java\n- Implemented TransactionManagerTest.java\n- Implemented TransactionTest.java\n","fileTypesAndContributionMap":{"test-code":{"insertions":1343,"deletions":0}}},{"hash":"166cdc2dc2113a12da02832f857d0d1d81381e7e","isMergeCommit":false,"messageTitle":"JUnit Test Classes // Updated","messageBody":"Notes:\n- Changed assert imports.\n","fileTypesAndContributionMap":{"test-code":{"insertions":26,"deletions":4}}},{"hash":"5f9e97033ec6db1d142f6a1c696c65b5ce3baaa0","isMergeCommit":false,"messageTitle":"JUnit Test Classes // Updated","messageBody":"Notes:\n- Fixed indentation.\n","fileTypesAndContributionMap":{"test-code":{"insertions":8,"deletions":8}}},{"hash":"d244479ce64b8669dc08ddec1cdef511ca677632","isMergeCommit":false,"messageTitle":"TransactionTest // Updated","messageBody":"Notes:\n- Fixed indentation.\n","fileTypesAndContributionMap":{"test-code":{"insertions":2,"deletions":2}}}]},{"date":"2024-10-29","commitResults":[{"hash":"526102ac05b6310f5e5cf82ddcb8a352ef65633e","isMergeCommit":true,"messageTitle":"Merge pull request #118 from philip1304/master","messageBody":"JUnit Test Classes // Implemented \u0026 Updated","fileTypesAndContributionMap":{}}]},{"date":"2024-11-02","commitResults":[{"hash":"1e6ef05c44bf76e8580fc34efaaed17db4ae59c0","isMergeCommit":false,"messageTitle":"Comments // Updated","messageBody":"Notes:\n- Added in-line comments for clarity.\n","fileTypesAndContributionMap":{"functional-code":{"insertions":13,"deletions":4}}},{"hash":"01ba8f6fb85d99f091a282acfe4a43704757836a","isMergeCommit":false,"messageTitle":"TimestampIO // Implemented","messageBody":"Notes:\n- Added TimestampIO.java\n","fileTypesAndContributionMap":{"functional-code":{"insertions":39,"deletions":0}}},{"hash":"ca2de19f8ee45cc08290548aac0f7ff216c78c3b","isMergeCommit":false,"messageTitle":"JUnit Tests // Updated","messageBody":"Notes:\n- Added new test cases for coverage in HelpCommandTest.java\n","fileTypesAndContributionMap":{"test-code":{"insertions":291,"deletions":4}}},{"hash":"44fbeab8fbde21600a83ea160ef868eecff39220","isMergeCommit":false,"messageTitle":"TimestampIOTest // Implemented","messageBody":"Notes:\n- Added TimestampIOTest.java\n","fileTypesAndContributionMap":{"test-code":{"insertions":169,"deletions":0}}},{"hash":"f1d0d4ea3b5c948e1c88c58143c580c9a0eee295","isMergeCommit":false,"messageTitle":"Indentation // Updated","messageBody":"","fileTypesAndContributionMap":{"test-code":{"insertions":4,"deletions":4}}},{"hash":"7df5087ee069966129a68b9535db67c2a788478d","isMergeCommit":false,"messageTitle":"Variable Declaration // Fixed","messageBody":"","fileTypesAndContributionMap":{"test-code":{"insertions":3,"deletions":2}}},{"hash":"2e9d92320e4743eae019bd2c43ae1b1f73048ba9","isMergeCommit":false,"messageTitle":"TimestampIO \u0026 TimestampIOTest // Updated","messageBody":"","fileTypesAndContributionMap":{"functional-code":{"insertions":13,"deletions":5},"test-code":{"insertions":16,"deletions":66}}},{"hash":"86755b8e2acbb47c1de56e91e8989c173d33f352","isMergeCommit":false,"messageTitle":"no message","messageBody":"","fileTypesAndContributionMap":{"test-code":{"insertions":1,"deletions":2}}},{"hash":"38663b33724a53790201c34dc321b6006816bee5","isMergeCommit":false,"messageTitle":"ASDFPLSPLSPLSPLSPLS","messageBody":"","fileTypesAndContributionMap":{"test-code":{"insertions":0,"deletions":16}}}]},{"date":"2024-11-03","commitResults":[{"hash":"ad491f7e0205f66f01137d34480b35c037e93d7a","isMergeCommit":true,"messageTitle":"Merge pull request #136 from philip1304/master","messageBody":"Timestamps, JUnit Tests, Comments // Implemented","fileTypesAndContributionMap":{}}]}],"cxc0418":[{"date":"2024-10-02","commitResults":[{"hash":"bb92845c1c2201de96839142b01021843866b4ed","isMergeCommit":false,"messageTitle":"Commit and Push","messageBody":"","fileTypesAndContributionMap":{"docs":{"insertions":1,"deletions":9}}},{"hash":"d01528a8d8a7ff88796f76c1cc6e338125a8827c","isMergeCommit":true,"messageTitle":"Merge branch \u0027master\u0027 into Xinchi-AboutUs","messageBody":"","fileTypesAndContributionMap":{}},{"hash":"1c5a323867eb25bb5c518e80a8a9e4a2f1aef2bf","isMergeCommit":true,"messageTitle":"Merge pull request #4 from cxc0418/Xinchi-AboutUs","messageBody":"Commit and Push","fileTypesAndContributionMap":{}}]},{"date":"2024-10-11","commitResults":[{"hash":"03a54c0bae6ae4bd87e1ee47d7e506871eb9ba7c","isMergeCommit":false,"messageTitle":"Item, ItemList(add/delete/edit/list), AddItemCommand, DeleteItemCommand, EditItemCommand","messageBody":"","fileTypesAndContributionMap":{"functional-code":{"insertions":197,"deletions":4}}},{"hash":"909c8d72727ed4feba49269d31d6d8e3dc14ac1e","isMergeCommit":false,"messageTitle":"Add Item, ItemList(add/delete/edit/list), AddItemCommand, DeleteItemCommand, EditItemCommand","messageBody":"","fileTypesAndContributionMap":{"functional-code":{"insertions":7,"deletions":6}}}]},{"date":"2024-10-14","commitResults":[{"hash":"50e131688e9f071b538f61b93b400eb388f89054","isMergeCommit":false,"messageTitle":"User Guide V1.0","messageBody":"","fileTypesAndContributionMap":{"docs":{"insertions":172,"deletions":22}}},{"hash":"570c11789fa56a67faa35bf1372ce1e10837ff17","isMergeCommit":true,"messageTitle":"Merge pull request #65 from cxc0418/master","messageBody":"User Guide v1.0","fileTypesAndContributionMap":{}}]},{"date":"2024-10-24","commitResults":[{"hash":"7fdc0deaa8538f972332b907a0d1555a8810054c","isMergeCommit":false,"messageTitle":"1. Update on Issue #84 Handle Multi Word Input For Items 1.1 AddItemCommand parsing logic enhanced. Accepts multi words input, accepts item input ended with integer (e.g. add iPhone 16 999 2020-12-12) 1.2 DeleteItemCommand parsing logic enhanced. (Similar to 1.1) 1.3 EditItemCommand parsing logic enhanced. (Similar to 1.1)","messageBody":"2. JUnit Test for AddItemCommand ( Added size() and get() methods to ItemMap).\n\n3. DG/UG update.\n","fileTypesAndContributionMap":{"functional-code":{"insertions":268,"deletions":102},"docs":{"insertions":14,"deletions":38},"test-code":{"insertions":66,"deletions":0}}},{"hash":"8dae95b8b0e274cc68b2482db3d14e3a86443b15","isMergeCommit":false,"messageTitle":"1. Update on Issue #84 Handle Multi Word Input For Items 1.1 AddItemCommand parsing logic enhanced. Accepts multi words input, accepts item input ended with integer (e.g. add iPhone 16 999 2020-12-12) 1.2 DeleteItemCommand parsing logic enhanced. (Similar to 1.1) 1.3 EditItemCommand parsing logic enhanced. (Similar to 1.1)","messageBody":"2. JUnit Test for AddItemCommand ( Added size() and get() methods to ItemMap).\n\n3. DG/UG update.\n","fileTypesAndContributionMap":{"functional-code":{"insertions":0,"deletions":1}}},{"hash":"a4b5d171d98ca553012b186ad76cb087745d44bd","isMergeCommit":false,"messageTitle":"1. Update on Issue #84 Handle Multi Word Input For Items 1.1 AddItemCommand parsing logic enhanced. Accepts multi words input, accepts item input ended with integer (e.g. add iPhone 16 999 2020-12-12) 1.2 DeleteItemCommand parsing logic enhanced. (Similar to 1.1) 1.3 EditItemCommand parsing logic enhanced. (Similar to 1.1)","messageBody":"2. JUnit Test for AddItemCommand ( Added size() and get() methods to ItemMap).\n\n3. DG/UG update.\n","fileTypesAndContributionMap":{"functional-code":{"insertions":0,"deletions":1}}},{"hash":"a5134f72e4e12698632d063395458f97a3e9af9f","isMergeCommit":false,"messageTitle":"1. Update on Issue #84 Handle Multi Word Input For Items 1.1 AddItemCommand parsing logic enhanced. Accepts multi words input, accepts item input ended with integer (e.g. add iPhone 16 999 2020-12-12) 1.2 DeleteItemCommand parsing logic enhanced. (Similar to 1.1) 1.3 EditItemCommand parsing logic enhanced. (Similar to 1.1)","messageBody":"2. JUnit Test for AddItemCommand ( Added size() and get() methods to ItemMap).\n\n3. DG/UG update.\n","fileTypesAndContributionMap":{"functional-code":{"insertions":34,"deletions":35},"test-code":{"insertions":4,"deletions":1}}},{"hash":"2015fceec94a752ad796c2d6b2900e1b9c11a714","isMergeCommit":false,"messageTitle":"1. Update on Issue #84 Handle Multi Word Input For Items 1.1 AddItemCommand parsing logic enhanced. Accepts multi words input, accepts item input ended with integer (e.g. add iPhone 16 999 2020-12-12) 1.2 DeleteItemCommand parsing logic enhanced. (Similar to 1.1) 1.3 EditItemCommand parsing logic enhanced. (Similar to 1.1)","messageBody":"2. JUnit Test for AddItemCommand ( Added size() and get() methods to ItemMap).\n\n3. DG/UG update.\n","fileTypesAndContributionMap":{"functional-code":{"insertions":34,"deletions":35},"test-code":{"insertions":5,"deletions":17}}},{"hash":"bef7a88f648b0d27da753b9d235a21fdbd106777","isMergeCommit":true,"messageTitle":"1. Update on Issue #84 Handle Multi Word Input For Items 1.1 AddItemCommand parsing logic enhanced. Accepts multi words input, accepts item input ended with integer (e.g. add iPhone 16 999 2020-12-12) 1.2 DeleteItemCommand parsing logic enhanced. (Similar to 1.1) 1.3 EditItemCommand parsing logic enhanced. (Similar to 1.1)","messageBody":"2. JUnit Test for AddItemCommand ( Added size() and get() methods to ItemMap).\n\n3. DG/UG update.\n","fileTypesAndContributionMap":{}},{"hash":"497a92294bfbe12b9e2baf87f066ca2c89ed2a99","isMergeCommit":true,"messageTitle":"1. Update on Issue #84 Handle Multi Word Input For Items 1.1 AddItemCommand parsing logic enhanced. Accepts multi words input, accepts item input ended with integer (e.g. add iPhone 16 999 2020-12-12) 1.2 DeleteItemCommand parsing logic enhanced. (Similar to 1.1) 1.3 EditItemCommand parsing logic enhanced. (Similar to 1.1)","messageBody":"2. JUnit Test for AddItemCommand ( Added size() and get() methods to ItemMap).\n\n3. DG/UG update.\n","fileTypesAndContributionMap":{}},{"hash":"919a8395904cd109385bb58460aa37a29d20a141","isMergeCommit":true,"messageTitle":"1. Update on Issue #84 Handle Multi Word Input For Items 1.1 AddItemCommand parsing logic enhanced. Accepts multi words input, accepts item input ended with integer (e.g. add iPhone 16 999 2020-12-12) 1.2 DeleteItemCommand parsing logic enhanced. (Similar to 1.1) 1.3 EditItemCommand parsing logic enhanced. (Similar to 1.1)","messageBody":"2. JUnit Test for AddItemCommand ( Added size() and get() methods to ItemMap).\n\n3. DG/UG update.\n","fileTypesAndContributionMap":{}}]},{"date":"2024-10-25","commitResults":[{"hash":"8d88c5994859da86193a27afb0a2e51b4737b645","isMergeCommit":true,"messageTitle":"Merge pull request #111 from cxc0418/master","messageBody":"#84 Handle Multi Word Input For Items and more","fileTypesAndContributionMap":{}}]},{"date":"2024-11-01","commitResults":[{"hash":"294bed8bffe9fc7f28103ac29419d487551b0bf5","isMergeCommit":false,"messageTitle":"Update on cost \u0026 price of an item and all related classes/methods","messageBody":"","fileTypesAndContributionMap":{"functional-code":{"insertions":280,"deletions":96}}},{"hash":"e018320ad954142faacdb003f2cfdfe7875576a7","isMergeCommit":false,"messageTitle":"Update on restock command and restockall command, and related classes/methods. Update on help command. Some other bug fixed","messageBody":"","fileTypesAndContributionMap":{"functional-code":{"insertions":310,"deletions":53}}},{"hash":"0dac541b4dd459e5adbcc2c240b50757e4950ec0","isMergeCommit":true,"messageTitle":"Merge branch \u0027master\u0027 into master","messageBody":"","fileTypesAndContributionMap":{}},{"hash":"959e6e4b1faf22c53422d605a9438bb7265ebeae","isMergeCommit":false,"messageTitle":"Update on restock command and restockall command, and related classes/methods. Update on help command. Some other bug fixed","messageBody":"","fileTypesAndContributionMap":{"functional-code":{"insertions":388,"deletions":81}}},{"hash":"82c272c403608b00078e5b51f938a3b561b8bcb5","isMergeCommit":true,"messageTitle":"Merge remote-tracking branch \u0027origin/master\u0027","messageBody":"","fileTypesAndContributionMap":{}},{"hash":"225492e978bd4321f2b8fb1734b90f9abb7fcdc0","isMergeCommit":true,"messageTitle":"Merge remote-tracking branch \u0027origin/master\u0027","messageBody":"","fileTypesAndContributionMap":{}},{"hash":"5f3ef6f8b823d1984ca7f89961e2e5137717784a","isMergeCommit":true,"messageTitle":"Merge branch \u0027master\u0027 of https://github.com/cxc0418/tp","messageBody":"","fileTypesAndContributionMap":{}},{"hash":"b89e47e26e4b43736ce6fbe47031d382c59410e2","isMergeCommit":true,"messageTitle":"Merge branch \u0027master\u0027 of https://github.com/cxc0418/tp","messageBody":"","fileTypesAndContributionMap":{}},{"hash":"0a9a3889c180b332cd6c1bde7691f9a63672080e","isMergeCommit":true,"messageTitle":"Merge branch \u0027master\u0027 of https://github.com/cxc0418/tp","messageBody":"","fileTypesAndContributionMap":{}},{"hash":"6291b674f36e2685dfcb180c67ad6f8b99b59943","isMergeCommit":true,"messageTitle":"Merge branch \u0027master\u0027 of https://github.com/cxc0418/tp","messageBody":"","fileTypesAndContributionMap":{}},{"hash":"ec508d47720a1559ff2393e882a762410e81e5ea","isMergeCommit":true,"messageTitle":"Merge branch \u0027master\u0027 of https://github.com/cxc0418/tp","messageBody":"","fileTypesAndContributionMap":{}},{"hash":"de27a3253daee3f4bb40d1a09390888dde7159c2","isMergeCommit":false,"messageTitle":"Update on UG","messageBody":"","fileTypesAndContributionMap":{"functional-code":{"insertions":2,"deletions":2},"docs":{"insertions":149,"deletions":15}}},{"hash":"94ea60cd06a3ad4135892c7520336dc9d0fdef87","isMergeCommit":false,"messageTitle":"Update on UG","messageBody":"","fileTypesAndContributionMap":{"functional-code":{"insertions":2,"deletions":2},"docs":{"insertions":149,"deletions":15}}},{"hash":"2529dd4734ef3c95c818912486388f97a63f75a8","isMergeCommit":true,"messageTitle":"Update on UG","messageBody":"","fileTypesAndContributionMap":{}}]},{"date":"2024-11-02","commitResults":[{"hash":"296c33d68c36ed559707bb3b0fc4011aeb7ee60b","isMergeCommit":true,"messageTitle":"Merge branch \u0027master\u0027 into master","messageBody":"","fileTypesAndContributionMap":{}},{"hash":"728ee91f4273f07dd7f621c75edc4cb81a0c4e00","isMergeCommit":false,"messageTitle":"Resolve conflict","messageBody":"","fileTypesAndContributionMap":{"functional-code":{"insertions":1,"deletions":1}}},{"hash":"2f6c4af4fa3efd702f363c7e25d1d4c1830a3582","isMergeCommit":false,"messageTitle":"Resolve conflict","messageBody":"","fileTypesAndContributionMap":{"functional-code":{"insertions":2,"deletions":1}}},{"hash":"0fa28054b12df4e79a6b79c28f63c6e9650bbbd7","isMergeCommit":true,"messageTitle":"resolve conflict","messageBody":"","fileTypesAndContributionMap":{}},{"hash":"915755c14134a9d52fb83e229f3eef3daffac4ea","isMergeCommit":true,"messageTitle":"Merge pull request #134 from cxc0418/master","messageBody":"Update on the cost \u0026 price etc","fileTypesAndContributionMap":{}}]}],"yijiano":[{"date":"2024-09-30","commitResults":[{"hash":"c40b08d16fbea08945acba59e6a09c66b3295f91","isMergeCommit":false,"messageTitle":"Update README.md","messageBody":"","fileTypesAndContributionMap":{"docs":{"insertions":1,"deletions":1}}}]},{"date":"2024-10-02","commitResults":[{"hash":"133f1ac6b6b9d8bee05f933e259c5da8d1098f75","isMergeCommit":false,"messageTitle":"Update docs/README.md","messageBody":"","fileTypesAndContributionMap":{"docs":{"insertions":1,"deletions":9}}},{"hash":"5e88e251c64e96a6de5e71139ee229c3bd96427f","isMergeCommit":true,"messageTitle":"Ressolve Merge Conflict","messageBody":"","fileTypesAndContributionMap":{}},{"hash":"4befb2aea16f6838cb89d358d4039f2da44a7412","isMergeCommit":true,"messageTitle":"Merge pull request #3 from yijiano/Yijian-AboutUs","messageBody":"Update docs/AboutUs.md","fileTypesAndContributionMap":{}}]},{"date":"2024-10-09","commitResults":[{"hash":"cfda687b4f5d2410c84438c228a620d92c2fbffd","isMergeCommit":false,"messageTitle":"Add Ui and Printer, add Init and Exit","messageBody":"","fileTypesAndContributionMap":{"functional-code":{"insertions":89,"deletions":21},"other":{"insertions":2,"deletions":2}}},{"hash":"3ba63b63e40764aaebb25b8fdec6d2baf7700ae2","isMergeCommit":false,"messageTitle":"Fix compile errors","messageBody":"","fileTypesAndContributionMap":{"functional-code":{"insertions":5,"deletions":3}}},{"hash":"667953e7c332a09708e27098165b9e7f57b545ab","isMergeCommit":false,"messageTitle":"Update text-ui-text","messageBody":"","fileTypesAndContributionMap":{"functional-code":{"insertions":1,"deletions":3},"other":{"insertions":1,"deletions":1}}},{"hash":"ff80cd9361049b3ff2d3623f938534d7bdb86c4e","isMergeCommit":false,"messageTitle":"Update main class name in gradle","messageBody":"","fileTypesAndContributionMap":{"other":{"insertions":1,"deletions":1}}},{"hash":"e9e545cabfe7237c43c1d4d61ad796d92e95f2e1","isMergeCommit":false,"messageTitle":"Fix print, update text-ui-test","messageBody":"","fileTypesAndContributionMap":{"functional-code":{"insertions":3,"deletions":5}}},{"hash":"b65727a1967901229a2211b2014a156450f2141d","isMergeCommit":false,"messageTitle":"Update problematic ASCII","messageBody":"","fileTypesAndContributionMap":{"functional-code":{"insertions":15,"deletions":13}}},{"hash":"81b6f68dff367354ae8c9b543a103de1e155f537","isMergeCommit":true,"messageTitle":"Merge pull request #39 from yijiano/master","messageBody":"Add Ui and Printer, add Init and Exit","fileTypesAndContributionMap":{}}]},{"date":"2024-10-10","commitResults":[{"hash":"c3990079645ce8498c537a36325b7b7b5c60d254","isMergeCommit":false,"messageTitle":"Add Parser, add basic error catching","messageBody":"","fileTypesAndContributionMap":{"functional-code":{"insertions":103,"deletions":10}}},{"hash":"304688f894e3e2e9511b190d291fc4a240664b2a","isMergeCommit":true,"messageTitle":"Merge pull request #42 from yijiano/master","messageBody":"Add Parser, add basic error catching","fileTypesAndContributionMap":{}},{"hash":"7eb87a5f67aa688ec4b3cc16b6fc2e19add05774","isMergeCommit":false,"messageTitle":"Add JUnit test for UI","messageBody":"","fileTypesAndContributionMap":{"test-code":{"insertions":24,"deletions":2}}},{"hash":"f4693ecf6d58ceafc06100d5c96ab7d873a30bc5","isMergeCommit":true,"messageTitle":"Merge pull request #43 from yijiano/master","messageBody":"Add JUnit test for UI","fileTypesAndContributionMap":{}},{"hash":"4ade379c5f8ca87267ceda7592532607865a75ec","isMergeCommit":false,"messageTitle":"Refactor exit command handling","messageBody":"","fileTypesAndContributionMap":{"functional-code":{"insertions":17,"deletions":3}}},{"hash":"d3921fc5eb59df7c67c271ccc47c91b9bab8b27c","isMergeCommit":true,"messageTitle":"Merge pull request #44 from yijiano/dev/UiParser","messageBody":"Refactor exit command handling","fileTypesAndContributionMap":{}}]},{"date":"2024-10-11","commitResults":[{"hash":"70bea0d505212d92de3526e7347f2940163588ac","isMergeCommit":true,"messageTitle":"Merge pull request #46 from cxc0418/master","messageBody":"Add Item, ItemList(add/delete/edit/list), AddItemCommand, DeleteItemCommand, EditItemCommand","fileTypesAndContributionMap":{}}]},{"date":"2024-10-12","commitResults":[{"hash":"8aecbe593f02b668df13776c71a68af75320f2e3","isMergeCommit":true,"messageTitle":"Merge pull request #49 from cnivedit/dev/listcommand","messageBody":"Add ListCommand closes #7","fileTypesAndContributionMap":{}}]},{"date":"2024-10-15","commitResults":[{"hash":"9753cf4c7dedd878f910171366c09f8a54f24b44","isMergeCommit":false,"messageTitle":"Refactor ItemList to ItemMap, fix minor help info typo","messageBody":"","fileTypesAndContributionMap":{"functional-code":{"insertions":227,"deletions":178},"test-code":{"insertions":20,"deletions":20}}},{"hash":"f97ae5f3b49be6341d1995ee42ceca93eb124972","isMergeCommit":false,"messageTitle":"Fix CI errors","messageBody":"","fileTypesAndContributionMap":{"test-code":{"insertions":2,"deletions":4}}},{"hash":"a9bf92c2fc5482eede7668f43a3d9a81c49e6662","isMergeCommit":false,"messageTitle":"Fix more CI errors","messageBody":"","fileTypesAndContributionMap":{"functional-code":{"insertions":2,"deletions":2}}},{"hash":"370461e58a995a2233203457cf69d134849da8d2","isMergeCommit":true,"messageTitle":"Merge pull request #79 from yijiano/fix/Edit-And-Ui","messageBody":"Refactor ItemList to ItemMap, fix minor help info typo","fileTypesAndContributionMap":{}},{"hash":"0c7306cef1871a2bcfef23fe586852316d7789d9","isMergeCommit":false,"messageTitle":"Fix loadData exception handling, Parser exceptions, and help command clarity","messageBody":"","fileTypesAndContributionMap":{"functional-code":{"insertions":23,"deletions":16}}},{"hash":"2dfed96f9c9a36504a9918f2cd5b6f3994341df6","isMergeCommit":false,"messageTitle":"Fix CI error, remove unused import","messageBody":"","fileTypesAndContributionMap":{"functional-code":{"insertions":0,"deletions":1}}},{"hash":"cd764e4593e790fee62994655c5ccd2162183869","isMergeCommit":false,"messageTitle":"Add handling of multiple spaces between arguments, improve exception text output","messageBody":"","fileTypesAndContributionMap":{"functional-code":{"insertions":2,"deletions":2}}},{"hash":"25efc5e4193e263bb683de38248174b45da1db21","isMergeCommit":false,"messageTitle":"Fix yet another damn CI error","messageBody":"","fileTypesAndContributionMap":{"functional-code":{"insertions":5,"deletions":4}}},{"hash":"02ce799ae1fa51b34ce572b4238825f184b10f79","isMergeCommit":true,"messageTitle":"Merge pull request #81 from yijiano/fix/Exceptions","messageBody":"Fix loadData exception handling, Parser exceptions, and help command …","tags":["v1.0"],"fileTypesAndContributionMap":{}}]},{"date":"2024-10-21","commitResults":[{"hash":"55db5ba56c1659b34bbc530d3b40622848c7782a","isMergeCommit":false,"messageTitle":"Enable assertions in build.gradle","messageBody":"","fileTypesAndContributionMap":{"other":{"insertions":2,"deletions":1}}},{"hash":"328c535b1c56b9516f207861a170b1fd06a7e01d","isMergeCommit":true,"messageTitle":"Merge pull request #105 from yijiano/master","messageBody":"Enable assertions in build.gradle","fileTypesAndContributionMap":{}},{"hash":"9e13493b48f1e862690867030933e30491f2e325","isMergeCommit":false,"messageTitle":"Add stock-cehck method","messageBody":"","fileTypesAndContributionMap":{"functional-code":{"insertions":84,"deletions":7}}},{"hash":"82f43e5e4d15793c6d058e8d621b5536898d3275","isMergeCommit":false,"messageTitle":"Update help command","messageBody":"","fileTypesAndContributionMap":{"functional-code":{"insertions":44,"deletions":21}}},{"hash":"4e8a82233838551e5aaa7c92b40f49afe19a694c","isMergeCommit":false,"messageTitle":"Update DG","messageBody":"","fileTypesAndContributionMap":{"docs":{"insertions":23,"deletions":0}}},{"hash":"d7ead4a786cf39396ec7907bd612e1acc546bac2","isMergeCommit":false,"messageTitle":"Fix CI errors","messageBody":"","fileTypesAndContributionMap":{"functional-code":{"insertions":11,"deletions":4}}},{"hash":"ef07e412ea2a1377b5cffbd0d86347a3c436f3f4","isMergeCommit":false,"messageTitle":"Fix more CI errors","messageBody":"","fileTypesAndContributionMap":{"functional-code":{"insertions":1,"deletions":1}}},{"hash":"c9add0a503fdd84f51785250cf3216e6e88dc5c4","isMergeCommit":false,"messageTitle":"Updated EXPECTED.txt, fix extraneous inputs for list bug","messageBody":"","fileTypesAndContributionMap":{"functional-code":{"insertions":7,"deletions":4}}},{"hash":"233a764bf60ab67e62ef9e48f81b391ab7958d61","isMergeCommit":false,"messageTitle":"Update EXPECTED.txt again","messageBody":"","fileTypesAndContributionMap":{"functional-code":{"insertions":6,"deletions":4}}},{"hash":"2e2aa580585925f6a6600dbbf4af2de39dc0933a","isMergeCommit":false,"messageTitle":"More cleanup after previously updating listItemsToRestock method name","messageBody":"","fileTypesAndContributionMap":{"functional-code":{"insertions":1,"deletions":1}}},{"hash":"987c4fe3371d06d8ec7746afdd60f32f3cbf5325","isMergeCommit":true,"messageTitle":"Merge pull request #106 from yijiano/dev/Stock-Check","messageBody":"Add \"stock-check\" command","fileTypesAndContributionMap":{}}]},{"date":"2024-10-30","commitResults":[{"hash":"7371d22a19e8c8a2e2725946ce1897c59a903052","isMergeCommit":false,"messageTitle":"Add additional test cases for command-type classes.","messageBody":"","fileTypesAndContributionMap":{"test-code":{"insertions":919,"deletions":152}}},{"hash":"92e60b8ef132c20a026a68139311bace933f0ef6","isMergeCommit":true,"messageTitle":"Merge branch \u0027master\u0027 into dev/CommandTestCases","messageBody":"","fileTypesAndContributionMap":{}},{"hash":"b7b63efc7012ead698a0cfdce0c93aaa033fd758","isMergeCommit":false,"messageTitle":"Edits for CI","messageBody":"","fileTypesAndContributionMap":{"functional-code":{"insertions":7,"deletions":2},"test-code":{"insertions":0,"deletions":18}}},{"hash":"2b8903dd8d567414aca14426f8032dcd902826b7","isMergeCommit":true,"messageTitle":"Merge branch \u0027master\u0027 into dev/CommandTestCases","messageBody":"","fileTypesAndContributionMap":{}},{"hash":"9fbc2c959583558be53be6d3f031969fbab438bd","isMergeCommit":false,"messageTitle":"Fix EOL CI Errors","messageBody":"","fileTypesAndContributionMap":{"functional-code":{"insertions":3,"deletions":1},"test-code":{"insertions":8,"deletions":17}}},{"hash":"e81a4d2993eb390c523c9ef4dffc2dc4ff470018","isMergeCommit":true,"messageTitle":"Merge branch \u0027dev/CommandTestCases\u0027 of https://github.com/yijiano/tp into dev/CommandTestCases","messageBody":"","fileTypesAndContributionMap":{}},{"hash":"81ac71306ce1c3af3e723ba93aaff45d930ab608","isMergeCommit":true,"messageTitle":"Merge pull request #122 from yijiano/dev/CommandTestCases","messageBody":"Add additional test cases for command-type classes.","fileTypesAndContributionMap":{}},{"hash":"d3ddfffaee949edf61aaf69a72dde9c03e392f32","isMergeCommit":false,"messageTitle":"Add DG details","messageBody":"","fileTypesAndContributionMap":{"docs":{"insertions":121,"deletions":7}}},{"hash":"79b410293b9c08c6ead51f3a9fd938c7945db68e","isMergeCommit":true,"messageTitle":"Merge pull request #123 from yijiano/docs/DG","messageBody":"Add DG details","fileTypesAndContributionMap":{}},{"hash":"7bbad238194d29df1da41bb33f374d85bf6730f6","isMergeCommit":false,"messageTitle":"Add new commands","messageBody":"","fileTypesAndContributionMap":{"docs":{"insertions":6,"deletions":1}}},{"hash":"86d588dfe1970b1f608de1271a285f70a4cbcded","isMergeCommit":true,"messageTitle":"Merge pull request #125 from yijiano/dev/AUserGuide","messageBody":"Add new commands","fileTypesAndContributionMap":{}}]},{"date":"2024-11-05","commitResults":[{"hash":"01fbecccf509a5753a6dadbc397fae83d16327ab","isMergeCommit":false,"messageTitle":"Update High Level Overview Diagram","messageBody":"","fileTypesAndContributionMap":{"docs":{"insertions":46,"deletions":31}}},{"hash":"497aeeca0b6ce491e52b181c1961abad72cf863f","isMergeCommit":false,"messageTitle":"More documentation changes","messageBody":"","fileTypesAndContributionMap":{"docs":{"insertions":54,"deletions":17}}},{"hash":"84babb81a9ea31fab2ef0a8bc3feadfac88a0e0b","isMergeCommit":false,"messageTitle":"Add PPP","messageBody":"","fileTypesAndContributionMap":{"docs":{"insertions":121,"deletions":0}}},{"hash":"c0322570819c3037a76cb781bc367eda0e967e32","isMergeCommit":false,"messageTitle":"Add empty line at end of PPP","messageBody":"","fileTypesAndContributionMap":{"docs":{"insertions":1,"deletions":1}}},{"hash":"a906ccff26bbd5c781f1e968e7d88ab6b2f0a179","isMergeCommit":false,"messageTitle":"Fix format","messageBody":"","fileTypesAndContributionMap":{"docs":{"insertions":0,"deletions":1}}},{"hash":"f3e694b599bdb3b8294ad27ec4bf6d7a166ce71f","isMergeCommit":true,"messageTitle":"Merge pull request #139 from yijiano/fix/docs","messageBody":"Update DG, add PPP","fileTypesAndContributionMap":{}},{"hash":"58ad6fd6157dc227dbdb140e5ebf09f11e104cdd","isMergeCommit":false,"messageTitle":"Fix PPP","messageBody":"","fileTypesAndContributionMap":{"docs":{"insertions":8,"deletions":12}}},{"hash":"40bd7d4606ea674b49b3cbcbb8c558c0b23fc2ed","isMergeCommit":true,"messageTitle":"Merge pull request #140 from yijiano/fix/PPP","messageBody":"Fix PPP","fileTypesAndContributionMap":{}}]}],"yakultbottle":[{"date":"2024-10-02","commitResults":[{"hash":"2aa8028d431aeeafa72c8b4a1b4b31182cd5e0a3","isMergeCommit":false,"messageTitle":"Added big name","messageBody":"","fileTypesAndContributionMap":{"docs":{"insertions":1,"deletions":9}}},{"hash":"f313115ba538e181a36ea629832137afc5dcbc3d","isMergeCommit":true,"messageTitle":"Merge branch \u0027ben-AboutUs\u0027","messageBody":"","fileTypesAndContributionMap":{}},{"hash":"528b8921f31fbad6e35e05fa86f9aa557ab06762","isMergeCommit":true,"messageTitle":"Merge pull request #2 from yakultbottle/ben-AboutUs","messageBody":"Added big name","fileTypesAndContributionMap":{}},{"hash":"84110d68e86407ef09b7445570d90ffa3a10dd72","isMergeCommit":false,"messageTitle":"Fix AboutUs","messageBody":"","fileTypesAndContributionMap":{"docs":{"insertions":12,"deletions":1}}},{"hash":"dd3f2bc4941dfb517d219623aa0016b30f351b41","isMergeCommit":true,"messageTitle":"Merge pull request #10 from yakultbottle/master","messageBody":"Fix AboutUs","fileTypesAndContributionMap":{}},{"hash":"9d53221511f92b3d103752091195150c142b668e","isMergeCommit":false,"messageTitle":"Cleanup AboutUs","messageBody":"","fileTypesAndContributionMap":{"docs":{"insertions":0,"deletions":5}}},{"hash":"95b1bc939a6ba38c7bf749a70c3f943747c68f68","isMergeCommit":true,"messageTitle":"Merge pull request #11 from yakultbottle/master","messageBody":"Cleanup AboutUs","fileTypesAndContributionMap":{}}]},{"date":"2024-10-09","commitResults":[{"hash":"38b17f4a00886a922feb5edfc1252003eb66fe2e","isMergeCommit":false,"messageTitle":"Create abstract class Command","messageBody":"","fileTypesAndContributionMap":{"functional-code":{"insertions":28,"deletions":0}}},{"hash":"e27c334cb28f997932d0f951acc15d75ab4604d4","isMergeCommit":true,"messageTitle":"Merge pull request #22 from yakultbottle/Command","messageBody":"Create abstract class Command","fileTypesAndContributionMap":{}}]},{"date":"2024-10-13","commitResults":[{"hash":"b2cc393c2698e063cd802121c306f3948f448b10","isMergeCommit":true,"messageTitle":"Merge pull request #51 from cnivedit/dev/finditem","messageBody":"Create FindItem command closes #20","fileTypesAndContributionMap":{}},{"hash":"a5b0640d8297e06d32731950fc354b9afa0d9714","isMergeCommit":true,"messageTitle":"Merge pull request #52 from philip1304/master","messageBody":"Help Command // initial code","fileTypesAndContributionMap":{}},{"hash":"bcc3f8020865b27d556812dbb4d7f9aa84d74bfb","isMergeCommit":false,"messageTitle":"Create Storage class with save function","messageBody":"","fileTypesAndContributionMap":{"functional-code":{"insertions":47,"deletions":2}}},{"hash":"1920579c177125e3de768b3bab1981b2ab40859a","isMergeCommit":false,"messageTitle":"Split save into saveItem and saveItemList methods","messageBody":"","fileTypesAndContributionMap":{"functional-code":{"insertions":23,"deletions":9}}},{"hash":"f6f5d6b02e6f28e2b39791336684580045c45030","isMergeCommit":false,"messageTitle":"Refactor Command class\u0027 execute to take in Storage","messageBody":"","fileTypesAndContributionMap":{"functional-code":{"insertions":27,"deletions":10},"test-code":{"insertions":12,"deletions":5}}},{"hash":"0c1bb71fbfd1469ef722eda110365f62cba42509","isMergeCommit":false,"messageTitle":"Add javadoc comments and update gitignore","messageBody":"","fileTypesAndContributionMap":{"functional-code":{"insertions":25,"deletions":0}}},{"hash":"e8560694bdc38b64573914a1f9579dabfa4f1708","isMergeCommit":true,"messageTitle":"Merge pull request #56 from yakultbottle/master","messageBody":"Create Storage class","fileTypesAndContributionMap":{}}]},{"date":"2024-10-14","commitResults":[{"hash":"409b817f4f3b478674bd9db366b2583f61474afd","isMergeCommit":false,"messageTitle":"Add switch case handling into Parser","messageBody":"- Finally add appropriate command execution into switch case branch\n- Fix small bug in Pill where it checks while exit flag is true\n- Add new Exceptions for Parser errors\n","fileTypesAndContributionMap":{"functional-code":{"insertions":50,"deletions":14}}},{"hash":"f97eebaa45203f16c44912659be0a6948b7d3ccf","isMergeCommit":false,"messageTitle":"Add ItemList instatiation for Ui","messageBody":"","fileTypesAndContributionMap":{"functional-code":{"insertions":16,"deletions":7}}},{"hash":"4394c741f70f5b4c11c489d50cb584c58aaed052","isMergeCommit":false,"messageTitle":"Fix bug where main loop needed two inputs to exit","messageBody":"","fileTypesAndContributionMap":{"functional-code":{"insertions":4,"deletions":3}}},{"hash":"295e1d737031919d7778c103715b52ea3ddb3ab9","isMergeCommit":true,"messageTitle":"Merge pull request #58 from yakultbottle/master","messageBody":"","fileTypesAndContributionMap":{}}]},{"date":"2024-10-15","commitResults":[{"hash":"b6cc357bba461761bc5b4d7ec1e1985f5ab5d362","isMergeCommit":false,"messageTitle":"Fix order of expected and actual in JUnit tests for List and Find","messageBody":"","fileTypesAndContributionMap":{"test-code":{"insertions":5,"deletions":5}}},{"hash":"eb949825b4a911f51fed92dea6faccb4c9c7fe3f","isMergeCommit":true,"messageTitle":"Merge pull request #72 from yakultbottle/bugFix","messageBody":"Fix order of expected and actual in JUnit tests for List and Find","fileTypesAndContributionMap":{}},{"hash":"9ff15d065561c97d6a7a2f904d3bdf1e3bded9d5","isMergeCommit":false,"messageTitle":"Change help text from using quit to exit","messageBody":"","fileTypesAndContributionMap":{"functional-code":{"insertions":10,"deletions":10}}},{"hash":"f00753e5fdaecc2e33bfb45fabfb5d2c66224116","isMergeCommit":false,"messageTitle":"Fix Parser calling HelpCommand incorrectly","messageBody":"","fileTypesAndContributionMap":{"functional-code":{"insertions":4,"deletions":13}}},{"hash":"1eed3ca229f61ac576e78a4f24cb62e9c81aa93f","isMergeCommit":false,"messageTitle":"Disable printing of log messages in Help to console","messageBody":"","fileTypesAndContributionMap":{"functional-code":{"insertions":3,"deletions":0}}},{"hash":"636ebdafc0fe57dd62ca680827a3602c3c333e9f","isMergeCommit":false,"messageTitle":"Fix checkstyle issue in Parser that is failing CI","messageBody":"","fileTypesAndContributionMap":{"functional-code":{"insertions":0,"deletions":2}}},{"hash":"c72b0d6034809c6fc82b420dc0553f0e73be383e","isMergeCommit":true,"messageTitle":"Merge pull request #75 from yakultbottle/helpFix","messageBody":"Bug Fixes for Help Command: Logging and Parser Corrections","fileTypesAndContributionMap":{}},{"hash":"1a5649cc007fe84d99a6d2ec347899950cd09537","isMergeCommit":false,"messageTitle":"Add assertions in Storage","messageBody":"","fileTypesAndContributionMap":{"functional-code":{"insertions":2,"deletions":0}}},{"hash":"d1d58dc372853791f3ee06479d8074b1bafd7bad","isMergeCommit":false,"messageTitle":"Correct incorrect usage of assert","messageBody":"","fileTypesAndContributionMap":{"functional-code":{"insertions":5,"deletions":1}}},{"hash":"cbdbbf53c0ef26e61c930bfebe883aa81ac35844","isMergeCommit":true,"messageTitle":"Merge changes from PR #77","messageBody":"","fileTypesAndContributionMap":{}},{"hash":"d638f58da87502b2541c5b3ad7b2ba56afaa5704","isMergeCommit":true,"messageTitle":"Merge pull request #76 from yakultbottle/assert","messageBody":"Add assertions in Storage","fileTypesAndContributionMap":{}}]},{"date":"2024-10-18","commitResults":[{"hash":"8f18b223cf1300de82afb7f087832865065cee7f","isMergeCommit":false,"messageTitle":"Add expiry date element to Item class","messageBody":"","fileTypesAndContributionMap":{"functional-code":{"insertions":89,"deletions":5}}},{"hash":"570fbad7b35939b84bd69c01086e82a804ae6f16","isMergeCommit":false,"messageTitle":"Update the toString, equals, and compareTo method in Item","messageBody":"","fileTypesAndContributionMap":{"functional-code":{"insertions":19,"deletions":5}}},{"hash":"851721d64a45d71d43be4b1c8640f535c6064ae2","isMergeCommit":false,"messageTitle":"Fix wrong constructor","messageBody":"","fileTypesAndContributionMap":{"functional-code":{"insertions":3,"deletions":1}}}]},{"date":"2024-10-19","commitResults":[{"hash":"7d67891ce25bf85a321b1105aa177e3444ab300d","isMergeCommit":false,"messageTitle":"Edit ItemMap to separate items with different expiry dates","messageBody":"","fileTypesAndContributionMap":{"functional-code":{"insertions":151,"deletions":47}}},{"hash":"8c80c24a503d123f1b9aaccaa1a1a978627fe7de","isMergeCommit":false,"messageTitle":"Update Edit command to take in expiry date","messageBody":"","fileTypesAndContributionMap":{"functional-code":{"insertions":61,"deletions":2}}},{"hash":"6d45f1c0da0d184372788289db796cffecb95d2f","isMergeCommit":false,"messageTitle":"Update Storage class for expiry date","messageBody":"","fileTypesAndContributionMap":{"functional-code":{"insertions":19,"deletions":7}}},{"hash":"7878f9a09faf157d981c1ab1baf99fa8987d62a4","isMergeCommit":false,"messageTitle":"Refactor expiryDate to use Optional and pass all tests","messageBody":"","fileTypesAndContributionMap":{"functional-code":{"insertions":90,"deletions":72},"test-code":{"insertions":27,"deletions":8}}},{"hash":"7162e03d5c0f79522ec29d82c5b0482adfa1b8ae","isMergeCommit":false,"messageTitle":"Fix delete causing exception to be thrown","messageBody":"","fileTypesAndContributionMap":{"functional-code":{"insertions":3,"deletions":2}}},{"hash":"74b1ea17c3694f1c92ae71c5ea96717dfbca7f51","isMergeCommit":false,"messageTitle":"Fix Load test cases","messageBody":"","fileTypesAndContributionMap":{"functional-code":{"insertions":7,"deletions":0},"test-code":{"insertions":1,"deletions":1}}},{"hash":"2e5558dcb8219d9a18e7305eccfd37844a7fe1ce","isMergeCommit":false,"messageTitle":"Fix checkstyle issues","messageBody":"","fileTypesAndContributionMap":{"functional-code":{"insertions":2,"deletions":2}}},{"hash":"5880f98b8bf7424c1a277a9faf8f28fd08503903","isMergeCommit":true,"messageTitle":"Merge pull request #100 from yakultbottle/expiryDate","messageBody":"Add expiry date element","fileTypesAndContributionMap":{}}]},{"date":"2024-10-22","commitResults":[{"hash":"e62153070e7c90769713fe8c70ef1c0b4d5e92d2","isMergeCommit":false,"messageTitle":"Update Storage Design in Developer Guide","messageBody":"","fileTypesAndContributionMap":{"docs":{"insertions":18,"deletions":0}}},{"hash":"dd3507b31b719a6a0f4572e2a31c18e7a67c7323","isMergeCommit":true,"messageTitle":"Merge pull request #110 from yakultbottle/storage-dg","messageBody":"Update Storage Design in Developer Guide","fileTypesAndContributionMap":{}}]},{"date":"2024-10-29","commitResults":[{"hash":"7b2a20aa365558b605671814dff3049dac66ee3f","isMergeCommit":false,"messageTitle":"Add class diagrams for Item and ItemMap","messageBody":"","fileTypesAndContributionMap":{"docs":{"insertions":68,"deletions":0}}}]},{"date":"2024-10-30","commitResults":[{"hash":"c8cce4e9d47bd4e6a6a85461a32d8508d5a0ab04","isMergeCommit":true,"messageTitle":"Merge pull request #119 from yakultbottle/itemmap-dg","messageBody":"Add class diagrams for Item and ItemMap","fileTypesAndContributionMap":{}}]},{"date":"2024-10-31","commitResults":[{"hash":"e1c3c85e976066d4e63a9a581ac524e9c2b640eb","isMergeCommit":false,"messageTitle":"Add Edit command to User Guide","messageBody":"","fileTypesAndContributionMap":{"docs":{"insertions":21,"deletions":0}}},{"hash":"5201cc21c02153b8abec2658315c7b3c55a8c0e4","isMergeCommit":true,"messageTitle":"Merge pull request #126 from yakultbottle/ben-UserGuide","messageBody":"Add Edit command to User Guide","fileTypesAndContributionMap":{}},{"hash":"660316e3fd52777f8f3086220472592597e24fb9","isMergeCommit":false,"messageTitle":"Add first draft of PPP","messageBody":"","fileTypesAndContributionMap":{"docs":{"insertions":44,"deletions":6}}}]},{"date":"2024-11-01","commitResults":[{"hash":"840cfe026365d3efe5ee435f3e61226c9a1732a5","isMergeCommit":false,"messageTitle":"Add Parser processing of UseItemCommand","messageBody":"","fileTypesAndContributionMap":{"functional-code":{"insertions":69,"deletions":9}}},{"hash":"81cb136ce443b329f7ac7281bc77cad0df5b843b","isMergeCommit":true,"messageTitle":"Merge pull request #127 from yakultbottle/ben-PPP","messageBody":"Add first draft of PPP","fileTypesAndContributionMap":{}},{"hash":"cb91ae998af1214433c8119de6b740b089ca60b2","isMergeCommit":false,"messageTitle":"Add execute method for UseItemCommand","messageBody":"","fileTypesAndContributionMap":{"functional-code":{"insertions":82,"deletions":1}}},{"hash":"275f0f0d15e6d071511bd3af09183a67907e174c","isMergeCommit":false,"messageTitle":"Update execute method to follow convention in other ItemCommands","messageBody":"","fileTypesAndContributionMap":{"functional-code":{"insertions":102,"deletions":22}}},{"hash":"b8b412d022282fd97fe477d73526f461ce09d2b3","isMergeCommit":false,"messageTitle":"Add test coverage for UseItemCommand","messageBody":"","fileTypesAndContributionMap":{"test-code":{"insertions":136,"deletions":0}}},{"hash":"e2d1769b10bbea56a8ee3f06dea5fd49d2393977","isMergeCommit":false,"messageTitle":"Correct checkstyle errors","messageBody":"","fileTypesAndContributionMap":{"functional-code":{"insertions":14,"deletions":5},"test-code":{"insertions":3,"deletions":1}}},{"hash":"6c52c01dd4656d5f4e84566c0fa7d171135890da","isMergeCommit":true,"messageTitle":"Merge pull request #135 from yakultbottle/priorityRemoval","messageBody":"Implement Use command with priority removal","fileTypesAndContributionMap":{}}]},{"date":"2024-11-03","commitResults":[{"hash":"b4b943fd3ce25604ef085b1d621932509d723eb9","isMergeCommit":false,"messageTitle":"Fix incorrect Item and ItemMap class diagrams","messageBody":"","fileTypesAndContributionMap":{"docs":{"insertions":27,"deletions":22}}},{"hash":"ae0774325bb4ab352aa039e8518470845113b49e","isMergeCommit":true,"messageTitle":"Merge pull request #137 from yakultbottle/fixClassDiagrams","messageBody":"Fix incorrect Item and ItemMap class diagrams","fileTypesAndContributionMap":{}}]}],"cnivedit":[{"date":"2024-10-02","commitResults":[{"hash":"2b46f8f29565d31756495413fe7aa31dfc634c3c","isMergeCommit":false,"messageTitle":"Update AboutUs page","messageBody":"","fileTypesAndContributionMap":{"docs":{"insertions":1,"deletions":9}}},{"hash":"f2b99b3d39dd4702f57a5731ebda9aa64c9f6f6a","isMergeCommit":true,"messageTitle":"Merge pull request #1 from cnivedit/Nivedit-AboutUs","messageBody":"Update AboutUs page","fileTypesAndContributionMap":{}}]},{"date":"2024-10-12","commitResults":[{"hash":"89553f075c11aa4028f565fa3d277a9f979f7bf4","isMergeCommit":false,"messageTitle":"Create ListCommand","messageBody":"","fileTypesAndContributionMap":{"functional-code":{"insertions":17,"deletions":0}}},{"hash":"827bed2b1d60cd0328f4a2d6c6fbbcb291c8f682","isMergeCommit":false,"messageTitle":"Add JUnit tests for ListCommand","messageBody":"","fileTypesAndContributionMap":{"test-code":{"insertions":60,"deletions":0}}}]},{"date":"2024-10-13","commitResults":[{"hash":"c061b50134d7c439e8a28f413ed7f760cf10ab5a","isMergeCommit":false,"messageTitle":"Create findItem method","messageBody":"","fileTypesAndContributionMap":{"functional-code":{"insertions":18,"deletions":0}}},{"hash":"ff6f4e534ee6297a1f3c9bb8c3c6c165bb1bf314","isMergeCommit":false,"messageTitle":"Create FindCommand","messageBody":"","fileTypesAndContributionMap":{"functional-code":{"insertions":22,"deletions":0}}},{"hash":"e066a62d61ad7b0a649a67ecef6809fe7e3ba6a5","isMergeCommit":false,"messageTitle":"Add JUnit tests for FindCommand","messageBody":"","fileTypesAndContributionMap":{"test-code":{"insertions":99,"deletions":0}}}]},{"date":"2024-10-14","commitResults":[{"hash":"94dee660290f6bb72868a7ae118e652ebfd49ad0","isMergeCommit":false,"messageTitle":"Define item equality","messageBody":"","fileTypesAndContributionMap":{"functional-code":{"insertions":12,"deletions":0}}},{"hash":"4e1bd67d703aec2301005231b01e88138a26f801","isMergeCommit":false,"messageTitle":"Create ItemList constructor to initialize with an ArrayList of Items","messageBody":"","fileTypesAndContributionMap":{"functional-code":{"insertions":9,"deletions":0}}},{"hash":"0e798782de38ab71a9f98552549e5a9c3474000b","isMergeCommit":false,"messageTitle":"Integrate data loading into application instance","messageBody":"","fileTypesAndContributionMap":{"functional-code":{"insertions":4,"deletions":2}}},{"hash":"2387116581b17cd08197561dbc7d4ff6d1b6aeb5","isMergeCommit":false,"messageTitle":"Create methods to load data into an ItemList","messageBody":"","fileTypesAndContributionMap":{"functional-code":{"insertions":49,"deletions":0}}},{"hash":"91affe89131979c5f6149c42536f48206e4ac8f3","isMergeCommit":false,"messageTitle":"Define exception messages for data loading","messageBody":"","fileTypesAndContributionMap":{"functional-code":{"insertions":2,"deletions":0}}},{"hash":"76e903e374b3eda1e41a3253c87daf365d199793","isMergeCommit":false,"messageTitle":"Write JUnit tests for load data methods","messageBody":"","fileTypesAndContributionMap":{"test-code":{"insertions":45,"deletions":0}}},{"hash":"af28945cd14362dd371e2eae305c13b2eaf96882","isMergeCommit":true,"messageTitle":"Merge branch \u0027master\u0027 into dev/loaddata","messageBody":"","fileTypesAndContributionMap":{}},{"hash":"91e350fee4047a420248db2af42d9f6181fe0e78","isMergeCommit":true,"messageTitle":"Merge pull request #68 from cnivedit/dev/loaddata","messageBody":"Implement data loading from local file","fileTypesAndContributionMap":{}}]},{"date":"2024-10-15","commitResults":[{"hash":"dd756ec8b9b55092cb6d3f24f06fd9e6284c6ab0","isMergeCommit":false,"messageTitle":"Fix findItem method printing unwanted output from addItem","messageBody":"","fileTypesAndContributionMap":{"functional-code":{"insertions":4,"deletions":4}}},{"hash":"e08ea457be02a360ad2c75f699eb4d777bd14629","isMergeCommit":false,"messageTitle":"Update FindCommandTest expected outputs","messageBody":"","fileTypesAndContributionMap":{"test-code":{"insertions":1,"deletions":11}}},{"hash":"624e83862342906f2c1a0c46bdf7fb8606aef16e","isMergeCommit":true,"messageTitle":"Merge pull request #70 from cnivedit/bugfix/findcommandoutput","messageBody":"Fix findItem printing intermediate outputs closes #69","fileTypesAndContributionMap":{}}]},{"date":"2024-10-18","commitResults":[{"hash":"47d1f3f5c4d30f6bedc5ed0908caf11033ead735","isMergeCommit":false,"messageTitle":"Add logging for chatbot conversation start and end","messageBody":"","fileTypesAndContributionMap":{"functional-code":{"insertions":7,"deletions":0}}},{"hash":"33e96fe108a971a0b4dc4594af2a4ecad23c8b64","isMergeCommit":false,"messageTitle":"Assert positive quantity when parsing","messageBody":"","fileTypesAndContributionMap":{"functional-code":{"insertions":1,"deletions":0}}},{"hash":"36814439e98406baf4a1ebc6ef22a83c07fbf6e8","isMergeCommit":true,"messageTitle":"Merge pull request #98 from cnivedit/master","messageBody":"Add logs and assert","fileTypesAndContributionMap":{}}]},{"date":"2024-10-20","commitResults":[{"hash":"5750f5e5646817435034a930ed185e4dd4239f1d","isMergeCommit":false,"messageTitle":"Create PillLogger class","messageBody":"","fileTypesAndContributionMap":{"functional-code":{"insertions":34,"deletions":0}}},{"hash":"0da54b1fa77cca40ecc0ba30fb4bb25866dfd294","isMergeCommit":false,"messageTitle":"Add JavaDoc","messageBody":"","fileTypesAndContributionMap":{"functional-code":{"insertions":14,"deletions":1}}},{"hash":"388e283e748ad6cf159f250e3dd9f7f623854a3b","isMergeCommit":false,"messageTitle":"Update logger usage","messageBody":"","fileTypesAndContributionMap":{"functional-code":{"insertions":5,"deletions":11}}},{"hash":"41156e43b5e8e2f4f29473b79f733250a0526955","isMergeCommit":false,"messageTitle":"Disable parent handlers","messageBody":"","fileTypesAndContributionMap":{"functional-code":{"insertions":2,"deletions":0}}},{"hash":"fc26a39780df3053bacfd6c36cf70dfa6143cee3","isMergeCommit":false,"messageTitle":"Create logging directory if not present","messageBody":"","fileTypesAndContributionMap":{"functional-code":{"insertions":5,"deletions":0}}},{"hash":"0bdbf25e357eaad30720188b58f41e24fc3ae33e","isMergeCommit":false,"messageTitle":"Fix checkstyle failure","messageBody":"","fileTypesAndContributionMap":{"functional-code":{"insertions":16,"deletions":9}}},{"hash":"242f484f706f683450dbcce7a96d6087c44c84e1","isMergeCommit":false,"messageTitle":"Address review comments: improve spacing","messageBody":"","fileTypesAndContributionMap":{"functional-code":{"insertions":4,"deletions":0}}}]},{"date":"2024-10-21","commitResults":[{"hash":"90722ff121b5f32e53a290a0af2f7b6ea951bf73","isMergeCommit":true,"messageTitle":"Merge pull request #103 from cnivedit/dev/logging","messageBody":"Create PillLogger class and update logger usage","fileTypesAndContributionMap":{}},{"hash":"5c0b650b36211e8e6e1fac9ca0bcfa511503cef8","isMergeCommit":false,"messageTitle":"Get value of optional if present before saving to file","messageBody":"","fileTypesAndContributionMap":{"functional-code":{"insertions":6,"deletions":3}}},{"hash":"75cf2dd7106d91b1d4d5e71a143682d1ca2157aa","isMergeCommit":false,"messageTitle":"Remove unused import failing checkstyle","messageBody":"","fileTypesAndContributionMap":{"functional-code":{"insertions":0,"deletions":1}}},{"hash":"4d96a84682e1037b0a4af5e21862e9219cbfcb60","isMergeCommit":true,"messageTitle":"Merge pull request #104 from cnivedit/bugfix/loaddata","messageBody":"Fix parsing of optional item attribute","fileTypesAndContributionMap":{}}]},{"date":"2024-10-27","commitResults":[{"hash":"d2b190750d6f64c7d0ea1c3777580a6fff791a4b","isMergeCommit":false,"messageTitle":"Define ItemMap equality","messageBody":"","fileTypesAndContributionMap":{"functional-code":{"insertions":24,"deletions":0}}},{"hash":"c0b7145cd87b9e6d78845485111932348ef63733","isMergeCommit":false,"messageTitle":"Create method to retrieve expired items","messageBody":"","fileTypesAndContributionMap":{"functional-code":{"insertions":25,"deletions":0}}},{"hash":"8a83a7c92e9f5bb60aa146b51b6b5492a4c619c7","isMergeCommit":false,"messageTitle":"Create ExpiredCommand class","messageBody":"","fileTypesAndContributionMap":{"functional-code":{"insertions":18,"deletions":0}}},{"hash":"d13d3f326d0ed81314c5a863b071fc6673b310df","isMergeCommit":false,"messageTitle":"Write JUnit tests for getExpiredItems method","messageBody":"","fileTypesAndContributionMap":{"test-code":{"insertions":65,"deletions":0}}},{"hash":"91097256dd956637e2e9f70520ca295831ff29a0","isMergeCommit":false,"messageTitle":"Integrate expired command into parser","messageBody":"","fileTypesAndContributionMap":{"functional-code":{"insertions":4,"deletions":0}}},{"hash":"efc6d5a9b8158b68d0f3838c2918d681632451b9","isMergeCommit":false,"messageTitle":"Add test for items with no expiry date","messageBody":"","fileTypesAndContributionMap":{"test-code":{"insertions":13,"deletions":4}}},{"hash":"16fb6fb1948e4dc955e93547c12c127f5fa3ea0c","isMergeCommit":false,"messageTitle":"Create dedicated method to print expired items","messageBody":"","fileTypesAndContributionMap":{"functional-code":{"insertions":20,"deletions":0}}},{"hash":"bd8481b68cd4c251c08a33699cbe313d3afad64c","isMergeCommit":false,"messageTitle":"Refactor to use listExpiredItems method","messageBody":"","fileTypesAndContributionMap":{"functional-code":{"insertions":1,"deletions":3}}},{"hash":"d9d05444b2e3e7a794b4a0bde84a01e3b8f138c8","isMergeCommit":false,"messageTitle":"Update to print expired items on startup","messageBody":"","fileTypesAndContributionMap":{"functional-code":{"insertions":1,"deletions":0}}},{"hash":"4778e079c1510fe026496c45d88cddf7d8850a54","isMergeCommit":false,"messageTitle":"Update JavaDoc","messageBody":"","fileTypesAndContributionMap":{"functional-code":{"insertions":8,"deletions":0}}},{"hash":"e40d77c59ec78eb18781e9377d9beac58808fe7e","isMergeCommit":true,"messageTitle":"Merge pull request #113 from cnivedit/dev/expireditems","messageBody":"Add expired items command and display on startup","fileTypesAndContributionMap":{}},{"hash":"ac13c517d0be1584acf587142c2292c2dbc72296","isMergeCommit":false,"messageTitle":"Update to use streams and add support for retreiving expiring items","messageBody":"","fileTypesAndContributionMap":{"functional-code":{"insertions":46,"deletions":33}}},{"hash":"4cdc59450d17b4103360c41579f26cd982095e63","isMergeCommit":false,"messageTitle":"Refactor to use getExpiringItems method","messageBody":"","fileTypesAndContributionMap":{"functional-code":{"insertions":5,"deletions":2},"test-code":{"insertions":5,"deletions":5}}},{"hash":"e760a41782ef71c13b64c3dcb25eea3554e2246c","isMergeCommit":false,"messageTitle":"Create ExpiringCommand class","messageBody":"","fileTypesAndContributionMap":{"functional-code":{"insertions":19,"deletions":0}}},{"hash":"edf9596022ea605ffd0764e7d658a8420c01d0a2","isMergeCommit":false,"messageTitle":"Add support for expiring command","messageBody":"","fileTypesAndContributionMap":{"functional-code":{"insertions":18,"deletions":7}}},{"hash":"7c06a8c3a0f82ac96270986dc30eda09b5181740","isMergeCommit":true,"messageTitle":"Merge pull request #114 from cnivedit/dev/expiringitems","messageBody":"Add support for retrieving expiring items given a cutoff date","fileTypesAndContributionMap":{}},{"hash":"5ae3ff32079518cbe4be7ed2b6c4af3ec3dd322f","isMergeCommit":false,"messageTitle":"Update product scope and user stories","messageBody":"","fileTypesAndContributionMap":{"docs":{"insertions":32,"deletions":11}}},{"hash":"60138ad4006b57a97bfeb664b9ca8f7d7d89e98b","isMergeCommit":false,"messageTitle":"Update authors","messageBody":"","fileTypesAndContributionMap":{"docs":{"insertions":6,"deletions":0}}},{"hash":"699c5a0c8e0077ee2fc2823c31a52ed94fa40423","isMergeCommit":true,"messageTitle":"Merge pull request #115 from cnivedit/devguide/productscope","messageBody":"Update product scope","fileTypesAndContributionMap":{}}]},{"date":"2024-10-30","commitResults":[{"hash":"965ec0f3a5dece465cbe5e2c821934dd0660774c","isMergeCommit":false,"messageTitle":"Create PillLogger component diagram","messageBody":"","fileTypesAndContributionMap":{"docs":{"insertions":30,"deletions":0}}},{"hash":"975ea1e1d6881bbb2a8aa4de8cc45319ed6d10cf","isMergeCommit":false,"messageTitle":"Add documentation for logging","messageBody":"","fileTypesAndContributionMap":{"docs":{"insertions":30,"deletions":0}}},{"hash":"bd610088cd84ee5c0bc3cacd26f8046e007c0647","isMergeCommit":true,"messageTitle":"Merge branch \u0027master\u0027 into devguide/logging","messageBody":"","fileTypesAndContributionMap":{}},{"hash":"db9873c4be555cafa4b9093eb2ee3dffec717f53","isMergeCommit":false,"messageTitle":"Update authors","messageBody":"","fileTypesAndContributionMap":{"docs":{"insertions":3,"deletions":1}}},{"hash":"dd72f41abc41d1650b60c9d5def4da3e48bd16ef","isMergeCommit":true,"messageTitle":"Merge pull request #121 from cnivedit/devguide/logging","messageBody":"Add logging documentation to developer guide","fileTypesAndContributionMap":{}},{"hash":"834b822da059bcaf0a04f5b4f1605017920873eb","isMergeCommit":false,"messageTitle":"Create sequence diagram for AddItemCommand","messageBody":"","fileTypesAndContributionMap":{"docs":{"insertions":73,"deletions":0}}},{"hash":"85083378b76fb12ea08ef20493e3ac9c586d27b1","isMergeCommit":false,"messageTitle":"Update loop in sequence diagram","messageBody":"","fileTypesAndContributionMap":{"docs":{"insertions":5,"deletions":6}}},{"hash":"1f6a1dd01bdae3eeaf246361a94a66a1eb8624c5","isMergeCommit":false,"messageTitle":"Improve else visibility","messageBody":"","fileTypesAndContributionMap":{"docs":{"insertions":1,"deletions":1}}},{"hash":"a84c2879f69502e67ac89f782c2de6a1e3c37235","isMergeCommit":true,"messageTitle":"Merge branch \u0027master\u0027 into devguide/additemcommand","messageBody":"","fileTypesAndContributionMap":{}},{"hash":"24abd8a3e6ad7810aef8bf60f493c830f2b69ab6","isMergeCommit":true,"messageTitle":"Merge branch \u0027devguide/additemcommand\u0027 of https://github.com/cnivedit/tp into devguide/additemcommand","messageBody":"","fileTypesAndContributionMap":{}},{"hash":"e96ecd23b4261f93fc870ff78b3aaac2f1cb3601","isMergeCommit":true,"messageTitle":"Merge pull request #124 from cnivedit/devguide/additemcommand","messageBody":"Create sequence diagram for AddItemCommand","fileTypesAndContributionMap":{}}]}]},"authorFileTypeContributionMap":{"philip1304":{"docs":0,"functional-code":1298,"test-code":2487},"cxc0418":{"docs":292,"functional-code":871,"test-code":35},"yijiano":{"docs":327,"functional-code":482,"test-code":921,"other":2},"yakultbottle":{"docs":172,"functional-code":664,"test-code":142},"cnivedit":{"docs":134,"functional-code":301,"test-code":150}},"authorContributionVariance":{"philip1304":87329.67,"cxc0418":58515.83,"yijiano":40256.055,"yakultbottle":9755.593,"cnivedit":4096.5034},"authorDisplayNameMap":{"philip1304":"CS2113-W14-4 CHAN..ILIP","cxc0418":"CS2113-W14-4 CHEN..NCHI","yijiano":"CS2113-W14-4 ZHAN..JIAN","yakultbottle":"CS2113-W14-4 LIM ..AMIN","cnivedit":"CS2113-W14-4 CHIT..UMAR"}}
