{"authorDailyContributionsMap":{"philip1304":[{"date":"2024-10-11","commitResults":[{"hash":"f258a3997c9142b2f886b961767637272e70ac9c","isMergeCommit":false,"messageTitle":"tp - helpCommand // initial code","messageBody":"","fileTypesAndContributionMap":{"functional-code":{"insertions":18,"deletions":1}}},{"hash":"0c9a36d0f8e21a8c64ecc5feb97ebc2dee5cbfb7","isMergeCommit":true,"messageTitle":"Merge branch \u0027AY2425S1-CS2113-W14-4:master\u0027 into master","messageBody":"","fileTypesAndContributionMap":{}}]},{"date":"2024-10-13","commitResults":[{"hash":"72c36281f5804f4c39f34bac67c06c2b86d972b9","isMergeCommit":true,"messageTitle":"Merge branch \u0027AY2425S1-CS2113-W14-4:master\u0027 into master","messageBody":"","fileTypesAndContributionMap":{}},{"hash":"df3254a4b777cf425d11cfb54312d1b1d4a907d1","isMergeCommit":false,"messageTitle":"tp - helpCommand // initial code","messageBody":"","fileTypesAndContributionMap":{"functional-code":{"insertions":29,"deletions":11}}},{"hash":"b4a59e2aec97b9de15bfa983295aa88340c57e25","isMergeCommit":false,"messageTitle":"tp - helpCommand // initial code","messageBody":"","fileTypesAndContributionMap":{"functional-code":{"insertions":1,"deletions":4}}},{"hash":"5f4fd3d7ceaf0a3031c58d5f7d8557651991e8b8","isMergeCommit":true,"messageTitle":"Merge branch \u0027master\u0027 into master","messageBody":"","fileTypesAndContributionMap":{}},{"hash":"71e2c117e903c78403b6ed02698627adb3b60940","isMergeCommit":false,"messageTitle":"Help Command // initial code","messageBody":"","fileTypesAndContributionMap":{"functional-code":{"insertions":66,"deletions":3}}},{"hash":"dea79ab0a534aed7285f75bed9ebd00407fb3a69","isMergeCommit":true,"messageTitle":"Merge branch \u0027master\u0027 into master","messageBody":"","fileTypesAndContributionMap":{}},{"hash":"2d9ac2d8bd3ac62399628e20cdc5f28e572846ca","isMergeCommit":false,"messageTitle":"Help Command // initial code - updated","messageBody":"","fileTypesAndContributionMap":{"functional-code":{"insertions":31,"deletions":37}}},{"hash":"7283d8b5684017e1d5a6d54c4b2207ba9eb86c56","isMergeCommit":true,"messageTitle":"Merge branch \u0027master\u0027 into master","messageBody":"","fileTypesAndContributionMap":{}},{"hash":"1a8a91f6ec40173cd9708293503a1b4501de557d","isMergeCommit":false,"messageTitle":"tp - helpCommand // initial code - updated to reflect changes in other code","messageBody":"","fileTypesAndContributionMap":{"functional-code":{"insertions":5,"deletions":3}}},{"hash":"65f8d7802c619bf031a7fd3c9ecab692fc0bdd16","isMergeCommit":true,"messageTitle":"Merge pull request #57 from philip1304/master","messageBody":"Help Command // updated","fileTypesAndContributionMap":{}}]},{"date":"2024-10-14","commitResults":[{"hash":"50d85c70c800cd23492ae946bc3aaf9fdf55293d","isMergeCommit":false,"messageTitle":"Help Command // improved \u0027help\u0027 and error messages","messageBody":"","fileTypesAndContributionMap":{"functional-code":{"insertions":90,"deletions":20}}},{"hash":"1857ba77b0f34aa7890d25b6b1b1e7738d7d8a0d","isMergeCommit":false,"messageTitle":"Help Command // improved \u0027help\u0027 and error messages","messageBody":"- Added \u0027edit\u0027 command.\n","fileTypesAndContributionMap":{"functional-code":{"insertions":20,"deletions":1}}},{"hash":"9d59c19a15130e57ea2f24ea4afdcb2778dd2dcb","isMergeCommit":true,"messageTitle":"Merge pull request #64 from philip1304/improved-help","messageBody":"Help Command // improved \u0027help\u0027 and error messages","fileTypesAndContributionMap":{}},{"hash":"ea0ab7828252eaee9f6150c0a6b83deb646bd9a7","isMergeCommit":false,"messageTitle":"Help Command // Asserts, Loggers, Verbose","messageBody":"Notes:\nAdded a few asserts and loggers.\nChanged help information shown with and without verbose parameters.\n","fileTypesAndContributionMap":{"functional-code":{"insertions":39,"deletions":13}}},{"hash":"9639dfa4a7be2a18997d26987d61fb89d8ab8ff9","isMergeCommit":true,"messageTitle":"Merge pull request #67 from philip1304/helpcommand-assert-logger","messageBody":"Help Command // Asserts, Loggers, Verbose","fileTypesAndContributionMap":{}}]}],"cxc0418":[{"date":"2024-10-02","commitResults":[{"hash":"bb92845c1c2201de96839142b01021843866b4ed","isMergeCommit":false,"messageTitle":"Commit and Push","messageBody":"","fileTypesAndContributionMap":{"docs":{"insertions":1,"deletions":9}}},{"hash":"d01528a8d8a7ff88796f76c1cc6e338125a8827c","isMergeCommit":true,"messageTitle":"Merge branch \u0027master\u0027 into Xinchi-AboutUs","messageBody":"","fileTypesAndContributionMap":{}},{"hash":"1c5a323867eb25bb5c518e80a8a9e4a2f1aef2bf","isMergeCommit":true,"messageTitle":"Merge pull request #4 from cxc0418/Xinchi-AboutUs","messageBody":"Commit and Push","fileTypesAndContributionMap":{}}]},{"date":"2024-10-11","commitResults":[{"hash":"03a54c0bae6ae4bd87e1ee47d7e506871eb9ba7c","isMergeCommit":false,"messageTitle":"Item, ItemList(add/delete/edit/list), AddItemCommand, DeleteItemCommand, EditItemCommand","messageBody":"","fileTypesAndContributionMap":{"functional-code":{"insertions":197,"deletions":4}}},{"hash":"909c8d72727ed4feba49269d31d6d8e3dc14ac1e","isMergeCommit":false,"messageTitle":"Add Item, ItemList(add/delete/edit/list), AddItemCommand, DeleteItemCommand, EditItemCommand","messageBody":"","fileTypesAndContributionMap":{"functional-code":{"insertions":7,"deletions":6}}}]},{"date":"2024-10-14","commitResults":[{"hash":"50e131688e9f071b538f61b93b400eb388f89054","isMergeCommit":false,"messageTitle":"User Guide V1.0","messageBody":"","fileTypesAndContributionMap":{"docs":{"insertions":172,"deletions":22}}},{"hash":"570c11789fa56a67faa35bf1372ce1e10837ff17","isMergeCommit":true,"messageTitle":"Merge pull request #65 from cxc0418/master","messageBody":"User Guide v1.0","fileTypesAndContributionMap":{}}]}],"yijiano":[{"date":"2024-09-30","commitResults":[{"hash":"c40b08d16fbea08945acba59e6a09c66b3295f91","isMergeCommit":false,"messageTitle":"Update README.md","messageBody":"","fileTypesAndContributionMap":{"docs":{"insertions":1,"deletions":1}}}]},{"date":"2024-10-02","commitResults":[{"hash":"133f1ac6b6b9d8bee05f933e259c5da8d1098f75","isMergeCommit":false,"messageTitle":"Update docs/README.md","messageBody":"","fileTypesAndContributionMap":{"docs":{"insertions":1,"deletions":9}}},{"hash":"5e88e251c64e96a6de5e71139ee229c3bd96427f","isMergeCommit":true,"messageTitle":"Ressolve Merge Conflict","messageBody":"","fileTypesAndContributionMap":{}},{"hash":"4befb2aea16f6838cb89d358d4039f2da44a7412","isMergeCommit":true,"messageTitle":"Merge pull request #3 from yijiano/Yijian-AboutUs","messageBody":"Update docs/AboutUs.md","fileTypesAndContributionMap":{}}]},{"date":"2024-10-09","commitResults":[{"hash":"cfda687b4f5d2410c84438c228a620d92c2fbffd","isMergeCommit":false,"messageTitle":"Add Ui and Printer, add Init and Exit","messageBody":"","fileTypesAndContributionMap":{"functional-code":{"insertions":89,"deletions":21},"other":{"insertions":2,"deletions":2}}},{"hash":"3ba63b63e40764aaebb25b8fdec6d2baf7700ae2","isMergeCommit":false,"messageTitle":"Fix compile errors","messageBody":"","fileTypesAndContributionMap":{"functional-code":{"insertions":5,"deletions":3}}},{"hash":"667953e7c332a09708e27098165b9e7f57b545ab","isMergeCommit":false,"messageTitle":"Update text-ui-text","messageBody":"","fileTypesAndContributionMap":{"functional-code":{"insertions":1,"deletions":3},"other":{"insertions":1,"deletions":1}}},{"hash":"ff80cd9361049b3ff2d3623f938534d7bdb86c4e","isMergeCommit":false,"messageTitle":"Update main class name in gradle","messageBody":"","fileTypesAndContributionMap":{"other":{"insertions":1,"deletions":1}}},{"hash":"e9e545cabfe7237c43c1d4d61ad796d92e95f2e1","isMergeCommit":false,"messageTitle":"Fix print, update text-ui-test","messageBody":"","fileTypesAndContributionMap":{"functional-code":{"insertions":3,"deletions":5}}},{"hash":"b65727a1967901229a2211b2014a156450f2141d","isMergeCommit":false,"messageTitle":"Update problematic ASCII","messageBody":"","fileTypesAndContributionMap":{"functional-code":{"insertions":15,"deletions":13}}},{"hash":"81b6f68dff367354ae8c9b543a103de1e155f537","isMergeCommit":true,"messageTitle":"Merge pull request #39 from yijiano/master","messageBody":"Add Ui and Printer, add Init and Exit","fileTypesAndContributionMap":{}}]},{"date":"2024-10-10","commitResults":[{"hash":"c3990079645ce8498c537a36325b7b7b5c60d254","isMergeCommit":false,"messageTitle":"Add Parser, add basic error catching","messageBody":"","fileTypesAndContributionMap":{"functional-code":{"insertions":103,"deletions":10}}},{"hash":"304688f894e3e2e9511b190d291fc4a240664b2a","isMergeCommit":true,"messageTitle":"Merge pull request #42 from yijiano/master","messageBody":"Add Parser, add basic error catching","fileTypesAndContributionMap":{}},{"hash":"7eb87a5f67aa688ec4b3cc16b6fc2e19add05774","isMergeCommit":false,"messageTitle":"Add JUnit test for UI","messageBody":"","fileTypesAndContributionMap":{"test-code":{"insertions":24,"deletions":2}}},{"hash":"f4693ecf6d58ceafc06100d5c96ab7d873a30bc5","isMergeCommit":true,"messageTitle":"Merge pull request #43 from yijiano/master","messageBody":"Add JUnit test for UI","fileTypesAndContributionMap":{}},{"hash":"4ade379c5f8ca87267ceda7592532607865a75ec","isMergeCommit":false,"messageTitle":"Refactor exit command handling","messageBody":"","fileTypesAndContributionMap":{"functional-code":{"insertions":17,"deletions":3}}},{"hash":"d3921fc5eb59df7c67c271ccc47c91b9bab8b27c","isMergeCommit":true,"messageTitle":"Merge pull request #44 from yijiano/dev/UiParser","messageBody":"Refactor exit command handling","fileTypesAndContributionMap":{}}]},{"date":"2024-10-11","commitResults":[{"hash":"70bea0d505212d92de3526e7347f2940163588ac","isMergeCommit":true,"messageTitle":"Merge pull request #46 from cxc0418/master","messageBody":"Add Item, ItemList(add/delete/edit/list), AddItemCommand, DeleteItemCommand, EditItemCommand","fileTypesAndContributionMap":{}}]},{"date":"2024-10-12","commitResults":[{"hash":"8aecbe593f02b668df13776c71a68af75320f2e3","isMergeCommit":true,"messageTitle":"Merge pull request #49 from cnivedit/dev/listcommand","messageBody":"Add ListCommand closes #7","fileTypesAndContributionMap":{}}]}],"yakultbottle":[{"date":"2024-10-02","commitResults":[{"hash":"2aa8028d431aeeafa72c8b4a1b4b31182cd5e0a3","isMergeCommit":false,"messageTitle":"Added big name","messageBody":"","fileTypesAndContributionMap":{"docs":{"insertions":1,"deletions":9}}},{"hash":"f313115ba538e181a36ea629832137afc5dcbc3d","isMergeCommit":true,"messageTitle":"Merge branch \u0027ben-AboutUs\u0027","messageBody":"","fileTypesAndContributionMap":{}},{"hash":"528b8921f31fbad6e35e05fa86f9aa557ab06762","isMergeCommit":true,"messageTitle":"Merge pull request #2 from yakultbottle/ben-AboutUs","messageBody":"Added big name","fileTypesAndContributionMap":{}},{"hash":"84110d68e86407ef09b7445570d90ffa3a10dd72","isMergeCommit":false,"messageTitle":"Fix AboutUs","messageBody":"","fileTypesAndContributionMap":{"docs":{"insertions":12,"deletions":1}}},{"hash":"dd3f2bc4941dfb517d219623aa0016b30f351b41","isMergeCommit":true,"messageTitle":"Merge pull request #10 from yakultbottle/master","messageBody":"Fix AboutUs","fileTypesAndContributionMap":{}},{"hash":"9d53221511f92b3d103752091195150c142b668e","isMergeCommit":false,"messageTitle":"Cleanup AboutUs","messageBody":"","fileTypesAndContributionMap":{"docs":{"insertions":0,"deletions":5}}},{"hash":"95b1bc939a6ba38c7bf749a70c3f943747c68f68","isMergeCommit":true,"messageTitle":"Merge pull request #11 from yakultbottle/master","messageBody":"Cleanup AboutUs","fileTypesAndContributionMap":{}}]},{"date":"2024-10-09","commitResults":[{"hash":"38b17f4a00886a922feb5edfc1252003eb66fe2e","isMergeCommit":false,"messageTitle":"Create abstract class Command","messageBody":"","fileTypesAndContributionMap":{"functional-code":{"insertions":28,"deletions":0}}},{"hash":"e27c334cb28f997932d0f951acc15d75ab4604d4","isMergeCommit":true,"messageTitle":"Merge pull request #22 from yakultbottle/Command","messageBody":"Create abstract class Command","fileTypesAndContributionMap":{}}]},{"date":"2024-10-13","commitResults":[{"hash":"b2cc393c2698e063cd802121c306f3948f448b10","isMergeCommit":true,"messageTitle":"Merge pull request #51 from cnivedit/dev/finditem","messageBody":"Create FindItem command closes #20","fileTypesAndContributionMap":{}},{"hash":"a5b0640d8297e06d32731950fc354b9afa0d9714","isMergeCommit":true,"messageTitle":"Merge pull request #52 from philip1304/master","messageBody":"Help Command // initial code","fileTypesAndContributionMap":{}},{"hash":"bcc3f8020865b27d556812dbb4d7f9aa84d74bfb","isMergeCommit":false,"messageTitle":"Create Storage class with save function","messageBody":"","fileTypesAndContributionMap":{"functional-code":{"insertions":47,"deletions":2}}},{"hash":"1920579c177125e3de768b3bab1981b2ab40859a","isMergeCommit":false,"messageTitle":"Split save into saveItem and saveItemList methods","messageBody":"","fileTypesAndContributionMap":{"functional-code":{"insertions":23,"deletions":9}}},{"hash":"f6f5d6b02e6f28e2b39791336684580045c45030","isMergeCommit":false,"messageTitle":"Refactor Command class\u0027 execute to take in Storage","messageBody":"","fileTypesAndContributionMap":{"functional-code":{"insertions":27,"deletions":10},"test-code":{"insertions":12,"deletions":5}}},{"hash":"0c1bb71fbfd1469ef722eda110365f62cba42509","isMergeCommit":false,"messageTitle":"Add javadoc comments and update gitignore","messageBody":"","fileTypesAndContributionMap":{"functional-code":{"insertions":25,"deletions":0}}},{"hash":"e8560694bdc38b64573914a1f9579dabfa4f1708","isMergeCommit":true,"messageTitle":"Merge pull request #56 from yakultbottle/master","messageBody":"Create Storage class","fileTypesAndContributionMap":{}}]},{"date":"2024-10-14","commitResults":[{"hash":"409b817f4f3b478674bd9db366b2583f61474afd","isMergeCommit":false,"messageTitle":"Add switch case handling into Parser","messageBody":"- Finally add appropriate command execution into switch case branch\n- Fix small bug in Pill where it checks while exit flag is true\n- Add new Exceptions for Parser errors\n","fileTypesAndContributionMap":{"functional-code":{"insertions":50,"deletions":14}}},{"hash":"f97eebaa45203f16c44912659be0a6948b7d3ccf","isMergeCommit":false,"messageTitle":"Add ItemList instatiation for Ui","messageBody":"","fileTypesAndContributionMap":{"functional-code":{"insertions":16,"deletions":7}}},{"hash":"4394c741f70f5b4c11c489d50cb584c58aaed052","isMergeCommit":false,"messageTitle":"Fix bug where main loop needed two inputs to exit","messageBody":"","fileTypesAndContributionMap":{"functional-code":{"insertions":4,"deletions":3}}},{"hash":"295e1d737031919d7778c103715b52ea3ddb3ab9","isMergeCommit":true,"messageTitle":"Merge pull request #58 from yakultbottle/master","messageBody":"","fileTypesAndContributionMap":{}}]},{"date":"2024-10-15","commitResults":[{"hash":"b6cc357bba461761bc5b4d7ec1e1985f5ab5d362","isMergeCommit":false,"messageTitle":"Fix order of expected and actual in JUnit tests for List and Find","messageBody":"","fileTypesAndContributionMap":{"test-code":{"insertions":5,"deletions":5}}},{"hash":"eb949825b4a911f51fed92dea6faccb4c9c7fe3f","isMergeCommit":true,"messageTitle":"Merge pull request #72 from yakultbottle/bugFix","messageBody":"Fix order of expected and actual in JUnit tests for List and Find","fileTypesAndContributionMap":{}},{"hash":"9ff15d065561c97d6a7a2f904d3bdf1e3bded9d5","isMergeCommit":false,"messageTitle":"Change help text from using quit to exit","messageBody":"","fileTypesAndContributionMap":{"functional-code":{"insertions":10,"deletions":10}}},{"hash":"f00753e5fdaecc2e33bfb45fabfb5d2c66224116","isMergeCommit":false,"messageTitle":"Fix Parser calling HelpCommand incorrectly","messageBody":"","fileTypesAndContributionMap":{"functional-code":{"insertions":4,"deletions":13}}},{"hash":"1eed3ca229f61ac576e78a4f24cb62e9c81aa93f","isMergeCommit":false,"messageTitle":"Disable printing of log messages in Help to console","messageBody":"","fileTypesAndContributionMap":{"functional-code":{"insertions":3,"deletions":0}}},{"hash":"636ebdafc0fe57dd62ca680827a3602c3c333e9f","isMergeCommit":false,"messageTitle":"Fix checkstyle issue in Parser that is failing CI","messageBody":"","fileTypesAndContributionMap":{"functional-code":{"insertions":0,"deletions":2}}},{"hash":"c72b0d6034809c6fc82b420dc0553f0e73be383e","isMergeCommit":true,"messageTitle":"Merge pull request #75 from yakultbottle/helpFix","messageBody":"Bug Fixes for Help Command: Logging and Parser Corrections","fileTypesAndContributionMap":{}}]}],"cnivedit":[{"date":"2024-10-02","commitResults":[{"hash":"2b46f8f29565d31756495413fe7aa31dfc634c3c","isMergeCommit":false,"messageTitle":"Update AboutUs page","messageBody":"","fileTypesAndContributionMap":{"docs":{"insertions":1,"deletions":9}}},{"hash":"f2b99b3d39dd4702f57a5731ebda9aa64c9f6f6a","isMergeCommit":true,"messageTitle":"Merge pull request #1 from cnivedit/Nivedit-AboutUs","messageBody":"Update AboutUs page","fileTypesAndContributionMap":{}}]},{"date":"2024-10-12","commitResults":[{"hash":"89553f075c11aa4028f565fa3d277a9f979f7bf4","isMergeCommit":false,"messageTitle":"Create ListCommand","messageBody":"","fileTypesAndContributionMap":{"functional-code":{"insertions":17,"deletions":0}}},{"hash":"827bed2b1d60cd0328f4a2d6c6fbbcb291c8f682","isMergeCommit":false,"messageTitle":"Add JUnit tests for ListCommand","messageBody":"","fileTypesAndContributionMap":{"test-code":{"insertions":60,"deletions":0}}}]},{"date":"2024-10-13","commitResults":[{"hash":"c061b50134d7c439e8a28f413ed7f760cf10ab5a","isMergeCommit":false,"messageTitle":"Create findItem method","messageBody":"","fileTypesAndContributionMap":{"functional-code":{"insertions":18,"deletions":0}}},{"hash":"ff6f4e534ee6297a1f3c9bb8c3c6c165bb1bf314","isMergeCommit":false,"messageTitle":"Create FindCommand","messageBody":"","fileTypesAndContributionMap":{"functional-code":{"insertions":22,"deletions":0}}},{"hash":"e066a62d61ad7b0a649a67ecef6809fe7e3ba6a5","isMergeCommit":false,"messageTitle":"Add JUnit tests for FindCommand","messageBody":"","fileTypesAndContributionMap":{"test-code":{"insertions":99,"deletions":0}}}]},{"date":"2024-10-14","commitResults":[{"hash":"94dee660290f6bb72868a7ae118e652ebfd49ad0","isMergeCommit":false,"messageTitle":"Define item equality","messageBody":"","fileTypesAndContributionMap":{"functional-code":{"insertions":12,"deletions":0}}},{"hash":"4e1bd67d703aec2301005231b01e88138a26f801","isMergeCommit":false,"messageTitle":"Create ItemList constructor to initialize with an ArrayList of Items","messageBody":"","fileTypesAndContributionMap":{"functional-code":{"insertions":9,"deletions":0}}},{"hash":"0e798782de38ab71a9f98552549e5a9c3474000b","isMergeCommit":false,"messageTitle":"Integrate data loading into application instance","messageBody":"","fileTypesAndContributionMap":{"functional-code":{"insertions":4,"deletions":2}}},{"hash":"2387116581b17cd08197561dbc7d4ff6d1b6aeb5","isMergeCommit":false,"messageTitle":"Create methods to load data into an ItemList","messageBody":"","fileTypesAndContributionMap":{"functional-code":{"insertions":49,"deletions":0}}},{"hash":"91affe89131979c5f6149c42536f48206e4ac8f3","isMergeCommit":false,"messageTitle":"Define exception messages for data loading","messageBody":"","fileTypesAndContributionMap":{"functional-code":{"insertions":2,"deletions":0}}},{"hash":"76e903e374b3eda1e41a3253c87daf365d199793","isMergeCommit":false,"messageTitle":"Write JUnit tests for load data methods","messageBody":"","fileTypesAndContributionMap":{"test-code":{"insertions":45,"deletions":0}}},{"hash":"af28945cd14362dd371e2eae305c13b2eaf96882","isMergeCommit":true,"messageTitle":"Merge branch \u0027master\u0027 into dev/loaddata","messageBody":"","fileTypesAndContributionMap":{}},{"hash":"91e350fee4047a420248db2af42d9f6181fe0e78","isMergeCommit":true,"messageTitle":"Merge pull request #68 from cnivedit/dev/loaddata","messageBody":"Implement data loading from local file","fileTypesAndContributionMap":{}}]},{"date":"2024-10-15","commitResults":[{"hash":"dd756ec8b9b55092cb6d3f24f06fd9e6284c6ab0","isMergeCommit":false,"messageTitle":"Fix findItem method printing unwanted output from addItem","messageBody":"","fileTypesAndContributionMap":{"functional-code":{"insertions":4,"deletions":4}}},{"hash":"e08ea457be02a360ad2c75f699eb4d777bd14629","isMergeCommit":false,"messageTitle":"Update FindCommandTest expected outputs","messageBody":"","fileTypesAndContributionMap":{"test-code":{"insertions":1,"deletions":11}}},{"hash":"624e83862342906f2c1a0c46bdf7fb8606aef16e","isMergeCommit":true,"messageTitle":"Merge pull request #70 from cnivedit/bugfix/findcommandoutput","messageBody":"Fix findItem printing intermediate outputs closes #69","fileTypesAndContributionMap":{}}]}]},"authorFileTypeContributionMap":{"philip1304":{"docs":0,"functional-code":184,"test-code":0},"cxc0418":{"docs":164,"functional-code":193,"test-code":0},"yijiano":{"docs":1,"functional-code":180,"test-code":26,"other":1},"yakultbottle":{"docs":8,"functional-code":208,"test-code":17},"cnivedit":{"docs":0,"functional-code":129,"test-code":184}},"authorContributionVariance":{"philip1304":2463.071,"cxc0418":2954.302,"yijiano":1868.1907,"yakultbottle":1294.9171,"cnivedit":1370.8477},"authorDisplayNameMap":{"philip1304":"CS2113-W14-4 CHAN..ILIP","cxc0418":"CS2113-W14-4 CHEN..NCHI","yijiano":"CS2113-W14-4 ZHAN..JIAN","yakultbottle":"CS2113-W14-4 LIM ..AMIN","cnivedit":"CS2113-W14-4 CHIT..UMAR"}}
