[{"path":"docs/AboutUs.md","fileType":"docs","lines":[{"lineNumber":1,"author":{"gitId":"-"},"content":"# About us","lastModifiedDate":"2020-05-24","isFullCredit":false},{"lineNumber":2,"author":{"gitId":"-"},"content":"Display |         Name         |              Github Profile              | Portfolio ","lastModifiedDate":"2020-05-24","isFullCredit":false},{"lineNumber":3,"author":{"gitId":"glenda-1506"},"content":"--------|:--------------------:|:----------------------------------------:|:---------:","lastModifiedDate":"2024-10-03","isFullCredit":false},{"lineNumber":4,"author":{"gitId":"AdiMangalam"},"content":"![](https://via.placeholder.com/100.png?text\u003dPhoto) |   Adithya Mangalam   | [Github](https://github.com/AdiMangalam) | [Portfolio](docs/team/adimangalam.md)","lastModifiedDate":"2024-10-03","isFullCredit":false},{"lineNumber":5,"author":{"gitId":"glenda-1506"},"content":"![](https://via.placeholder.com/100.png?text\u003dPhoto) | Liang Xuanyin Glenda | [Github](https://github.com/glenda-1506) | [Portfolio](docs/team/glenda-1506.md)","lastModifiedDate":"2024-10-03","isFullCredit":false},{"lineNumber":6,"author":{"gitId":"mayfairmi6"},"content":"![](https://via.placeholder.com/100.png?text\u003dPhoto) | Aravinda Venkatesan | [Github](https://github.com/MayFairMI6) | [Portfolio](docs/team/MayFairMI6.md)","lastModifiedDate":"2024-10-06","isFullCredit":false}],"authorContributionMap":{"mayfairmi6":1,"glenda-1506":2,"-":2,"AdiMangalam":1}},{"path":"src/main/java/seedu/duke/Category.java","fileType":"functional-code","lines":[{"lineNumber":1,"author":{"gitId":"glenda-1506"},"content":"package seedu.duke;","lastModifiedDate":"2024-10-02","isFullCredit":false},{"lineNumber":2,"author":{"gitId":"glenda-1506"},"content":"","lastModifiedDate":"2024-10-02","isFullCredit":false},{"lineNumber":3,"author":{"gitId":"glenda-1506"},"content":"public class Category extends ExpenseTracker {","lastModifiedDate":"2024-10-02","isFullCredit":false},{"lineNumber":4,"author":{"gitId":"glenda-1506"},"content":"    private String name;","lastModifiedDate":"2024-10-02","isFullCredit":false},{"lineNumber":5,"author":{"gitId":"glenda-1506"},"content":"","lastModifiedDate":"2024-10-02","isFullCredit":false},{"lineNumber":6,"author":{"gitId":"glenda-1506"},"content":"    public Category(String name) {","lastModifiedDate":"2024-10-02","isFullCredit":false},{"lineNumber":7,"author":{"gitId":"glenda-1506"},"content":"        this.name \u003d name;","lastModifiedDate":"2024-10-02","isFullCredit":false},{"lineNumber":8,"author":{"gitId":"glenda-1506"},"content":"    }","lastModifiedDate":"2024-10-02","isFullCredit":false},{"lineNumber":9,"author":{"gitId":"glenda-1506"},"content":"","lastModifiedDate":"2024-10-02","isFullCredit":false},{"lineNumber":10,"author":{"gitId":"glenda-1506"},"content":"    public String getName() {","lastModifiedDate":"2024-10-02","isFullCredit":false},{"lineNumber":11,"author":{"gitId":"glenda-1506"},"content":"        return name;","lastModifiedDate":"2024-10-02","isFullCredit":false},{"lineNumber":12,"author":{"gitId":"glenda-1506"},"content":"    }","lastModifiedDate":"2024-10-02","isFullCredit":false},{"lineNumber":13,"author":{"gitId":"glenda-1506"},"content":"","lastModifiedDate":"2024-10-02","isFullCredit":false},{"lineNumber":14,"author":{"gitId":"glenda-1506"},"content":"    @Override","lastModifiedDate":"2024-10-02","isFullCredit":false},{"lineNumber":15,"author":{"gitId":"glenda-1506"},"content":"    public String toString() {","lastModifiedDate":"2024-10-02","isFullCredit":false},{"lineNumber":16,"author":{"gitId":"glenda-1506"},"content":"        return name;","lastModifiedDate":"2024-10-02","isFullCredit":false},{"lineNumber":17,"author":{"gitId":"glenda-1506"},"content":"    }","lastModifiedDate":"2024-10-02","isFullCredit":false},{"lineNumber":18,"author":{"gitId":"glenda-1506"},"content":"}","lastModifiedDate":"2024-10-02","isFullCredit":false}],"authorContributionMap":{"glenda-1506":18}},{"path":"src/main/java/seedu/duke/Duke.java","fileType":"functional-code","lines":[{"lineNumber":1,"author":{"gitId":"-"},"content":"package seedu.duke;","lastModifiedDate":"2020-05-24","isFullCredit":false},{"lineNumber":2,"author":{"gitId":"-"},"content":"","lastModifiedDate":"2020-05-24","isFullCredit":false},{"lineNumber":3,"author":{"gitId":"-"},"content":"import java.util.Scanner;","lastModifiedDate":"2020-05-24","isFullCredit":false},{"lineNumber":4,"author":{"gitId":"-"},"content":"","lastModifiedDate":"2020-05-24","isFullCredit":false},{"lineNumber":5,"author":{"gitId":"-"},"content":"public class Duke {","lastModifiedDate":"2019-07-29","isFullCredit":false},{"lineNumber":6,"author":{"gitId":"-"},"content":"    public static void main(String[] args) {","lastModifiedDate":"2019-07-29","isFullCredit":false},{"lineNumber":7,"author":{"gitId":"glenda-1506"},"content":"        ExpenseTracker expenseTracker \u003d new ExpenseTracker();","lastModifiedDate":"2024-10-02","isFullCredit":false},{"lineNumber":8,"author":{"gitId":"-"},"content":"        Scanner in \u003d new Scanner(System.in);","lastModifiedDate":"2020-05-24","isFullCredit":false},{"lineNumber":9,"author":{"gitId":"glenda-1506"},"content":"        System.out.println(\"Hiya! How can I assist?\");","lastModifiedDate":"2024-10-02","isFullCredit":false},{"lineNumber":10,"author":{"gitId":"glenda-1506"},"content":"        while (true) {","lastModifiedDate":"2024-10-02","isFullCredit":false},{"lineNumber":11,"author":{"gitId":"glenda-1506"},"content":"            if (in.hasNextLine()) {","lastModifiedDate":"2024-10-12","isFullCredit":false},{"lineNumber":12,"author":{"gitId":"glenda-1506"},"content":"                String input \u003d in.nextLine().trim();","lastModifiedDate":"2024-10-02","isFullCredit":false},{"lineNumber":13,"author":{"gitId":"kq2003"},"content":"                if (input.startWith(\"add-expense\")) {","lastModifiedDate":"2024-10-14","isFullCredit":false},{"lineNumber":14,"author":{"gitId":"kq2003"},"content":"                    addExpenseRequest(input, expenseTracker);","lastModifiedDate":"2024-10-14","isFullCredit":false},{"lineNumber":15,"author":{"gitId":"kq2003"},"content":"                } else if (input.startsWith(\"add category\")) {","lastModifiedDate":"2024-10-14","isFullCredit":false},{"lineNumber":16,"author":{"gitId":"glenda-1506"},"content":"                    expenseTracker.addCategory(input);","lastModifiedDate":"2024-10-02","isFullCredit":false},{"lineNumber":17,"author":{"gitId":"glenda-1506"},"content":"                } else if (input.equalsIgnoreCase(\"bye\")) {","lastModifiedDate":"2024-10-02","isFullCredit":false},{"lineNumber":18,"author":{"gitId":"glenda-1506"},"content":"                    System.out.println(\"Goodbye! (｡•‿•｡) Hope to see you again soon!\");","lastModifiedDate":"2024-10-02","isFullCredit":false},{"lineNumber":19,"author":{"gitId":"glenda-1506"},"content":"                    break;","lastModifiedDate":"2024-10-02","isFullCredit":false},{"lineNumber":20,"author":{"gitId":"glenda-1506"},"content":"                } else {","lastModifiedDate":"2024-10-12","isFullCredit":false},{"lineNumber":21,"author":{"gitId":"glenda-1506"},"content":"                    System.out.println(\"Invalid input! Try again.\"); // Provide feedback for invalid input","lastModifiedDate":"2024-10-12","isFullCredit":false},{"lineNumber":22,"author":{"gitId":"glenda-1506"},"content":"                }","lastModifiedDate":"2024-10-02","isFullCredit":false},{"lineNumber":23,"author":{"gitId":"glenda-1506"},"content":"            } else {","lastModifiedDate":"2024-10-12","isFullCredit":false},{"lineNumber":24,"author":{"gitId":"glenda-1506"},"content":"                System.out.println(\"No input received.\");","lastModifiedDate":"2024-10-12","isFullCredit":false},{"lineNumber":25,"author":{"gitId":"glenda-1506"},"content":"                break;","lastModifiedDate":"2024-10-12","isFullCredit":false},{"lineNumber":26,"author":{"gitId":"glenda-1506"},"content":"            }","lastModifiedDate":"2024-10-12","isFullCredit":false},{"lineNumber":27,"author":{"gitId":"glenda-1506"},"content":"        }","lastModifiedDate":"2024-10-02","isFullCredit":false},{"lineNumber":28,"author":{"gitId":"-"},"content":"    }","lastModifiedDate":"2019-07-29","isFullCredit":false},{"lineNumber":29,"author":{"gitId":"kq2003"},"content":"","lastModifiedDate":"2024-10-14","isFullCredit":false},{"lineNumber":30,"author":{"gitId":"kq2003"},"content":"","lastModifiedDate":"2024-10-14","isFullCredit":false},{"lineNumber":31,"author":{"gitId":"kq2003"},"content":"    public static void addExpenseRequest(String input, ExpenseTracker expenseTracker) {","lastModifiedDate":"2024-10-14","isFullCredit":false},{"lineNumber":32,"author":{"gitId":"kq2003"},"content":"        try {","lastModifiedDate":"2024-10-14","isFullCredit":false},{"lineNumber":33,"author":{"gitId":"kq2003"},"content":"            String[] parts \u003d inputs.split(\" \");","lastModifiedDate":"2024-10-14","isFullCredit":false},{"lineNumber":34,"author":{"gitId":"kq2003"},"content":"","lastModifiedDate":"2024-10-14","isFullCredit":false},{"lineNumber":35,"author":{"gitId":"kq2003"},"content":"            String name \u003d null;","lastModifiedDate":"2024-10-14","isFullCredit":false},{"lineNumber":36,"author":{"gitId":"kq2003"},"content":"            double amount \u003d 0;","lastModifiedDate":"2024-10-14","isFullCredit":false},{"lineNumber":37,"author":{"gitId":"kq2003"},"content":"            String category \u003d null;","lastModifiedDate":"2024-10-14","isFullCredit":false},{"lineNumber":38,"author":{"gitId":"kq2003"},"content":"","lastModifiedDate":"2024-10-14","isFullCredit":false},{"lineNumber":39,"author":{"gitId":"kq2003"},"content":"","lastModifiedDate":"2024-10-14","isFullCredit":false},{"lineNumber":40,"author":{"gitId":"kq2003"},"content":"            for (String part: parts) {","lastModifiedDate":"2024-10-14","isFullCredit":false},{"lineNumber":41,"author":{"gitId":"kq2003"},"content":"                if (parts.startsWith(\"n/\")) {","lastModifiedDate":"2024-10-14","isFullCredit":false},{"lineNumber":42,"author":{"gitId":"kq2003"},"content":"                    name \u003d part.substring(2).trim();","lastModifiedDate":"2024-10-14","isFullCredit":false},{"lineNumber":43,"author":{"gitId":"kq2003"},"content":"                } else if (parts.startsWith(\"a/\")) {","lastModifiedDate":"2024-10-14","isFullCredit":false},{"lineNumber":44,"author":{"gitId":"kq2003"},"content":"                    amount \u003d Double.parseDouble(part.substring(2).trim());","lastModifiedDate":"2024-10-14","isFullCredit":false},{"lineNumber":45,"author":{"gitId":"kq2003"},"content":"                } else if (parts.startsWith(\"c/\")) {","lastModifiedDate":"2024-10-14","isFullCredit":false},{"lineNumber":46,"author":{"gitId":"kq2003"},"content":"                    category \u003d part.substring(2).trim();","lastModifiedDate":"2024-10-14","isFullCredit":false},{"lineNumber":47,"author":{"gitId":"kq2003"},"content":"                }","lastModifiedDate":"2024-10-14","isFullCredit":false},{"lineNumber":48,"author":{"gitId":"kq2003"},"content":"            }","lastModifiedDate":"2024-10-14","isFullCredit":false},{"lineNumber":49,"author":{"gitId":"kq2003"},"content":"","lastModifiedDate":"2024-10-14","isFullCredit":false},{"lineNumber":50,"author":{"gitId":"kq2003"},"content":"            if (name \u003d\u003d null || amount \u003d\u003d 0) {","lastModifiedDate":"2024-10-14","isFullCredit":false},{"lineNumber":51,"author":{"gitId":"kq2003"},"content":"                System.out.println(\"Invalid input! Please provide name and amount.\")","lastModifiedDate":"2024-10-14","isFullCredit":false},{"lineNumber":52,"author":{"gitId":"kq2003"},"content":"            }","lastModifiedDate":"2024-10-14","isFullCredit":false},{"lineNumber":53,"author":{"gitId":"kq2003"},"content":"","lastModifiedDate":"2024-10-14","isFullCredit":false},{"lineNumber":54,"author":{"gitId":"kq2003"},"content":"","lastModifiedDate":"2024-10-14","isFullCredit":false},{"lineNumber":55,"author":{"gitId":"kq2003"},"content":"        } catch (Exception e) {","lastModifiedDate":"2024-10-14","isFullCredit":false},{"lineNumber":56,"author":{"gitId":"kq2003"},"content":"            System.out.println(\"Error parsing the input. Please use correct format for add-expense commands.\")","lastModifiedDate":"2024-10-14","isFullCredit":false},{"lineNumber":57,"author":{"gitId":"kq2003"},"content":"        }","lastModifiedDate":"2024-10-14","isFullCredit":false},{"lineNumber":58,"author":{"gitId":"-"},"content":"    }","lastModifiedDate":"2024-10-14","isFullCredit":false},{"lineNumber":59,"author":{"gitId":"-"},"content":"}","lastModifiedDate":"2019-07-29","isFullCredit":false}],"authorContributionMap":{"kq2003":32,"glenda-1506":17,"-":10}},{"path":"src/main/java/seedu/duke/Expense.java","fileType":"functional-code","lines":[{"lineNumber":1,"author":{"gitId":"kq2003"},"content":"package seedu.duke;","lastModifiedDate":"2024-10-14","isFullCredit":false},{"lineNumber":2,"author":{"gitId":"kq2003"},"content":"","lastModifiedDate":"2024-10-14","isFullCredit":false},{"lineNumber":3,"author":{"gitId":"kq2003"},"content":"public class Expense {","lastModifiedDate":"2024-10-14","isFullCredit":false},{"lineNumber":4,"author":{"gitId":"kq2003"},"content":"    private String name;","lastModifiedDate":"2024-10-14","isFullCredit":false},{"lineNumber":5,"author":{"gitId":"kq2003"},"content":"","lastModifiedDate":"2024-10-14","isFullCredit":false},{"lineNumber":6,"author":{"gitId":"kq2003"},"content":"    private double amount;","lastModifiedDate":"2024-10-14","isFullCredit":false},{"lineNumber":7,"author":{"gitId":"kq2003"},"content":"","lastModifiedDate":"2024-10-14","isFullCredit":false},{"lineNumber":8,"author":{"gitId":"kq2003"},"content":"    private String category;","lastModifiedDate":"2024-10-14","isFullCredit":false},{"lineNumber":9,"author":{"gitId":"kq2003"},"content":"","lastModifiedDate":"2024-10-14","isFullCredit":false},{"lineNumber":10,"author":{"gitId":"kq2003"},"content":"    public Expense(String name, double amount, String category) {","lastModifiedDate":"2024-10-14","isFullCredit":false},{"lineNumber":11,"author":{"gitId":"kq2003"},"content":"        this.name \u003d name;","lastModifiedDate":"2024-10-14","isFullCredit":false},{"lineNumber":12,"author":{"gitId":"kq2003"},"content":"        this.amount \u003d amount;","lastModifiedDate":"2024-10-14","isFullCredit":false},{"lineNumber":13,"author":{"gitId":"kq2003"},"content":"        this.category \u003d category;","lastModifiedDate":"2024-10-14","isFullCredit":false},{"lineNumber":14,"author":{"gitId":"kq2003"},"content":"    }","lastModifiedDate":"2024-10-14","isFullCredit":false},{"lineNumber":15,"author":{"gitId":"kq2003"},"content":"","lastModifiedDate":"2024-10-14","isFullCredit":false},{"lineNumber":16,"author":{"gitId":"kq2003"},"content":"    public String getName() {","lastModifiedDate":"2024-10-14","isFullCredit":false},{"lineNumber":17,"author":{"gitId":"kq2003"},"content":"        return name;","lastModifiedDate":"2024-10-14","isFullCredit":false},{"lineNumber":18,"author":{"gitId":"kq2003"},"content":"    }","lastModifiedDate":"2024-10-14","isFullCredit":false},{"lineNumber":19,"author":{"gitId":"kq2003"},"content":"","lastModifiedDate":"2024-10-14","isFullCredit":false},{"lineNumber":20,"author":{"gitId":"kq2003"},"content":"    public double getAmount() {","lastModifiedDate":"2024-10-14","isFullCredit":false},{"lineNumber":21,"author":{"gitId":"kq2003"},"content":"        return amount;","lastModifiedDate":"2024-10-14","isFullCredit":false},{"lineNumber":22,"author":{"gitId":"kq2003"},"content":"    }","lastModifiedDate":"2024-10-14","isFullCredit":false},{"lineNumber":23,"author":{"gitId":"kq2003"},"content":"","lastModifiedDate":"2024-10-14","isFullCredit":false},{"lineNumber":24,"author":{"gitId":"kq2003"},"content":"    public String getCategory() {","lastModifiedDate":"2024-10-14","isFullCredit":false},{"lineNumber":25,"author":{"gitId":"kq2003"},"content":"        return category !\u003d null ? category : \"null\";","lastModifiedDate":"2024-10-14","isFullCredit":false},{"lineNumber":26,"author":{"gitId":"kq2003"},"content":"    }","lastModifiedDate":"2024-10-14","isFullCredit":false},{"lineNumber":27,"author":{"gitId":"kq2003"},"content":"","lastModifiedDate":"2024-10-14","isFullCredit":false},{"lineNumber":28,"author":{"gitId":"kq2003"},"content":"    @Override","lastModifiedDate":"2024-10-14","isFullCredit":false},{"lineNumber":29,"author":{"gitId":"kq2003"},"content":"    public String toString() {","lastModifiedDate":"2024-10-14","isFullCredit":false},{"lineNumber":30,"author":{"gitId":"kq2003"},"content":"        return \"Expense: \" + name + \", Amount: $\" + amount + \", Category: \" + getCategory();","lastModifiedDate":"2024-10-14","isFullCredit":false},{"lineNumber":31,"author":{"gitId":"kq2003"},"content":"    }","lastModifiedDate":"2024-10-14","isFullCredit":false},{"lineNumber":32,"author":{"gitId":"kq2003"},"content":"}","lastModifiedDate":"2024-10-14","isFullCredit":false}],"authorContributionMap":{"kq2003":32}},{"path":"src/main/java/seedu/duke/ExpenseTracker.java","fileType":"functional-code","lines":[{"lineNumber":1,"author":{"gitId":"glenda-1506"},"content":"package seedu.duke;","lastModifiedDate":"2024-10-02","isFullCredit":false},{"lineNumber":2,"author":{"gitId":"glenda-1506"},"content":"","lastModifiedDate":"2024-10-02","isFullCredit":false},{"lineNumber":3,"author":{"gitId":"glenda-1506"},"content":"import java.util.ArrayList;","lastModifiedDate":"2024-10-02","isFullCredit":false},{"lineNumber":4,"author":{"gitId":"glenda-1506"},"content":"import java.util.List;","lastModifiedDate":"2024-10-02","isFullCredit":false},{"lineNumber":5,"author":{"gitId":"glenda-1506"},"content":"","lastModifiedDate":"2024-10-02","isFullCredit":false},{"lineNumber":6,"author":{"gitId":"glenda-1506"},"content":"public class ExpenseTracker {","lastModifiedDate":"2024-10-02","isFullCredit":false},{"lineNumber":7,"author":{"gitId":"glenda-1506"},"content":"    private List\u003cCategory\u003e categories;","lastModifiedDate":"2024-10-02","isFullCredit":false},{"lineNumber":8,"author":{"gitId":"glenda-1506"},"content":"","lastModifiedDate":"2024-10-02","isFullCredit":false},{"lineNumber":9,"author":{"gitId":"glenda-1506"},"content":"    public ExpenseTracker() {","lastModifiedDate":"2024-10-02","isFullCredit":false},{"lineNumber":10,"author":{"gitId":"glenda-1506"},"content":"        this.categories \u003d new ArrayList\u003c\u003e();","lastModifiedDate":"2024-10-02","isFullCredit":false},{"lineNumber":11,"author":{"gitId":"kq2003"},"content":"        this.expenses \u003d new ArrayList\u003c\u003e();","lastModifiedDate":"2024-10-14","isFullCredit":false},{"lineNumber":12,"author":{"gitId":"kq2003"},"content":"    }","lastModifiedDate":"2024-10-14","isFullCredit":false},{"lineNumber":13,"author":{"gitId":"kq2003"},"content":"","lastModifiedDate":"2024-10-14","isFullCredit":false},{"lineNumber":14,"author":{"gitId":"kq2003"},"content":"    public void addExpense(String name, double amount, String category) {","lastModifiedDate":"2024-10-14","isFullCredit":false},{"lineNumber":15,"author":{"gitId":"kq2003"},"content":"        Expense newExpense \u003d new Expense(name, amount, category);","lastModifiedDate":"2024-10-14","isFullCredit":false},{"lineNumber":16,"author":{"gitId":"kq2003"},"content":"        expenses.add(newExpense);","lastModifiedDate":"2024-10-14","isFullCredit":false},{"lineNumber":17,"author":{"gitId":"kq2003"},"content":"        System.out.println(\"Added\" + newExpense);","lastModifiedDate":"2024-10-14","isFullCredit":false},{"lineNumber":18,"author":{"gitId":"glenda-1506"},"content":"    }","lastModifiedDate":"2024-10-02","isFullCredit":false},{"lineNumber":19,"author":{"gitId":"glenda-1506"},"content":"","lastModifiedDate":"2024-10-02","isFullCredit":false},{"lineNumber":20,"author":{"gitId":"glenda-1506"},"content":"    public void addCategory(String categoryName) {","lastModifiedDate":"2024-10-02","isFullCredit":false},{"lineNumber":21,"author":{"gitId":"glenda-1506"},"content":"        for (Category category: categories) {","lastModifiedDate":"2024-10-02","isFullCredit":false},{"lineNumber":22,"author":{"gitId":"glenda-1506"},"content":"            if (category.getName().equalsIgnoreCase(categoryName)) {","lastModifiedDate":"2024-10-02","isFullCredit":false},{"lineNumber":23,"author":{"gitId":"glenda-1506"},"content":"                System.out.println(\"Category \u0027\" + categoryName + \"\u0027 already exists!\");","lastModifiedDate":"2024-10-02","isFullCredit":false},{"lineNumber":24,"author":{"gitId":"glenda-1506"},"content":"                return;","lastModifiedDate":"2024-10-02","isFullCredit":false},{"lineNumber":25,"author":{"gitId":"glenda-1506"},"content":"            }","lastModifiedDate":"2024-10-02","isFullCredit":false},{"lineNumber":26,"author":{"gitId":"glenda-1506"},"content":"        }","lastModifiedDate":"2024-10-02","isFullCredit":false},{"lineNumber":27,"author":{"gitId":"glenda-1506"},"content":"        String trimmedCategoryName \u003d categoryName.substring(\"add category\".length()).trim();","lastModifiedDate":"2024-10-02","isFullCredit":false},{"lineNumber":28,"author":{"gitId":"glenda-1506"},"content":"        Category newCategory \u003d new Category(trimmedCategoryName);","lastModifiedDate":"2024-10-02","isFullCredit":false},{"lineNumber":29,"author":{"gitId":"glenda-1506"},"content":"        categories.add(newCategory);","lastModifiedDate":"2024-10-02","isFullCredit":false},{"lineNumber":30,"author":{"gitId":"glenda-1506"},"content":"        System.out.println(\"Category \u0027\" + newCategory + \"\u0027 added successfully.\");","lastModifiedDate":"2024-10-02","isFullCredit":false},{"lineNumber":31,"author":{"gitId":"glenda-1506"},"content":"    }","lastModifiedDate":"2024-10-02","isFullCredit":false},{"lineNumber":32,"author":{"gitId":"glenda-1506"},"content":"}","lastModifiedDate":"2024-10-02","isFullCredit":false}],"authorContributionMap":{"kq2003":7,"glenda-1506":25}},{"path":"src/test/java/seedu/duke/DukeTest.java","fileType":"test-code","lines":[{"lineNumber":1,"author":{"gitId":"-"},"content":"package seedu.duke;","lastModifiedDate":"2020-05-24","isFullCredit":false},{"lineNumber":2,"author":{"gitId":"-"},"content":"","lastModifiedDate":"2020-05-24","isFullCredit":false},{"lineNumber":3,"author":{"gitId":"glenda-1506"},"content":"import static org.junit.jupiter.api.Assertions.assertEquals;","lastModifiedDate":"2024-10-12","isFullCredit":false},{"lineNumber":4,"author":{"gitId":"glenda-1506"},"content":"import static org.junit.jupiter.api.Assertions.assertNotNull;","lastModifiedDate":"2024-10-12","isFullCredit":false},{"lineNumber":5,"author":{"gitId":"-"},"content":"","lastModifiedDate":"2020-05-24","isFullCredit":false},{"lineNumber":6,"author":{"gitId":"-"},"content":"import org.junit.jupiter.api.Test;","lastModifiedDate":"2020-05-24","isFullCredit":false},{"lineNumber":7,"author":{"gitId":"-"},"content":"","lastModifiedDate":"2020-05-24","isFullCredit":false},{"lineNumber":8,"author":{"gitId":"glenda-1506"},"content":"class CategoryTest {","lastModifiedDate":"2024-10-12","isFullCredit":false},{"lineNumber":9,"author":{"gitId":"glenda-1506"},"content":"","lastModifiedDate":"2024-10-12","isFullCredit":false},{"lineNumber":10,"author":{"gitId":"glenda-1506"},"content":"    @Test","lastModifiedDate":"2024-10-12","isFullCredit":false},{"lineNumber":11,"author":{"gitId":"glenda-1506"},"content":"    public void categoryConstructorSuccess() {","lastModifiedDate":"2024-10-12","isFullCredit":false},{"lineNumber":12,"author":{"gitId":"glenda-1506"},"content":"        Category category \u003d new Category(\"Entertainment\");","lastModifiedDate":"2024-10-12","isFullCredit":false},{"lineNumber":13,"author":{"gitId":"glenda-1506"},"content":"        assertEquals(\"Entertainment\", category.getName());","lastModifiedDate":"2024-10-12","isFullCredit":false},{"lineNumber":14,"author":{"gitId":"glenda-1506"},"content":"    }","lastModifiedDate":"2024-10-12","isFullCredit":false},{"lineNumber":15,"author":{"gitId":"glenda-1506"},"content":"","lastModifiedDate":"2024-10-12","isFullCredit":false},{"lineNumber":16,"author":{"gitId":"glenda-1506"},"content":"    @Test","lastModifiedDate":"2024-10-12","isFullCredit":false},{"lineNumber":17,"author":{"gitId":"glenda-1506"},"content":"    public void categoryNameSuccess() {","lastModifiedDate":"2024-10-12","isFullCredit":false},{"lineNumber":18,"author":{"gitId":"glenda-1506"},"content":"        Category category \u003d new Category(\"Groceries\");","lastModifiedDate":"2024-10-12","isFullCredit":false},{"lineNumber":19,"author":{"gitId":"glenda-1506"},"content":"        assertEquals(\"Groceries\", category.toString());","lastModifiedDate":"2024-10-12","isFullCredit":false},{"lineNumber":20,"author":{"gitId":"glenda-1506"},"content":"    }","lastModifiedDate":"2024-10-12","isFullCredit":false},{"lineNumber":21,"author":{"gitId":"glenda-1506"},"content":"","lastModifiedDate":"2024-10-12","isFullCredit":false},{"lineNumber":22,"author":{"gitId":"-"},"content":"    @Test","lastModifiedDate":"2020-05-24","isFullCredit":false},{"lineNumber":23,"author":{"gitId":"glenda-1506"},"content":"    public void getNameSuccess() {","lastModifiedDate":"2024-10-12","isFullCredit":false},{"lineNumber":24,"author":{"gitId":"glenda-1506"},"content":"        Category category \u003d new Category(\"Transport\");","lastModifiedDate":"2024-10-12","isFullCredit":false},{"lineNumber":25,"author":{"gitId":"glenda-1506"},"content":"        assertNotNull(category.getName());","lastModifiedDate":"2024-10-12","isFullCredit":false},{"lineNumber":26,"author":{"gitId":"glenda-1506"},"content":"        assertEquals(\"Transport\", category.getName());","lastModifiedDate":"2024-10-12","isFullCredit":false},{"lineNumber":27,"author":{"gitId":"-"},"content":"    }","lastModifiedDate":"2020-05-24","isFullCredit":false},{"lineNumber":28,"author":{"gitId":"-"},"content":"}","lastModifiedDate":"2020-05-24","isFullCredit":false}],"authorContributionMap":{"glenda-1506":20,"-":8}},{"path":"text-ui-test/runtest.sh","fileType":"other","lines":[{"lineNumber":1,"author":{"gitId":"-"},"content":"#!/usr/bin/env bash","lastModifiedDate":"2020-05-25","isFullCredit":false},{"lineNumber":2,"author":{"gitId":"-"},"content":"","lastModifiedDate":"2020-05-25","isFullCredit":false},{"lineNumber":3,"author":{"gitId":"-"},"content":"# change to script directory","lastModifiedDate":"2020-05-24","isFullCredit":false},{"lineNumber":4,"author":{"gitId":"-"},"content":"cd \"${0%/*}\"","lastModifiedDate":"2020-05-24","isFullCredit":false},{"lineNumber":5,"author":{"gitId":"-"},"content":"","lastModifiedDate":"2020-05-25","isFullCredit":false},{"lineNumber":6,"author":{"gitId":"-"},"content":"cd ..","lastModifiedDate":"2020-05-24","isFullCredit":false},{"lineNumber":7,"author":{"gitId":"-"},"content":"./gradlew clean shadowJar","lastModifiedDate":"2020-05-24","isFullCredit":false},{"lineNumber":8,"author":{"gitId":"-"},"content":"","lastModifiedDate":"2020-05-25","isFullCredit":false},{"lineNumber":9,"author":{"gitId":"-"},"content":"cd text-ui-test","lastModifiedDate":"2020-05-24","isFullCredit":false},{"lineNumber":10,"author":{"gitId":"-"},"content":"","lastModifiedDate":"2020-05-25","isFullCredit":false},{"lineNumber":11,"author":{"gitId":"-"},"content":"java  -jar $(find ../build/libs/ -mindepth 1 -print -quit) \u003c input.txt \u003e ACTUAL.TXT","lastModifiedDate":"2020-05-24","isFullCredit":false},{"lineNumber":12,"author":{"gitId":"-"},"content":"","lastModifiedDate":"2020-05-25","isFullCredit":false},{"lineNumber":13,"author":{"gitId":"-"},"content":"cp EXPECTED.TXT EXPECTED-UNIX.TXT","lastModifiedDate":"2020-05-25","isFullCredit":false},{"lineNumber":14,"author":{"gitId":"glenda-1506"},"content":"# dos2unix EXPECTED-UNIX.TXT ACTUAL.TXT","lastModifiedDate":"2024-10-12","isFullCredit":false},{"lineNumber":15,"author":{"gitId":"-"},"content":"diff EXPECTED-UNIX.TXT ACTUAL.TXT","lastModifiedDate":"2020-05-24","isFullCredit":false},{"lineNumber":16,"author":{"gitId":"-"},"content":"if [ $? -eq 0 ]","lastModifiedDate":"2020-05-25","isFullCredit":false},{"lineNumber":17,"author":{"gitId":"-"},"content":"then","lastModifiedDate":"2020-05-25","isFullCredit":false},{"lineNumber":18,"author":{"gitId":"-"},"content":"    echo \"Test passed!\"","lastModifiedDate":"2020-05-24","isFullCredit":false},{"lineNumber":19,"author":{"gitId":"-"},"content":"    exit 0","lastModifiedDate":"2020-05-25","isFullCredit":false},{"lineNumber":20,"author":{"gitId":"-"},"content":"else","lastModifiedDate":"2020-05-25","isFullCredit":false},{"lineNumber":21,"author":{"gitId":"-"},"content":"    echo \"Test failed!\"","lastModifiedDate":"2020-05-24","isFullCredit":false},{"lineNumber":22,"author":{"gitId":"-"},"content":"    exit 1","lastModifiedDate":"2020-05-25","isFullCredit":false},{"lineNumber":23,"author":{"gitId":"-"},"content":"fi","lastModifiedDate":"2020-05-25","isFullCredit":false}],"authorContributionMap":{"glenda-1506":1,"-":22}}]
