{"authorDailyContributionsMap":{"mayfairmi6":[{"date":"2024-10-06","commitResults":[{"hash":"4c21406faf761eebb73b084740648a8a0384b903","isMergeCommit":false,"messageTitle":"Update AboutUs.md","messageBody":"","fileTypesAndContributionMap":{"docs":{"insertions":2,"deletions":1}}},{"hash":"fb2d76116353025cadd0a45f75fdd201a307e8b8","isMergeCommit":false,"messageTitle":"Update AboutUs.md","messageBody":"","fileTypesAndContributionMap":{"docs":{"insertions":1,"deletions":1}}},{"hash":"da19bd9c7ae8ad7235bb4c5841822b19b85597ea","isMergeCommit":false,"messageTitle":"Update AboutUs.md","messageBody":"","fileTypesAndContributionMap":{"docs":{"insertions":1,"deletions":1}}},{"hash":"484c2a0c3d28f05a5d5be47f0ffb8679b0ff4a10","isMergeCommit":false,"messageTitle":"Update AboutUs.md","messageBody":"","fileTypesAndContributionMap":{"docs":{"insertions":1,"deletions":1}}},{"hash":"5d716ca818773ec2622be4f06ca8da9053591e07","isMergeCommit":false,"messageTitle":"Update AboutUs.md","messageBody":"","fileTypesAndContributionMap":{"docs":{"insertions":1,"deletions":1}}},{"hash":"36d80bc11ee9ee379b3b782871f2bc4afbe1171a","isMergeCommit":true,"messageTitle":"Merge pull request #6 from MayFairMI6/johnDoe-AboutUs","messageBody":"","fileTypesAndContributionMap":{}}]},{"date":"2024-10-16","commitResults":[{"hash":"7852f92d6c5219fb190bc03201a51ac069f02798","isMergeCommit":false,"messageTitle":"Update ExpenseTracker.java","messageBody":"viewExpenses method added","fileTypesAndContributionMap":{"functional-code":{"insertions":45,"deletions":0}}},{"hash":"b724d15fe249a63b88e83afa6cffd221d19aa20a","isMergeCommit":false,"messageTitle":"Create Budget.java","messageBody":"","fileTypesAndContributionMap":{"functional-code":{"insertions":26,"deletions":0}}},{"hash":"87fd3af24f9e133965f3d3402a3935ca30818525","isMergeCommit":false,"messageTitle":"Update Budget.java","messageBody":"","fileTypesAndContributionMap":{"functional-code":{"insertions":9,"deletions":2}}},{"hash":"80a90325ebfd404ec0a88919f1d1a3f55e1a47f9","isMergeCommit":false,"messageTitle":"Update ExpenseTracker.java","messageBody":"","fileTypesAndContributionMap":{"functional-code":{"insertions":24,"deletions":0}}},{"hash":"e83dbc337f84074572cc8a4c7d1015b5516363c1","isMergeCommit":false,"messageTitle":"setlimittoBudgetbycategory","messageBody":"compilation errors fixed\n","fileTypesAndContributionMap":{"functional-code":{"insertions":27,"deletions":0}}},{"hash":"a9df404ac7735abe7b6a4f1378e70b4ac2112e84","isMergeCommit":true,"messageTitle":"Merge pull request #19 from AY2425S1-CS2113-T10-4/MayFairMI6-patch-2","messageBody":"May fair mi6 patch 2","fileTypesAndContributionMap":{}},{"hash":"d703a93f47adac85b1f97387d3050f31ad4375d6","isMergeCommit":true,"messageTitle":"Merge branch \u0027master\u0027 of https://github.com/AY2425S1-CS2113-T10-4/tp","messageBody":"","fileTypesAndContributionMap":{}},{"hash":"a1bcee9e8332d5112fee122b6eab647c94bdbfb5","isMergeCommit":false,"messageTitle":"Typos on import statement fixed","messageBody":"","fileTypesAndContributionMap":{"functional-code":{"insertions":98,"deletions":2}}},{"hash":"2153569f037551c30d3199c03222484218d3d178","isMergeCommit":false,"messageTitle":"Typos on import statement fixed","messageBody":"","fileTypesAndContributionMap":{"functional-code":{"insertions":28,"deletions":15}}},{"hash":"dc6eb16a1a20c0650831b97535de8c9ec839e0da","isMergeCommit":false,"messageTitle":"Indendation fixed","messageBody":"","fileTypesAndContributionMap":{"functional-code":{"insertions":64,"deletions":83}}},{"hash":"a380a1e968e2f52aefc638f563dbf136b949acf9","isMergeCommit":false,"messageTitle":"Update workspace.xml","messageBody":"","fileTypesAndContributionMap":{"functional-code":{"insertions":1,"deletions":9}}},{"hash":"f1477b8a931f205f22c9eacb43844148364c1c50","isMergeCommit":false,"messageTitle":"Update workspace.xml","messageBody":"","fileTypesAndContributionMap":{"functional-code":{"insertions":1,"deletions":3}}},{"hash":"fe32faed6d3f3f8061af7179cc7522804e454c43","isMergeCommit":false,"messageTitle":"indendation issues fixed","messageBody":"","fileTypesAndContributionMap":{"functional-code":{"insertions":18,"deletions":7}}},{"hash":"1053defa17e17917c818cc7432d874e9764bbb72","isMergeCommit":false,"messageTitle":"Update workspace.xml","messageBody":"","fileTypesAndContributionMap":{"functional-code":{"insertions":14,"deletions":3}}}]},{"date":"2024-10-22","commitResults":[{"hash":"b37c9494ae9e7a838c3989985ef22ab11c35893c","isMergeCommit":false,"messageTitle":"Update DukeTest.java","messageBody":"","fileTypesAndContributionMap":{"test-code":{"insertions":57,"deletions":3}}}]},{"date":"2024-10-24","commitResults":[{"hash":"dfafdea4c379c7114c95ec5581247d7dcf5b3f79","isMergeCommit":true,"messageTitle":"Merge branch \u0027master\u0027 into master","messageBody":"","fileTypesAndContributionMap":{}}]},{"date":"2024-10-25","commitResults":[{"hash":"f1b73b0e0abbc6ccb7d0333fdb2abb2952a0bad6","isMergeCommit":false,"messageTitle":"ExpenseTracker Junit tests added","messageBody":"","fileTypesAndContributionMap":{"test-code":{"insertions":67,"deletions":0}}},{"hash":"c579e76ec71457f5212c581d7bd3cf0b2514ad29","isMergeCommit":false,"messageTitle":"Update DukeTest.java","messageBody":"expense tracker tests rectified","fileTypesAndContributionMap":{"test-code":{"insertions":114,"deletions":43}}},{"hash":"b2415a970c5b2d78df0e36da97c2353cdb34c2a2","isMergeCommit":false,"messageTitle":"Update DukeTest.java","messageBody":"","fileTypesAndContributionMap":{"test-code":{"insertions":41,"deletions":111}}},{"hash":"b58d4076a73e5a29b01445d4ae99f05757a5fe84","isMergeCommit":false,"messageTitle":"Coding Standard Corrections: isAutoResetEnabled","messageBody":"","fileTypesAndContributionMap":{"functional-code":{"insertions":5,"deletions":5}}},{"hash":"3b25f8daf01fedc32515bb51077e1172d8d3c36a","isMergeCommit":false,"messageTitle":"Update DukeTest.java","messageBody":"","fileTypesAndContributionMap":{"test-code":{"insertions":1,"deletions":1}}}]},{"date":"2024-10-27","commitResults":[{"hash":"533179d6af1207932f8ff154e8cfcb3001f4d3ee","isMergeCommit":true,"messageTitle":"Merge branch \u0027AY2425S1-CS2113-T10-4:master\u0027 into master","messageBody":"","fileTypesAndContributionMap":{}},{"hash":"1dc6d2d99b40c72d4abe6f43fe1f2c334fc02003","isMergeCommit":false,"messageTitle":"Update DeveloperGuide.md","messageBody":"","fileTypesAndContributionMap":{"docs":{"insertions":23,"deletions":1}}},{"hash":"324a769a5b811f2c9182b0ea11b1f1c953de62b9","isMergeCommit":false,"messageTitle":"Update DeveloperGuide.md","messageBody":"","fileTypesAndContributionMap":{"docs":{"insertions":2,"deletions":2}}},{"hash":"2654625b14be0ed927f03a591218ef111792d977","isMergeCommit":false,"messageTitle":"Update DeveloperGuide.md","messageBody":"","fileTypesAndContributionMap":{"docs":{"insertions":9,"deletions":22}}},{"hash":"0128190e07cb4ab57e17cb7d585055cb463f4098","isMergeCommit":false,"messageTitle":"Revert \"Merge branch \u0027master\u0027 into master\"","messageBody":"This reverts commit dfafdea4c379c7114c95ec5581247d7dcf5b3f79, reversing\nchanges made to b37c9494ae9e7a838c3989985ef22ab11c35893c.\n","fileTypesAndContributionMap":{"functional-code":{"insertions":10,"deletions":600},"other":{"insertions":0,"deletions":1},"docs":{"insertions":5,"deletions":11},"test-code":{"insertions":0,"deletions":68}}},{"hash":"bc27ea2f7abe304ebd70a59f5e620c7df6b2ca2e","isMergeCommit":true,"messageTitle":"Merge branch \u0027master\u0027 of https://github.com/MayFairMI6/tp into pr/26","messageBody":"","fileTypesAndContributionMap":{}},{"hash":"9bf2b9a48a3f0732457bfe5c3aa9fcb8d2c3ed60","isMergeCommit":false,"messageTitle":"Revert \"Merge branch \u0027master\u0027 of https://github.com/MayFairMI6/tp into pr/26\"","messageBody":"This reverts commit bc27ea2f7abe304ebd70a59f5e620c7df6b2ca2e, reversing\nchanges made to 0128190e07cb4ab57e17cb7d585055cb463f4098.\n","fileTypesAndContributionMap":{"functional-code":{"insertions":5,"deletions":300},"docs":{"insertions":2,"deletions":11},"test-code":{"insertions":42,"deletions":428}}},{"hash":"5c0fad8d9fd614759525b81468bcf9262f89576f","isMergeCommit":false,"messageTitle":"Reapply \"Merge branch \u0027master\u0027 into master\"","messageBody":"This reverts commit 0128190e07cb4ab57e17cb7d585055cb463f4098.\n","fileTypesAndContributionMap":{"functional-code":{"insertions":600,"deletions":10},"other":{"insertions":1,"deletions":0},"docs":{"insertions":11,"deletions":5},"test-code":{"insertions":68,"deletions":0}}},{"hash":"7a270a4d9e6f051aa154f2e6f708fe93939f8e4f","isMergeCommit":false,"messageTitle":"Update DeveloperGuide.md","messageBody":"NFR added","fileTypesAndContributionMap":{"docs":{"insertions":12,"deletions":2}}},{"hash":"7cfd15a6fc4e2a14da92168c7c222e7deaa1363b","isMergeCommit":false,"messageTitle":"Update DeveloperGuide.md","messageBody":"","fileTypesAndContributionMap":{"docs":{"insertions":11,"deletions":2}}},{"hash":"ccd527d120bb204f17e261ed1ac9f145f6796d62","isMergeCommit":false,"messageTitle":"Update DeveloperGuide.md","messageBody":"","fileTypesAndContributionMap":{"docs":{"insertions":9,"deletions":8}}},{"hash":"86ae712a9c097f286433e2f241eba9e3f4eb5871","isMergeCommit":true,"messageTitle":"Merge pull request #55 from AY2425S1-CS2113-T10-4/MayFairMI6-patch-2","messageBody":"Update DeveloperGuide.md","fileTypesAndContributionMap":{}},{"hash":"0c93223dd5f49825609a6ae0fc9e0e0355346ac2","isMergeCommit":false,"messageTitle":"Update DukeTest.java","messageBody":"","fileTypesAndContributionMap":{"test-code":{"insertions":58,"deletions":66}}},{"hash":"19a67f24462b2a62eab767cdf19c0a2e92c31d35","isMergeCommit":true,"messageTitle":"Merge branch \u0027master\u0027 into master","messageBody":"","fileTypesAndContributionMap":{}},{"hash":"f5668f810ef4c9f4f706b5e3b3d97ec602fe5615","isMergeCommit":false,"messageTitle":"Revert \"Merge branch \u0027master\u0027 into master\"","messageBody":"This reverts commit 19a67f24462b2a62eab767cdf19c0a2e92c31d35, reversing\nchanges made to 86ae712a9c097f286433e2f241eba9e3f4eb5871.\n","fileTypesAndContributionMap":{"functional-code":{"insertions":50,"deletions":9},"docs":{"insertions":0,"deletions":1},"test-code":{"insertions":258,"deletions":0}}},{"hash":"8f6b4c172e7265983f47278ae31f8b2d7f2355b0","isMergeCommit":false,"messageTitle":"Revert \"Update DukeTest.java\"","messageBody":"This reverts commit 0c93223dd5f49825609a6ae0fc9e0e0355346ac2.\n","fileTypesAndContributionMap":{"test-code":{"insertions":66,"deletions":58}}},{"hash":"eaa0ef4ee81aac5af09b162d7bbeab29613fa97e","isMergeCommit":false,"messageTitle":"Reapply \"Update DukeTest.java\"","messageBody":"This reverts commit 8f6b4c172e7265983f47278ae31f8b2d7f2355b0.\n","fileTypesAndContributionMap":{"test-code":{"insertions":58,"deletions":66}}}]},{"date":"2024-10-28","commitResults":[{"hash":"993021d28ea876efaba013ac94d4b4e525d013ab","isMergeCommit":false,"messageTitle":"Update DukeMethodTest.java","messageBody":"author corrected","fileTypesAndContributionMap":{"test-code":{"insertions":2,"deletions":0}}},{"hash":"96a61661d8dd062e0967ac76de20639069f21505","isMergeCommit":false,"messageTitle":"Update DukeMethodTest.java","messageBody":"","fileTypesAndContributionMap":{"test-code":{"insertions":1,"deletions":2}}},{"hash":"27ee72231236d834bb690fdf373e692d4382e42b","isMergeCommit":false,"messageTitle":"Update ExpenseTrackerTest.java","messageBody":"","fileTypesAndContributionMap":{"test-code":{"insertions":1,"deletions":0}}},{"hash":"e19d665fdc89106625d51176693ada0afb1d9c0c","isMergeCommit":false,"messageTitle":"Update ExpenseTrackerTest.java","messageBody":"","fileTypesAndContributionMap":{"test-code":{"insertions":1,"deletions":1}}},{"hash":"adf75dbc28e175bda98badfa786b17431817fc21","isMergeCommit":false,"messageTitle":"Update DukeTest.java","messageBody":"Author changed","fileTypesAndContributionMap":{"test-code":{"insertions":1,"deletions":0}}},{"hash":"1402e14841abb69325d893da91345cbad97b05d8","isMergeCommit":false,"messageTitle":"Reposense compatibility changes","messageBody":"","fileTypesAndContributionMap":{"test-code":{"insertions":1,"deletions":1}}},{"hash":"4ce94aa6df1e259ac6d2565eef0ad7a7cc485f1c","isMergeCommit":false,"messageTitle":"Update ExpenseTrackerTest.java","messageBody":"","fileTypesAndContributionMap":{"test-code":{"insertions":1,"deletions":1}}},{"hash":"c9a48128827d0a7290b915882d7ddd679a521e3c","isMergeCommit":false,"messageTitle":"Update ExpenseTrackerTest.java","messageBody":"","fileTypesAndContributionMap":{"test-code":{"insertions":2,"deletions":2}}},{"hash":"a9ff8de16981cb8a658c265bbca0a4d71f7989b6","isMergeCommit":false,"messageTitle":"Update ExpenseTracker.java","messageBody":"","fileTypesAndContributionMap":{"functional-code":{"insertions":13,"deletions":13}}},{"hash":"15ffdc7530376bbd1f8e150ffb3e1d2a61ffbc1f","isMergeCommit":false,"messageTitle":"Update Budget.java","messageBody":"made authorship changes for format limit","fileTypesAndContributionMap":{"functional-code":{"insertions":3,"deletions":3}}},{"hash":"ef1524c647eac066e45b72397eaac58009e872ed","isMergeCommit":false,"messageTitle":"Update Category.java","messageBody":"","fileTypesAndContributionMap":{"functional-code":{"insertions":1,"deletions":1}}},{"hash":"ea2fd7bbe05b0315fdee66a657adfa87cb40ddaa","isMergeCommit":false,"messageTitle":"Update Category.java","messageBody":"","fileTypesAndContributionMap":{"functional-code":{"insertions":1,"deletions":1}}},{"hash":"b6911bc0d3e185f33e4af1b39c43853314540d4f","isMergeCommit":false,"messageTitle":"Update Budget.java","messageBody":"","fileTypesAndContributionMap":{"functional-code":{"insertions":5,"deletions":2}}},{"hash":"f7f399b902ef2ec75e60da1787f06e78dc1f7abf","isMergeCommit":false,"messageTitle":"Update ExpenseTracker.java","messageBody":"made checkstyle changes","fileTypesAndContributionMap":{"functional-code":{"insertions":8,"deletions":11}}},{"hash":"c22c250c5acceebceaa02435af5ecdd4d05890b7","isMergeCommit":false,"messageTitle":"Update ExpenseTrackerTest.java","messageBody":"checkstyle modifications","fileTypesAndContributionMap":{"test-code":{"insertions":1,"deletions":1}}},{"hash":"4d6cf8be4545c0e80b69df68ac8fdb9de167f250","isMergeCommit":false,"messageTitle":"Update ExpenseTracker.java","messageBody":"checkstyle changes","fileTypesAndContributionMap":{"functional-code":{"insertions":11,"deletions":11}}},{"hash":"d721f10369d85b2bb1eceeb8d10a668b83eaef04","isMergeCommit":false,"messageTitle":"Update ExpenseTracker.java","messageBody":"made some more checkstyle adjustments","fileTypesAndContributionMap":{"functional-code":{"insertions":4,"deletions":4}}},{"hash":"0f022c154057ee97f37e48f8665869d8188edf9b","isMergeCommit":true,"messageTitle":"Merge pull request #56 from MayFairMI6/master","messageBody":"made authorship corrections to ensure compatibility with reposense","fileTypesAndContributionMap":{}},{"hash":"b47ecd6ca2f162a3f5701d76469131b0a41f1e31","isMergeCommit":false,"messageTitle":"Update DukeTest.java","messageBody":"brackets removed to meet RepoSense authorship-tagging requirements","fileTypesAndContributionMap":{"test-code":{"insertions":1,"deletions":1}}},{"hash":"566b665b89d682de584eefc32624ce2f930bfe23","isMergeCommit":false,"messageTitle":"brackets removed to meet RepoSense authorship-tagging requirements","messageBody":"","fileTypesAndContributionMap":{"test-code":{"insertions":1,"deletions":1}}},{"hash":"20a32da3ba59cd1a4b13fd0530ee85003d63611a","isMergeCommit":true,"messageTitle":"Merge pull request #60 from MayFairMI6/master","messageBody":"brackets removed to meet RepoSense authorship-tagging requirements","fileTypesAndContributionMap":{}}]},{"date":"2024-10-29","commitResults":[{"hash":"1714f2f59d87a1c3e072922df03fd5d804b33c3f","isMergeCommit":false,"messageTitle":"Update DeveloperGuide.md","messageBody":"added implementation","fileTypesAndContributionMap":{"docs":{"insertions":42,"deletions":1}}},{"hash":"22fd25c854913215a68930b932f6e68730c2f277","isMergeCommit":true,"messageTitle":"Merge branch \u0027AY2425S1-CS2113-T10-4:master\u0027 into master","messageBody":"","fileTypesAndContributionMap":{}},{"hash":"88602a829c45eda02dd702b175c7281fa54dd835","isMergeCommit":true,"messageTitle":"Merge pull request #61 from MayFairMI6/master","messageBody":"DG: Implementation added (base)","fileTypesAndContributionMap":{}},{"hash":"0a1fe8823a4237459e369bc5235bab94e377c82c","isMergeCommit":false,"messageTitle":"Update DeveloperGuide.md","messageBody":"Completed Expensetracker operations","fileTypesAndContributionMap":{"docs":{"insertions":16,"deletions":3}}},{"hash":"08bb502dc6292ae250149c88b4c5465fdd1b2892","isMergeCommit":false,"messageTitle":"Update DeveloperGuide.md","messageBody":"Adjusted font size and expanded operations for ExpenseTracker","fileTypesAndContributionMap":{"docs":{"insertions":30,"deletions":24}}},{"hash":"74338bfde4b45dfae05f76a86486eba83f8ec598","isMergeCommit":false,"messageTitle":"Update DeveloperGuide.md","messageBody":"adjusted font sizes and added more operations for expense tracker","fileTypesAndContributionMap":{"docs":{"insertions":50,"deletions":69}}},{"hash":"a32197daa13109d05627a125f5e14d61acac895c","isMergeCommit":true,"messageTitle":"Merge pull request #62 from MayFairMI6/master","messageBody":"DG changes with font size adjustment and more operations for ExpenseTracker:V1.0","fileTypesAndContributionMap":{}}]},{"date":"2024-10-30","commitResults":[{"hash":"e4d617df9f39a3fed392ffaad103dcb91445ded1","isMergeCommit":false,"messageTitle":"Update DeveloperGuide.md","messageBody":"added class diagrams","fileTypesAndContributionMap":{"docs":{"insertions":18,"deletions":0}}},{"hash":"ee4ff799e9f58bb9768bfd8697f602f59adb5e0d","isMergeCommit":false,"messageTitle":"class diagrams added","messageBody":"","fileTypesAndContributionMap":{"docs":{"insertions":6,"deletions":7}}},{"hash":"5d60d94d5c2e9fa12a4b9f02493185f6f900a857","isMergeCommit":true,"messageTitle":"Merge pull request #70 from MayFairMI6/master","messageBody":"Class diagrams added","fileTypesAndContributionMap":{}},{"hash":"29180e92e1280c255f914ed6a29f43d6dfca329d","isMergeCommit":false,"messageTitle":"added the correct file for expensetracker class uml","messageBody":"]","fileTypesAndContributionMap":{"docs":{"insertions":1,"deletions":1}}},{"hash":"f1a98c8f4cb6aa8ef7b3b0faa2eb4089771ab969","isMergeCommit":false,"messageTitle":"ExpenseTrackerclass file corrected","messageBody":"","fileTypesAndContributionMap":{"docs":{"insertions":1,"deletions":1}}},{"hash":"d9cda7486573c62a8d58ad3cd1a3d7090c7b4358","isMergeCommit":true,"messageTitle":"Merge pull request #71 from MayFairMI6/master","messageBody":"Correct .png file added for ExpenseTracker class diagram","fileTypesAndContributionMap":{}}]}],"kq2003":[{"date":"2024-10-14","commitResults":[{"hash":"49144adfa0e1072eff6877d992c9886fb5aa485a","isMergeCommit":false,"messageTitle":"add expense feature added","messageBody":"","fileTypesAndContributionMap":{"functional-code":{"insertions":72,"deletions":1}}}]},{"date":"2024-10-15","commitResults":[{"hash":"ce7bfe505c5ee4c31617d4947ebd2f9dcead7d60","isMergeCommit":false,"messageTitle":"verified code and functioning add expense","messageBody":"","fileTypesAndContributionMap":{"functional-code":{"insertions":5,"deletions":1}}}]},{"date":"2024-10-16","commitResults":[{"hash":"d1c8f902e7ff4d3e62fa696209f67f714cf6a6d2","isMergeCommit":false,"messageTitle":"added functionality of view-budget, and fixing previous bugs","messageBody":"","fileTypesAndContributionMap":{"functional-code":{"insertions":79,"deletions":3}}},{"hash":"b2669a3bf27e59ca22e3ca4ed2ebe902558d11e0","isMergeCommit":false,"messageTitle":"resolved merge conflicts","messageBody":"","fileTypesAndContributionMap":{"functional-code":{"insertions":80,"deletions":3}}},{"hash":"a6236e8b71b17a5bc59df17eaec9a2ca8656f5fd","isMergeCommit":true,"messageTitle":"Merge branch \u0027master\u0027 of github.com:kq2003/tp","messageBody":"","fileTypesAndContributionMap":{}},{"hash":"1d35eba462f17b3504b68ecd2ff6101f02ea0edf","isMergeCommit":false,"messageTitle":"merged conflicts, for bro","messageBody":"","fileTypesAndContributionMap":{"functional-code":{"insertions":0,"deletions":39}}},{"hash":"0780fc2f9705d396fb2c9cfb63a6f7c25bd16100","isMergeCommit":false,"messageTitle":"fixed indent error","messageBody":"","fileTypesAndContributionMap":{"functional-code":{"insertions":4,"deletions":3}}},{"hash":"1032cf1a9100b072afaf52c6fd9115613910d234","isMergeCommit":false,"messageTitle":"trying to resolve gradle","messageBody":"","fileTypesAndContributionMap":{"functional-code":{"insertions":2,"deletions":2}}},{"hash":"b0497615d7d65e751eebd368615e26bd9c68b346","isMergeCommit":true,"messageTitle":"Merge pull request #22 from kq2003/master","messageBody":"added functionality of view-budget, and fixing previous bugs","fileTypesAndContributionMap":{}}]},{"date":"2024-10-25","commitResults":[{"hash":"c7364c6d121b9e123d59d77fd1a3d8209204dce1","isMergeCommit":false,"messageTitle":"added methods to access the values of the private variables","messageBody":"","fileTypesAndContributionMap":{"functional-code":{"insertions":13,"deletions":0},"test-code":{"insertions":11,"deletions":0}}},{"hash":"c4e4836b8c4f14d15b57356c8b3625566feb3712","isMergeCommit":true,"messageTitle":"Merge pull request #43 from kq2003/master","messageBody":"added methods to access the values of the private variables","fileTypesAndContributionMap":{}},{"hash":"3c4b96613d8748bada57213cf4f1d7ece762e18c","isMergeCommit":false,"messageTitle":"fixed constructor position","messageBody":"","fileTypesAndContributionMap":{"functional-code":{"insertions":7,"deletions":7},"test-code":{"insertions":1,"deletions":1}}},{"hash":"10050dfbd5ea4eebb9d4501ae627a68b36b7c1d6","isMergeCommit":false,"messageTitle":"removed new tests for now","messageBody":"","fileTypesAndContributionMap":{"test-code":{"insertions":0,"deletions":11}}},{"hash":"c3e57562f2d488be142a8a5021db9af192931481","isMergeCommit":true,"messageTitle":"Merge pull request #44 from kq2003/master","messageBody":"fixed constructor position","fileTypesAndContributionMap":{}},{"hash":"89609c650b75116f20d79620463607409b3c1d06","isMergeCommit":false,"messageTitle":"added expensetracker tests","messageBody":"","fileTypesAndContributionMap":{"test-code":{"insertions":85,"deletions":0}}},{"hash":"e565417aa117eab025f70f4278449468b3c41e7b","isMergeCommit":false,"messageTitle":"fixed bugs","messageBody":"","fileTypesAndContributionMap":{"test-code":{"insertions":4,"deletions":4}}},{"hash":"25714c976c823df1c247eb2bb4f4dd4a6dddb73e","isMergeCommit":false,"messageTitle":"fixed tests","messageBody":"","fileTypesAndContributionMap":{"test-code":{"insertions":10,"deletions":5}}},{"hash":"146a115c0c65c85c3957db66b38c3337baa16a25","isMergeCommit":true,"messageTitle":"Merge pull request #46 from kq2003/master","messageBody":"added expensetracker tests","fileTypesAndContributionMap":{}}]},{"date":"2024-10-28","commitResults":[{"hash":"d7740504142043a01551c30412bcb1054b35846f","isMergeCommit":false,"messageTitle":"javadoc comments to my functions","messageBody":"","fileTypesAndContributionMap":{"functional-code":{"insertions":51,"deletions":0}}},{"hash":"df236ba4e1165d838e10ae23c1b3ee1a8fcec1d0","isMergeCommit":false,"messageTitle":"removed colons","messageBody":"","fileTypesAndContributionMap":{"functional-code":{"insertions":7,"deletions":7}}},{"hash":"4e7c5e66d1459469805cc383f4d45185ada1fee1","isMergeCommit":true,"messageTitle":"Merge pull request #57 from kq2003/master","messageBody":"javadoc comments to my functions","fileTypesAndContributionMap":{}},{"hash":"8cd3f6424014e19d609c33d52aa6d2d2ab37f79f","isMergeCommit":false,"messageTitle":"added junit tests for reset methods","messageBody":"","fileTypesAndContributionMap":{"functional-code":{"insertions":6,"deletions":0},"test-code":{"insertions":66,"deletions":5}}},{"hash":"1b5935e1dff4527f23d71070ebeb8debbfd0da54","isMergeCommit":true,"messageTitle":"Merge pull request #59 from kq2003/master","messageBody":"added junit tests for reset methods","fileTypesAndContributionMap":{}}]},{"date":"2024-10-30","commitResults":[{"hash":"668704b23e0d93a3d65f486eb0a961cf96eb3da1","isMergeCommit":false,"messageTitle":"updated UG for menu/helper and added my name into about me","messageBody":"","fileTypesAndContributionMap":{"docs":{"insertions":20,"deletions":1}}},{"hash":"e44fd4dc2cb602d50a319f37b9c0cbdc186d1114","isMergeCommit":true,"messageTitle":"Merge pull request #73 from kq2003/master","messageBody":"updated UG for menu/helper and added my name into about me","fileTypesAndContributionMap":{}},{"hash":"0f4820670d3d44ca11e195789db4ff9d3e472e10","isMergeCommit":false,"messageTitle":"splitted expensetracker","messageBody":"","fileTypesAndContributionMap":{"functional-code":{"insertions":467,"deletions":0},"test-code":{"insertions":445,"deletions":445}}},{"hash":"aa2b22c15f5abc277f680d45d8ebdbc5c62f5fc7","isMergeCommit":true,"messageTitle":"Merge pull request #74 from kq2003/splitting_expensetracker","messageBody":"splitted expensetracker","fileTypesAndContributionMap":{}}]}],"glenda-1506":[{"date":"2024-10-02","commitResults":[{"hash":"9acf26a6b8cfe6f59e7b0c603d8222788c3f3694","isMergeCommit":false,"messageTitle":"Delete redundant default code","messageBody":"","fileTypesAndContributionMap":{"functional-code":{"insertions":0,"deletions":12}}},{"hash":"1f53b680407d9c0eef79ecac5beef9758206a46b","isMergeCommit":false,"messageTitle":"Add Category class","messageBody":"","fileTypesAndContributionMap":{"functional-code":{"insertions":0,"deletions":0}}},{"hash":"add5140bc5eb67e8161c555a0aa17fac50c38238","isMergeCommit":false,"messageTitle":"Add ExpenseTracker class","messageBody":"","fileTypesAndContributionMap":{"functional-code":{"insertions":0,"deletions":0}}},{"hash":"3a484a50ddeb8c079df99cc5f93762b27b8b2e66","isMergeCommit":false,"messageTitle":"Add structure for ExpenseTracker class","messageBody":"","fileTypesAndContributionMap":{"functional-code":{"insertions":6,"deletions":0}}},{"hash":"93b47a3a98d3717f48b1529d9870f5a7087b4efa","isMergeCommit":false,"messageTitle":"Add structure for Category class","messageBody":"","fileTypesAndContributionMap":{"functional-code":{"insertions":4,"deletions":0}}},{"hash":"c4db053538e7e56f5cb2e5e4ef3f7175cd0936fa","isMergeCommit":false,"messageTitle":"Add constructor to initialise name field","messageBody":"","fileTypesAndContributionMap":{"functional-code":{"insertions":5,"deletions":0}}},{"hash":"9db11c81883b40426275f23324fd7c72dbc25ef4","isMergeCommit":false,"messageTitle":"Add getName and toString function","messageBody":"","fileTypesAndContributionMap":{"functional-code":{"insertions":9,"deletions":0}}},{"hash":"8562e053125f5873b86d63f61a4b1b93ebb1feba","isMergeCommit":false,"messageTitle":"Add constructor to initialise categories variable","messageBody":"","fileTypesAndContributionMap":{"functional-code":{"insertions":5,"deletions":0}}},{"hash":"f2c10c9e83bed9380d1a2827ad189ba0b5850670","isMergeCommit":false,"messageTitle":"Add addCategory function","messageBody":"","fileTypesAndContributionMap":{"functional-code":{"insertions":14,"deletions":0}}},{"hash":"4388ca2831a8aa93536a7c29ab1e913b036c4582","isMergeCommit":false,"messageTitle":"Add addCategory function in main","messageBody":"","fileTypesAndContributionMap":{"functional-code":{"insertions":6,"deletions":0}}},{"hash":"974b9f8d90f8ffdc0581bc8a1f4bbbec8a771609","isMergeCommit":false,"messageTitle":"Add exit function in main","messageBody":"","fileTypesAndContributionMap":{"functional-code":{"insertions":5,"deletions":0}}},{"hash":"fd57772a33a1a667b01b7cdc0c08559faa4ff071","isMergeCommit":true,"messageTitle":"Merge branch \u0027add-category\u0027","messageBody":"","fileTypesAndContributionMap":{}}]},{"date":"2024-10-03","commitResults":[{"hash":"d895a225e7caff0c437595a5550edbcc42539743","isMergeCommit":false,"messageTitle":"Add name to AboutUs","messageBody":"","fileTypesAndContributionMap":{"docs":{"insertions":1,"deletions":5}}},{"hash":"84d001984fa8e1b4078da0d54ebea82e87d18417","isMergeCommit":true,"messageTitle":"Merge pull request #1 from glenda-1506/Glenda-AboutUs","messageBody":"Glenda AboutUs","fileTypesAndContributionMap":{}},{"hash":"f05d767d84b8f8ab4e30f76abe60072d2631f6cb","isMergeCommit":true,"messageTitle":"Merge pull request #3 from AdiMangalam/Adithya-AboutUs","messageBody":"Added my Name","fileTypesAndContributionMap":{}},{"hash":"e3f31788570aa16785d5f5c016ace7056cf2115c","isMergeCommit":true,"messageTitle":"Merge remote-tracking branch \u0027upstream/master\u0027 into Glenda-AboutUs","messageBody":"","fileTypesAndContributionMap":{}},{"hash":"bc6fdee36af59ad81000d7175ccade20b8ea060d","isMergeCommit":false,"messageTitle":"Update AboutUs with my details","messageBody":"","fileTypesAndContributionMap":{"docs":{"insertions":4,"deletions":3}}},{"hash":"b61af9eed6a9c149098395afa4db262cbda48617","isMergeCommit":true,"messageTitle":"Merge pull request #5 from glenda-1506/Glenda-AboutUs","messageBody":"Glenda-About-Us (Corrected)","fileTypesAndContributionMap":{}}]},{"date":"2024-10-12","commitResults":[{"hash":"26fc06747f7d805e743548f82f1ddbde24437978","isMergeCommit":false,"messageTitle":"Add new JUnit test cases","messageBody":"","fileTypesAndContributionMap":{"test-code":{"insertions":19,"deletions":3}}},{"hash":"338040625c177301874f135d508aeb765b979f66","isMergeCommit":false,"messageTitle":"Refactor libraries used in DukeTest.java to prevent errors when used with Gradle","messageBody":"","fileTypesAndContributionMap":{"test-code":{"insertions":2,"deletions":2}}},{"hash":"19594bc1759c17c5093d88638e522594f8174619","isMergeCommit":false,"messageTitle":"Refactor input handling","messageBody":"","fileTypesAndContributionMap":{"functional-code":{"insertions":10,"deletions":5}}},{"hash":"106dcbafba1dbc6b7ed51cf501843a37dbc97fc5","isMergeCommit":false,"messageTitle":"Refactor code to solve errors","messageBody":"","fileTypesAndContributionMap":{"functional-code":{"insertions":3,"deletions":1}}},{"hash":"eb0ef9b156c8efe2d1a3c70fa3708bbb662a76fe","isMergeCommit":false,"messageTitle":"Refactor code to solve errors","messageBody":"","fileTypesAndContributionMap":{"other":{"insertions":1,"deletions":1}}},{"hash":"bace5715e6ca4d64b6578b58571f21e8c6d1f43c","isMergeCommit":true,"messageTitle":"Merge pull request #7 from glenda-1506/Glenda/JUnit","messageBody":"Glenda/JUnit","fileTypesAndContributionMap":{}}]},{"date":"2024-10-15","commitResults":[{"hash":"c9589b3bdc3dc134414aab7c6bc3c7ce11cb8aec","isMergeCommit":false,"messageTitle":"Debug syntax errors","messageBody":"","fileTypesAndContributionMap":{"functional-code":{"insertions":7,"deletions":8},"other":{"insertions":1,"deletions":1}}},{"hash":"313e255a6c43843f1c02be9293cb149a93e443ab","isMergeCommit":false,"messageTitle":"Add expenses variable to ExpenseTracker","messageBody":"","fileTypesAndContributionMap":{"functional-code":{"insertions":1,"deletions":0}}},{"hash":"4623f8f86481d03c0c0c096c51d76db00af7869c","isMergeCommit":false,"messageTitle":"Add new line in Expense","messageBody":"","fileTypesAndContributionMap":{"functional-code":{"insertions":1,"deletions":1}}},{"hash":"1ceb9a8dc65dfee7788657446263cb3d7038a6e3","isMergeCommit":true,"messageTitle":"Merge pull request #9 from glenda-1506/debugErrors","messageBody":"Debug syntax errors","fileTypesAndContributionMap":{}},{"hash":"cc5ead5d9eb1ecc0d467187f9a4bf30ded283095","isMergeCommit":false,"messageTitle":"Add setCategory function to update the category","messageBody":"","fileTypesAndContributionMap":{"functional-code":{"insertions":4,"deletions":0}}},{"hash":"cb9604a15aded00992ff6ef3823fe80fec4b6624","isMergeCommit":false,"messageTitle":"Add logic to tag expense to category","messageBody":"","fileTypesAndContributionMap":{"functional-code":{"insertions":18,"deletions":1}}},{"hash":"184c631826bbdafc5f83c58120655387b0f7cbc9","isMergeCommit":false,"messageTitle":"Add function to tag expense to category","messageBody":"","fileTypesAndContributionMap":{"functional-code":{"insertions":23,"deletions":2}}},{"hash":"74f6f8e8941cb66956b3c49a655f0cf29970747e","isMergeCommit":false,"messageTitle":"Add command to tag expense to category","messageBody":"","fileTypesAndContributionMap":{"functional-code":{"insertions":2,"deletions":0}}},{"hash":"fe2e131654d51945ea023c72c188284e9fcd4610","isMergeCommit":false,"messageTitle":"Refactor command to tag expense to category","messageBody":"","fileTypesAndContributionMap":{"functional-code":{"insertions":1,"deletions":1}}}]},{"date":"2024-10-16","commitResults":[{"hash":"145afdf65cd3876a0305da9a0e37a04e028286fa","isMergeCommit":false,"messageTitle":"Refactor tagExpenseHelper to debug and allow tagging of the first expense","messageBody":"","fileTypesAndContributionMap":{"functional-code":{"insertions":1,"deletions":1}}},{"hash":"dba059df027fb96dbd7b6e83b23750ff884c3b6b","isMergeCommit":true,"messageTitle":"Merge pull request #11 from glenda-1506/tagExpense","messageBody":"Add function to tag expense to category","fileTypesAndContributionMap":{}},{"hash":"08ee472e1ab652fa8092ace1365a48baf1b54dca","isMergeCommit":false,"messageTitle":"Add exceptions to edge cases","messageBody":"","fileTypesAndContributionMap":{"functional-code":{"insertions":7,"deletions":3}}},{"hash":"15b4ed5c3fa3fe4ff7c0acf5188227c195b63920","isMergeCommit":false,"messageTitle":"Add manifest file for jar file","messageBody":"","fileTypesAndContributionMap":{"functional-code":{"insertions":1,"deletions":1}}},{"hash":"294eb4468b91bec2115edf90a8bd672c0c144d3e","isMergeCommit":true,"messageTitle":"Merge pull request #25 from glenda-1506/edgeCase","messageBody":"Add exceptions to edge cases","tags":["v1.0"],"fileTypesAndContributionMap":{}}]},{"date":"2024-10-22","commitResults":[{"hash":"64a2ecd093112cff2683afc0429f3c478231da42","isMergeCommit":false,"messageTitle":"Enable assertions in build.gradle","messageBody":"","fileTypesAndContributionMap":{"other":{"insertions":1,"deletions":0}}},{"hash":"a17dc8110f3f44a77d826d11825c543d67245633","isMergeCommit":true,"messageTitle":"Merge pull request #27 from glenda-1506/enableAssertions","messageBody":"Enable assertions in build.gradle","fileTypesAndContributionMap":{}},{"hash":"22d6b944b7e243872ca490bd759c982916a47575","isMergeCommit":false,"messageTitle":"Refactor enable assertions based on CS2113 Website","messageBody":"","fileTypesAndContributionMap":{"other":{"insertions":1,"deletions":1}}},{"hash":"c2f3a14eb139a1b8e0577fd0557a08c9b5596da0","isMergeCommit":true,"messageTitle":"Merge pull request #28 from glenda-1506/newEnableAssertions","messageBody":"Refactor enable assertions ","fileTypesAndContributionMap":{}},{"hash":"e1019a20c58cf4be23e05768840c99f716d139ff","isMergeCommit":false,"messageTitle":"Remove redundant empty lines","messageBody":"","fileTypesAndContributionMap":{"functional-code":{"insertions":0,"deletions":3}}},{"hash":"fca1bd1027a4cb0b44ddeb3caae4aed6fd77d299","isMergeCommit":false,"messageTitle":"Add formatAmount() to display correctly formatted amount for expenses","messageBody":"Import DecimalFormat class. Implement formatAmount() to format expenses such that whole numbers display without decimals, and values with cents show two decimal places.\n","fileTypesAndContributionMap":{"functional-code":{"insertions":13,"deletions":3}}},{"hash":"c0b19ab41b61c752c0e40146159acfde5309a93d","isMergeCommit":false,"messageTitle":"Fix rounding precision for accurate 2 decimal rounding","messageBody":"Import BigDecimal and RoundingMode library. Update formatAmount() to ensure accurate rounding for amounts with more than 2 decimal places.\n","fileTypesAndContributionMap":{"functional-code":{"insertions":7,"deletions":3}}},{"hash":"2d7afb528eab3722b3c3340df8f662b9c42542a4","isMergeCommit":true,"messageTitle":"Merge pull request #30 from glenda-1506/twoDecimalPlace","messageBody":"Improve rounding accuracy for expense amounts","fileTypesAndContributionMap":{}}]},{"date":"2024-10-23","commitResults":[{"hash":"e3d56e4cc8ffce858258ab566b6702d72be94b12","isMergeCommit":false,"messageTitle":"Add target user profile","messageBody":"","fileTypesAndContributionMap":{"docs":{"insertions":1,"deletions":1}}},{"hash":"2f9d39a5a3c24b68c4090c3fe3b06e4f52811f3d","isMergeCommit":false,"messageTitle":"Add value proposition","messageBody":"","fileTypesAndContributionMap":{"docs":{"insertions":1,"deletions":1}}},{"hash":"c6b411bf2e0c8cf0a83bfa8938811e60a731e89d","isMergeCommit":false,"messageTitle":"Add v1.0 user stories","messageBody":"","fileTypesAndContributionMap":{"docs":{"insertions":7,"deletions":2}}},{"hash":"cd175f27e03637f14b672ee95cef7a1360f5b73b","isMergeCommit":true,"messageTitle":"Merge pull request #32 from glenda-1506/developerGuide","messageBody":"Add developer guide","fileTypesAndContributionMap":{}},{"hash":"6055a5563903e7c91436a53da32c1dd7f78f0e19","isMergeCommit":false,"messageTitle":"Add method to format inputs","messageBody":"Inputs would be formatted in a standardised manner\n","fileTypesAndContributionMap":{"functional-code":{"insertions":7,"deletions":0}}},{"hash":"a263ac7d13e9b043ce1f8ca0b6f056a1e7c6ccd4","isMergeCommit":false,"messageTitle":"Refactor addCategory method to treat category names case-insensitively","messageBody":"Standardise category names by converting them to a consistent format. Prevent same categories with different capitalisations from being created.\n","fileTypesAndContributionMap":{"functional-code":{"insertions":9,"deletions":7}}},{"hash":"b752b90ab60dae448c81c6c2485b6cc4395e15d5","isMergeCommit":false,"messageTitle":"Refactor addExpense method to treat category names case-insensitively","messageBody":"Standardise category names by converting them to a consistent format. Prevent expenses with the same categories but different capitalisations to be tagged to different categories.\n","fileTypesAndContributionMap":{"functional-code":{"insertions":7,"deletions":6}}},{"hash":"05d7907230d59882d994ef15c784e52fc95b9c81","isMergeCommit":false,"messageTitle":"Refactor tagExpenseHelper method to treat category names case-insensitively","messageBody":"Standardise category names by converting them to a consistent format. Prevent expenses with the same categories but different capitalisations to be tagged to different categories.\n","fileTypesAndContributionMap":{"functional-code":{"insertions":4,"deletions":3}}},{"hash":"c7ce8319278abe5dfec6a556b4512e1109b1005e","isMergeCommit":true,"messageTitle":"Merge pull request #33 from glenda-1506/debugCategory","messageBody":"Resolve case sensitivity in category input","fileTypesAndContributionMap":{}},{"hash":"fcf5643ae8868bca79a62b54de579052d2c89019","isMergeCommit":false,"messageTitle":"Refactor expense and category management to avoid duplicate categories","messageBody":"","fileTypesAndContributionMap":{"functional-code":{"insertions":21,"deletions":10}}},{"hash":"34d99f5bcf81d30ee836b76430bbf2f86be94f62","isMergeCommit":false,"messageTitle":"Refactor methods to use the category class to avoid duplicate categories","messageBody":"","fileTypesAndContributionMap":{"functional-code":{"insertions":6,"deletions":6}}},{"hash":"504121fcba6e3777230847d0b5eb0bf4483b6ca4","isMergeCommit":true,"messageTitle":"Merge pull request #35 from glenda-1506/debugCategory","messageBody":"Prevent duplicate categories with different capitalisations","fileTypesAndContributionMap":{}},{"hash":"28d6b9da435aaf18a73361cc07ec4532ec26296d","isMergeCommit":false,"messageTitle":"Refactor budget management to avoid duplicate categories","messageBody":"","fileTypesAndContributionMap":{"functional-code":{"insertions":29,"deletions":16}}},{"hash":"b526eae965aa193236e9c7fc8ca7bf79e3d593e1","isMergeCommit":true,"messageTitle":"Merge pull request #36 from glenda-1506/debugCategory","messageBody":"Refactor budget management","fileTypesAndContributionMap":{}},{"hash":"220049c64d90568c7763df41f5177271a39e8c78","isMergeCommit":false,"messageTitle":"Add formatLimit() to display correctly formatted amount for limit","messageBody":"","fileTypesAndContributionMap":{"functional-code":{"insertions":23,"deletions":1}}},{"hash":"f9d621904593a8b7929077dcfb2bb94a82e393d0","isMergeCommit":false,"messageTitle":"Add formatDecimal() to display correctly formatted amount","messageBody":"","fileTypesAndContributionMap":{"functional-code":{"insertions":19,"deletions":6}}},{"hash":"216543f582ff87b8e29846b26180ea2cde64da67","isMergeCommit":false,"messageTitle":"Refactor code to solve checkstyle errors","messageBody":"","fileTypesAndContributionMap":{"functional-code":{"insertions":4,"deletions":2}}},{"hash":"ef80cc1f11d5b4d6cdbb16a4f1a4fd5656efeb67","isMergeCommit":true,"messageTitle":"Merge pull request #37 from glenda-1506/twoDecimalPlace","messageBody":"Resolve amount formatting in budget methods","fileTypesAndContributionMap":{}},{"hash":"538f675edb588b31fc54cf2be28037216d69d0d3","isMergeCommit":false,"messageTitle":"Add JUnit test for expense constructor","messageBody":"","fileTypesAndContributionMap":{"test-code":{"insertions":11,"deletions":1}}},{"hash":"56531b6d0ce7b00e05be18603ebcd2894b216d24","isMergeCommit":false,"messageTitle":"Add JUnit test for formatAmount method","messageBody":"","fileTypesAndContributionMap":{"test-code":{"insertions":14,"deletions":0}}},{"hash":"640e9e2f1ba02d3e0510845c54c517048bfe460e","isMergeCommit":false,"messageTitle":"Add JUnit test for different input formats","messageBody":"","fileTypesAndContributionMap":{"test-code":{"insertions":13,"deletions":0}}},{"hash":"66a918a5324ae13b94a17e45a89003ead834f2ef","isMergeCommit":false,"messageTitle":"Add JUnit test for setCategory method","messageBody":"","fileTypesAndContributionMap":{"test-code":{"insertions":8,"deletions":0}}},{"hash":"33661544173f8bac5e106ca8c74b374f7e7f52eb","isMergeCommit":true,"messageTitle":"Merge pull request #38 from glenda-1506/Glenda/JUnit","messageBody":"Add JUnit tests for Expense.java","fileTypesAndContributionMap":{}}]},{"date":"2024-10-24","commitResults":[{"hash":"5b4e66585e75de247d7a40f5f541839b9e5a213c","isMergeCommit":false,"messageTitle":"Add JUnit test for budget constructor","messageBody":"","fileTypesAndContributionMap":{"test-code":{"insertions":15,"deletions":7}}},{"hash":"6cfdfa216d86c0f1bd3d2488a4cfba0904a92bfd","isMergeCommit":false,"messageTitle":"Add JUnit test for setting of category budget limits","messageBody":"","fileTypesAndContributionMap":{"test-code":{"insertions":15,"deletions":0}}},{"hash":"c5362371f153e9db0acab8dec11d1f625cbe3625","isMergeCommit":false,"messageTitle":"Add JUnit test for limit amount formatting","messageBody":"","fileTypesAndContributionMap":{"test-code":{"insertions":21,"deletions":0}}},{"hash":"04773c95074eacedfd5cdc35b407c99d70905ed4","isMergeCommit":false,"messageTitle":"Add JUnit test for output when setting budget limit","messageBody":"","fileTypesAndContributionMap":{"test-code":{"insertions":7,"deletions":0}}},{"hash":"1f98da40616139ae392266db0899dc94fd6e645c","isMergeCommit":false,"messageTitle":"Import specific libraries to resolve checkstyle error","messageBody":"","fileTypesAndContributionMap":{"test-code":{"insertions":3,"deletions":1}}},{"hash":"1d83c521bec29d923a9faae57d4ab43043a68180","isMergeCommit":true,"messageTitle":"Merge pull request #39 from glenda-1506/Glenda/JUnit","messageBody":"Add JUnit tests for Budget.java","fileTypesAndContributionMap":{}}]},{"date":"2024-10-29","commitResults":[{"hash":"b2b776551c380f742832b45144043b160d20ef70","isMergeCommit":false,"messageTitle":"Add author tags to documentation guide","messageBody":"","fileTypesAndContributionMap":{"docs":{"insertions":2,"deletions":2}}},{"hash":"34a3db89adfac63e3c6642f8d826e694f867fcbd","isMergeCommit":true,"messageTitle":"Merge pull request #63 from glenda-1506/authorTag","messageBody":"Add author tags to documentation guide","fileTypesAndContributionMap":{}},{"hash":"beb6b746d46e7cbd2cc91c90f5b60c45677fa130","isMergeCommit":false,"messageTitle":"Add author tags to documentation guide","messageBody":"","fileTypesAndContributionMap":{"docs":{"insertions":1,"deletions":1}}},{"hash":"261d46da70cbbc8c4f9d5fdb11bb98f54d185498","isMergeCommit":true,"messageTitle":"Merge pull request #64 from glenda-1506/authorTag","messageBody":"Add author tags to documentation guide","fileTypesAndContributionMap":{}},{"hash":"6fbc984663bf5316ff0683da02ebc22b2caca1f0","isMergeCommit":false,"messageTitle":"Add introduction in User Guide","messageBody":"","fileTypesAndContributionMap":{"docs":{"insertions":2,"deletions":18}}},{"hash":"55da2981152271bbb5f20e4972994bf9966f43e7","isMergeCommit":false,"messageTitle":"Add command format notes","messageBody":"","fileTypesAndContributionMap":{"docs":{"insertions":19,"deletions":0}}},{"hash":"4011875f1267e4db9edd1e482c569b9a67d4cbf1","isMergeCommit":false,"messageTitle":"Add add-expense function","messageBody":"","fileTypesAndContributionMap":{"docs":{"insertions":26,"deletions":0}}},{"hash":"1ef4a9e2730f418db61fda174e068fb00b686d86","isMergeCommit":false,"messageTitle":"Add delete-expense function","messageBody":"","fileTypesAndContributionMap":{"docs":{"insertions":15,"deletions":0}}},{"hash":"09a0b9e5c577033c9fac6e6c302361128d5a3593","isMergeCommit":false,"messageTitle":"Add add-category function","messageBody":"","fileTypesAndContributionMap":{"docs":{"insertions":13,"deletions":0}}},{"hash":"e49b82db24297b5acfec7da0e8c4261febfe46b2","isMergeCommit":false,"messageTitle":"Add tag-expense function","messageBody":"","fileTypesAndContributionMap":{"docs":{"insertions":20,"deletions":0}}},{"hash":"349dfd5d43e1c1e64baf437b2ff9d8c12897906f","isMergeCommit":false,"messageTitle":"Add set-budget function","messageBody":"","fileTypesAndContributionMap":{"docs":{"insertions":19,"deletions":0}}},{"hash":"2f69b8a5fc64ed3c190e05caf93bacd9e7546724","isMergeCommit":false,"messageTitle":"Add view-expenses function","messageBody":"","fileTypesAndContributionMap":{"docs":{"insertions":16,"deletions":0}}},{"hash":"b6f450dc15e404905aec07d282eec2b76b518f63","isMergeCommit":false,"messageTitle":"Add view-budget function","messageBody":"","fileTypesAndContributionMap":{"docs":{"insertions":16,"deletions":0}}},{"hash":"ab4fa27a50bf7ce70e81808f1d6a619e6cb9ef8e","isMergeCommit":false,"messageTitle":"Add set-budget-reset function","messageBody":"","fileTypesAndContributionMap":{"docs":{"insertions":14,"deletions":0}}},{"hash":"41cb807d855c28eafa45ebbe4bdf067c49a62096","isMergeCommit":false,"messageTitle":"Add bye function","messageBody":"","fileTypesAndContributionMap":{"docs":{"insertions":6,"deletions":0}}},{"hash":"951ef6d8411a3ab92ee5ecb224b70dc3a50ba556","isMergeCommit":true,"messageTitle":"Merge pull request #65 from glenda-1506/userGuide","messageBody":"Add v1.0 user guide","fileTypesAndContributionMap":{}},{"hash":"57f043693980e8c73e8748ed33ce67674c255557","isMergeCommit":false,"messageTitle":"Add add-category sequence diagram","messageBody":"","fileTypesAndContributionMap":{"docs":{"insertions":18,"deletions":0}}},{"hash":"2e0284a39375c06bb8364f5a68d47f8a90207cde","isMergeCommit":false,"messageTitle":"Add add-category sequence diagram to DG","messageBody":"","fileTypesAndContributionMap":{"docs":{"insertions":3,"deletions":0}}},{"hash":"770544eff068ff41200a27adf9b922b03eb69c52","isMergeCommit":false,"messageTitle":"Refactor add-category sequence diagram","messageBody":"","fileTypesAndContributionMap":{"docs":{"insertions":23,"deletions":10}}},{"hash":"4cc47a2b3cbc3818990bc85c1e7b48cc442ae1a8","isMergeCommit":false,"messageTitle":"Add add-expense sequence diagram","messageBody":"","fileTypesAndContributionMap":{"docs":{"insertions":42,"deletions":0}}},{"hash":"52c6339b823cb10c8f7ab86699dfd4f10c2bcf35","isMergeCommit":false,"messageTitle":"Refactor add-expense sequence diagram","messageBody":"","fileTypesAndContributionMap":{"docs":{"insertions":18,"deletions":13}}},{"hash":"1babb2e087e8813d810c22a9a88839484b139b5e","isMergeCommit":false,"messageTitle":"Add delete-expense sequence diagram","messageBody":"","fileTypesAndContributionMap":{"docs":{"insertions":39,"deletions":0}}},{"hash":"d96fc6582c9f2e1cf9bc76b64924ee4927df5300","isMergeCommit":false,"messageTitle":"Add delete-expense sequence diagram to DG","messageBody":"","fileTypesAndContributionMap":{"docs":{"insertions":2,"deletions":0}}},{"hash":"4a0053a74b49f8acb4247ae6d8c5d21c9d2042f9","isMergeCommit":false,"messageTitle":"Add tag-expense sequence diagram","messageBody":"","fileTypesAndContributionMap":{"docs":{"insertions":49,"deletions":0}}},{"hash":"a7c299db29fb59235ecee3fec75fd9d1c59fe20e","isMergeCommit":false,"messageTitle":"Add tag-expense sequence diagram to DG","messageBody":"","fileTypesAndContributionMap":{"docs":{"insertions":2,"deletions":0}}},{"hash":"eb2cfc0e500c6138f96497fbd5fdff1fe7cabaf8","isMergeCommit":false,"messageTitle":"Add set-budget sequence diagram","messageBody":"","fileTypesAndContributionMap":{"docs":{"insertions":52,"deletions":0}}},{"hash":"811464e3902223887495abbd608c50f8c7a040e2","isMergeCommit":false,"messageTitle":"Add set-budget sequence diagram to DG","messageBody":"","fileTypesAndContributionMap":{"docs":{"insertions":2,"deletions":0}}},{"hash":"21473123a9679ae30bca6dac2ac48a076b17730f","isMergeCommit":false,"messageTitle":"Add view-budget sequence diagram","messageBody":"","fileTypesAndContributionMap":{"docs":{"insertions":57,"deletions":0}}},{"hash":"a67ff994f967c04d2c53868a76d5e3c3117a9751","isMergeCommit":false,"messageTitle":"Add view-budget sequence diagram to DG","messageBody":"","fileTypesAndContributionMap":{"docs":{"insertions":7,"deletions":0}}},{"hash":"a12c1a4c0ab1f67c02b52b39d82a7eed6884d021","isMergeCommit":false,"messageTitle":"Add view-expenses sequence diagram","messageBody":"","fileTypesAndContributionMap":{"docs":{"insertions":54,"deletions":0}}},{"hash":"74d31649bbd6c9b81baf073b7d249e52afbcd788","isMergeCommit":false,"messageTitle":"Add view-expenses sequence diagram to DG","messageBody":"","fileTypesAndContributionMap":{"docs":{"insertions":3,"deletions":0}}},{"hash":"cb110e32d2b316d10af271a20749c52649c6749d","isMergeCommit":false,"messageTitle":"Add toggle-reset sequence diagram","messageBody":"","fileTypesAndContributionMap":{"docs":{"insertions":51,"deletions":0}}},{"hash":"99b77d9f46a2bde4fc70edb314129adbb19433b3","isMergeCommit":false,"messageTitle":"Add toggle-reset sequence diagram to DG","messageBody":"","fileTypesAndContributionMap":{"docs":{"insertions":4,"deletions":1}}},{"hash":"a2818130fabca2a4064e6ce143b6d8a119babc7f","isMergeCommit":true,"messageTitle":"Merge pull request #66 from glenda-1506/umlDiagrams","messageBody":"UML Diagrams for v1.0","fileTypesAndContributionMap":{}}]}],"AdiMangalam":[{"date":"2024-10-03","commitResults":[{"hash":"f761497408d0641da8d72ed1505aadc098022420","isMergeCommit":false,"messageTitle":"Added my Name","messageBody":"","fileTypesAndContributionMap":{"docs":{"insertions":2,"deletions":6}}},{"hash":"be27afdf257cfac18e284ddba43fe5596edf4149","isMergeCommit":true,"messageTitle":"Update AboutUs with my details","messageBody":"","fileTypesAndContributionMap":{}}]},{"date":"2024-10-16","commitResults":[{"hash":"4fc94375a340a62a759df0b09373741683fc4871","isMergeCommit":false,"messageTitle":"Implemente deleteExpense function","messageBody":"","fileTypesAndContributionMap":{"functional-code":{"insertions":30,"deletions":0}}},{"hash":"73e6a756419433b50cd3e9db6a271e925fcfc895","isMergeCommit":false,"messageTitle":"fix grale build issue","messageBody":"","fileTypesAndContributionMap":{"functional-code":{"insertions":3,"deletions":2}}},{"hash":"521df211a4383038614d75a049ada50e7d41bc81","isMergeCommit":true,"messageTitle":"Merge pull request #23 from AdiMangalam/deleteExpense","messageBody":"Implemente deleteExpense function","fileTypesAndContributionMap":{}},{"hash":"5620c6605aab96d1d4fac4d2d9c9ddab97029f89","isMergeCommit":false,"messageTitle":"Implement toggleReset Function","messageBody":"","fileTypesAndContributionMap":{"functional-code":{"insertions":37,"deletions":0}}},{"hash":"a15ba86e9d393e0fab7f0f690f48c96a4ec61e59","isMergeCommit":true,"messageTitle":"Merge pull request #24 from AdiMangalam/budgetReset","messageBody":"Implement toggleReset Function","fileTypesAndContributionMap":{}}]},{"date":"2024-10-26","commitResults":[{"hash":"0bfaa33c29415edcd2c527a4ba6e05423df6726a","isMergeCommit":false,"messageTitle":"Added multiple JUnit test cases for ExpenseTracker Class","messageBody":"","fileTypesAndContributionMap":{"test-code":{"insertions":65,"deletions":5}}},{"hash":"3e54101a6c40c03a7b1621d80843ba00fd990dfb","isMergeCommit":false,"messageTitle":"Added multiple JUnit test cases for ExpenseTracker Class","messageBody":"","fileTypesAndContributionMap":{"test-code":{"insertions":0,"deletions":1}}},{"hash":"664a8733e892f36a3a6a7c3444250dbc1987298f","isMergeCommit":true,"messageTitle":"Merge pull request #51 from AdiMangalam/master","messageBody":"Added multiple JUnit test cases for ExpenseTracker Class","fileTypesAndContributionMap":{}}]},{"date":"2024-10-27","commitResults":[{"hash":"c3a603e05629ed062cd7b7957cd1bf73f3cdda55","isMergeCommit":false,"messageTitle":"Added JUnit test cases for Duke class","messageBody":"","fileTypesAndContributionMap":{"functional-code":{"insertions":32,"deletions":4},"test-code":{"insertions":109,"deletions":0}}},{"hash":"fc0ecd757ee008e537e7e42560d6915b00ce92c0","isMergeCommit":false,"messageTitle":"Added JUnit test cases for Duke class","messageBody":"","fileTypesAndContributionMap":{"test-code":{"insertions":1,"deletions":1}}},{"hash":"35cc84378745ae648c8cdbd2b96bfaf808b966c0","isMergeCommit":true,"messageTitle":"Merge pull request #52 from AdiMangalam/master","messageBody":"Added JUnit test cases for Duke class","fileTypesAndContributionMap":{}}]}]},"authorFileTypeContributionMap":{"mayfairmi6":{"docs":88,"functional-code":243,"test-code":3},"kq2003":{"docs":18,"functional-code":695,"test-code":445},"glenda-1506":{"docs":581,"functional-code":178,"test-code":0,"other":1},"AdiMangalam":{"docs":1,"functional-code":92,"test-code":0}},"authorContributionVariance":{"mayfairmi6":215378.14,"kq2003":46365.23,"glenda-1506":11047.599,"AdiMangalam":725.17194},"authorDisplayNameMap":{"mayfairmi6":"CS2113-T10-4 VENK..INDA","kq2003":"CS2113-T10-4 QIN .. KAI","glenda-1506":"CS2113-T10-4 LIAN..ENDA","AdiMangalam":"CS2113-T10-4 MANG..THYA"}}
