{"authorDailyContributionsMap":{"Ridiculouswifi":[{"date":"2024-10-03","commitResults":[{"hash":"7a48d169fbdec3af2a98d6a59d587ba0c8fe90b1","isMergeCommit":false,"messageTitle":"Added personal detais to AboutUs","messageBody":"","fileTypesAndContributionMap":{"docs":{"insertions":3,"deletions":7}}},{"hash":"8a9f7f196f5ac632227991de0d714e8e882597a2","isMergeCommit":true,"messageTitle":"Merge pull request #4 from rahuljai-05/Rahul-AboutUs","messageBody":"Change AboutUs document to reflect real name and profile","fileTypesAndContributionMap":{}},{"hash":"ec472df797073fbe4a89621b110bc66582146436","isMergeCommit":true,"messageTitle":"Merge branch \u0027master\u0027 into Toby-AboutUs","messageBody":"","fileTypesAndContributionMap":{}},{"hash":"49d1502290292a1b92d084eb6278e71924dff4c4","isMergeCommit":true,"messageTitle":"Merge pull request #3 from Toby-Yu/Toby-AboutUs","messageBody":"Toby about us","fileTypesAndContributionMap":{}},{"hash":"90feb8da350f9528140460f3dd56e3da78030587","isMergeCommit":true,"messageTitle":"Merge pull request #7 from jadenlimjc/master","messageBody":"fixed all the merging errors","fileTypesAndContributionMap":{}}]},{"date":"2024-10-06","commitResults":[{"hash":"888ce51514425f9900fd47cc11be61c55567eff6","isMergeCommit":true,"messageTitle":"Merge pull request #28 from Toby-Yu/sortCommand","messageBody":"Added SortCommand class and relevant methods in InternshipList class","fileTypesAndContributionMap":{}},{"hash":"a321e13c9974ea5ff8b4402e3daa9c1c34498766","isMergeCommit":false,"messageTitle":"Added update status method to Internship","messageBody":"","fileTypesAndContributionMap":{"functional-code":{"insertions":60,"deletions":8},"test-code":{"insertions":35,"deletions":0}}},{"hash":"6693f26aa1794d3f49e44663a3a2a2bdfb43e421","isMergeCommit":true,"messageTitle":"Merge pull request #30 from Toby-Yu/sortCommand","messageBody":"Refractor the name of sortedList to sortedInternships","fileTypesAndContributionMap":{}},{"hash":"2c54d399147a446950a06e958f1cc78c1511b4a6","isMergeCommit":false,"messageTitle":"Fixed checkstyle erros","messageBody":"","fileTypesAndContributionMap":{"functional-code":{"insertions":2,"deletions":4}}},{"hash":"bbbb36c5e1083d68ad6b849c4facc42ca7504a2e","isMergeCommit":false,"messageTitle":"Implemented UpdateCommand class","messageBody":"","fileTypesAndContributionMap":{"functional-code":{"insertions":44,"deletions":0},"other":{"insertions":4,"deletions":2},"test-code":{"insertions":18,"deletions":0}}},{"hash":"26651cc9169c44406fcb0fb685a9b4ef78496fe6","isMergeCommit":true,"messageTitle":"Merge branch \u0027master\u0027 into branch-updateStatus","messageBody":"","fileTypesAndContributionMap":{}},{"hash":"b0812ac38cf12227964126e402bc71ed658483a5","isMergeCommit":false,"messageTitle":"Resolved errors in AddCommand class","messageBody":"","fileTypesAndContributionMap":{"functional-code":{"insertions":1,"deletions":0}}},{"hash":"525e17d4de1d265edbe6906e2cac9a1907241a00","isMergeCommit":false,"messageTitle":"Shifted DeleteCommand and SortCommand to appropriate package","messageBody":"","fileTypesAndContributionMap":{"other":{"insertions":6,"deletions":2}}},{"hash":"b9911210b57d38d40a5116803009b252bd9947ea","isMergeCommit":false,"messageTitle":"Fixed checkstyle issue","messageBody":"","fileTypesAndContributionMap":{"functional-code":{"insertions":8,"deletions":2}}},{"hash":"eba5449637e1570e30dc1dafa5b0c4eadf6883a8","isMergeCommit":false,"messageTitle":"Fixed checkstyle issues for test classes","messageBody":"","fileTypesAndContributionMap":{"test-code":{"insertions":4,"deletions":7}}},{"hash":"327401e4f30d5df4958cabf52811aaad45a057d4","isMergeCommit":false,"messageTitle":"Implemented Ui class","messageBody":"","fileTypesAndContributionMap":{"functional-code":{"insertions":61,"deletions":0}}}]}],"jadenlimjc":[{"date":"2024-09-30","commitResults":[{"hash":"972687841032790c2eeae5d5b976e882a5312b3e","isMergeCommit":false,"messageTitle":"edited readme and ug","messageBody":"","fileTypesAndContributionMap":{"docs":{"insertions":317,"deletions":128}}},{"hash":"c59a8b20b9ffdce090298f222c2e65c910b8f12a","isMergeCommit":false,"messageTitle":"created Internship and InternshipList class","messageBody":"","fileTypesAndContributionMap":{"functional-code":{"insertions":144,"deletions":0}}}]},{"date":"2024-10-02","commitResults":[{"hash":"34ff8b6e667857ebe9273d25ee54a02562760b07","isMergeCommit":false,"messageTitle":"edited according to java coding standard","messageBody":"","fileTypesAndContributionMap":{"functional-code":{"insertions":9,"deletions":3}}}]},{"date":"2024-10-03","commitResults":[{"hash":"29b48c0da988a68d3392019c3ea6fc77f9c5410e","isMergeCommit":false,"messageTitle":"created command class and addCommand implementation","messageBody":"","fileTypesAndContributionMap":{"functional-code":{"insertions":82,"deletions":21},"other":{"insertions":11,"deletions":9},"docs":{"insertions":2,"deletions":2}}},{"hash":"9d203e48425b1c72a41e5bdd6bfbd8d027ab8dc8","isMergeCommit":true,"messageTitle":"Merge pull request #1 from jadenlimjc/branch-EasInternshipCreation","messageBody":"Branch eas internship creation","fileTypesAndContributionMap":{}},{"hash":"db06ce8330b9e18cf79e32f2516a0815f31cd24b","isMergeCommit":true,"messageTitle":"Merge pull request #2 from jadenlimjc/master","messageBody":"merge from EasInternship Creation","fileTypesAndContributionMap":{}},{"hash":"be8f9e177d68b0764fd3cec9857a446cf4c0b06e","isMergeCommit":false,"messageTitle":"fixed formatting errors","messageBody":"","fileTypesAndContributionMap":{"functional-code":{"insertions":15,"deletions":7}}},{"hash":"2f0b8cd86d657a4ab9e5d142ff1d57becb135a0e","isMergeCommit":false,"messageTitle":"fix formatting errors","messageBody":"","fileTypesAndContributionMap":{"functional-code":{"insertions":31,"deletions":31}}},{"hash":"0b700f8fda40c51458df06a7564afb56720fa9fd","isMergeCommit":false,"messageTitle":"fix formatting errors","messageBody":"","fileTypesAndContributionMap":{"other":{"insertions":1,"deletions":1}}},{"hash":"e19535b7fb7a07f62605e9c3a75ab9a1b0324286","isMergeCommit":false,"messageTitle":"fix formatting errors","messageBody":"","fileTypesAndContributionMap":{"functional-code":{"insertions":8,"deletions":2}}},{"hash":"5e540ed72ada2ec26ec8a7f97a2fb80e5648fed4","isMergeCommit":false,"messageTitle":"fix formatting errors","messageBody":"","fileTypesAndContributionMap":{"functional-code":{"insertions":1,"deletions":0}}},{"hash":"9cdcbed694cb8feb524b0bc76e4f536e6572d891","isMergeCommit":false,"messageTitle":"fix formatting error","messageBody":"","fileTypesAndContributionMap":{"functional-code":{"insertions":1,"deletions":1}}},{"hash":"8939ad38deae32a8acc87c43ebf49e4776a5ab5d","isMergeCommit":false,"messageTitle":"fix formatting","messageBody":"","fileTypesAndContributionMap":{"functional-code":{"insertions":0,"deletions":3}}},{"hash":"bf834ec09d8828f5eec5c627c4dcd7f7be9ac596","isMergeCommit":false,"messageTitle":"updated AboutMe","messageBody":"","fileTypesAndContributionMap":{"docs":{"insertions":7,"deletions":7}}},{"hash":"9e04fc5cd31be82c5e6f6aea2ab00f3713d57977","isMergeCommit":false,"messageTitle":"fix formatting errors","messageBody":"","fileTypesAndContributionMap":{"docs":{"insertions":1,"deletions":1}}},{"hash":"af13d0310c351ca53700ef0c9dbc1a595c5767fe","isMergeCommit":true,"messageTitle":"Merge branch \u0027pr/5\u0027","messageBody":"","fileTypesAndContributionMap":{}},{"hash":"00d14fd90cec6c795e6b263d502bacb7f0862b8e","isMergeCommit":false,"messageTitle":"Revert \"Merge branch \u0027pr/5\u0027\"","messageBody":"This reverts commit af13d0310c351ca53700ef0c9dbc1a595c5767fe, reversing\nchanges made to 49d1502290292a1b92d084eb6278e71924dff4c4.\n","fileTypesAndContributionMap":{"functional-code":{"insertions":1,"deletions":226},"docs":{"insertions":17,"deletions":333}}},{"hash":"96a744840e413c95790165fbb363a619e25b02df","isMergeCommit":false,"messageTitle":"Reapply \"Merge branch \u0027pr/5\u0027\"","messageBody":"This reverts commit 00d14fd90cec6c795e6b263d502bacb7f0862b8e.\n","fileTypesAndContributionMap":{"functional-code":{"insertions":226,"deletions":1},"docs":{"insertions":333,"deletions":17}}},{"hash":"2ab274874893e49589f5ffba355e9dfac439e1e6","isMergeCommit":false,"messageTitle":"fixed merge conflicts","messageBody":"","fileTypesAndContributionMap":{"docs":{"insertions":3,"deletions":4}}},{"hash":"99762fe7bcb550a2aa92911fd311b40ff2efb72c","isMergeCommit":true,"messageTitle":"Merge branch \u0027AY2425S1-CS2113-T10-1:master\u0027 into master","messageBody":"","fileTypesAndContributionMap":{}}]},{"date":"2024-10-04","commitResults":[{"hash":"e6d9150afcf0eaa1b50932072752de5d8d47f24b","isMergeCommit":false,"messageTitle":"Update AddCommand Function","messageBody":"","fileTypesAndContributionMap":{"functional-code":{"insertions":13,"deletions":15}}},{"hash":"5127826561a6252260b86e7f3d295f4f5aecee06","isMergeCommit":false,"messageTitle":"Update AddCommand Function","messageBody":"","fileTypesAndContributionMap":{"functional-code":{"insertions":0,"deletions":1}}},{"hash":"92e2d55a4283c0c0bb13d94c8159e365e0055652","isMergeCommit":true,"messageTitle":"Merge pull request #16 from jadenlimjc/master","messageBody":"Create AddCommand implementation of Command","fileTypesAndContributionMap":{}}]},{"date":"2024-10-05","commitResults":[{"hash":"0b7eef6c7a5073726f76fad7e99f3c4c15024fa5","isMergeCommit":false,"messageTitle":"Created Delete Command, Changed AddCommand to reference InternshipList","messageBody":"","fileTypesAndContributionMap":{"functional-code":{"insertions":30,"deletions":4}}},{"hash":"9547adc239ab5123fabaa9a273047e7681a0e079","isMergeCommit":false,"messageTitle":"Change reference names to suit logic better","messageBody":"","fileTypesAndContributionMap":{"functional-code":{"insertions":6,"deletions":6}}}]}],"rahuljai-05":[{"date":"2024-10-03","commitResults":[{"hash":"6ddb5c442f6a8088e8be1d19bf091faa0b1d2179","isMergeCommit":false,"messageTitle":"Change AboutUs document to reflect real name and profile","messageBody":"","fileTypesAndContributionMap":{"docs":{"insertions":3,"deletions":7}}},{"hash":"1bbec4b3dd68a4b0ec968207e847b2710b6123a6","isMergeCommit":true,"messageTitle":"Resolve conflicts with RidiculousWifi and merge","messageBody":"# Conflicts:\n#\tdocs/AboutUs.md\n","fileTypesAndContributionMap":{}}]},{"date":"2024-10-05","commitResults":[{"hash":"68f0dcc149fdae0541faea19368443ef6f18d6b0","isMergeCommit":true,"messageTitle":"Merge pull request #23 from jadenlimjc/branch-DeleteCommand","messageBody":"Create DeleteCommand Implementation of Command","fileTypesAndContributionMap":{}}]},{"date":"2024-10-06","commitResults":[{"hash":"4ac015b473fe1eca35c8eb1c7d988952ae24e875","isMergeCommit":true,"messageTitle":"Merge pull request #32 from Ridiculouswifi/branch-UiClass","messageBody":"Implemented Ui class","fileTypesAndContributionMap":{}}]},{"date":"2024-10-07","commitResults":[{"hash":"9cc33c11e4fd052e27c6ba66de03f6bd46ecfc9b","isMergeCommit":true,"messageTitle":"Merge pull request #31 from Ridiculouswifi/branch-updateStatus","messageBody":"Implemented Update Status","fileTypesAndContributionMap":{}}]}],"Toby-Yu":[{"date":"2024-10-03","commitResults":[{"hash":"d5a0c39d88dd200897daa8a51387a28d97c6317b","isMergeCommit":false,"messageTitle":"Update the first line in the docs.AboutUs.md page and delete the rest of the lines","messageBody":"","fileTypesAndContributionMap":{"docs":{"insertions":3,"deletions":7}}},{"hash":"fd42a03a0d3d592f38213b23eb14e5f95d06a037","isMergeCommit":false,"messageTitle":"correct version of update of AboutUs","messageBody":"","fileTypesAndContributionMap":{"docs":{"insertions":1,"deletions":1}}},{"hash":"fd960ccad6a5ed98b3af3d3ab9f3f1026a8b7432","isMergeCommit":true,"messageTitle":"Merge pull request #2 from Ridiculouswifi/TingHui-AboutUs","messageBody":"Added personal details to AboutUs","fileTypesAndContributionMap":{}},{"hash":"6b623cffb83c8baf4b9d358b3393c2c4781b0ce7","isMergeCommit":false,"messageTitle":"resolve conflicts with Tan Ting Hu","messageBody":"","fileTypesAndContributionMap":{"docs":{"insertions":1,"deletions":0}}},{"hash":"42340e887775dd4feb83f74e9748275bc29e2e29","isMergeCommit":false,"messageTitle":"tutorial activities","messageBody":"","fileTypesAndContributionMap":{"docs":{"insertions":1,"deletions":2}}}]},{"date":"2024-10-05","commitResults":[{"hash":"ce00c9bf319fc1195f099189cdc05d9bfdbdbf6e","isMergeCommit":false,"messageTitle":"Add SortCommand class and update some part in InternshipList to help with the implenmentation of SortCommand Class","messageBody":"","fileTypesAndContributionMap":{"functional-code":{"insertions":65,"deletions":0}}}]},{"date":"2024-10-06","commitResults":[{"hash":"e2c1c0fbe9fe037c8657d1c81445f18154c95431","isMergeCommit":false,"messageTitle":"Refractor the name of sortedList to sortedInternships","messageBody":"","fileTypesAndContributionMap":{"functional-code":{"insertions":3,"deletions":3}}}]}]},"authorFileTypeContributionMap":{"Ridiculouswifi":{"docs":0,"functional-code":182,"test-code":50},"jadenlimjc":{"docs":316,"functional-code":236,"test-code":0},"rahuljai-05":{"docs":0,"functional-code":0,"test-code":0},"Toby-Yu":{"docs":0,"functional-code":64,"test-code":0}},"authorContributionVariance":{"Ridiculouswifi":3757.247,"jadenlimjc":115891.12,"rahuljai-05":5.246913,"Toby-Yu":227.58333},"authorDisplayNameMap":{"Ridiculouswifi":"CS2113-T10-1 TAN .. HUI","jadenlimjc":"CS2113-T10-1 JADE..CHEN","rahuljai-05":"CS2113-T10-1 JAI ..AHUL","Toby-Yu":"CS2113-T10-1 YU M.. KIT"}}
