{"authorDailyContributionsMap":{"Ridiculouswifi":[{"date":"2024-10-03","commitResults":[{"hash":"7a48d169fbdec3af2a98d6a59d587ba0c8fe90b1","isMergeCommit":false,"messageTitle":"Added personal detais to AboutUs","messageBody":"","fileTypesAndContributionMap":{"docs":{"insertions":3,"deletions":7}}},{"hash":"8a9f7f196f5ac632227991de0d714e8e882597a2","isMergeCommit":true,"messageTitle":"Merge pull request #4 from rahuljai-05/Rahul-AboutUs","messageBody":"Change AboutUs document to reflect real name and profile","fileTypesAndContributionMap":{}},{"hash":"ec472df797073fbe4a89621b110bc66582146436","isMergeCommit":true,"messageTitle":"Merge branch \u0027master\u0027 into Toby-AboutUs","messageBody":"","fileTypesAndContributionMap":{}},{"hash":"49d1502290292a1b92d084eb6278e71924dff4c4","isMergeCommit":true,"messageTitle":"Merge pull request #3 from Toby-Yu/Toby-AboutUs","messageBody":"Toby about us","fileTypesAndContributionMap":{}},{"hash":"90feb8da350f9528140460f3dd56e3da78030587","isMergeCommit":true,"messageTitle":"Merge pull request #7 from jadenlimjc/master","messageBody":"fixed all the merging errors","fileTypesAndContributionMap":{}}]},{"date":"2024-10-06","commitResults":[{"hash":"888ce51514425f9900fd47cc11be61c55567eff6","isMergeCommit":true,"messageTitle":"Merge pull request #28 from Toby-Yu/sortCommand","messageBody":"Added SortCommand class and relevant methods in InternshipList class","fileTypesAndContributionMap":{}},{"hash":"a321e13c9974ea5ff8b4402e3daa9c1c34498766","isMergeCommit":false,"messageTitle":"Added update status method to Internship","messageBody":"","fileTypesAndContributionMap":{"functional-code":{"insertions":60,"deletions":8},"test-code":{"insertions":35,"deletions":0}}},{"hash":"6693f26aa1794d3f49e44663a3a2a2bdfb43e421","isMergeCommit":true,"messageTitle":"Merge pull request #30 from Toby-Yu/sortCommand","messageBody":"Refractor the name of sortedList to sortedInternships","fileTypesAndContributionMap":{}},{"hash":"2c54d399147a446950a06e958f1cc78c1511b4a6","isMergeCommit":false,"messageTitle":"Fixed checkstyle erros","messageBody":"","fileTypesAndContributionMap":{"functional-code":{"insertions":2,"deletions":4}}},{"hash":"bbbb36c5e1083d68ad6b849c4facc42ca7504a2e","isMergeCommit":false,"messageTitle":"Implemented UpdateCommand class","messageBody":"","fileTypesAndContributionMap":{"functional-code":{"insertions":44,"deletions":0},"other":{"insertions":4,"deletions":2},"test-code":{"insertions":18,"deletions":0}}},{"hash":"26651cc9169c44406fcb0fb685a9b4ef78496fe6","isMergeCommit":true,"messageTitle":"Merge branch \u0027master\u0027 into branch-updateStatus","messageBody":"","fileTypesAndContributionMap":{}},{"hash":"b0812ac38cf12227964126e402bc71ed658483a5","isMergeCommit":false,"messageTitle":"Resolved errors in AddCommand class","messageBody":"","fileTypesAndContributionMap":{"functional-code":{"insertions":1,"deletions":0}}},{"hash":"525e17d4de1d265edbe6906e2cac9a1907241a00","isMergeCommit":false,"messageTitle":"Shifted DeleteCommand and SortCommand to appropriate package","messageBody":"","fileTypesAndContributionMap":{"other":{"insertions":6,"deletions":2}}},{"hash":"b9911210b57d38d40a5116803009b252bd9947ea","isMergeCommit":false,"messageTitle":"Fixed checkstyle issue","messageBody":"","fileTypesAndContributionMap":{"functional-code":{"insertions":8,"deletions":2}}},{"hash":"eba5449637e1570e30dc1dafa5b0c4eadf6883a8","isMergeCommit":false,"messageTitle":"Fixed checkstyle issues for test classes","messageBody":"","fileTypesAndContributionMap":{"test-code":{"insertions":4,"deletions":7}}},{"hash":"327401e4f30d5df4958cabf52811aaad45a057d4","isMergeCommit":false,"messageTitle":"Implemented Ui class","messageBody":"","fileTypesAndContributionMap":{"functional-code":{"insertions":61,"deletions":0}}}]},{"date":"2024-10-07","commitResults":[{"hash":"2065fd37868882b95ff580eb0e109c196436aa6f","isMergeCommit":false,"messageTitle":"Included updating multiple fields","messageBody":"","fileTypesAndContributionMap":{"functional-code":{"insertions":59,"deletions":7},"test-code":{"insertions":28,"deletions":0}}},{"hash":"7749462ec1a3b153197abfe28f09ea1c82d7c341","isMergeCommit":true,"messageTitle":"Merge branch \u0027master\u0027 into branch-updateStatus","messageBody":"","fileTypesAndContributionMap":{}},{"hash":"4b36563bf364a47f154eb93c1452ac9d62e058c1","isMergeCommit":true,"messageTitle":"Merge pull request #33 from rahuljai-05/Rahul-FilterCommand","messageBody":"Implement basic filter command functionality","fileTypesAndContributionMap":{}}]},{"date":"2024-10-09","commitResults":[{"hash":"a9d26ba76c72b402c136bd78f57a7ad25de743ef","isMergeCommit":true,"messageTitle":"Resolve merge conflicts","messageBody":"","fileTypesAndContributionMap":{}},{"hash":"3a885f5020e6daa904198346567b52b9404eed8b","isMergeCommit":false,"messageTitle":"Add update functionality to other fields","messageBody":"","fileTypesAndContributionMap":{"functional-code":{"insertions":3,"deletions":3}}},{"hash":"aa2755e450a795a9cf3abe9e093a6bbc9e527cc9","isMergeCommit":true,"messageTitle":"Merge with master","messageBody":"","fileTypesAndContributionMap":{}},{"hash":"0e2ea84ea806d8575c706c20fbdbdb0487575a3f","isMergeCommit":false,"messageTitle":"Refactor UpdateCommand and Test it","messageBody":"","fileTypesAndContributionMap":{"functional-code":{"insertions":5,"deletions":6},"test-code":{"insertions":29,"deletions":5}}},{"hash":"9058abcc673b3a99e7dcee8f9c1662acea3ed186","isMergeCommit":false,"messageTitle":"Resolve Checkstyle Errors","messageBody":"","fileTypesAndContributionMap":{"test-code":{"insertions":0,"deletions":1}}}]},{"date":"2024-10-10","commitResults":[{"hash":"0b4507a88f526b654f64058085f8ea517618e0e0","isMergeCommit":false,"messageTitle":"Revise UpdateCommand to include start date","messageBody":"","fileTypesAndContributionMap":{"functional-code":{"insertions":29,"deletions":8},"test-code":{"insertions":1,"deletions":1}}},{"hash":"31c4d14e4d5ed89b586a789cf80b214bc0ad2e6b","isMergeCommit":false,"messageTitle":"Revise output of UpdateCommand","messageBody":"","fileTypesAndContributionMap":{"functional-code":{"insertions":1,"deletions":0}}},{"hash":"5017e409a46af7edba0e2565339540c80d46fbe3","isMergeCommit":false,"messageTitle":"Structure output for Command and subclasses","messageBody":"","fileTypesAndContributionMap":{"functional-code":{"insertions":167,"deletions":15},"other":{"insertions":14,"deletions":6}}},{"hash":"b297d0bae5d6365ab2ccaa5f929721bf9e43215e","isMergeCommit":false,"messageTitle":"Structure output for InternshipList","messageBody":"","fileTypesAndContributionMap":{"functional-code":{"insertions":62,"deletions":21}}},{"hash":"641d342e0d0b89e62f0e3814f2b0a3f081de95fb","isMergeCommit":false,"messageTitle":"Structure error outputs in EasInternship main","messageBody":"","fileTypesAndContributionMap":{"functional-code":{"insertions":21,"deletions":4}}},{"hash":"a9611d2713137d1a7a96ab864411d083edb5c21d","isMergeCommit":false,"messageTitle":"Standardise flags","messageBody":"","fileTypesAndContributionMap":{"functional-code":{"insertions":5,"deletions":4}}},{"hash":"dda3f013881325268e11a8e761442dfd5c4e70e9","isMergeCommit":false,"messageTitle":"Fix Checkstyle Errors","messageBody":"","fileTypesAndContributionMap":{"functional-code":{"insertions":1,"deletions":2}}}]},{"date":"2024-10-13","commitResults":[{"hash":"b4c4892f80076d5337728bb899f931c7ba7cde0c","isMergeCommit":true,"messageTitle":"Merge pull request #40 from Ridiculouswifi/branch-updateStatus","messageBody":"UpdateCommand include start date","fileTypesAndContributionMap":{}},{"hash":"d66349da3a1440d8401075bc9348f15110f5bd80","isMergeCommit":true,"messageTitle":"Merge with master branch","messageBody":"","fileTypesAndContributionMap":{}},{"hash":"c43b2fb32ab865a6fcd80281a8b7ed43a6839e60","isMergeCommit":true,"messageTitle":"Merge pull request #41 from Ridiculouswifi/branch-UiClass","messageBody":"Structure Happy Path Output","fileTypesAndContributionMap":{}},{"hash":"325c19008f7ad9aaf0a1fc2a36648f4ecdb5d0d8","isMergeCommit":false,"messageTitle":"Handle invalid index (Non-numbers)","messageBody":"","fileTypesAndContributionMap":{"functional-code":{"insertions":41,"deletions":29},"test-code":{"insertions":32,"deletions":11}}},{"hash":"8e143c6a9f684d4f973f4d8ff2b5b9c55b7970fa","isMergeCommit":true,"messageTitle":"Merge branch \u0027master\u0027 into branch-UpdateExceptions","messageBody":"","fileTypesAndContributionMap":{}},{"hash":"c4abe0a82d7771eaa301d796167304fce04cdddf","isMergeCommit":false,"messageTitle":"Handle out of bounds index","messageBody":"","fileTypesAndContributionMap":{"functional-code":{"insertions":6,"deletions":3},"test-code":{"insertions":50,"deletions":2}}},{"hash":"b696fb60f43aff5ad6b3cf2a067c3207f762cc0f","isMergeCommit":false,"messageTitle":"Handle empty fields","messageBody":"","fileTypesAndContributionMap":{"functional-code":{"insertions":28,"deletions":4},"test-code":{"insertions":48,"deletions":12}}},{"hash":"8bd5c25ebb11f77f50453f35d96f094f0fcd6913","isMergeCommit":false,"messageTitle":"Edit updateField in Internship","messageBody":"","fileTypesAndContributionMap":{"functional-code":{"insertions":0,"deletions":3}}},{"hash":"1d7b5b11ca686c9d09748b6844d5b71703c42cbb","isMergeCommit":false,"messageTitle":"Handle invalid dates for from and to","messageBody":"","fileTypesAndContributionMap":{"functional-code":{"insertions":56,"deletions":22},"test-code":{"insertions":60,"deletions":5}}},{"hash":"9811c26fa6a9034d733f765912d43cec18904a4e","isMergeCommit":false,"messageTitle":"Refactor Internship class","messageBody":"","fileTypesAndContributionMap":{"functional-code":{"insertions":0,"deletions":32}}}]},{"date":"2024-10-14","commitResults":[{"hash":"5953b2ceef0470dc7ff568a43bf386c2681da447","isMergeCommit":false,"messageTitle":"Structure output for UpdateCommand","messageBody":"","fileTypesAndContributionMap":{"functional-code":{"insertions":57,"deletions":32},"test-code":{"insertions":35,"deletions":42}}},{"hash":"79df44e158ef796b9f69ccaae78a2af7c29c5093","isMergeCommit":false,"messageTitle":"Fix InternshipTest test cases","messageBody":"","fileTypesAndContributionMap":{"test-code":{"insertions":1,"deletions":3}}}]},{"date":"2024-10-15","commitResults":[{"hash":"2d05fc36a38acc81792e6d64ee20c1012869b647","isMergeCommit":true,"messageTitle":"Merge pull request #47 from jadenlimjc/branch-DelCommandErrorHandling","messageBody":"deleted internship is shown in UI even when invalid index has been entered","fileTypesAndContributionMap":{}}]},{"date":"2024-10-16","commitResults":[{"hash":"0641edc661cd30f563caecc64f87429dca400d51","isMergeCommit":false,"messageTitle":"Add HelpCommand class","messageBody":"","fileTypesAndContributionMap":{"functional-code":{"insertions":26,"deletions":0}}},{"hash":"9d46ed409993f353c6b7241765defc375d79f0c6","isMergeCommit":false,"messageTitle":"Add help command to parser class","messageBody":"","fileTypesAndContributionMap":{"functional-code":{"insertions":5,"deletions":7}}},{"hash":"3d3a52e1fca112ec97333248e93f7252d9403c1e","isMergeCommit":false,"messageTitle":"Refactor Parser class","messageBody":"","fileTypesAndContributionMap":{"functional-code":{"insertions":1,"deletions":3}}},{"hash":"83024dd8f2b7bf81f26ca68dcebfe5ded0a66373","isMergeCommit":false,"messageTitle":"Add Javadoc for HelpCommand class","messageBody":"","fileTypesAndContributionMap":{"functional-code":{"insertions":4,"deletions":0}}},{"hash":"70e178277e058ac3605f38192ccc2e963c4f0089","isMergeCommit":false,"messageTitle":"Structure output for help command","messageBody":"","fileTypesAndContributionMap":{"functional-code":{"insertions":15,"deletions":5}}},{"hash":"7026c2fc18438825a09e3910bc2c77c5b50ad39b","isMergeCommit":false,"messageTitle":"Further structuring of output for help","messageBody":"","fileTypesAndContributionMap":{"functional-code":{"insertions":16,"deletions":5}}},{"hash":"d3576b3e9802e8b4e6005b0361459c0b4f2a462a","isMergeCommit":false,"messageTitle":"Add exit to list of commands featured","messageBody":"","fileTypesAndContributionMap":{"functional-code":{"insertions":4,"deletions":2}}},{"hash":"6bf6ed4b75a8a4604f1f3afbb259d0178cff710b","isMergeCommit":false,"messageTitle":"Resolve checkstyle errors","messageBody":"","fileTypesAndContributionMap":{"functional-code":{"insertions":8,"deletions":1}}},{"hash":"db5f3f1e712e631b6c523c36ec288c11972e7033","isMergeCommit":true,"messageTitle":"Merge pull request #49 from jadenlimjc/branch-AddCommandErrorHandling","messageBody":"error handling not present for addCommand","fileTypesAndContributionMap":{}},{"hash":"b29c62f85bceb2c3179c1f02be452f145a74019a","isMergeCommit":true,"messageTitle":"Merge branch \u0027master\u0027 into branch-HelpCommand","messageBody":"","fileTypesAndContributionMap":{}},{"hash":"b071b31166a0505865a18007a1cdab9af8feade7","isMergeCommit":false,"messageTitle":"Debug output for DeleteCommand","messageBody":"","fileTypesAndContributionMap":{"functional-code":{"insertions":1,"deletions":1}}},{"hash":"836522591fccdb2df63e792b930d49de713fa3c2","isMergeCommit":true,"messageTitle":"Merge pull request #50 from Ridiculouswifi/branch-HelpCommand","messageBody":"Implement help command","fileTypesAndContributionMap":{}},{"hash":"ef6a038748315afb992913bce4e0516ba930dd6b","isMergeCommit":true,"messageTitle":"Merge branch \u0027master\u0027 into branch-UpdateExceptions","messageBody":"","fileTypesAndContributionMap":{}},{"hash":"aeaf102add6e63832cc933efd2f7991ab0d91c5c","isMergeCommit":false,"messageTitle":"Fix output for update command exceptions","messageBody":"","fileTypesAndContributionMap":{"functional-code":{"insertions":12,"deletions":9}}},{"hash":"f19254924947172af5d062010827d47712d9d09b","isMergeCommit":true,"messageTitle":"Merge pull request #56 from Toby-Yu/modify-SortCommand","messageBody":"Modify sort command and the sort by deadline and sort by alphabet is correct function according to the modification","fileTypesAndContributionMap":{}},{"hash":"b74e7c084e3455930d56d48e7b73aa956d9c2d79","isMergeCommit":true,"messageTitle":"Merge pull request #53 from Ridiculouswifi/branch-UpdateExceptions","messageBody":"Fix update command exception output","fileTypesAndContributionMap":{}}]},{"date":"2024-10-26","commitResults":[{"hash":"e848357dcfb6bfcbd27e03ec0bfc8ffe9a3a59ec","isMergeCommit":true,"messageTitle":"Merge branch \u0027master\u0027 into branch-UiClass","messageBody":"","fileTypesAndContributionMap":{}}]},{"date":"2024-10-27","commitResults":[{"hash":"c431cf619bc2df6484117151bfcc5a79b6ed9e8b","isMergeCommit":false,"messageTitle":"Edit output of update function with no valid fields","messageBody":"","fileTypesAndContributionMap":{"functional-code":{"insertions":6,"deletions":8}}},{"hash":"b092abd0239e69aa30c79e76cdc75e192701e0ff","isMergeCommit":true,"messageTitle":"Merge branch \u0027master\u0027 into branch-updateStatus","messageBody":"","fileTypesAndContributionMap":{}},{"hash":"1304e8cda87207ff83adce126a9d57b6d7b0c582","isMergeCommit":false,"messageTitle":"Handle more exceptiosn with update command","messageBody":"","fileTypesAndContributionMap":{"functional-code":{"insertions":6,"deletions":2}}},{"hash":"212e4babf0ae1480b497ba46f8201c086922ced5","isMergeCommit":false,"messageTitle":"Modify skills field in Internship class to be stored as ArrayList","messageBody":"","fileTypesAndContributionMap":{"functional-code":{"insertions":24,"deletions":5}}},{"hash":"bf1426b9b1be446483faa85ad87e101003dcfadc","isMergeCommit":false,"messageTitle":"Add documentation for methods related to skills","messageBody":"","fileTypesAndContributionMap":{"functional-code":{"insertions":11,"deletions":0}}},{"hash":"afd7d46b0d402dc116573284c74970763cb66e91","isMergeCommit":false,"messageTitle":"Add test cases for setSkills of Internship class","messageBody":"","fileTypesAndContributionMap":{"functional-code":{"insertions":3,"deletions":3},"test-code":{"insertions":33,"deletions":7}}},{"hash":"dbf06e25eb74e89dec0a34ce6e7da70368a56221","isMergeCommit":false,"messageTitle":"Create RemoveCommand class","messageBody":"","fileTypesAndContributionMap":{"functional-code":{"insertions":85,"deletions":15}}},{"hash":"14f8ab1156df5631b911df1b5d9b692aa03cc46c","isMergeCommit":false,"messageTitle":"Refactor Parser class","messageBody":"","fileTypesAndContributionMap":{"functional-code":{"insertions":11,"deletions":7}}},{"hash":"8374c7d42442ab4de8b9d63198a7d987fc99ee10","isMergeCommit":false,"messageTitle":"Add remove skills functionality","messageBody":"","fileTypesAndContributionMap":{"functional-code":{"insertions":28,"deletions":5}}},{"hash":"e7239fd39e14153e92840975f41671b12a044e59","isMergeCommit":false,"messageTitle":"Add test cases for removeSkill of Internship class","messageBody":"","fileTypesAndContributionMap":{"functional-code":{"insertions":1,"deletions":1},"test-code":{"insertions":30,"deletions":3}}},{"hash":"0637e57ed09bf589f3a66de7e2c7cf14e6eed67e","isMergeCommit":false,"messageTitle":"Add test cases for removeField of InternshipList class","messageBody":"","fileTypesAndContributionMap":{"test-code":{"insertions":53,"deletions":12}}},{"hash":"4facbbdeaf069b99b5ba306640760a61ceb881da","isMergeCommit":false,"messageTitle":"Add test cases for RemoveCommand","messageBody":"","fileTypesAndContributionMap":{"test-code":{"insertions":79,"deletions":2}}},{"hash":"c82990f5b7f23e8260939fa73ec40ca40c1b2d9a","isMergeCommit":true,"messageTitle":"Merge pull request #73 from Ridiculouswifi/branch-UiClass","messageBody":"Edit update function output","fileTypesAndContributionMap":{}},{"hash":"3f47c700d2d9085198a88d5f6445a8e78e862a4d","isMergeCommit":true,"messageTitle":"Merge branch \u0027master\u0027 into branch-updateStatus","messageBody":"","fileTypesAndContributionMap":{}},{"hash":"18b4282bf3545284ba584b158b702acf8ce40464","isMergeCommit":false,"messageTitle":"Resolve checkstyle errors","messageBody":"","fileTypesAndContributionMap":{"functional-code":{"insertions":10,"deletions":1}}},{"hash":"5ae59ae5f6b0ba8dc5e3db5323403591056353f9","isMergeCommit":false,"messageTitle":"Add RepoSense Docuentation","messageBody":"","fileTypesAndContributionMap":{"functional-code":{"insertions":1,"deletions":1}}},{"hash":"c977544f8d4e3b7c2950b0b00b3703caf4992d4d","isMergeCommit":false,"messageTitle":"Edit Quick Start and Add command sections","messageBody":"","fileTypesAndContributionMap":{"docs":{"insertions":9,"deletions":6}}},{"hash":"135246a4559dcd36d32f606a9f4b860d4e5fb290","isMergeCommit":false,"messageTitle":"Edit Add command section","messageBody":"","fileTypesAndContributionMap":{"docs":{"insertions":10,"deletions":11}}},{"hash":"9bf1ee9327066c8f2f54336530b9e97d3ff5a9f0","isMergeCommit":true,"messageTitle":"Merge pull request #74 from Ridiculouswifi/branch-updateStatus","messageBody":"Add function to add and remove specific skills","fileTypesAndContributionMap":{}},{"hash":"bc2133b0e3bf720b3cc864ceaa31859b43f084b7","isMergeCommit":true,"messageTitle":"Merge branch \u0027master\u0027 into branch-DeadlineClass","messageBody":"","fileTypesAndContributionMap":{}},{"hash":"eafd1cd809b55729e8531e19f43b244e27158a29","isMergeCommit":true,"messageTitle":"Merge pull request #75 from jadenlimjc/branch-DeadlineClass","messageBody":"Create deadline class","fileTypesAndContributionMap":{}},{"hash":"50fe0be6b086187ed07e74e6d30d477e03ec2854","isMergeCommit":false,"messageTitle":"Edit Update command section","messageBody":"","fileTypesAndContributionMap":{"docs":{"insertions":26,"deletions":33}}},{"hash":"cee499590d97aa13b044b4d527171f3b49d20bfa","isMergeCommit":false,"messageTitle":"Edit Internship class to hold deadlines","messageBody":"","fileTypesAndContributionMap":{"functional-code":{"insertions":8,"deletions":11}}}]},{"date":"2024-10-28","commitResults":[{"hash":"acbd54da9e7271e4951ce4882ed3fb5168ecd564","isMergeCommit":false,"messageTitle":"Add updateDeadlines method in Internship class","messageBody":"","fileTypesAndContributionMap":{"functional-code":{"insertions":77,"deletions":7},"test-code":{"insertions":30,"deletions":0}}},{"hash":"b918e3799da0e61789cb01a9cb98570757a5712c","isMergeCommit":false,"messageTitle":"Edit UpdateCommand to accept deadlines","messageBody":"","fileTypesAndContributionMap":{"functional-code":{"insertions":14,"deletions":4},"test-code":{"insertions":30,"deletions":3}}},{"hash":"ffe9b67a6e06918d298bf2dc4ea0360cea30a302","isMergeCommit":false,"messageTitle":"Correct Internship Display","messageBody":"","fileTypesAndContributionMap":{"functional-code":{"insertions":6,"deletions":4}}},{"hash":"b97ce2ace7c32455b290209b88b0b15b9ff1a7f5","isMergeCommit":false,"messageTitle":"Comment out unused functions","messageBody":"","fileTypesAndContributionMap":{"functional-code":{"insertions":5,"deletions":5}}},{"hash":"c1dfe2c819d64ba6724ac916bff0a82273efed79","isMergeCommit":false,"messageTitle":"Resolve checkstyle errors","messageBody":"","fileTypesAndContributionMap":{"functional-code":{"insertions":1,"deletions":4}}}]},{"date":"2024-10-29","commitResults":[{"hash":"e4a2b1a1cc137348d479ec4dff8bfdba60108da0","isMergeCommit":true,"messageTitle":"Fix merge conflicts","messageBody":"","fileTypesAndContributionMap":{}},{"hash":"3b3a86052e014cc109c6412acfd8bd9a3b596392","isMergeCommit":true,"messageTitle":"Merge pull request #80 from jadenlimjc/branch-plantUML","messageBody":"used plantUML for uml diagrams","fileTypesAndContributionMap":{}},{"hash":"22fb8dbda190142cf21f6f4b01c76e79439c1518","isMergeCommit":true,"messageTitle":"Merge branch \u0027master\u0027 into branch-DeveloperGuide","messageBody":"","fileTypesAndContributionMap":{}},{"hash":"9843aa953d2b4fb6ffbc3bbbb7e22c0764ce824b","isMergeCommit":false,"messageTitle":"Start UpdateCommand UML diagram","messageBody":"","fileTypesAndContributionMap":{"docs":{"insertions":30,"deletions":0}}},{"hash":"65a290ff25ec53997fcb469746d1c5285bb0614a","isMergeCommit":true,"messageTitle":"Merge branch \u0027master\u0027 into branch-DeveloperGuide","messageBody":"","fileTypesAndContributionMap":{}},{"hash":"9cf29f15d8fb980bec76f190fd6810ddcb3e22c8","isMergeCommit":true,"messageTitle":"Merge branch \u0027master\u0027 into branch-Deadline","messageBody":"","fileTypesAndContributionMap":{}},{"hash":"330cf978e4c8de8e934d193fec1d0d376f7f100c","isMergeCommit":false,"messageTitle":"Fix test error","messageBody":"","fileTypesAndContributionMap":{"functional-code":{"insertions":6,"deletions":0}}}]},{"date":"2024-10-30","commitResults":[{"hash":"150a59f0acbeb8df6512aa7a20d97a74c580a097","isMergeCommit":true,"messageTitle":"Merge pull request #76 from Ridiculouswifi/branch-Deadline","messageBody":"Able to update deadlines","fileTypesAndContributionMap":{}},{"hash":"4d8df4eba7163efff6b12d282f2214c845ebca77","isMergeCommit":false,"messageTitle":"Update UpdateCommand UML diagram","messageBody":"","fileTypesAndContributionMap":{"docs":{"insertions":13,"deletions":10}}},{"hash":"5688e82d2a80616f263dc1fd901c31c3c9ea5904","isMergeCommit":true,"messageTitle":"Merge branch \u0027master\u0027 into branch-DeveloperGuide","messageBody":"","fileTypesAndContributionMap":{}},{"hash":"7ad258bd8fa961a5e613cea07d1b1d90edd8eb4f","isMergeCommit":false,"messageTitle":"Complete UpdateCommand UML diagram","messageBody":"","fileTypesAndContributionMap":{"docs":{"insertions":60,"deletions":0}}},{"hash":"4594c5b37aa39877e784f1242e64e2f2e1caea6e","isMergeCommit":false,"messageTitle":"Start UpdateCommand section for developer guide","messageBody":"","fileTypesAndContributionMap":{"functional-code":{"insertions":1,"deletions":0},"docs":{"insertions":31,"deletions":3}}},{"hash":"b77d97dad21f41d9448ab8240b54bed746286364","isMergeCommit":false,"messageTitle":"Finish UpdateCommand section for developer guide","messageBody":"","fileTypesAndContributionMap":{"docs":{"insertions":9,"deletions":1}}},{"hash":"f087b0ead62831f4f9c5c793402a539cadc0798d","isMergeCommit":true,"messageTitle":"Merge pull request #83 from Ridiculouswifi/branch-DeveloperGuide","messageBody":"Add UpdateCommand to Developer Guide","fileTypesAndContributionMap":{}},{"hash":"bf3d3f6d80f8129e2522b0dc287bac3811857481","isMergeCommit":false,"messageTitle":"Start RemoveCommand section for developer guide","messageBody":"","fileTypesAndContributionMap":{"docs":{"insertions":31,"deletions":0}}},{"hash":"9bc6171e81a521a859b532d29795fd4229fe979f","isMergeCommit":false,"messageTitle":"Add sequence digram for RemoveCommand section","messageBody":"","fileTypesAndContributionMap":{"docs":{"insertions":79,"deletions":1}}},{"hash":"ccf3a6b8b69fcd5f7273762c019286856522f7db","isMergeCommit":true,"messageTitle":"Merge branch \u0027master\u0027 into branch-Deadline","messageBody":"","fileTypesAndContributionMap":{}},{"hash":"de18f036dab7ae11bdf3a42ceef9a0d076b85fcf","isMergeCommit":false,"messageTitle":"Add removeDeadline method and test case","messageBody":"","fileTypesAndContributionMap":{"functional-code":{"insertions":8,"deletions":4},"test-code":{"insertions":20,"deletions":0}}},{"hash":"453ea2e5225cd42b4605584f13dfd6c61aecfa0d","isMergeCommit":false,"messageTitle":"Add deadline flag to removeField method in InternshipList","messageBody":"","fileTypesAndContributionMap":{"functional-code":{"insertions":3,"deletions":0},"test-code":{"insertions":12,"deletions":0}}},{"hash":"1f5843164c8c17f98e9bf10da087bdab37401f32","isMergeCommit":false,"messageTitle":"Add commit","messageBody":"","fileTypesAndContributionMap":{"test-code":{"insertions":1,"deletions":1}}},{"hash":"92365cb81504f8cb392ec131c05da089762fbfd6","isMergeCommit":false,"messageTitle":"Add deadline flag to RemoveCommand","messageBody":"","fileTypesAndContributionMap":{"functional-code":{"insertions":1,"deletions":0},"test-code":{"insertions":27,"deletions":7}}},{"hash":"a35fbe3597ada667bdb6c1b881002e547946eae9","isMergeCommit":false,"messageTitle":"Resolve checkstyle errors","messageBody":"","fileTypesAndContributionMap":{"test-code":{"insertions":0,"deletions":1}}},{"hash":"a60876c6a217fb1a42b47939ed621d76f6d7620c","isMergeCommit":true,"messageTitle":"Resolve merge conflicts","messageBody":"","fileTypesAndContributionMap":{}},{"hash":"fcf5bcc5c6b7501f44cfbacaf61eb90b1bbc9ec9","isMergeCommit":false,"messageTitle":"Refactor user guide","messageBody":"","fileTypesAndContributionMap":{"docs":{"insertions":22,"deletions":11}}},{"hash":"c0041b143bbc744e3bcb0822ccb498fc7ce134dc","isMergeCommit":false,"messageTitle":"Start Remove Command section","messageBody":"","fileTypesAndContributionMap":{"docs":{"insertions":17,"deletions":0}}},{"hash":"053ee38d4e2e5e3c24b97a7480ce24f91fd212b2","isMergeCommit":false,"messageTitle":"Remove commented code","messageBody":"","fileTypesAndContributionMap":{"functional-code":{"insertions":0,"deletions":57}}},{"hash":"8794a9833f0162b888a787ddcdb18a1c3a74aaa3","isMergeCommit":false,"messageTitle":"Add CalendarCommand class","messageBody":"","fileTypesAndContributionMap":{"functional-code":{"insertions":43,"deletions":0}}},{"hash":"f5b34027c506167edbc16859a331cc6f4c679714","isMergeCommit":false,"messageTitle":"Add showCalendar method to UiCommand","messageBody":"","fileTypesAndContributionMap":{"functional-code":{"insertions":18,"deletions":0}}},{"hash":"4d50e6db174aab4919997c360c3185a938225c3e","isMergeCommit":false,"messageTitle":"Add calendar as function call in Parser class","messageBody":"","fileTypesAndContributionMap":{"functional-code":{"insertions":3,"deletions":1}}},{"hash":"a47c9e2a661564c6ee69c350a9281898f98646cd","isMergeCommit":false,"messageTitle":"Refactor output of calendar function","messageBody":"","fileTypesAndContributionMap":{"functional-code":{"insertions":13,"deletions":1}}},{"hash":"040d94187cf654deb54d07907cc9bc06e6d1c43f","isMergeCommit":false,"messageTitle":"Fix sorting of deadlines","messageBody":"","fileTypesAndContributionMap":{"functional-code":{"insertions":6,"deletions":3}}}]},{"date":"2024-11-01","commitResults":[{"hash":"fb528662994abe9d5ffac83efb06ed83f9809eec","isMergeCommit":false,"messageTitle":"Draft PPP","messageBody":"","fileTypesAndContributionMap":{"docs":{"insertions":69,"deletions":0}}},{"hash":"f7d87a420153fcc210342995a4fd96298d0a99d0","isMergeCommit":true,"messageTitle":"Merge pull request #95 from Toby-Yu/add-PPP","messageBody":"Update Toby Yu PPP","fileTypesAndContributionMap":{}},{"hash":"d6c5b8ece49de9ec2bdd80868dc219d62e32503c","isMergeCommit":false,"messageTitle":"Draft Jaden\u0027s PPP","messageBody":"","fileTypesAndContributionMap":{"docs":{"insertions":25,"deletions":0}}},{"hash":"a8eeb3f90cf5418a86205c5dea92f8b235970209","isMergeCommit":true,"messageTitle":"Merge pull request #97 from Ridiculouswifi/branch-PPP","messageBody":"Draft Jaden\u0027s PPP","fileTypesAndContributionMap":{}},{"hash":"51887e3db6cfcbbd7c61df92a80b18a66a1090d5","isMergeCommit":false,"messageTitle":"Draft calendar command enhancement","messageBody":"","fileTypesAndContributionMap":{"functional-code":{"insertions":22,"deletions":4}}},{"hash":"7e7e0fd9109663ea7935b6ce88df1b1e0879601e","isMergeCommit":true,"messageTitle":"Merge pull request #86 from Ridiculouswifi/branch-Deadline","messageBody":"Able to remove deadlines as well","fileTypesAndContributionMap":{}}]},{"date":"2024-11-02","commitResults":[{"hash":"f0678606fb342368e1a036ee43376d7a5d69ca0b","isMergeCommit":true,"messageTitle":"Merge branch \u0027master\u0027 into branch-UserGuide","messageBody":"","fileTypesAndContributionMap":{}},{"hash":"11f63617f43ef218d9a5570098558d0887cdc4a3","isMergeCommit":false,"messageTitle":"Add RemoveCommand to user guide","messageBody":"","fileTypesAndContributionMap":{"docs":{"insertions":95,"deletions":24}}},{"hash":"f4e3f45f902e25c6afc20270bae697f4563275c2","isMergeCommit":false,"messageTitle":"Refactor SortCommand in User Guide","messageBody":"","fileTypesAndContributionMap":{"docs":{"insertions":41,"deletions":85}}},{"hash":"c85779667651eea9dcc452aa43af89d75a7acdc9","isMergeCommit":true,"messageTitle":"Merge branch \u0027master\u0027 into branch-Deadline","messageBody":"","fileTypesAndContributionMap":{}},{"hash":"5d1ce3bd78cb038322edfdc3f73d1d865b17892d","isMergeCommit":false,"messageTitle":"Add getUsage of CalendarCommand to HelpCommand","messageBody":"","fileTypesAndContributionMap":{"functional-code":{"insertions":1,"deletions":0}}},{"hash":"9ef44b827f3552b314b017e048c18c75f5ab5aec","isMergeCommit":true,"messageTitle":"Merge branch \u0027master\u0027 into branch-UiClass","messageBody":"","fileTypesAndContributionMap":{}},{"hash":"76e2d709073c848e9bbf155f3dc10ab9765396ec","isMergeCommit":false,"messageTitle":"Refactor output of SortCommand","messageBody":"","fileTypesAndContributionMap":{"functional-code":{"insertions":61,"deletions":70}}},{"hash":"7519ed2e5555e5001a3038929b7df19775925ece","isMergeCommit":false,"messageTitle":"Refactor HelpCommand, FAQ and Invalid inputs section in User Guide","messageBody":"","fileTypesAndContributionMap":{"docs":{"insertions":13,"deletions":23}}},{"hash":"a981c936c05439afc5966e53945a7fdfd461d11c","isMergeCommit":false,"messageTitle":"Refactor FilterCommand and DeleteCommand Sections","messageBody":"","fileTypesAndContributionMap":{"docs":{"insertions":66,"deletions":66}}},{"hash":"17c9e4f8ec647bfe6de1913a9e9e974901168506","isMergeCommit":false,"messageTitle":"Add CalendarCommand section","messageBody":"","fileTypesAndContributionMap":{"docs":{"insertions":25,"deletions":0}}},{"hash":"a31f9775aa46de5ad19b8d4ebbdae07b6d4f07fd","isMergeCommit":false,"messageTitle":"Refactor Update and Remove Command sections","messageBody":"","fileTypesAndContributionMap":{"docs":{"insertions":11,"deletions":8}}},{"hash":"4ebe02cf64cfbc74f9e0f5c9d51002e17e336dd5","isMergeCommit":false,"messageTitle":"Add List Command section","messageBody":"","fileTypesAndContributionMap":{"docs":{"insertions":32,"deletions":0}}}]},{"date":"2024-11-03","commitResults":[{"hash":"9057ad7cf7bb35d143dcb16ef0534c0ad3aa9d18","isMergeCommit":false,"messageTitle":"Edit Product Description","messageBody":"","fileTypesAndContributionMap":{"docs":{"insertions":1,"deletions":3}}},{"hash":"78674a5c8918fbe4716f95512458c4998d8218bc","isMergeCommit":false,"messageTitle":"Update DeveloperGuide.md","messageBody":"","fileTypesAndContributionMap":{"docs":{"insertions":2,"deletions":2}}},{"hash":"5c77d44584fdcdc8f9179088d540cb6228dd306d","isMergeCommit":false,"messageTitle":"Resolve merge conflict","messageBody":"","fileTypesAndContributionMap":{"functional-code":{"insertions":208,"deletions":97},"docs":{"insertions":265,"deletions":313},"test-code":{"insertions":136,"deletions":0}}},{"hash":"4f2eb98c609e0d5a10fa7928fb0b6ecbe90003c9","isMergeCommit":false,"messageTitle":"Revert to previous commit","messageBody":"","fileTypesAndContributionMap":{"docs":{"insertions":306,"deletions":229}}},{"hash":"406db4b8764c9630b326031c4280a2893467f0a5","isMergeCommit":true,"messageTitle":"Resolve merge conflicts","messageBody":"","fileTypesAndContributionMap":{}}]}],"jadenlimjc":[{"date":"2024-09-30","commitResults":[{"hash":"972687841032790c2eeae5d5b976e882a5312b3e","isMergeCommit":false,"messageTitle":"edited readme and ug","messageBody":"","fileTypesAndContributionMap":{"docs":{"insertions":317,"deletions":128}}},{"hash":"c59a8b20b9ffdce090298f222c2e65c910b8f12a","isMergeCommit":false,"messageTitle":"created Internship and InternshipList class","messageBody":"","fileTypesAndContributionMap":{"functional-code":{"insertions":144,"deletions":0}}}]},{"date":"2024-10-02","commitResults":[{"hash":"34ff8b6e667857ebe9273d25ee54a02562760b07","isMergeCommit":false,"messageTitle":"edited according to java coding standard","messageBody":"","fileTypesAndContributionMap":{"functional-code":{"insertions":9,"deletions":3}}}]},{"date":"2024-10-03","commitResults":[{"hash":"29b48c0da988a68d3392019c3ea6fc77f9c5410e","isMergeCommit":false,"messageTitle":"created command class and addCommand implementation","messageBody":"","fileTypesAndContributionMap":{"functional-code":{"insertions":82,"deletions":21},"other":{"insertions":11,"deletions":9},"docs":{"insertions":2,"deletions":2}}},{"hash":"9d203e48425b1c72a41e5bdd6bfbd8d027ab8dc8","isMergeCommit":true,"messageTitle":"Merge pull request #1 from jadenlimjc/branch-EasInternshipCreation","messageBody":"Branch eas internship creation","fileTypesAndContributionMap":{}},{"hash":"db06ce8330b9e18cf79e32f2516a0815f31cd24b","isMergeCommit":true,"messageTitle":"Merge pull request #2 from jadenlimjc/master","messageBody":"merge from EasInternship Creation","fileTypesAndContributionMap":{}},{"hash":"be8f9e177d68b0764fd3cec9857a446cf4c0b06e","isMergeCommit":false,"messageTitle":"fixed formatting errors","messageBody":"","fileTypesAndContributionMap":{"functional-code":{"insertions":15,"deletions":7}}},{"hash":"2f0b8cd86d657a4ab9e5d142ff1d57becb135a0e","isMergeCommit":false,"messageTitle":"fix formatting errors","messageBody":"","fileTypesAndContributionMap":{"functional-code":{"insertions":31,"deletions":31}}},{"hash":"0b700f8fda40c51458df06a7564afb56720fa9fd","isMergeCommit":false,"messageTitle":"fix formatting errors","messageBody":"","fileTypesAndContributionMap":{"other":{"insertions":1,"deletions":1}}},{"hash":"e19535b7fb7a07f62605e9c3a75ab9a1b0324286","isMergeCommit":false,"messageTitle":"fix formatting errors","messageBody":"","fileTypesAndContributionMap":{"functional-code":{"insertions":8,"deletions":2}}},{"hash":"5e540ed72ada2ec26ec8a7f97a2fb80e5648fed4","isMergeCommit":false,"messageTitle":"fix formatting errors","messageBody":"","fileTypesAndContributionMap":{"functional-code":{"insertions":1,"deletions":0}}},{"hash":"9cdcbed694cb8feb524b0bc76e4f536e6572d891","isMergeCommit":false,"messageTitle":"fix formatting error","messageBody":"","fileTypesAndContributionMap":{"functional-code":{"insertions":1,"deletions":1}}},{"hash":"8939ad38deae32a8acc87c43ebf49e4776a5ab5d","isMergeCommit":false,"messageTitle":"fix formatting","messageBody":"","fileTypesAndContributionMap":{"functional-code":{"insertions":0,"deletions":3}}},{"hash":"bf834ec09d8828f5eec5c627c4dcd7f7be9ac596","isMergeCommit":false,"messageTitle":"updated AboutMe","messageBody":"","fileTypesAndContributionMap":{"docs":{"insertions":7,"deletions":7}}},{"hash":"9e04fc5cd31be82c5e6f6aea2ab00f3713d57977","isMergeCommit":false,"messageTitle":"fix formatting errors","messageBody":"","fileTypesAndContributionMap":{"docs":{"insertions":1,"deletions":1}}},{"hash":"af13d0310c351ca53700ef0c9dbc1a595c5767fe","isMergeCommit":true,"messageTitle":"Merge branch \u0027pr/5\u0027","messageBody":"","fileTypesAndContributionMap":{}},{"hash":"00d14fd90cec6c795e6b263d502bacb7f0862b8e","isMergeCommit":false,"messageTitle":"Revert \"Merge branch \u0027pr/5\u0027\"","messageBody":"This reverts commit af13d0310c351ca53700ef0c9dbc1a595c5767fe, reversing\nchanges made to 49d1502290292a1b92d084eb6278e71924dff4c4.\n","fileTypesAndContributionMap":{"functional-code":{"insertions":1,"deletions":226},"docs":{"insertions":17,"deletions":333}}},{"hash":"96a744840e413c95790165fbb363a619e25b02df","isMergeCommit":false,"messageTitle":"Reapply \"Merge branch \u0027pr/5\u0027\"","messageBody":"This reverts commit 00d14fd90cec6c795e6b263d502bacb7f0862b8e.\n","fileTypesAndContributionMap":{"functional-code":{"insertions":226,"deletions":1},"docs":{"insertions":333,"deletions":17}}},{"hash":"2ab274874893e49589f5ffba355e9dfac439e1e6","isMergeCommit":false,"messageTitle":"fixed merge conflicts","messageBody":"","fileTypesAndContributionMap":{"docs":{"insertions":3,"deletions":4}}},{"hash":"99762fe7bcb550a2aa92911fd311b40ff2efb72c","isMergeCommit":true,"messageTitle":"Merge branch \u0027AY2425S1-CS2113-T10-1:master\u0027 into master","messageBody":"","fileTypesAndContributionMap":{}}]},{"date":"2024-10-04","commitResults":[{"hash":"e6d9150afcf0eaa1b50932072752de5d8d47f24b","isMergeCommit":false,"messageTitle":"Update AddCommand Function","messageBody":"","fileTypesAndContributionMap":{"functional-code":{"insertions":13,"deletions":15}}},{"hash":"5127826561a6252260b86e7f3d295f4f5aecee06","isMergeCommit":false,"messageTitle":"Update AddCommand Function","messageBody":"","fileTypesAndContributionMap":{"functional-code":{"insertions":0,"deletions":1}}},{"hash":"92e2d55a4283c0c0bb13d94c8159e365e0055652","isMergeCommit":true,"messageTitle":"Merge pull request #16 from jadenlimjc/master","messageBody":"Create AddCommand implementation of Command","fileTypesAndContributionMap":{}}]},{"date":"2024-10-05","commitResults":[{"hash":"0b7eef6c7a5073726f76fad7e99f3c4c15024fa5","isMergeCommit":false,"messageTitle":"Created Delete Command, Changed AddCommand to reference InternshipList","messageBody":"","fileTypesAndContributionMap":{"functional-code":{"insertions":30,"deletions":4}}},{"hash":"9547adc239ab5123fabaa9a273047e7681a0e079","isMergeCommit":false,"messageTitle":"Change reference names to suit logic better","messageBody":"","fileTypesAndContributionMap":{"functional-code":{"insertions":6,"deletions":6}}}]},{"date":"2024-10-08","commitResults":[{"hash":"fc03b8784ea39d5429c7750382f178105ae15427","isMergeCommit":false,"messageTitle":"completed Storage class","messageBody":"","fileTypesAndContributionMap":{"functional-code":{"insertions":80,"deletions":0}}}]},{"date":"2024-10-09","commitResults":[{"hash":"ea9cda45a3eeae204b7eb2048e6cdfc80db724b7","isMergeCommit":true,"messageTitle":"Merge pull request #35 from rahuljai-05/Rahul-ParserClass","messageBody":"Create parser to understand user inputs","fileTypesAndContributionMap":{}},{"hash":"9b4165f909b2df0c06deb66bfd7b498f89bf8d5b","isMergeCommit":true,"messageTitle":"Merge branch \u0027AY2425S1-CS2113-T10-1:master\u0027 into branch-Storage","messageBody":"","fileTypesAndContributionMap":{}},{"hash":"e54e260ee29661dbed7142e8c2c80b44e58fe82b","isMergeCommit":false,"messageTitle":"fixed indentation errors","messageBody":"","fileTypesAndContributionMap":{"functional-code":{"insertions":9,"deletions":8}}},{"hash":"95bc3fb3cf28f3be0c0ffb2551ccf962e51fd4d0","isMergeCommit":false,"messageTitle":"fixed indentation errors","messageBody":"","fileTypesAndContributionMap":{"functional-code":{"insertions":7,"deletions":7}}},{"hash":"945129331fc4b4c4c57c87749d6dee98a61c4d4a","isMergeCommit":false,"messageTitle":"fixed indentation errors","messageBody":"","fileTypesAndContributionMap":{"functional-code":{"insertions":8,"deletions":8}}},{"hash":"7eb5794d17becd8dbd935f3aeed190315a4ab157","isMergeCommit":false,"messageTitle":"fixed indentation errors","messageBody":"","fileTypesAndContributionMap":{"functional-code":{"insertions":7,"deletions":7}}},{"hash":"46344dedf9d2e6eb7316c231c8d03967a17fd872","isMergeCommit":false,"messageTitle":"fixed indentation errors","messageBody":"","fileTypesAndContributionMap":{"functional-code":{"insertions":8,"deletions":8}}},{"hash":"be3b4b167f303228c50c2fae5f677c67958b5710","isMergeCommit":false,"messageTitle":"fixed indentation errors","messageBody":"","fileTypesAndContributionMap":{"functional-code":{"insertions":9,"deletions":9}}},{"hash":"7283749c73e1d7411a82db7e5a6fc013f3b25b70","isMergeCommit":false,"messageTitle":"fixed indentation errors","messageBody":"","fileTypesAndContributionMap":{"functional-code":{"insertions":6,"deletions":6}}},{"hash":"a7a187b2a6ade1bff35cac929f044b4af7172536","isMergeCommit":false,"messageTitle":"fixed indentation errors","messageBody":"","fileTypesAndContributionMap":{"functional-code":{"insertions":9,"deletions":9}}},{"hash":"9836dfacee07f1517d03a63abf90c3ec3607bf87","isMergeCommit":false,"messageTitle":"fixed indentation errors","messageBody":"","fileTypesAndContributionMap":{"functional-code":{"insertions":6,"deletions":6}}}]},{"date":"2024-10-10","commitResults":[{"hash":"d853d536cb968c6ac5154790a38f1eb08c89b96a","isMergeCommit":false,"messageTitle":"added storage to main class","messageBody":"","fileTypesAndContributionMap":{"functional-code":{"insertions":2,"deletions":0}}},{"hash":"fdd799d45bcc8f4a8363ff6ccdf928ba865402f3","isMergeCommit":true,"messageTitle":"Merge pull request #37 from Ridiculouswifi/branch-updateStatus","messageBody":"UpdateCommand update different fields","fileTypesAndContributionMap":{}},{"hash":"495187685f1b9aa6da6b1201e3b075d59a442212","isMergeCommit":true,"messageTitle":"Merge pull request #36 from jadenlimjc/branch-Storage","messageBody":"Create Storage Class","fileTypesAndContributionMap":{}}]},{"date":"2024-10-14","commitResults":[{"hash":"eefc09d356affa60e2d8e331c773dfa27a48c404","isMergeCommit":true,"messageTitle":"Merge pull request #45 from Ridiculouswifi/branch-UpdateExceptions","messageBody":"Branch update exceptions","fileTypesAndContributionMap":{}},{"hash":"edcb02f093580f77f3e8a14fa4c51f1bc68d7720","isMergeCommit":false,"messageTitle":"moved ui.showDeletedInternship to InternshipList to prevent case where the deleted internship is showed even when invalid index is entered.","messageBody":"","fileTypesAndContributionMap":{"functional-code":{"insertions":14,"deletions":9}}},{"hash":"d31ca73ff72e9fa2b9ccb7e15d4fc0efeb45d072","isMergeCommit":false,"messageTitle":"added error handling for add command","messageBody":"","fileTypesAndContributionMap":{"functional-code":{"insertions":18,"deletions":3},"test-code":{"insertions":4,"deletions":0}}}]},{"date":"2024-10-16","commitResults":[{"hash":"a7d9464c46a88b96e3417313150c06084312a1a7","isMergeCommit":false,"messageTitle":"made error handling for add command more comprehensive","messageBody":"","fileTypesAndContributionMap":{"functional-code":{"insertions":11,"deletions":5}}},{"hash":"7bb961409b030e509610c5006556f2fc2452979a","isMergeCommit":true,"messageTitle":"Merge pull request #58 from rahuljai-05/Rahul-ErrorHandling","messageBody":"Rahul error handling","fileTypesAndContributionMap":{}},{"hash":"41902584dd44b9a03ec1f35e1ddc174e1961cd87","isMergeCommit":false,"messageTitle":"added AddCommand jUnit Test","messageBody":"","fileTypesAndContributionMap":{"test-code":{"insertions":63,"deletions":1}}},{"hash":"ff74833189bbfee1bf703c0aedb68575189adbbf","isMergeCommit":false,"messageTitle":"changed checkstyle errors","messageBody":"","fileTypesAndContributionMap":{"functional-code":{"insertions":2,"deletions":4}}},{"hash":"ce2ffc6dc2dada87b85cc29fb849211ad200a8ed","isMergeCommit":false,"messageTitle":"fixed checkstyle errors","messageBody":"","fileTypesAndContributionMap":{"test-code":{"insertions":3,"deletions":3}}},{"hash":"9c3cde33da7e71a088a667dd0916a738e2899392","isMergeCommit":false,"messageTitle":"created jar file","messageBody":"","fileTypesAndContributionMap":{"docs":{"insertions":1,"deletions":0}}}]},{"date":"2024-10-24","commitResults":[{"hash":"247acb8919f898a1d48aaf7369bd54bc268686b0","isMergeCommit":true,"messageTitle":"Merge branch \u0027AY2425S1-CS2113-T10-1:master\u0027 into master","messageBody":"","fileTypesAndContributionMap":{}}]},{"date":"2024-10-27","commitResults":[{"hash":"f7cc2404e91c20939682716079586a758fa9a708","isMergeCommit":false,"messageTitle":"created deadline class and related functions","messageBody":"","fileTypesAndContributionMap":{"functional-code":{"insertions":288,"deletions":28}}},{"hash":"161a44b5b844fedadc11f8aab4723962e08bc2bb","isMergeCommit":false,"messageTitle":"Created deadline class and added relevant functions","messageBody":"","fileTypesAndContributionMap":{"functional-code":{"insertions":1,"deletions":1}}}]},{"date":"2024-10-28","commitResults":[{"hash":"8e158fc32982352066e5d0b25dfb92b2ba8a8a54","isMergeCommit":false,"messageTitle":"added AddCommand and Delete Command to DG","messageBody":"","fileTypesAndContributionMap":{"functional-code":{"insertions":6,"deletions":6},"docs":{"insertions":64,"deletions":2}}}]},{"date":"2024-10-29","commitResults":[{"hash":"99d5a4c7b57904b98d529826604e719fbef6ff78","isMergeCommit":false,"messageTitle":"updated sequence diagrams for AddCommand and DeleteCommand, added class diagram for Internship, InternshipList and Deadline, added sequence diagram for saveToFile and loadFromFile","messageBody":"","fileTypesAndContributionMap":{"functional-code":{"insertions":4,"deletions":1},"docs":{"insertions":287,"deletions":8}}},{"hash":"b9b8ca70375a4bb197bd5611efa9be3287468eb5","isMergeCommit":true,"messageTitle":"Merge branch \u0027master\u0027 into branch-plantUML","messageBody":"","fileTypesAndContributionMap":{}}]},{"date":"2024-11-01","commitResults":[{"hash":"d67ad758bf7f33e35ec08390b09c059702aeef9b","isMergeCommit":false,"messageTitle":"updated PPP","messageBody":"","fileTypesAndContributionMap":{"docs":{"insertions":30,"deletions":4}}},{"hash":"b01f06d4efb439876b2c802886d8f2132f15835a","isMergeCommit":false,"messageTitle":"updated new feature in PPP","messageBody":"","fileTypesAndContributionMap":{"docs":{"insertions":7,"deletions":2}}}]},{"date":"2024-11-03","commitResults":[{"hash":"6e0646107c46002d116fb28f8bdbe6922c22888d","isMergeCommit":false,"messageTitle":"added assertions to internship and internshiplist","messageBody":"","fileTypesAndContributionMap":{"functional-code":{"insertions":18,"deletions":0}}},{"hash":"f6141c8ec00ac388b83ba6f7f09208819fd814c4","isMergeCommit":false,"messageTitle":"edited plantUML diagrams","messageBody":"","fileTypesAndContributionMap":{"docs":{"insertions":100,"deletions":96}}}]},{"date":"2024-11-04","commitResults":[{"hash":"0b2105e05ede30b30ac9a69ca8b5cc4cfb58168d","isMergeCommit":false,"messageTitle":"merge with assertion branch","messageBody":"","fileTypesAndContributionMap":{"functional-code":{"insertions":1,"deletions":2}}}]}],"rahuljai-05":[{"date":"2024-10-03","commitResults":[{"hash":"6ddb5c442f6a8088e8be1d19bf091faa0b1d2179","isMergeCommit":false,"messageTitle":"Change AboutUs document to reflect real name and profile","messageBody":"","fileTypesAndContributionMap":{"docs":{"insertions":3,"deletions":7}}},{"hash":"1bbec4b3dd68a4b0ec968207e847b2710b6123a6","isMergeCommit":true,"messageTitle":"Resolve conflicts with RidiculousWifi and merge","messageBody":"# Conflicts:\n#\tdocs/AboutUs.md\n","fileTypesAndContributionMap":{}}]},{"date":"2024-10-05","commitResults":[{"hash":"68f0dcc149fdae0541faea19368443ef6f18d6b0","isMergeCommit":true,"messageTitle":"Merge pull request #23 from jadenlimjc/branch-DeleteCommand","messageBody":"Create DeleteCommand Implementation of Command","fileTypesAndContributionMap":{}}]},{"date":"2024-10-06","commitResults":[{"hash":"4ac015b473fe1eca35c8eb1c7d988952ae24e875","isMergeCommit":true,"messageTitle":"Merge pull request #32 from Ridiculouswifi/branch-UiClass","messageBody":"Implemented Ui class","fileTypesAndContributionMap":{}}]},{"date":"2024-10-07","commitResults":[{"hash":"9cc33c11e4fd052e27c6ba66de03f6bd46ecfc9b","isMergeCommit":true,"messageTitle":"Merge pull request #31 from Ridiculouswifi/branch-updateStatus","messageBody":"Implemented Update Status","fileTypesAndContributionMap":{}},{"hash":"1d2f0140174c3d911b56743297a32c4017818404","isMergeCommit":false,"messageTitle":"Implement basic filter command functionality","messageBody":"Added a FilterCommand class\nAdded a functional interface so as to be able to create\nlambdas within the FilterCommand class\nChanged a string in the InternshipList class to better\ndescribe the general case where no internships are\nfound in the Array list\n","fileTypesAndContributionMap":{"functional-code":{"insertions":67,"deletions":2}}},{"hash":"1568ee15b3e7c5efa83c7ec5194d9a9d07063464","isMergeCommit":true,"messageTitle":"Resolve merge conflicts","messageBody":"Moved the FilterCommand and related classes to the\nnew commands package.\nChanged the way the setId(int index) function was called\nin certain places to account for the proper numbering of\nID\u0027s when it is to be displayed to the user.\nChanged the internships variable within the\nInternshipList class from a static to a non-static member.\nOtherwise, everytime a new InternshipList class is created,\nthe ArrayList of internships is reset and all data is lost.\nTested and ensured basic functionality of all the commands,\ngiven the right input parameter lists.\n","fileTypesAndContributionMap":{}},{"hash":"1b1c66f17e602a08dd7618adcc25c43d563ff3a4","isMergeCommit":false,"messageTitle":"Fix checkstyle issue","messageBody":"Removed unused imports\nPlaced the static members above\nthe non static members in the\nUpdateCommand class\n","fileTypesAndContributionMap":{"functional-code":{"insertions":2,"deletions":3}}}]},{"date":"2024-10-08","commitResults":[{"hash":"c333877a7825729bf4af103fc52fd0598ff0ea05","isMergeCommit":true,"messageTitle":"Merge branch \u0027master\u0027 of https://github.com/AY2425S1-CS2113-T10-1/tp","messageBody":"","fileTypesAndContributionMap":{}},{"hash":"3e4aa5d22770fecb09289b0dd5b28c45b8af5d8a","isMergeCommit":true,"messageTitle":"Merge pull request #34 from Toby-Yu/master","messageBody":"Modified the Duke main class and modify the the SortCommand.","fileTypesAndContributionMap":{}},{"hash":"906ad8f9e16b855e9a6d94708a350ef7c3d8fccd","isMergeCommit":true,"messageTitle":"Merge branch \u0027master\u0027 of https://github.com/AY2425S1-CS2113-T10-1/tp","messageBody":"","fileTypesAndContributionMap":{}},{"hash":"a4acd2fc62979c5121267eadc6fcef56bb18d756","isMergeCommit":false,"messageTitle":"Implement new Parser class and integrate with existing code","messageBody":"Changed the Command interface to an abstract class so as to facilitate the\nsharing of common members such as INDEX_FIELD, INDEX_DATA and the\nmain internships list. Also, added a function so as to set from the main loop -\nthe common internship list for all commands to access, read and modify,\n\nDeleted constructors within the subclass commands as they are instantiated\nfrom the parent abstract class already. Changed the parameter type of the execute\nfunction from String[] to ArrayList\u003cString\u003e so that we can call more functions\nto easily manipulate the arguments that are passed into the function.\n\nGave a default id value for internships which haven\u0027t been instantiated yet.\n\nAdded a new file under the test folder just to showcase\nhow to operate the program and the expected behaviour/syntax.\nSample inputs and outputs only cover the basic cases without testing\ntoo many edge cases.\n","fileTypesAndContributionMap":{"functional-code":{"insertions":200,"deletions":138}}},{"hash":"1b03461d2cbc338d306e597d42ff3b1594f5a5c7","isMergeCommit":false,"messageTitle":"Fix checkstyle issues","messageBody":"","fileTypesAndContributionMap":{"functional-code":{"insertions":11,"deletions":9}}}]},{"date":"2024-10-15","commitResults":[{"hash":"6cc7bfd9f8eb0588313ba2a06659e4d803121686","isMergeCommit":true,"messageTitle":"Merge branch \u0027master\u0027 of https://github.com/AY2425S1-CS2113-T10-1/tp","messageBody":"","fileTypesAndContributionMap":{}}]},{"date":"2024-10-16","commitResults":[{"hash":"b1e868199ba83a171761b070f9848f43ac202412","isMergeCommit":true,"messageTitle":"Merge branch \u0027master\u0027 of https://github.com/AY2425S1-CS2113-T10-1/tp","messageBody":"","fileTypesAndContributionMap":{}},{"hash":"ddb2e647c9092e07ea39408e47a8ee5696fb64c3","isMergeCommit":true,"messageTitle":"Merge branch \u0027master\u0027 of https://github.com/AY2425S1-CS2113-T10-1/tp","messageBody":"","fileTypesAndContributionMap":{}},{"hash":"b7cccbf746b614ce2c31b1004c609a6a80ee98f4","isMergeCommit":true,"messageTitle":"Merge pull request #57 from jadenlimjc/branch-AddCommandErrorHandling","messageBody":"made error handling for add command more comprehensive","fileTypesAndContributionMap":{}},{"hash":"b194731e2d7dfde17eeb8d657ac2f67f59f323a7","isMergeCommit":false,"messageTitle":"Handle edge cases","messageBody":"Fixed bugs in DeleteCommand, FilterCommand,\nSortCommand and Parser input to UpdateCommand\n","fileTypesAndContributionMap":{"functional-code":{"insertions":96,"deletions":62}}},{"hash":"8f7621fa2a981f16a5924d44c63fd78098bda889","isMergeCommit":false,"messageTitle":"Fix bugs","messageBody":"Fixed an issue because of which the list command\nand help command did not work.\nFixed an issue related to the case where no input\nis given after a command which requires additional\ninput.\n","fileTypesAndContributionMap":{"functional-code":{"insertions":19,"deletions":15}}},{"hash":"08f116d48845eccb07bb02878923c926802b57a1","isMergeCommit":true,"messageTitle":"Merge pull request #60 from jadenlimjc/branch-AddCommandTest","messageBody":"added AddCommand jUnit Test","tags":["v1.0"],"fileTypesAndContributionMap":{}}]},{"date":"2024-10-24","commitResults":[{"hash":"8c9e1044d01b8dd63ca314eea0e32001e4b39cc5","isMergeCommit":false,"messageTitle":"Add Junit Tests for FilterCommand","messageBody":"","fileTypesAndContributionMap":{"functional-code":{"insertions":5,"deletions":1},"test-code":{"insertions":107,"deletions":0}}},{"hash":"2d7a8031086848088eb3157dae6386b3095e7915","isMergeCommit":false,"messageTitle":"Change DeleteCommand flag","messageBody":"","fileTypesAndContributionMap":{"functional-code":{"insertions":2,"deletions":2}}},{"hash":"5a0defcc6deae1450a17e047d598990c76f802a3","isMergeCommit":true,"messageTitle":"Merge pull request #64 from Toby-Yu/add-comment-for-responSense","messageBody":"Add comment for the RepoSense and update the developerGuide for SortC…","fileTypesAndContributionMap":{}},{"hash":"dc3035a579a1736435216b56109993f0870b0c1b","isMergeCommit":true,"messageTitle":"Merge pull request #65 from rahuljai-05/Rahul-JUnitTests","messageBody":"Add Junit Tests for FilterCommand","fileTypesAndContributionMap":{}}]},{"date":"2024-10-26","commitResults":[{"hash":"d2a674c4840a833f1260bfdc6d922171035f7850","isMergeCommit":false,"messageTitle":"Filter by multiple flags","messageBody":"","fileTypesAndContributionMap":{"functional-code":{"insertions":46,"deletions":32},"test-code":{"insertions":17,"deletions":12}}},{"hash":"338caba54aa55c4f04c10bd2ebc183a2f7ca51d7","isMergeCommit":false,"messageTitle":"Enable assertions","messageBody":"","fileTypesAndContributionMap":{"other":{"insertions":1,"deletions":0}}},{"hash":"67fc1d5985f53f9f2d777be04d56ae3fabfc7699","isMergeCommit":false,"messageTitle":"Add filter by date intervals functionality and assertions to code","messageBody":"","fileTypesAndContributionMap":{"functional-code":{"insertions":60,"deletions":3}}},{"hash":"d460b32a5bb1266fb40b9402b9ff9b35203a4630","isMergeCommit":false,"messageTitle":"Add more test cases for FilterCommand","messageBody":"","fileTypesAndContributionMap":{"test-code":{"insertions":111,"deletions":22}}},{"hash":"a7be450f07761b71e7be26069f60967012488910","isMergeCommit":false,"messageTitle":"Clean up test code","messageBody":"","fileTypesAndContributionMap":{"test-code":{"insertions":6,"deletions":17}}},{"hash":"a4f951b63295358eda34e7779822809799747782","isMergeCommit":false,"messageTitle":"Fix checkstyle errors","messageBody":"Reordered the declaration of member\nvariables within the FilterCommand class\n","fileTypesAndContributionMap":{"functional-code":{"insertions":3,"deletions":3}}},{"hash":"532ec808903190e83b561e017ba5c656ec7c7977","isMergeCommit":false,"messageTitle":"Fix checkstyle errors","messageBody":"Move public member up the order and\nadd spaces between the groups of\nmember variables\n","fileTypesAndContributionMap":{"functional-code":{"insertions":3,"deletions":1}}},{"hash":"9ba812db57b217d8462d3385f52563a0e343eb7c","isMergeCommit":false,"messageTitle":"Fix checkstyle errors","messageBody":"","fileTypesAndContributionMap":{"functional-code":{"insertions":2,"deletions":2}}}]},{"date":"2024-10-28","commitResults":[{"hash":"a98427a2e5d5da51eca1c62838cdc6251d075cbd","isMergeCommit":false,"messageTitle":"Make FilterCommand code more defensive","messageBody":"Account for invalid dates which may be entered\nby the user\n","fileTypesAndContributionMap":{"functional-code":{"insertions":18,"deletions":13}}},{"hash":"4a86fc35686e809e0721a53f56fff26a3e7218bf","isMergeCommit":false,"messageTitle":"Refactor Parser class","messageBody":"Add guard clauses and\nassertions\n","fileTypesAndContributionMap":{"functional-code":{"insertions":39,"deletions":23}}},{"hash":"93c4b7158a7c32347520e8e93dfb337d05420ffd","isMergeCommit":false,"messageTitle":"Change SortCommand class Ui output","messageBody":"Make SortCommand class\u0027 unknown flag\nerror message similar to other class\u0027 error\nmessages\n","fileTypesAndContributionMap":{"functional-code":{"insertions":3,"deletions":1}}}]},{"date":"2024-10-29","commitResults":[{"hash":"7d330d830720f3791b6d872f9eb4d61a1875753f","isMergeCommit":false,"messageTitle":"Test edge cases","messageBody":"Account for more edge cases in\nthe Parser class such as whitespaces input\nand empty flags\n\nTrim all inputs for added security\n","fileTypesAndContributionMap":{"functional-code":{"insertions":22,"deletions":6},"test-code":{"insertions":434,"deletions":0}}},{"hash":"f69fa75716a8c7301078085062165a28f85e32ec","isMergeCommit":true,"messageTitle":"Reslove merge conflicts","messageBody":"# Conflicts:\n#\tsrc/main/java/seedu/commands/FilterCommand.java\n#\tsrc/main/java/seedu/commands/SortCommand.java\n#\tsrc/main/java/seedu/duke/Parser.java\n","fileTypesAndContributionMap":{}},{"hash":"30a11f1f00255d2c78d6376ad33ffe3cb2aca3d2","isMergeCommit":false,"messageTitle":"Fix checkstyle errors","messageBody":"Import errors\n","fileTypesAndContributionMap":{"test-code":{"insertions":12,"deletions":2}}},{"hash":"2cb29f42e9c5574287f696ae2ce39eae844692f0","isMergeCommit":true,"messageTitle":"Merge pull request #69 from rahuljai-05/Rahul-Assertions","messageBody":"Enable assertions and extend filter command functionality","fileTypesAndContributionMap":{}},{"hash":"e064eae6b41c2e54936d90b34c2bc530ea48f7a8","isMergeCommit":false,"messageTitle":"Remove redundant lines","messageBody":"","fileTypesAndContributionMap":{"functional-code":{"insertions":0,"deletions":6}}}]},{"date":"2024-10-30","commitResults":[{"hash":"f3b967a4b2564ef2937c75e66ff43ffc40ab22ba","isMergeCommit":false,"messageTitle":"Implement FavouriteCommand functionality","messageBody":"Ability to mark certain internships as favourite\n","fileTypesAndContributionMap":{"functional-code":{"insertions":55,"deletions":0},"test-code":{"insertions":136,"deletions":0}}},{"hash":"942f05d0ebafb5d47891af1d4eede4a400b96362","isMergeCommit":false,"messageTitle":"Parser modifications to account for FavouriteCommand","messageBody":"","fileTypesAndContributionMap":{"functional-code":{"insertions":14,"deletions":10}}},{"hash":"d9fe3bfdd54fa9a6b8c639ff9f38b3ac3f57fac9","isMergeCommit":false,"messageTitle":"Add functionality to filter by Favourite internships","messageBody":"","fileTypesAndContributionMap":{"functional-code":{"insertions":49,"deletions":8}}},{"hash":"2eafdc8779707edd9104c7cffc486e51ab9d65d2","isMergeCommit":false,"messageTitle":"Change storage code to save and load favouriteInternships","messageBody":"","fileTypesAndContributionMap":{"functional-code":{"insertions":35,"deletions":17}}},{"hash":"122191d7ee9c5fda3e2d08c4e3d6090c8b46dfbf","isMergeCommit":false,"messageTitle":"Remove wildcard import","messageBody":"","fileTypesAndContributionMap":{"functional-code":{"insertions":10,"deletions":1}}},{"hash":"5e258ba147180fa7e947bf0ad1cb7edbd3270dc9","isMergeCommit":false,"messageTitle":"Add newline and remove unused import","messageBody":"","fileTypesAndContributionMap":{"functional-code":{"insertions":0,"deletions":1},"test-code":{"insertions":1,"deletions":1}}},{"hash":"ddc665c4b39e1706de5b2bb8ffa205d41be189c4","isMergeCommit":false,"messageTitle":"Change fav command/flag to favourite","messageBody":"","fileTypesAndContributionMap":{"functional-code":{"insertions":3,"deletions":3}}},{"hash":"88c44ca00e24a1704a71f0a43a4fadada3caa074","isMergeCommit":false,"messageTitle":"FilterCommand Plant UML","messageBody":"","fileTypesAndContributionMap":{"docs":{"insertions":44,"deletions":0}}},{"hash":"812e123366ac479b72ae8a70413a76853987e6ee","isMergeCommit":false,"messageTitle":"Add FilterCommand info to Developer Guide","messageBody":"","fileTypesAndContributionMap":{"docs":{"insertions":42,"deletions":0}}},{"hash":"182344fb3ebfdb070ceaf6e26aa965527c2a1ef5","isMergeCommit":true,"messageTitle":"Resolve merge conflicts","messageBody":"# Conflicts:\n#\tdocs/DeveloperGuide.md\n","fileTypesAndContributionMap":{}}]},{"date":"2024-11-03","commitResults":[{"hash":"a845e99e3a6cb750b88893e9c9c712af82de3369","isMergeCommit":true,"messageTitle":"Resolve merge conflicts","messageBody":"# Conflicts:\n#\tsrc/main/java/seedu/duke/Internship.java\n#\tsrc/main/java/seedu/duke/Parser.java\n#\tsrc/main/java/seedu/duke/Storage.java\n","fileTypesAndContributionMap":{}},{"hash":"745f6a7d10ba0305a0bfc3eefbca5b03c4344419","isMergeCommit":true,"messageTitle":"Merge pull request #82 from rahuljai-05/Rahul-Favourites","messageBody":"Implement functionality to mark internships as favourite and filter by favourite internships","fileTypesAndContributionMap":{}}]}],"Toby-Yu":[{"date":"2024-10-03","commitResults":[{"hash":"d5a0c39d88dd200897daa8a51387a28d97c6317b","isMergeCommit":false,"messageTitle":"Update the first line in the docs.AboutUs.md page and delete the rest of the lines","messageBody":"","fileTypesAndContributionMap":{"docs":{"insertions":3,"deletions":7}}},{"hash":"fd42a03a0d3d592f38213b23eb14e5f95d06a037","isMergeCommit":false,"messageTitle":"correct version of update of AboutUs","messageBody":"","fileTypesAndContributionMap":{"docs":{"insertions":1,"deletions":1}}},{"hash":"fd960ccad6a5ed98b3af3d3ab9f3f1026a8b7432","isMergeCommit":true,"messageTitle":"Merge pull request #2 from Ridiculouswifi/TingHui-AboutUs","messageBody":"Added personal details to AboutUs","fileTypesAndContributionMap":{}},{"hash":"6b623cffb83c8baf4b9d358b3393c2c4781b0ce7","isMergeCommit":false,"messageTitle":"resolve conflicts with Tan Ting Hu","messageBody":"","fileTypesAndContributionMap":{"docs":{"insertions":1,"deletions":0}}},{"hash":"42340e887775dd4feb83f74e9748275bc29e2e29","isMergeCommit":false,"messageTitle":"tutorial activities","messageBody":"","fileTypesAndContributionMap":{"docs":{"insertions":1,"deletions":2}}}]},{"date":"2024-10-05","commitResults":[{"hash":"ce00c9bf319fc1195f099189cdc05d9bfdbdbf6e","isMergeCommit":false,"messageTitle":"Add SortCommand class and update some part in InternshipList to help with the implenmentation of SortCommand Class","messageBody":"","fileTypesAndContributionMap":{"functional-code":{"insertions":65,"deletions":0}}}]},{"date":"2024-10-06","commitResults":[{"hash":"e2c1c0fbe9fe037c8657d1c81445f18154c95431","isMergeCommit":false,"messageTitle":"Refractor the name of sortedList to sortedInternships","messageBody":"","fileTypesAndContributionMap":{"functional-code":{"insertions":3,"deletions":3}}}]},{"date":"2024-10-08","commitResults":[{"hash":"89bebf52430d5af4aa0141292b451f97a270f394","isMergeCommit":false,"messageTitle":"Modified the Duke main class and modify the the SortCommand.","messageBody":"","fileTypesAndContributionMap":{"functional-code":{"insertions":102,"deletions":22}}},{"hash":"0658ff56c2f2b2c2bc7e7fb83a08810533e5c3f8","isMergeCommit":false,"messageTitle":"Update the formatting problem in SortCommand and Duke","messageBody":"","fileTypesAndContributionMap":{"functional-code":{"insertions":20,"deletions":12}}},{"hash":"8a2268dcca808e65abc334f63518ef2da4426d6e","isMergeCommit":false,"messageTitle":"Add newline at the end of SortCommand and ListCommand","messageBody":"","fileTypesAndContributionMap":{"functional-code":{"insertions":2,"deletions":2}}},{"hash":"cf764e1856e5c994907c976d0bd63f45646df437","isMergeCommit":false,"messageTitle":"Remove unused import line in Duke class","messageBody":"","fileTypesAndContributionMap":{"functional-code":{"insertions":0,"deletions":1}}},{"hash":"6b8c0520b614450cbf4481519b668b6c634d4f42","isMergeCommit":false,"messageTitle":"Add the hasNextLine in the condition of the while loop in the Duke class","messageBody":"","fileTypesAndContributionMap":{"functional-code":{"insertions":81,"deletions":1}}},{"hash":"59ab539b3ec1cd5518aa67617cd070fad622c61a","isMergeCommit":false,"messageTitle":"Add scanner.hasNextLine() Check in the Duke class to prevent the NoSuchElementException","messageBody":"","fileTypesAndContributionMap":{"functional-code":{"insertions":8,"deletions":1}}},{"hash":"c64e7fd8f96c94be3fa6a8e7059742b7bb7229e0","isMergeCommit":false,"messageTitle":"Modify the Duke class back to the default one","messageBody":"","fileTypesAndContributionMap":{"functional-code":{"insertions":14,"deletions":71}}},{"hash":"adca8190f0f22c50acbe5fa9112819d13bb536e6","isMergeCommit":false,"messageTitle":"Add newline at the end of the Duke class","messageBody":"","fileTypesAndContributionMap":{"functional-code":{"insertions":1,"deletions":1}}}]},{"date":"2024-10-13","commitResults":[{"hash":"0eedce6fc1f24581a539a254d1bd51ef98fefd8a","isMergeCommit":false,"messageTitle":"Add JUnit test for SortCommand class, modify the code to deal with some invalid output. Also add getSortMessage inside the UiCommand and modify a bit in the showSortedInternships.","messageBody":"","fileTypesAndContributionMap":{"functional-code":{"insertions":44,"deletions":30},"test-code":{"insertions":90,"deletions":0}}},{"hash":"433fa825e603754aec9e7579bc586a6876e2ec1b","isMergeCommit":false,"messageTitle":"modify the code indentation of the case","messageBody":"","fileTypesAndContributionMap":{"functional-code":{"insertions":13,"deletions":13}}},{"hash":"36c723d2fb93a765b36f7f6057ebc9d05fbd6a85","isMergeCommit":false,"messageTitle":"modify the code standard in UiCommand  and add a newline in the end of the SortCommandTest","messageBody":"","fileTypesAndContributionMap":{"functional-code":{"insertions":14,"deletions":14},"test-code":{"insertions":1,"deletions":1}}},{"hash":"dbba2ffb19cb060d69f31337206fb64398fe4359","isMergeCommit":true,"messageTitle":"Merge pull request #44 from Toby-Yu/handle-Invalid-Input-In-sortCommand","messageBody":"Add JUnit test for SortCommand class, modify the code to deal with so…","fileTypesAndContributionMap":{}}]},{"date":"2024-10-16","commitResults":[{"hash":"6aee9f4c21bf08d12767eee13eaa13682b4e39b0","isMergeCommit":false,"messageTitle":"change some value in the JUnit test for SortCommand","messageBody":"","fileTypesAndContributionMap":{"test-code":{"insertions":2,"deletions":2}}},{"hash":"fb9ccd0521f851f7c6816ab8a2208df8afdaab3c","isMergeCommit":false,"messageTitle":"Modify the sortCommand with more accurate sort by deadline and sort by alphabet","messageBody":"","fileTypesAndContributionMap":{"functional-code":{"insertions":62,"deletions":42}}},{"hash":"1965fb234538af2a505ded74ee918848e1f64b74","isMergeCommit":false,"messageTitle":"Add description on the Userguide line of the sort function.","messageBody":"","fileTypesAndContributionMap":{"docs":{"insertions":6,"deletions":7}}},{"hash":"7c131f67fb8def47b3649deb0e7c524786d3781a","isMergeCommit":false,"messageTitle":"Fix the code standard","messageBody":"","fileTypesAndContributionMap":{"functional-code":{"insertions":28,"deletions":29}}}]},{"date":"2024-10-23","commitResults":[{"hash":"24aa87a74896846db14bc6db6cb8dc848b0e77cb","isMergeCommit":false,"messageTitle":"Add comment for the RepoSense and update the developerGuide for SortCommand and EasInternship","messageBody":"","fileTypesAndContributionMap":{"functional-code":{"insertions":6,"deletions":1},"docs":{"insertions":119,"deletions":1}}}]},{"date":"2024-10-28","commitResults":[{"hash":"73dc6075c1851889ed053ac7a37336ef04ba6b6e","isMergeCommit":true,"messageTitle":"Merge pull request #77 from jadenlimjc/branch-Update-DG","messageBody":"added AddCommand and Delete Command to DG","fileTypesAndContributionMap":{}},{"hash":"4fcb45dd2d9701973866e322ffbeb154b0c5985b","isMergeCommit":false,"messageTitle":"Modify the comment for correct RepoSense","messageBody":"","fileTypesAndContributionMap":{"functional-code":{"insertions":0,"deletions":1}}},{"hash":"16e67ede05ca1aa1413a669d9e0d54adc61ce7c3","isMergeCommit":false,"messageTitle":"Add sort by status and sort by skills in SortCommand class","messageBody":"","fileTypesAndContributionMap":{"functional-code":{"insertions":67,"deletions":2}}},{"hash":"245d5b20faacd89051a1b4555dc89051e961cc0e","isMergeCommit":false,"messageTitle":"update the DG and UG for SortCommand","messageBody":"","fileTypesAndContributionMap":{"functional-code":{"insertions":2,"deletions":2},"docs":{"insertions":84,"deletions":15}}},{"hash":"44ebec64a4666411b33ddaa5c35f34000ab7687b","isMergeCommit":false,"messageTitle":"modify the standard to pass the auto check","messageBody":"","fileTypesAndContributionMap":{"functional-code":{"insertions":2,"deletions":3}}},{"hash":"f09baf6cb9c4473731b4907f019997e2221a1654","isMergeCommit":false,"messageTitle":"make to pass error in auto check","messageBody":"","fileTypesAndContributionMap":{"functional-code":{"insertions":2,"deletions":2}}},{"hash":"153cf60184fd896a90c964c796226d1cd54ed7df","isMergeCommit":true,"messageTitle":"Merge pull request #79 from Toby-Yu/add-sortBySkills_and-sortByStatus","messageBody":"Add sort by skills and sort by status. Also update the UG and DG of SortCommand","fileTypesAndContributionMap":{}}]},{"date":"2024-10-29","commitResults":[{"hash":"961d779990f41e0454f22e5a5e4ba4b03379b039","isMergeCommit":false,"messageTitle":"Update the sequence diagram of SortCommand in DG","messageBody":"","fileTypesAndContributionMap":{"docs":{"insertions":67,"deletions":7}}},{"hash":"5acd17ea516e4c6447cbe545b09db4d7f356cb91","isMergeCommit":true,"messageTitle":"Merge pull request #81 from Toby-Yu/add-sequenc-diagram-SortCommand","messageBody":"Update the sequence diagram of SortCommand in DG","fileTypesAndContributionMap":{}}]},{"date":"2024-11-01","commitResults":[{"hash":"97d717abdad3a775f9062b281b15bd301cdceee5","isMergeCommit":true,"messageTitle":"Merge pull request #88 from rahuljai-05/Rahul-DeveloperGuide","messageBody":"Add FilterCommand to Developer Guide","fileTypesAndContributionMap":{}},{"hash":"78e7ca30021948695a231cde45e6cbb6ee0e4bb4","isMergeCommit":true,"messageTitle":"Merge pull request #87 from Ridiculouswifi/branch-DeveloperGuide","messageBody":"Add RemoveCommand to developer guide","fileTypesAndContributionMap":{}},{"hash":"d4d7127f25a8ec2e279482351cf0a515f6b51cc2","isMergeCommit":false,"messageTitle":"Update Toby Yu PPP","messageBody":"","fileTypesAndContributionMap":{"docs":{"insertions":72,"deletions":8}}},{"hash":"9d3684f1b75e7f43444f3ead2f633f68a0ae0173","isMergeCommit":true,"messageTitle":"Merge pull request #96 from Ridiculouswifi/branch-PPP","messageBody":"Draft PPP (Ting Hui)","fileTypesAndContributionMap":{}}]},{"date":"2024-11-02","commitResults":[{"hash":"360f0e44350f08d8679e496658cecfb33bb3b459","isMergeCommit":true,"messageTitle":"Merge pull request #98 from Ridiculouswifi/branch-Deadline","messageBody":"Add Calendar Function","fileTypesAndContributionMap":{}},{"hash":"c532edbfc2f40a14743eb35de483f4704b3d0df6","isMergeCommit":true,"messageTitle":"Merge pull request #99 from jadenlimjc/branch-PPP","messageBody":"Updated PPP","fileTypesAndContributionMap":{}},{"hash":"0919b436a6cf9daa490bd1b69b3abf1d311f1d3b","isMergeCommit":false,"messageTitle":"update the value proposition and user story","messageBody":"","fileTypesAndContributionMap":{"docs":{"insertions":25,"deletions":5}}},{"hash":"c30a86c107f90025f2c17a326889ced6420d6341","isMergeCommit":false,"messageTitle":"update Toby-Yu PPP","messageBody":"","fileTypesAndContributionMap":{"docs":{"insertions":8,"deletions":1}}},{"hash":"2e352a4e4cbd2e0141aba22745bcbc2f9dc856c9","isMergeCommit":true,"messageTitle":"Merge pull request #113 from Ridiculouswifi/branch-UiClass","messageBody":"Refactor output of SortCommand","fileTypesAndContributionMap":{}},{"hash":"5e40e81d7c72e2f0180f3aed60bc7cfb772a1235","isMergeCommit":false,"messageTitle":"update the ug for stanard output for sortCommand","messageBody":"","fileTypesAndContributionMap":{"docs":{"insertions":34,"deletions":15}}},{"hash":"c3420a60fc9b240e6476613f014a0ad2f40d1ecd","isMergeCommit":true,"messageTitle":"Merge pull request #104 from Toby-Yu/Update-Value-proposition-and-user-stories","messageBody":"update the value proposition and user story","fileTypesAndContributionMap":{}},{"hash":"aa50d7cd87489e445e5722a8b6dce5201984d275","isMergeCommit":false,"messageTitle":"update 1 in DG of user stories","messageBody":"","fileTypesAndContributionMap":{"docs":{"insertions":3,"deletions":3}}}]},{"date":"2024-11-03","commitResults":[{"hash":"75e6c48a52a5b06118a3ddbff635359f03dd1850","isMergeCommit":true,"messageTitle":"Merge pull request #115 from Toby-Yu/update1-in-user-stories","messageBody":"update 1 in DG of user stories","fileTypesAndContributionMap":{}},{"hash":"e379b6611f2ff8836bbf12880071d5123fa6e556","isMergeCommit":true,"messageTitle":"Merge pull request #112 from Ridiculouswifi/branch-Deadline","messageBody":"Add CalendarCommand getUsage to HelpCommand","fileTypesAndContributionMap":{}},{"hash":"8d87fa817b8fbefdf7c15ecd5775706219b5b5dd","isMergeCommit":true,"messageTitle":"Merge pull request #114 from Toby-Yu/Update-the-output-format-in-UG","messageBody":"update the ug for stanard output for sortCommand","fileTypesAndContributionMap":{}}]},{"date":"2024-11-04","commitResults":[{"hash":"fac6eaf08299f8d27e3c1b1235128e6fc181d9c4","isMergeCommit":false,"messageTitle":"Add sort by all field in the favourite internship list and add corresponding change in UG and DG for SortCommand","messageBody":"","fileTypesAndContributionMap":{"functional-code":{"insertions":120,"deletions":30},"docs":{"insertions":132,"deletions":61}}},{"hash":"aed8575923fb08110c3a059e9f1466889bbe2b33","isMergeCommit":false,"messageTitle":"change some name standard","messageBody":"","fileTypesAndContributionMap":{"functional-code":{"insertions":7,"deletions":7}}},{"hash":"3ca5b9231aec80508ce55ddabca79db197b05307","isMergeCommit":true,"messageTitle":"Merge pull request #105 from Ridiculouswifi/branch-UserGuide","messageBody":"Update User Guide","fileTypesAndContributionMap":{}},{"hash":"94552d99a3aea9f973564845bc7eb0baed4ed6bb","isMergeCommit":true,"messageTitle":"Merge branch \u0027master\u0027 into add-sort-favouritei-in-sortCommand","messageBody":"","fileTypesAndContributionMap":{}},{"hash":"b1b4d50571286840bda4518f59b9faabcb6d6b70","isMergeCommit":true,"messageTitle":"Merge pull request #118 from jadenlimjc/branch-updatePlantUML","messageBody":"updated plantUML diagrams to fix minor bugs","fileTypesAndContributionMap":{}},{"hash":"337ae2ffe134c6c1dca4e857d08bca9aeee05b7b","isMergeCommit":true,"messageTitle":"Merge pull request #122 from Toby-Yu/add-sort-favouritei-in-sortCommand","messageBody":"Add sort by all field in the favourite internship list and add corres…","fileTypesAndContributionMap":{}}]}]},"authorFileTypeContributionMap":{"Ridiculouswifi":{"docs":613,"functional-code":998,"test-code":531},"jadenlimjc":{"docs":526,"functional-code":412,"test-code":66},"rahuljai-05":{"docs":86,"functional-code":433,"test-code":770,"other":1},"Toby-Yu":{"docs":480,"functional-code":400,"test-code":90}},"authorContributionVariance":{"Ridiculouswifi":72825.234,"jadenlimjc":51235.61,"rahuljai-05":13722.743,"Toby-Yu":7201.5205},"authorDisplayNameMap":{"Ridiculouswifi":"CS2113-T10-1 TAN .. HUI","jadenlimjc":"CS2113-T10-1 JADE..CHEN","rahuljai-05":"CS2113-T10-1 JAI ..AHUL","Toby-Yu":"CS2113-T10-1 YU M.. KIT"}}
