{"authorDailyContributionsMap":{"Dri-water":[{"date":"2024-10-02","commitResults":[{"hash":"e5a5727b18d13f95d731790e9b5b569739047c71","isMergeCommit":false,"messageTitle":"Add jonas details to about us","messageBody":"","fileTypesAndContributionMap":{"docs":{"insertions":1,"deletions":1}}},{"hash":"261b32762fd712717d3d34ae4aa5cbc754043bcc","isMergeCommit":true,"messageTitle":"Merge branch \u0027master\u0027 into RyanLeong-AboutUs","messageBody":"","fileTypesAndContributionMap":{}},{"hash":"503fb916ddc846e5cd101153c92ef28b53982cf0","isMergeCommit":true,"messageTitle":"Merge pull request #27 from ryryry-3302/RyanLeong-AboutUs","messageBody":"Ryan leong about us","fileTypesAndContributionMap":{}}]},{"date":"2024-10-04","commitResults":[{"hash":"0e78ebb7274a004c71eb0e882ebeb4c22a7362c9","isMergeCommit":false,"messageTitle":"Add HistoryTracker class","messageBody":"HistoryTracker class is responsible for managing the persistence of meal entries and meal options. Key features include:\n\n* Saving and loading meal entries and meal options to/from CSV files\n* Conversion between in-memory objects and CSV format\n\nAdditional changes:\n* Added new CSV files for storing meal entries and options\n* Modified existing classes (ChatParser, Meal, MealEntriesList, MealList) to integrate with HistoryTracker\n","fileTypesAndContributionMap":{"functional-code":{"insertions":110,"deletions":4}}}]},{"date":"2024-10-09","commitResults":[{"hash":"62b0e2241665f0a84e6dd5578ffc5eafcfc8d0ba","isMergeCommit":false,"messageTitle":"Add meal identification","messageBody":"","fileTypesAndContributionMap":{"functional-code":{"insertions":29,"deletions":8}}},{"hash":"3ff365280381138687ae582b31b04805dc453684","isMergeCommit":true,"messageTitle":"Merge branch \u0027master\u0027 into add-meal-identification","messageBody":"","fileTypesAndContributionMap":{}}]},{"date":"2024-10-16","commitResults":[{"hash":"a2596ec8ecbe53ffb2941f79b2fc61260a776c6f","isMergeCommit":false,"messageTitle":"Add JUnit test for HistoryTracker","messageBody":"","fileTypesAndContributionMap":{"test-code":{"insertions":16,"deletions":0}}},{"hash":"1b6b139cad42275139cdfd081818fd9f22458fb2","isMergeCommit":false,"messageTitle":"Add assertion in HistoryTracker","messageBody":"","fileTypesAndContributionMap":{"functional-code":{"insertions":1,"deletions":0}}}]},{"date":"2024-10-21","commitResults":[{"hash":"5e93bf9c9d05aa893a73ab5550b7f41d2192602b","isMergeCommit":false,"messageTitle":"Update DeveloperGuide.md","messageBody":"","fileTypesAndContributionMap":{"docs":{"insertions":51,"deletions":5}}},{"hash":"29833f2ca015f9268c47f05c1527795a9a89e441","isMergeCommit":false,"messageTitle":"Add HistoryTracker details to DeveloperGuide.md","messageBody":"","fileTypesAndContributionMap":{"docs":{"insertions":20,"deletions":0}}},{"hash":"58975d7d2bcdd31bd7a4e7c3babe9f0b5db57dd7","isMergeCommit":true,"messageTitle":"Merge pull request #74 from kennethSty/ImproveCohesion","messageBody":"Refactor Code and add Sequence Diagram","fileTypesAndContributionMap":{}}]},{"date":"2024-10-23","commitResults":[{"hash":"ae91f9b80022ca2a018901cf497d79d14e8fc565","isMergeCommit":false,"messageTitle":"Implement MealSaver class","messageBody":"","fileTypesAndContributionMap":{"functional-code":{"insertions":133,"deletions":2}}},{"hash":"71913126b5bc5ddb1352e9f6354c68ab276eeb74","isMergeCommit":false,"messageTitle":"Fix styling and imports","messageBody":"","fileTypesAndContributionMap":{"functional-code":{"insertions":12,"deletions":16}}},{"hash":"8d91220dbbe9dd6dcb06e8087449043b1ca981e6","isMergeCommit":false,"messageTitle":"Fix to pass testcases","messageBody":"","fileTypesAndContributionMap":{"functional-code":{"insertions":9,"deletions":4}}}]},{"date":"2024-10-26","commitResults":[{"hash":"8d79f8cbda2805199c262027490c5023af0e7d54","isMergeCommit":true,"messageTitle":"Merge pull request #83 from ryryry-3302/65-add-portion-parameter-to-adding-meal-entries","messageBody":"65 add portion parameter to adding meal entries","fileTypesAndContributionMap":{}}]}],"ryryry-3302":[{"date":"2024-09-27","commitResults":[{"hash":"2f4e6753bc8237981b49b212342284688624859d","isMergeCommit":true,"messageTitle":"Merge pull request #11 from kennethSty/class_structure","messageBody":"Add basic logic for saving meal options and meal entries. ","fileTypesAndContributionMap":{}}]},{"date":"2024-10-02","commitResults":[{"hash":"6f87b58afb275fb10f23a5f8f7119a1f64751714","isMergeCommit":false,"messageTitle":"About us","messageBody":"","fileTypesAndContributionMap":{"docs":{"insertions":3,"deletions":7}}},{"hash":"3226dceb4c57875b06123d05b0c461f6001cb590","isMergeCommit":true,"messageTitle":"Merge branch \u0027AY2425S1-CS2113-W12-1:master\u0027 into RyanLeong-AboutUs","messageBody":"","fileTypesAndContributionMap":{}},{"hash":"61ba619b157cc1a6ffb266ec3ac9d9c54b233484","isMergeCommit":true,"messageTitle":"Merge pull request #28 from Dri-water/tutorial_activity","messageBody":"Add jonas details to about us","fileTypesAndContributionMap":{}},{"hash":"51713e359f7a276c32bc3b68601aa1c48b18a25d","isMergeCommit":true,"messageTitle":"Merge branch \u0027master\u0027 into Kenneth-AboutUs","messageBody":"","fileTypesAndContributionMap":{}},{"hash":"9ae27e1e4e89ea2827f50f42f917f09610c166e9","isMergeCommit":true,"messageTitle":"Merge pull request #29 from kennethSty/Kenneth-AboutUs","messageBody":"Add Kenneth to AboutUs","fileTypesAndContributionMap":{}},{"hash":"ed86d039760835f2c3ff175210239d758d52b72d","isMergeCommit":true,"messageTitle":"Merge pull request #30 from ryan-txn/master","messageBody":"Ryan Tan AboutUs PR","fileTypesAndContributionMap":{}}]},{"date":"2024-10-05","commitResults":[{"hash":"420ae9f888dd2c409fd843f2be16d5d0de94baa6","isMergeCommit":true,"messageTitle":"Merge pull request #35 from Dri-water/HistoryTracker","messageBody":"Add HistoryTracker class","fileTypesAndContributionMap":{}}]},{"date":"2024-10-06","commitResults":[{"hash":"fbad59486a57cc0b389879104ed1044123a2e473","isMergeCommit":true,"messageTitle":"Merge pull request #37 from kennethSty/cleanup-ChatParser","messageBody":"Cleanup chat parser","fileTypesAndContributionMap":{}},{"hash":"035c53f327979a0e298cd6e7a6dd5cbb8e6f7de6","isMergeCommit":false,"messageTitle":"Create Commands Class and Add list Commands","messageBody":"","fileTypesAndContributionMap":{"functional-code":{"insertions":51,"deletions":5}}},{"hash":"4b15cd812e2ad1712b14341e143787eaf120bfd9","isMergeCommit":false,"messageTitle":"Docs: Update UG to include current commands formatting","messageBody":"","fileTypesAndContributionMap":{"docs":{"insertions":66,"deletions":35}}}]},{"date":"2024-10-09","commitResults":[{"hash":"cab816d3faee52de2289ca36047d06bc0d6a455f","isMergeCommit":true,"messageTitle":"Merge pull request #43 from kennethSty/testCaseBranch","messageBody":"Test case branch [Merge after PR #42]","fileTypesAndContributionMap":{}},{"hash":"82b4a1d8e854e96c48f3e4bf42c46d366089d2f3","isMergeCommit":false,"messageTitle":"Test: Create UITest Class","messageBody":"","fileTypesAndContributionMap":{"test-code":{"insertions":55,"deletions":0}}},{"hash":"09f31d34408778b9c605a43e6bae61746e29d556","isMergeCommit":false,"messageTitle":"Test: create testPrintFarewell","messageBody":"","fileTypesAndContributionMap":{"test-code":{"insertions":7,"deletions":0}}},{"hash":"36cd3decba747777c6b12310323b49aa64ace4c2","isMergeCommit":false,"messageTitle":"Test: Create printReplyTest and Java Doc","messageBody":"","fileTypesAndContributionMap":{"test-code":{"insertions":23,"deletions":1}}},{"hash":"d63b6927a7afec3989ab047727cb53816b45942c","isMergeCommit":false,"messageTitle":"Fix: remove duplicate import","messageBody":"","fileTypesAndContributionMap":{"test-code":{"insertions":0,"deletions":2}}}]},{"date":"2024-10-14","commitResults":[{"hash":"3b6a18648d14b7db6a9f5a7ce95843896edba310","isMergeCommit":true,"messageTitle":"Merge pull request #48 from kennethSty/FixEntryTimeStampLog","messageBody":"Fix bug that mealEntries are saved without timestamp","fileTypesAndContributionMap":{}},{"hash":"6060b82cd2df44267e13e9d180abff542c3cea06","isMergeCommit":false,"messageTitle":"Refactor: Create separate command class for each command","messageBody":"","fileTypesAndContributionMap":{"functional-code":{"insertions":120,"deletions":0}}},{"hash":"26b1b35b076a9dea683c706e48b7bc7d7e2a5a39","isMergeCommit":false,"messageTitle":"Refactor: Change format to use CommandMap instead of list for fast retrieval of specific command","messageBody":"","fileTypesAndContributionMap":{"functional-code":{"insertions":46,"deletions":36}}},{"hash":"1249d33e7a8b441fc22fb3078061fe83af7e0ec4","isMergeCommit":false,"messageTitle":"Docs: Update UG to include new commands and outputs","messageBody":"","fileTypesAndContributionMap":{"docs":{"insertions":60,"deletions":20}}},{"hash":"3a0a42f65b1166d779df33ddf9051c508cfa307f","isMergeCommit":false,"messageTitle":"Fix: fix import styling","messageBody":"","fileTypesAndContributionMap":{"functional-code":{"insertions":26,"deletions":13}}},{"hash":"b4c8af360fbf910f7c08bd9a3713a6149c7841b4","isMergeCommit":false,"messageTitle":"Fix: fix indentation","messageBody":"","fileTypesAndContributionMap":{"functional-code":{"insertions":10,"deletions":10}}},{"hash":"2264ab1f2560e533eff3dd8414b084eebbb0b3c6","isMergeCommit":false,"messageTitle":"Fix: reorder variables","messageBody":"","fileTypesAndContributionMap":{"functional-code":{"insertions":2,"deletions":1}}},{"hash":"ee1e4b85e952dc298d60844915ce309aedb46885","isMergeCommit":false,"messageTitle":"Test: Add assertion and log","messageBody":"","fileTypesAndContributionMap":{"functional-code":{"insertions":13,"deletions":2}}},{"hash":"a0f71f2f6c416ab708944529ba79124984bd09a1","isMergeCommit":false,"messageTitle":"Test: Enable assertions in build.gradle","messageBody":"","fileTypesAndContributionMap":{"functional-code":{"insertions":0,"deletions":1},"other":{"insertions":1,"deletions":0}}}]},{"date":"2024-10-15","commitResults":[{"hash":"5fa6bea31b5ffdf0eeb5f98c875953a172899452","isMergeCommit":true,"messageTitle":"Merge pull request #52 from DarkDragoon2002/healthgoal-class","messageBody":"Created HealthGoal Class","tags":["v1.0"],"fileTypesAndContributionMap":{}}]},{"date":"2024-10-16","commitResults":[{"hash":"3ff69c1a5bf242eb401c9dfe198c855fad0de01d","isMergeCommit":true,"messageTitle":"Merge pull request #68 from kennethSty/master","messageBody":"Add ChatParser Assertions and Logging","fileTypesAndContributionMap":{}},{"hash":"05d7a530ca1471dc7dc836e40f0b90279050f1a0","isMergeCommit":true,"messageTitle":"Merge pull request #67 from Dri-water/HistoryTracker-Assertion","messageBody":"Add assertion in HistoryTracker","fileTypesAndContributionMap":{}}]},{"date":"2024-10-17","commitResults":[{"hash":"bdbe8670d21b68924e24748f6fc5d34f6215bfb2","isMergeCommit":true,"messageTitle":"Merge pull request #69 from kennethSty/CalorieProgressBar","messageBody":"Print calorie versus expected consumption progress bar","fileTypesAndContributionMap":{}}]},{"date":"2024-10-20","commitResults":[{"hash":"e12fbbbe7fa808487b8e261acbd8cd4b4cb42f36","isMergeCommit":true,"messageTitle":"Merge pull request #71 from kennethSty/ImproveCohesion","messageBody":"Clean ChatParser from uncohesive methods","fileTypesAndContributionMap":{}}]},{"date":"2024-10-21","commitResults":[{"hash":"0ad679ed673ffb07b0f9ce8894500801c8f3d141","isMergeCommit":false,"messageTitle":"Docs: dg first draft","messageBody":"","fileTypesAndContributionMap":{"functional-code":{"insertions":0,"deletions":29},"docs":{"insertions":121,"deletions":1}}},{"hash":"53713d2a4788d7f09d8cdd4cdb20f79a8154b09d","isMergeCommit":false,"messageTitle":"Feat: change list commands workflow","messageBody":"","fileTypesAndContributionMap":{"functional-code":{"insertions":37,"deletions":12}}},{"hash":"25191426eab5e5359080fb08b1177e66bf94c8e9","isMergeCommit":true,"messageTitle":"Merge pull request #75 from kennethSty/userSequenceDiagram","messageBody":"Add User SD","fileTypesAndContributionMap":{}}]},{"date":"2024-10-22","commitResults":[{"hash":"baec0f6425dc1183bb83bffe204a6dee005b39e0","isMergeCommit":true,"messageTitle":"Merge branch \u0027ryryry-3302-72-add-implementation-of-a-feature-for-the-developer-guide\u0027 fix conflict","messageBody":"","fileTypesAndContributionMap":{}},{"hash":"ff4bb40d66de57d14c0480f44ac15362418ef8ab","isMergeCommit":true,"messageTitle":"fix master","messageBody":"","fileTypesAndContributionMap":{}},{"hash":"769d379180927602a158e2de7de45a7104372fc1","isMergeCommit":false,"messageTitle":"Docs: add features section","messageBody":"","fileTypesAndContributionMap":{"docs":{"insertions":45,"deletions":0}}},{"hash":"4074ef4e55af99484f9d7968100185e2cf45bcb6","isMergeCommit":false,"messageTitle":"Style: style fix","messageBody":"","fileTypesAndContributionMap":{"functional-code":{"insertions":4,"deletions":1}}},{"hash":"0b96071f52e7f55ecbc8fc1d4d382ccd45efb65a","isMergeCommit":false,"messageTitle":"Style: style fix","messageBody":"","fileTypesAndContributionMap":{"functional-code":{"insertions":1,"deletions":1}}}]},{"date":"2024-10-24","commitResults":[{"hash":"44a75680bba1164e3edb0be7653137da97fad19c","isMergeCommit":false,"messageTitle":"Add parameter enum","messageBody":"","fileTypesAndContributionMap":{"functional-code":{"insertions":36,"deletions":0}}}]},{"date":"2024-10-25","commitResults":[{"hash":"ac4adc8d906607c91673b7a8cfb049d06bbde946","isMergeCommit":false,"messageTitle":"Test: Add tests and change ChatParserTest","messageBody":"","fileTypesAndContributionMap":{"functional-code":{"insertions":18,"deletions":0},"test-code":{"insertions":112,"deletions":7}}},{"hash":"5fd4c21137c43d3d610b289aaceb45bf520662a9","isMergeCommit":false,"messageTitle":"Feat: Add Parameters parser enum for portions and calories","messageBody":"","fileTypesAndContributionMap":{"functional-code":{"insertions":67,"deletions":53}}},{"hash":"8f620b27284f5b78464d62f71d3f92b423848890","isMergeCommit":false,"messageTitle":"Style: fix styling","messageBody":"","fileTypesAndContributionMap":{"functional-code":{"insertions":5,"deletions":5}}},{"hash":"bd37a8b4d1b16074b36b82a84f5c8367c53c53ed","isMergeCommit":false,"messageTitle":"Style: fix styling","messageBody":"","fileTypesAndContributionMap":{"functional-code":{"insertions":1,"deletions":0}}},{"hash":"6890939c31f79530c40a05bd2df05f45dbed49d2","isMergeCommit":false,"messageTitle":"Style: add newline","messageBody":"","fileTypesAndContributionMap":{"functional-code":{"insertions":1,"deletions":1}}}]}],"ryan-txn":[{"date":"2024-10-02","commitResults":[{"hash":"1f8610ae87b3c3674bfde12ec89f35a776d10f7c","isMergeCommit":false,"messageTitle":"Update AboutUs (Ryan Tan)","messageBody":"","fileTypesAndContributionMap":{"docs":{"insertions":3,"deletions":7}}},{"hash":"bc8b95422baaace6939c43d478e41a33b3b86a16","isMergeCommit":true,"messageTitle":"Merge branch \u0027master\u0027 of https://github.com/ryan-txn/tp","messageBody":"","fileTypesAndContributionMap":{}},{"hash":"e05516b263f5e929484f409524bc6a1ce29d5aa9","isMergeCommit":true,"messageTitle":"Merge branch \u0027master\u0027 into master","messageBody":"","fileTypesAndContributionMap":{}}]},{"date":"2024-10-09","commitResults":[{"hash":"13291f8a50dd986d03bdbba5fae7d334e9649891","isMergeCommit":false,"messageTitle":"Rename Intendation as Indentation","messageBody":"","fileTypesAndContributionMap":{"functional-code":{"insertions":24,"deletions":23}}},{"hash":"abfe21bca2561554577c75f7e1752931aa03f1a6","isMergeCommit":false,"messageTitle":"Made Indentation public for usage in ChatParser askForHealthGoal()","messageBody":"","fileTypesAndContributionMap":{"functional-code":{"insertions":1,"deletions":1}}},{"hash":"d27729f90b4deb8e87c98d2e6c35501ca5ce73d1","isMergeCommit":false,"messageTitle":"Add asking for health goal","messageBody":"Ask for weight, height and health goal at beginning of run() method. Incomplete parseHealthGoal method with switch cases\n","fileTypesAndContributionMap":{"functional-code":{"insertions":35,"deletions":0}}},{"hash":"176def2a5f3581dc36110cc93f9c7a0407a924a0","isMergeCommit":false,"messageTitle":"Add set health goal to list of commands","messageBody":"","fileTypesAndContributionMap":{"functional-code":{"insertions":3,"deletions":1}}},{"hash":"1c30db6931bd50de0846cf11d102f93521e5105d","isMergeCommit":false,"messageTitle":"Rename health goals","messageBody":"","fileTypesAndContributionMap":{"functional-code":{"insertions":1,"deletions":1}}},{"hash":"0affbe398252de1ae2dc4b817222efce97532e35","isMergeCommit":false,"messageTitle":"User class clean up","messageBody":"Make existing variables and methods static, include healthgoal and idealcalories variables, correct toString() method previously not zero-based\n","fileTypesAndContributionMap":{"functional-code":{"insertions":12,"deletions":9}}},{"hash":"44f848fa2af41674a75e0e2528cd5f9f686702d2","isMergeCommit":true,"messageTitle":"Merge branch \u0027master\u0027 into Health-Goals_Integration","messageBody":"","fileTypesAndContributionMap":{}},{"hash":"5c815994cbde09b0220bf95658e5eea4d3ce0baf","isMergeCommit":false,"messageTitle":"Resolve Merge Conflict","messageBody":"resolve INDENTATION naming merge conflict","fileTypesAndContributionMap":{"functional-code":{"insertions":3,"deletions":3}}},{"hash":"28700c9cc573a17e5648e4ff666c23b9699e4ef1","isMergeCommit":false,"messageTitle":"Resolve merge conflicts 2","messageBody":"Rename INDENTATION again\n","fileTypesAndContributionMap":{"functional-code":{"insertions":4,"deletions":4}}},{"hash":"1ce254302ff1d2d92c17c85c19956e003a0dbda9","isMergeCommit":false,"messageTitle":"Solve CI test issues","messageBody":"1. split line longer than 120 characters\n2. reorder public variable to be on top\n","fileTypesAndContributionMap":{"functional-code":{"insertions":4,"deletions":2}}},{"hash":"9de56142dbdb2f1d2846dd213e6922f399413929","isMergeCommit":false,"messageTitle":"Fix expected output","messageBody":"Remove unneeded spaces\n","fileTypesAndContributionMap":{"functional-code":{"insertions":3,"deletions":3}}}]},{"date":"2024-10-14","commitResults":[{"hash":"7f566bd6e6e60bf9c6fba2f99fdb2ad1922a2f87","isMergeCommit":true,"messageTitle":"Merge branch \u0027master\u0027 of https://github.com/AY2425S1-CS2113-W12-1/tp into Health-Goals_Integration","messageBody":"# Conflicts:\n#\tsrc/main/java/seedu/healthmate/ChatParser.java\n#\tsrc/main/java/seedu/healthmate/UI.java\n","fileTypesAndContributionMap":{}},{"hash":"f746b252a8ac2fced4dc20e14f74a4efb05fde72","isMergeCommit":false,"messageTitle":"Revert \"Merge branch \u0027master\u0027 of https://github.com/AY2425S1-CS2113-W12-1/tp into Health-Goals_Integration\"","messageBody":"This reverts commit 7f566bd6e6e60bf9c6fba2f99fdb2ad1922a2f87, reversing\nchanges made to 27cf870945c78c626b2aaf0564eba781627186cc.\n","fileTypesAndContributionMap":{"functional-code":{"insertions":32,"deletions":106},"test-code":{"insertions":0,"deletions":175}}},{"hash":"b8ffbf1c67dc0fb1b125b102b474393a7189a678","isMergeCommit":false,"messageTitle":"Reapply \"Merge branch \u0027master\u0027 of https://github.com/AY2425S1-CS2113-W12-1/tp into Health-Goals_Integration\"","messageBody":"This reverts commit f746b252a8ac2fced4dc20e14f74a4efb05fde72.\n","fileTypesAndContributionMap":{"functional-code":{"insertions":106,"deletions":32},"test-code":{"insertions":175,"deletions":0}}},{"hash":"d73a56b325cf154038de441f13c0816d2e3910d3","isMergeCommit":false,"messageTitle":"Reorder static variable for checkstyle","messageBody":"","fileTypesAndContributionMap":{"functional-code":{"insertions":1,"deletions":2}}},{"hash":"c1dd5e9461193b347952dbc063c70bbab6c84142","isMergeCommit":false,"messageTitle":"remove buggy method","messageBody":"extra semicolon\n","fileTypesAndContributionMap":{"functional-code":{"insertions":1,"deletions":1}}},{"hash":"7df20e9787af251a313713a703cc1aeca4ac650a","isMergeCommit":true,"messageTitle":"Merge branch \u0027master\u0027 of https://github.com/AY2425S1-CS2113-W12-1/tp into Health-Goals_Integration","messageBody":"# Conflicts:\n#\tsrc/main/java/seedu/healthmate/UI.java\n","fileTypesAndContributionMap":{}}]},{"date":"2024-10-16","commitResults":[{"hash":"2c0f93590bd6eb2286c3be76644f79b232df3892","isMergeCommit":true,"messageTitle":"Merge branch \u0027master\u0027 of https://github.com/AY2425S1-CS2113-W12-1/tp into Health-Goals_Integration","messageBody":"# Conflicts:\n#\tsrc/main/java/seedu/healthmate/Commands.java\n#\tsrc/main/java/seedu/healthmate/UI.java\n","fileTypesAndContributionMap":{}},{"hash":"26ca46b27b585717adbd33fb31f6ca3047977e73","isMergeCommit":true,"messageTitle":"Merge branch \u0027master\u0027 of https://github.com/AY2425S1-CS2113-W12-1/tp into Health-Goals_Integration","messageBody":"# Conflicts:\n#\tsrc/main/java/seedu/healthmate/HealthGoal.java\n#\tsrc/main/java/seedu/healthmate/User.java\n","fileTypesAndContributionMap":{}},{"hash":"50074a51046285f9148bcb34c6f612fa6f4737d4","isMergeCommit":false,"messageTitle":"Fix CI test issues","messageBody":"","fileTypesAndContributionMap":{"functional-code":{"insertions":8,"deletions":32}}},{"hash":"8221203bf0a732a593bcb3180d8c39778fff6209","isMergeCommit":false,"messageTitle":"Fix spacing issue","messageBody":"","fileTypesAndContributionMap":{"functional-code":{"insertions":1,"deletions":1}}}]}],"kennethSty":[{"date":"2024-09-27","commitResults":[{"hash":"e327b5ac406777e57f70f0014db46927f7d51d32","isMergeCommit":false,"messageTitle":"Add basic logic for saving meal options and meal entries. Modify classes accordingly.","messageBody":"","fileTypesAndContributionMap":{"functional-code":{"insertions":401,"deletions":83}}},{"hash":"f85836545db505ec0a16c396380a5bc4ad2a8fff","isMergeCommit":false,"messageTitle":"Reconfigure code to comply with style rules","messageBody":"","fileTypesAndContributionMap":{"functional-code":{"insertions":1,"deletions":20}}},{"hash":"6caec472989bfed2fe35d41b9e26f6dd67ec8a82","isMergeCommit":false,"messageTitle":"Shorten too long line for style compliance","messageBody":"","fileTypesAndContributionMap":{"functional-code":{"insertions":3,"deletions":1}}},{"hash":"0509d80397e3cd0c99564f7482816c749e510beb","isMergeCommit":false,"messageTitle":"Reconfigure test path to correct package","messageBody":"","fileTypesAndContributionMap":{"other":{"insertions":1,"deletions":1}}}]},{"date":"2024-10-02","commitResults":[{"hash":"ef232a82922c6aa2098dce4ebb7f75f85ca0c2f3","isMergeCommit":false,"messageTitle":"Fix CI issue with Prof in Tut","messageBody":"","fileTypesAndContributionMap":{"other":{"insertions":21,"deletions":21}}},{"hash":"3d89ea83a87fdefde2216afc44ebdc3651c000dd","isMergeCommit":false,"messageTitle":"Add dos2unix","messageBody":"","fileTypesAndContributionMap":{"other":{"insertions":1,"deletions":0}}},{"hash":"676c9bc379bef025fcac53edeecf38d11ab557a4","isMergeCommit":false,"messageTitle":"Strip whitespaces","messageBody":"","fileTypesAndContributionMap":{"functional-code":{"insertions":8,"deletions":8}}},{"hash":"d054f1b1cd724ade83536f87336d7a3c16913a95","isMergeCommit":false,"messageTitle":"Escape character","messageBody":"","fileTypesAndContributionMap":{"functional-code":{"insertions":2,"deletions":1}}},{"hash":"c6d32fe11aff0bd6992326874cbb063da38e471f","isMergeCommit":false,"messageTitle":"Add self to AboutUs","messageBody":"","fileTypesAndContributionMap":{"docs":{"insertions":3,"deletions":7}}}]},{"date":"2024-10-05","commitResults":[{"hash":"54f20f52cef916662bb37174fbe280081b9bf999","isMergeCommit":false,"messageTitle":"Delete unused objects","messageBody":"","fileTypesAndContributionMap":{"functional-code":{"insertions":2,"deletions":4}}},{"hash":"003af0ddfbacb030daaa0159cde014da4100b029","isMergeCommit":false,"messageTitle":"Add javadocs to ChatParser class","messageBody":"","fileTypesAndContributionMap":{"functional-code":{"insertions":12,"deletions":0}}}]},{"date":"2024-10-07","commitResults":[{"hash":"2f150f2a3a4fc7e55b4b93d437083ba78f8219c8","isMergeCommit":true,"messageTitle":"Merge pull request #38 from ryryry-3302/8-implement-help-command-to-list-all-available-commands","messageBody":"Create Commands Class and Add list Commands","fileTypesAndContributionMap":{}},{"hash":"2782f0d269549b2078f8ff5814f753ec5a07c867","isMergeCommit":false,"messageTitle":"Add working testcase to catch random user input","messageBody":"","fileTypesAndContributionMap":{"test-code":{"insertions":2,"deletions":0}}},{"hash":"98819aff1091c5d85e459af0b11f76698b0e8c09","isMergeCommit":false,"messageTitle":"Add more tests for ChatParser.run()","messageBody":"","fileTypesAndContributionMap":{"functional-code":{"insertions":51,"deletions":1},"test-code":{"insertions":88,"deletions":1}}}]},{"date":"2024-10-09","commitResults":[{"hash":"1955c53c9dcdc6d7892960393a48a11f074a8526","isMergeCommit":true,"messageTitle":"Merge pull request #42 from DarkDragoon2002/master","messageBody":"Added Deletion of Meal Entries and Meal Options","fileTypesAndContributionMap":{}},{"hash":"3f63d54eb5df49f9c24c18db370fce5ff73c9793","isMergeCommit":true,"messageTitle":"Merge changes from PR#42","messageBody":"","fileTypesAndContributionMap":{}},{"hash":"155f725b4a235a3d15599aabc453e8b8aa20501e","isMergeCommit":false,"messageTitle":"Adapt expected Init Output to actual structure","messageBody":"","fileTypesAndContributionMap":{"functional-code":{"insertions":6,"deletions":5}}},{"hash":"027493ce6cd78732356acfff34a824ece01a30e4","isMergeCommit":false,"messageTitle":"Add missing separator to expected output","messageBody":"","fileTypesAndContributionMap":{"functional-code":{"insertions":2,"deletions":1}}},{"hash":"d0456a812c5e0b66bfaa8c366b4177b3827a9a56","isMergeCommit":false,"messageTitle":"Fix formatting issues. Reduce printed granularity of printed timestamp of MealEntries to avoid milisecond conflicts in testing","messageBody":"","fileTypesAndContributionMap":{"functional-code":{"insertions":20,"deletions":27},"test-code":{"insertions":9,"deletions":5}}},{"hash":"f42ef46ce746db3f120c18501f4d76a78d27bb29","isMergeCommit":false,"messageTitle":"Add function to clean meal entries and options list after testing","messageBody":"","fileTypesAndContributionMap":{"functional-code":{"insertions":18,"deletions":7},"test-code":{"insertions":2,"deletions":2}}},{"hash":"e804d3f058cc9686765e1d444be620621b4b3fd6","isMergeCommit":false,"messageTitle":"Make new line character in tests system independent","messageBody":"","fileTypesAndContributionMap":{"functional-code":{"insertions":17,"deletions":17}}},{"hash":"f9383e1352fa1d478b57d9bd6a68784e7d4a7b91","isMergeCommit":false,"messageTitle":"Clean up separator and intendation into LINE","messageBody":"","fileTypesAndContributionMap":{"functional-code":{"insertions":22,"deletions":22}}}]},{"date":"2024-10-10","commitResults":[{"hash":"060d99813f3f8d0094e07a6656c35d70db680d73","isMergeCommit":true,"messageTitle":"Merge pull request #47 from ryryry-3302/44-create-junit-tests","messageBody":"Create UI class test cases","fileTypesAndContributionMap":{}}]},{"date":"2024-10-14","commitResults":[{"hash":"21294bb3b483a5e5e3e136943376d89815f5e4f0","isMergeCommit":false,"messageTitle":"Fix bug that mealEntries are saved without timestamp","messageBody":"","fileTypesAndContributionMap":{"functional-code":{"insertions":53,"deletions":12}}},{"hash":"5669a856895b61c0ad66908544ecb03b7727b32c","isMergeCommit":false,"messageTitle":"Reconfigure to meet checkstyle guidelines","messageBody":"","fileTypesAndContributionMap":{"functional-code":{"insertions":4,"deletions":6}}},{"hash":"8c49f385b4a0b2b7a482a7c3e567083bea2c45b3","isMergeCommit":false,"messageTitle":"Delete unused code and imports","messageBody":"","fileTypesAndContributionMap":{"functional-code":{"insertions":1,"deletions":18}}},{"hash":"1d1aaf37891f55ead0363961e2fe808709871605","isMergeCommit":false,"messageTitle":"Fix semicolon bug","messageBody":"","fileTypesAndContributionMap":{"functional-code":{"insertions":1,"deletions":1}}},{"hash":"8cca82cb181a34a175a190d80b29b0cd98bf9fc3","isMergeCommit":false,"messageTitle":"Change log granularity in test from Days to Hours","messageBody":"","fileTypesAndContributionMap":{"test-code":{"insertions":1,"deletions":1}}},{"hash":"4625a604ece0b434bae20cfcb710b9d9be1a3179","isMergeCommit":true,"messageTitle":"Merge pull request #50 from ryryry-3302/49-extend-list-commands-to-include-command-format","messageBody":"49 extend list commands to include command format","fileTypesAndContributionMap":{}}]},{"date":"2024-10-16","commitResults":[{"hash":"4e20884b2a5cfa47ed738b7b4e0239340c1df3b8","isMergeCommit":false,"messageTitle":"Enable assertions","messageBody":"","fileTypesAndContributionMap":{"other":{"insertions":1,"deletions":0}}},{"hash":"c97fdb1cceee200bd51d97275f26946e862bad1d","isMergeCommit":true,"messageTitle":"Merge pull request #45 from ryan-txn/Health-Goals_Integration","messageBody":"Health goals integration","fileTypesAndContributionMap":{}},{"hash":"a8e5449c360db33fbece60a8e598e8092333ef3d","isMergeCommit":true,"messageTitle":"Merge remote-tracking branch \u0027upstream/master\u0027 Realign diverted origin and upstream branch","messageBody":"","fileTypesAndContributionMap":{}},{"hash":"87f9aa6fe6fe175a6360020b26124b8c1626db4f","isMergeCommit":false,"messageTitle":"Add assertion for multicommand parsing","messageBody":"","fileTypesAndContributionMap":{"functional-code":{"insertions":3,"deletions":0}}},{"hash":"b967d199b6832f1776c98ec9dfa4d5f334d95052","isMergeCommit":false,"messageTitle":"Add assertions and logger for ChatParser","messageBody":"","fileTypesAndContributionMap":{"functional-code":{"insertions":45,"deletions":1}}},{"hash":"5ca3a27645521196809dc23ea2635484bec7e69e","isMergeCommit":false,"messageTitle":"Add assertion to MealList features","messageBody":"","fileTypesAndContributionMap":{"functional-code":{"insertions":3,"deletions":2}}},{"hash":"ab39542ca19c008401db9518b04562d6774f850f","isMergeCommit":false,"messageTitle":"Add assertion to MealEntriesList featurs","messageBody":"","fileTypesAndContributionMap":{"functional-code":{"insertions":2,"deletions":0}}},{"hash":"dedbe3a6bae603fbcd6cbbe105ec9ff8b386eb68","isMergeCommit":false,"messageTitle":"Add assert to calorie extraction","messageBody":"","fileTypesAndContributionMap":{"functional-code":{"insertions":2,"deletions":5}}},{"hash":"a47f128b7ef606eb935d2699ce73a1d07a414f65","isMergeCommit":false,"messageTitle":"Add visualizer for comparing actual versus expected calorie intake","messageBody":"","fileTypesAndContributionMap":{"functional-code":{"insertions":48,"deletions":2}}},{"hash":"a7b3e34d092c7037947cb2a7370f03ba75b729f6","isMergeCommit":true,"messageTitle":"Merge branch \u0027master\u0027 into CalorieProgressBar Update local master","messageBody":"","fileTypesAndContributionMap":{}},{"hash":"27abf809e42746f92e979837d279f3f1c707b496","isMergeCommit":false,"messageTitle":"Delete unused imports","messageBody":"","fileTypesAndContributionMap":{"functional-code":{"insertions":0,"deletions":2}}}]},{"date":"2024-10-17","commitResults":[{"hash":"834ac199b5221f1cdb18e454d880037c80396c5e","isMergeCommit":false,"messageTitle":"Add inspiration source for reference","messageBody":"","fileTypesAndContributionMap":{"functional-code":{"insertions":2,"deletions":0}}},{"hash":"3b3e87ae0ec05e31d35d7e5ac693970939633c82","isMergeCommit":false,"messageTitle":"Demo usage of progress bar when adding mealEntries","messageBody":"","fileTypesAndContributionMap":{"functional-code":{"insertions":74,"deletions":8}}},{"hash":"1d116db32291a6fa94c5ea3c04476076a2a580dd","isMergeCommit":false,"messageTitle":"Implement expected vs actual calorie comparison","messageBody":"- Fix bug in ideal calorie computation\n- Disentangle User and HistoryTracker classes to improve clarity\n- Use idealCalories from user to create visual progress bar\n","fileTypesAndContributionMap":{"functional-code":{"insertions":90,"deletions":92}}},{"hash":"c8769a083d011c1e131ab4860a83cf8f07d58db1","isMergeCommit":false,"messageTitle":"Add visual bar to delete mealEntry execution for user feedback","messageBody":"","fileTypesAndContributionMap":{"functional-code":{"insertions":15,"deletions":12}}},{"hash":"22af2a377642b128add7ab99b64980928006fe9b","isMergeCommit":false,"messageTitle":"Adapt ChatParser test to new output structure","messageBody":"","fileTypesAndContributionMap":{"functional-code":{"insertions":17,"deletions":2},"test-code":{"insertions":7,"deletions":1}}},{"hash":"8ad31670d8bde5f510ebb5d97ce45238758c01ed","isMergeCommit":false,"messageTitle":"Delete unused imports","messageBody":"","fileTypesAndContributionMap":{"functional-code":{"insertions":0,"deletions":4}}},{"hash":"e0bc424648deea919f111976113bd55082cd8d9d","isMergeCommit":false,"messageTitle":"Make sure percentages are always rounded to the next larger integer","messageBody":"","fileTypesAndContributionMap":{"functional-code":{"insertions":1,"deletions":1}}},{"hash":"d0e03102ccfa55ef2bc048b8e6e477449df11b47","isMergeCommit":false,"messageTitle":"Delete unused imports","messageBody":"","fileTypesAndContributionMap":{"functional-code":{"insertions":0,"deletions":1}}},{"hash":"2c1203e88a79088abc2fb11c2da5878754e994f2","isMergeCommit":false,"messageTitle":"Add data and logs directory to simulate clean start in IO Redirection test","messageBody":"","fileTypesAndContributionMap":{"functional-code":{"insertions":1,"deletions":1}}},{"hash":"2db6f3db0909769deb20acffacbf285ca687fc89","isMergeCommit":false,"messageTitle":"Reconfigure paths to also work on Windows","messageBody":"","fileTypesAndContributionMap":{"functional-code":{"insertions":2,"deletions":16}}},{"hash":"23951d4894a5720d4cab10856b1997036f1ae0f2","isMergeCommit":false,"messageTitle":"Clean runtest.sh","messageBody":"","fileTypesAndContributionMap":{"other":{"insertions":0,"deletions":2}}},{"hash":"211cd07179befd0952d00d5c2ebb0c9dc8868ef7","isMergeCommit":false,"messageTitle":"Make path routing more stable","messageBody":"","fileTypesAndContributionMap":{"functional-code":{"insertions":5,"deletions":4}}},{"hash":"0fe6150892a0595db823c6678514fa9b2a70bcf7","isMergeCommit":false,"messageTitle":"[In progress] fixing Windows text-UI error","messageBody":"","fileTypesAndContributionMap":{"functional-code":{"insertions":8,"deletions":7}}},{"hash":"85b804e29951c9485cea3c830da61d776eba5f4e","isMergeCommit":false,"messageTitle":"[In Progress] Debug IO test","messageBody":"","fileTypesAndContributionMap":{"functional-code":{"insertions":2,"deletions":2}}},{"hash":"1b95ec43d7328bb9e14d899c3ba879867ba04ad9","isMergeCommit":false,"messageTitle":"[In Progress] Debug Windows Test","messageBody":"","fileTypesAndContributionMap":{"other":{"insertions":1,"deletions":2}}},{"hash":"222448d8928b7869679ef03f745201784b6910a3","isMergeCommit":false,"messageTitle":"Increase separator for better UX with progressBar","messageBody":"","fileTypesAndContributionMap":{"functional-code":{"insertions":2,"deletions":1}}},{"hash":"45d4015b1a258661c7cf4c1dde806467032ba0b7","isMergeCommit":false,"messageTitle":"Adapt expected Ui test output","messageBody":"","fileTypesAndContributionMap":{"test-code":{"insertions":2,"deletions":1}}}]},{"date":"2024-10-20","commitResults":[{"hash":"789d06cda8829f45b64fb32bf28e7eed6fabb814","isMergeCommit":false,"messageTitle":"Clean ChatParser from uncohesive methods","messageBody":"","fileTypesAndContributionMap":{"functional-code":{"insertions":55,"deletions":46},"test-code":{"insertions":4,"deletions":4}}},{"hash":"1a6d0bc752c201df1b7bf9455623d2011ade4d47","isMergeCommit":false,"messageTitle":"Refactor method names for better understandability","messageBody":"","fileTypesAndContributionMap":{"functional-code":{"insertions":12,"deletions":13}}},{"hash":"58724122a8aa933fdd586a75767464bfbbfa8fce","isMergeCommit":false,"messageTitle":"Refactor for better code readability","messageBody":"","fileTypesAndContributionMap":{"functional-code":{"insertions":105,"deletions":107}}},{"hash":"3890523fcb3fada8888ebec8e32e92726e1f15ff","isMergeCommit":false,"messageTitle":"Add high level class diagram and first basic class descriptions","messageBody":"","fileTypesAndContributionMap":{"docs":{"insertions":58,"deletions":6}}},{"hash":"862423c0be463eddea694f905a93ea2fd6729c6c","isMergeCommit":false,"messageTitle":"Add acknowledgements","messageBody":"","fileTypesAndContributionMap":{"docs":{"insertions":5,"deletions":0}}}]},{"date":"2024-10-21","commitResults":[{"hash":"c8477008f07fcaf5769256009faf0d63057937f9","isMergeCommit":false,"messageTitle":"Delete redundant file call","messageBody":"","fileTypesAndContributionMap":{"functional-code":{"insertions":2,"deletions":4}}},{"hash":"b6dd9ecf516114f49af104c74927fba112fcdd6d","isMergeCommit":false,"messageTitle":"Remove redundant file creation","messageBody":"","fileTypesAndContributionMap":{"functional-code":{"insertions":2,"deletions":8}}},{"hash":"a41e7e1a145906a7a8c846816f9314563e9ab4f0","isMergeCommit":true,"messageTitle":"Merge branch \u0027master\u0027 into ImproveCohesion Get recent changes from master","messageBody":"","fileTypesAndContributionMap":{}},{"hash":"3e40194c6d534a6657ab5ce0348b1e89417f961d","isMergeCommit":true,"messageTitle":"Merge pull request #73 from Dri-water/updated-developer-guide","messageBody":"Update DeveloperGuide.md","fileTypesAndContributionMap":{}},{"hash":"c82d76d85b03fde32ea904ea7d008e6d6679e9bf","isMergeCommit":false,"messageTitle":"Add User SD","messageBody":"","fileTypesAndContributionMap":{"docs":{"insertions":5,"deletions":0}}}]},{"date":"2024-10-22","commitResults":[{"hash":"d733d20b64cdfde2a1b753e72cba15edc406b73d","isMergeCommit":true,"messageTitle":"Merge pull request #76 from DarkDragoon2002/master","messageBody":"Create JUnit Tests \u0026 Add Assertions for HealthGoal","fileTypesAndContributionMap":{}}]},{"date":"2024-10-23","commitResults":[{"hash":"4840c9d282e97631aee33114e5bf0921ba679912","isMergeCommit":true,"messageTitle":"Merge pull request #77 from ryryry-3302/72-add-implementation-of-a-feature-for-the-developer-guide","messageBody":"Update Dev Guide and add sequence diagrams","fileTypesAndContributionMap":{}}]},{"date":"2024-10-24","commitResults":[{"hash":"67fa6c45c301f9e2e06d3fa3b53a7e5cbe570d3a","isMergeCommit":true,"messageTitle":"Merge pull request #80 from DarkDragoon2002/daily-progress-bar-command","messageBody":"historicCalories \u0026 todayCalories Commands","fileTypesAndContributionMap":{}}]}],"DarkDragoon2002":[{"date":"2024-10-02","commitResults":[{"hash":"f9723cde56ecc07fbfe1c27d5f6e5e8b2d66f596","isMergeCommit":true,"messageTitle":"Merge pull request #26 from kennethSty/CI-fix","messageBody":"Fix CI issue  in Tut","fileTypesAndContributionMap":{}},{"hash":"69420c076058dc7114e72d317727e6596c8de25c","isMergeCommit":false,"messageTitle":"Update AboutUs","messageBody":"","fileTypesAndContributionMap":{"other":{"insertions":63,"deletions":0},"docs":{"insertions":8,"deletions":8}}},{"hash":"dbb8a17127bb46461bd8209f7282794bb51b14b9","isMergeCommit":false,"messageTitle":"Update AboutUs.md","messageBody":"","fileTypesAndContributionMap":{"docs":{"insertions":0,"deletions":1}}},{"hash":"914633836bf49ee1dd6fdc9ba8dff0884ccae264","isMergeCommit":false,"messageTitle":"Update AboutUs.md","messageBody":"* Update AboutUs\r\n\r\n* Update AboutUs.md","fileTypesAndContributionMap":{"other":{"insertions":63,"deletions":0},"docs":{"insertions":7,"deletions":8}}}]},{"date":"2024-10-04","commitResults":[{"hash":"2e609eb2b6bb5e729c004313f9b86e06842c09d9","isMergeCommit":false,"messageTitle":"Update AboutUs.md","messageBody":"* Update AboutUs\n\n* Update AboutUs.md\n","fileTypesAndContributionMap":{"other":{"insertions":63,"deletions":0},"docs":{"insertions":7,"deletions":8}}}]},{"date":"2024-10-07","commitResults":[{"hash":"7a319e9d4fc67def884da4c0038ece8ef768735b","isMergeCommit":true,"messageTitle":"Merge branch \u0027AY2425S1-CS2113-W12-1:master\u0027 into master","messageBody":"","fileTypesAndContributionMap":{}},{"hash":"29c155dd33ac7da9e52e9829a08711ffc3f0d74f","isMergeCommit":false,"messageTitle":"Added Meal Option Deletion Feature","messageBody":"Fixed numbering for list printing as well\n","fileTypesAndContributionMap":{"functional-code":{"insertions":20,"deletions":3}}},{"hash":"a60554a9684092a1a6feb553caef20701ec6e61d","isMergeCommit":false,"messageTitle":"Added Deletion of Meal Entries","messageBody":"","fileTypesAndContributionMap":{"functional-code":{"insertions":34,"deletions":7}}},{"hash":"093b6b44fa49e284e9d2180ca5694f75631af4dd","isMergeCommit":false,"messageTitle":"Removed Meal List and Entry add messages during initial load","messageBody":"Added some methods for printing Messages and Separators\n","fileTypesAndContributionMap":{"functional-code":{"insertions":22,"deletions":8}}},{"hash":"7e5037c8c89daa5fe8696a6706bb58fdd04bf7ab","isMergeCommit":true,"messageTitle":"Merge pull request #39 from ryryry-3302/7-update-user-guide","messageBody":"Docs: Update UG to include current commands formatting","fileTypesAndContributionMap":{}}]},{"date":"2024-10-08","commitResults":[{"hash":"eb2e1ceb600a5ede00c0caa87551f5b6f628c966","isMergeCommit":false,"messageTitle":"Changed addMealWithoutMsg to addMealWithoutCLIMsg","messageBody":"","fileTypesAndContributionMap":{"functional-code":{"insertions":3,"deletions":3}}},{"hash":"97fcf3797ececa307502b679695416937fc51d34","isMergeCommit":true,"messageTitle":"Merge branch \u0027master\u0027 into master","messageBody":"","fileTypesAndContributionMap":{}},{"hash":"f70ca36bfacbd86648d9222e9e3c0ad27fb845a9","isMergeCommit":false,"messageTitle":"Update ChatParser inline with Commands Class","messageBody":"","fileTypesAndContributionMap":{"functional-code":{"insertions":4,"deletions":2}}}]},{"date":"2024-10-11","commitResults":[{"hash":"d62e5e1c030b327ae76ffc26fd263d18817b55f9","isMergeCommit":true,"messageTitle":"Merge pull request #46 from Dri-water/add-meal-identification","messageBody":"Add meal identification","fileTypesAndContributionMap":{}}]},{"date":"2024-10-15","commitResults":[{"hash":"fb674291046c78a70db21ae23bf6240a1c4ab73c","isMergeCommit":false,"messageTitle":"Created HealthGoal Class","messageBody":"","fileTypesAndContributionMap":{"functional-code":{"insertions":94,"deletions":10}}},{"hash":"076e8731ae2504a51c8ec935628b5a54a623bf3b","isMergeCommit":false,"messageTitle":"fixed Indentation and switched return of saveHealthGoal to void","messageBody":"","fileTypesAndContributionMap":{"functional-code":{"insertions":26,"deletions":30}}},{"hash":"0788e56e273fabcbfd6487fa4f19a71b04d1f702","isMergeCommit":false,"messageTitle":"Fix: Reorder Variables and fix switch case statements","messageBody":"","fileTypesAndContributionMap":{"functional-code":{"insertions":14,"deletions":6}}},{"hash":"7f19ebe880e35e6b493441f38e74a7061cf5858f","isMergeCommit":false,"messageTitle":"Fix: Reordered Variables","messageBody":"","fileTypesAndContributionMap":{"functional-code":{"insertions":1,"deletions":2}}}]},{"date":"2024-10-16","commitResults":[{"hash":"b26b591378103db44c32c65525cb50bba621a96e","isMergeCommit":true,"messageTitle":"Merge pull request #64 from Dri-water/HistoryTracker-JUnitTest","messageBody":"Add JUnit test for HistoryTracker","fileTypesAndContributionMap":{}}]},{"date":"2024-10-21","commitResults":[{"hash":"b763d2f0b5eba06fa545a78462d33c2a5f3b9663","isMergeCommit":false,"messageTitle":"Create JUnit Tests \u0026 Add Assertions for HealthGoal","messageBody":"","fileTypesAndContributionMap":{"functional-code":{"insertions":39,"deletions":25},"test-code":{"insertions":68,"deletions":0}}},{"hash":"7760308c546d86208c3317a768ae96b5ffd6bd74","isMergeCommit":false,"messageTitle":"Fix: CheckStyle of HealthGoal and HealthGoalTest","messageBody":"","fileTypesAndContributionMap":{"functional-code":{"insertions":41,"deletions":21},"test-code":{"insertions":40,"deletions":15}}},{"hash":"183774be2a83da2d70d9bb06fe67a098c94ad8e6","isMergeCommit":false,"messageTitle":"Fix Indentation HealthGoal","messageBody":"","fileTypesAndContributionMap":{"functional-code":{"insertions":19,"deletions":19}}}]},{"date":"2024-10-23","commitResults":[{"hash":"c74976bf91a758165a8f3305db4cfd8524ef8660","isMergeCommit":false,"messageTitle":"Feature: Add Calorie Progress Bar Command and DateTimeUtils","messageBody":"","fileTypesAndContributionMap":{"functional-code":{"insertions":50,"deletions":10}}},{"hash":"d76f8416251264be6601fa08e1bdf35dbbf76eea","isMergeCommit":false,"messageTitle":"Fix: CheckStyle Fixes","messageBody":"","fileTypesAndContributionMap":{"functional-code":{"insertions":10,"deletions":2}}},{"hash":"a21ca08ee353c74c785a2cb701cd098c68ede681","isMergeCommit":true,"messageTitle":"Merge pull request #78 from Dri-water/Add-MealSaver","messageBody":"Implement MealSaver class","fileTypesAndContributionMap":{}}]},{"date":"2024-10-24","commitResults":[{"hash":"cba85900fc124db26960ad39c260f7f790c88ab4","isMergeCommit":false,"messageTitle":"Feature: Added Command to see Historic Calorie Progress + some Abstraction","messageBody":"","fileTypesAndContributionMap":{"functional-code":{"insertions":156,"deletions":37}}},{"hash":"50e4d56076381283fd921ac2a0f245f7b6cbc700","isMergeCommit":true,"messageTitle":"Merge branch \u0027master\u0027 into daily-progress-bar-command","messageBody":"","fileTypesAndContributionMap":{}},{"hash":"3cdb179dcc74af18127b50054471976adae86918","isMergeCommit":false,"messageTitle":"Fix: CheckStyle Fixes","messageBody":"","fileTypesAndContributionMap":{"functional-code":{"insertions":10,"deletions":2}}},{"hash":"2255d888782ba148e9c2a8b92ca5fd5dc857054c","isMergeCommit":true,"messageTitle":"Merge branch \u0027daily-progress-bar-command\u0027 of https://github.com/DarkDragoon2002/tp into daily-progress-bar-command","messageBody":"","fileTypesAndContributionMap":{}}]}]},"authorFileTypeContributionMap":{"Dri-water":{"docs":73,"functional-code":228,"test-code":16},"ryryry-3302":{"docs":146,"functional-code":330,"test-code":190,"other":1},"ryan-txn":{"docs":1,"functional-code":160,"test-code":0},"kennethSty":{"docs":67,"functional-code":650,"test-code":99,"other":3},"DarkDragoon2002":{"docs":2,"functional-code":325,"test-code":93,"other":63}},"authorContributionVariance":{"Dri-water":1259.376,"ryryry-3302":6553.0635,"ryan-txn":10827.594,"kennethSty":15159.054,"DarkDragoon2002":4622.7856},"authorDisplayNameMap":{"Dri-water":"CS2113-W12-1 JONA..SEET","ryryry-3302":"CS2113-W12-1 LEON..SPER","ryan-txn":"CS2113-W12-1 RYAN.. TAN","kennethSty":"CS2113-W12-1 STYP..RICH","DarkDragoon2002":"CS2113-W12-1 DHAS..HNAA"}}
