{"authorDailyContributionsMap":{"Dri-water":[{"date":"2024-10-02","commitResults":[{"hash":"e5a5727b18d13f95d731790e9b5b569739047c71","isMergeCommit":false,"messageTitle":"Add jonas details to about us","messageBody":"","fileTypesAndContributionMap":{"docs":{"insertions":1,"deletions":1}}},{"hash":"261b32762fd712717d3d34ae4aa5cbc754043bcc","isMergeCommit":true,"messageTitle":"Merge branch \u0027master\u0027 into RyanLeong-AboutUs","messageBody":"","fileTypesAndContributionMap":{}},{"hash":"503fb916ddc846e5cd101153c92ef28b53982cf0","isMergeCommit":true,"messageTitle":"Merge pull request #27 from ryryry-3302/RyanLeong-AboutUs","messageBody":"Ryan leong about us","fileTypesAndContributionMap":{}}]},{"date":"2024-10-04","commitResults":[{"hash":"0e78ebb7274a004c71eb0e882ebeb4c22a7362c9","isMergeCommit":false,"messageTitle":"Add HistoryTracker class","messageBody":"HistoryTracker class is responsible for managing the persistence of meal entries and meal options. Key features include:\n\n* Saving and loading meal entries and meal options to/from CSV files\n* Conversion between in-memory objects and CSV format\n\nAdditional changes:\n* Added new CSV files for storing meal entries and options\n* Modified existing classes (ChatParser, Meal, MealEntriesList, MealList) to integrate with HistoryTracker\n","fileTypesAndContributionMap":{"functional-code":{"insertions":110,"deletions":4}}}]}],"ryryry-3302":[{"date":"2024-09-27","commitResults":[{"hash":"2f4e6753bc8237981b49b212342284688624859d","isMergeCommit":true,"messageTitle":"Merge pull request #11 from kennethSty/class_structure","messageBody":"Add basic logic for saving meal options and meal entries. ","fileTypesAndContributionMap":{}}]},{"date":"2024-10-02","commitResults":[{"hash":"6f87b58afb275fb10f23a5f8f7119a1f64751714","isMergeCommit":false,"messageTitle":"About us","messageBody":"","fileTypesAndContributionMap":{"docs":{"insertions":3,"deletions":7}}},{"hash":"3226dceb4c57875b06123d05b0c461f6001cb590","isMergeCommit":true,"messageTitle":"Merge branch \u0027AY2425S1-CS2113-W12-1:master\u0027 into RyanLeong-AboutUs","messageBody":"","fileTypesAndContributionMap":{}},{"hash":"61ba619b157cc1a6ffb266ec3ac9d9c54b233484","isMergeCommit":true,"messageTitle":"Merge pull request #28 from Dri-water/tutorial_activity","messageBody":"Add jonas details to about us","fileTypesAndContributionMap":{}},{"hash":"51713e359f7a276c32bc3b68601aa1c48b18a25d","isMergeCommit":true,"messageTitle":"Merge branch \u0027master\u0027 into Kenneth-AboutUs","messageBody":"","fileTypesAndContributionMap":{}},{"hash":"9ae27e1e4e89ea2827f50f42f917f09610c166e9","isMergeCommit":true,"messageTitle":"Merge pull request #29 from kennethSty/Kenneth-AboutUs","messageBody":"Add Kenneth to AboutUs","fileTypesAndContributionMap":{}},{"hash":"ed86d039760835f2c3ff175210239d758d52b72d","isMergeCommit":true,"messageTitle":"Merge pull request #30 from ryan-txn/master","messageBody":"Ryan Tan AboutUs PR","fileTypesAndContributionMap":{}}]},{"date":"2024-10-05","commitResults":[{"hash":"420ae9f888dd2c409fd843f2be16d5d0de94baa6","isMergeCommit":true,"messageTitle":"Merge pull request #35 from Dri-water/HistoryTracker","messageBody":"Add HistoryTracker class","fileTypesAndContributionMap":{}}]},{"date":"2024-10-06","commitResults":[{"hash":"fbad59486a57cc0b389879104ed1044123a2e473","isMergeCommit":true,"messageTitle":"Merge pull request #37 from kennethSty/cleanup-ChatParser","messageBody":"Cleanup chat parser","fileTypesAndContributionMap":{}},{"hash":"035c53f327979a0e298cd6e7a6dd5cbb8e6f7de6","isMergeCommit":false,"messageTitle":"Create Commands Class and Add list Commands","messageBody":"","fileTypesAndContributionMap":{"functional-code":{"insertions":51,"deletions":5}}},{"hash":"4b15cd812e2ad1712b14341e143787eaf120bfd9","isMergeCommit":false,"messageTitle":"Docs: Update UG to include current commands formatting","messageBody":"","fileTypesAndContributionMap":{"docs":{"insertions":66,"deletions":35}}}]},{"date":"2024-10-09","commitResults":[{"hash":"cab816d3faee52de2289ca36047d06bc0d6a455f","isMergeCommit":true,"messageTitle":"Merge pull request #43 from kennethSty/testCaseBranch","messageBody":"Test case branch [Merge after PR #42]","fileTypesAndContributionMap":{}},{"hash":"82b4a1d8e854e96c48f3e4bf42c46d366089d2f3","isMergeCommit":false,"messageTitle":"Test: Create UITest Class","messageBody":"","fileTypesAndContributionMap":{"test-code":{"insertions":55,"deletions":0}}},{"hash":"09f31d34408778b9c605a43e6bae61746e29d556","isMergeCommit":false,"messageTitle":"Test: create testPrintFarewell","messageBody":"","fileTypesAndContributionMap":{"test-code":{"insertions":7,"deletions":0}}},{"hash":"36cd3decba747777c6b12310323b49aa64ace4c2","isMergeCommit":false,"messageTitle":"Test: Create printReplyTest and Java Doc","messageBody":"","fileTypesAndContributionMap":{"test-code":{"insertions":23,"deletions":1}}},{"hash":"d63b6927a7afec3989ab047727cb53816b45942c","isMergeCommit":false,"messageTitle":"Fix: remove duplicate import","messageBody":"","fileTypesAndContributionMap":{"test-code":{"insertions":0,"deletions":2}}}]}],"ryan-txn":[{"date":"2024-10-02","commitResults":[{"hash":"1f8610ae87b3c3674bfde12ec89f35a776d10f7c","isMergeCommit":false,"messageTitle":"Update AboutUs (Ryan Tan)","messageBody":"","fileTypesAndContributionMap":{"docs":{"insertions":3,"deletions":7}}},{"hash":"bc8b95422baaace6939c43d478e41a33b3b86a16","isMergeCommit":true,"messageTitle":"Merge branch \u0027master\u0027 of https://github.com/ryan-txn/tp","messageBody":"","fileTypesAndContributionMap":{}},{"hash":"e05516b263f5e929484f409524bc6a1ce29d5aa9","isMergeCommit":true,"messageTitle":"Merge branch \u0027master\u0027 into master","messageBody":"","fileTypesAndContributionMap":{}}]}],"kennethSty":[{"date":"2024-09-27","commitResults":[{"hash":"e327b5ac406777e57f70f0014db46927f7d51d32","isMergeCommit":false,"messageTitle":"Add basic logic for saving meal options and meal entries. Modify classes accordingly.","messageBody":"","fileTypesAndContributionMap":{"functional-code":{"insertions":401,"deletions":83}}},{"hash":"f85836545db505ec0a16c396380a5bc4ad2a8fff","isMergeCommit":false,"messageTitle":"Reconfigure code to comply with style rules","messageBody":"","fileTypesAndContributionMap":{"functional-code":{"insertions":1,"deletions":20}}},{"hash":"6caec472989bfed2fe35d41b9e26f6dd67ec8a82","isMergeCommit":false,"messageTitle":"Shorten too long line for style compliance","messageBody":"","fileTypesAndContributionMap":{"functional-code":{"insertions":3,"deletions":1}}},{"hash":"0509d80397e3cd0c99564f7482816c749e510beb","isMergeCommit":false,"messageTitle":"Reconfigure test path to correct package","messageBody":"","fileTypesAndContributionMap":{"other":{"insertions":1,"deletions":1}}}]},{"date":"2024-10-02","commitResults":[{"hash":"ef232a82922c6aa2098dce4ebb7f75f85ca0c2f3","isMergeCommit":false,"messageTitle":"Fix CI issue with Prof in Tut","messageBody":"","fileTypesAndContributionMap":{"other":{"insertions":21,"deletions":21}}},{"hash":"3d89ea83a87fdefde2216afc44ebdc3651c000dd","isMergeCommit":false,"messageTitle":"Add dos2unix","messageBody":"","fileTypesAndContributionMap":{"other":{"insertions":1,"deletions":0}}},{"hash":"676c9bc379bef025fcac53edeecf38d11ab557a4","isMergeCommit":false,"messageTitle":"Strip whitespaces","messageBody":"","fileTypesAndContributionMap":{"functional-code":{"insertions":8,"deletions":8}}},{"hash":"d054f1b1cd724ade83536f87336d7a3c16913a95","isMergeCommit":false,"messageTitle":"Escape character","messageBody":"","fileTypesAndContributionMap":{"functional-code":{"insertions":2,"deletions":1}}},{"hash":"c6d32fe11aff0bd6992326874cbb063da38e471f","isMergeCommit":false,"messageTitle":"Add self to AboutUs","messageBody":"","fileTypesAndContributionMap":{"docs":{"insertions":3,"deletions":7}}}]},{"date":"2024-10-05","commitResults":[{"hash":"54f20f52cef916662bb37174fbe280081b9bf999","isMergeCommit":false,"messageTitle":"Delete unused objects","messageBody":"","fileTypesAndContributionMap":{"functional-code":{"insertions":2,"deletions":4}}},{"hash":"003af0ddfbacb030daaa0159cde014da4100b029","isMergeCommit":false,"messageTitle":"Add javadocs to ChatParser class","messageBody":"","fileTypesAndContributionMap":{"functional-code":{"insertions":12,"deletions":0}}}]},{"date":"2024-10-07","commitResults":[{"hash":"2f150f2a3a4fc7e55b4b93d437083ba78f8219c8","isMergeCommit":true,"messageTitle":"Merge pull request #38 from ryryry-3302/8-implement-help-command-to-list-all-available-commands","messageBody":"Create Commands Class and Add list Commands","fileTypesAndContributionMap":{}},{"hash":"2782f0d269549b2078f8ff5814f753ec5a07c867","isMergeCommit":false,"messageTitle":"Add working testcase to catch random user input","messageBody":"","fileTypesAndContributionMap":{"test-code":{"insertions":2,"deletions":0}}},{"hash":"98819aff1091c5d85e459af0b11f76698b0e8c09","isMergeCommit":false,"messageTitle":"Add more tests for ChatParser.run()","messageBody":"","fileTypesAndContributionMap":{"functional-code":{"insertions":51,"deletions":1},"test-code":{"insertions":88,"deletions":1}}}]},{"date":"2024-10-09","commitResults":[{"hash":"1955c53c9dcdc6d7892960393a48a11f074a8526","isMergeCommit":true,"messageTitle":"Merge pull request #42 from DarkDragoon2002/master","messageBody":"Added Deletion of Meal Entries and Meal Options","fileTypesAndContributionMap":{}},{"hash":"3f63d54eb5df49f9c24c18db370fce5ff73c9793","isMergeCommit":true,"messageTitle":"Merge changes from PR#42","messageBody":"","fileTypesAndContributionMap":{}},{"hash":"155f725b4a235a3d15599aabc453e8b8aa20501e","isMergeCommit":false,"messageTitle":"Adapt expected Init Output to actual structure","messageBody":"","fileTypesAndContributionMap":{"functional-code":{"insertions":6,"deletions":5}}},{"hash":"027493ce6cd78732356acfff34a824ece01a30e4","isMergeCommit":false,"messageTitle":"Add missing separator to expected output","messageBody":"","fileTypesAndContributionMap":{"functional-code":{"insertions":2,"deletions":1}}},{"hash":"d0456a812c5e0b66bfaa8c366b4177b3827a9a56","isMergeCommit":false,"messageTitle":"Fix formatting issues. Reduce printed granularity of printed timestamp of MealEntries to avoid milisecond conflicts in testing","messageBody":"","fileTypesAndContributionMap":{"functional-code":{"insertions":20,"deletions":27},"test-code":{"insertions":9,"deletions":5}}},{"hash":"f42ef46ce746db3f120c18501f4d76a78d27bb29","isMergeCommit":false,"messageTitle":"Add function to clean meal entries and options list after testing","messageBody":"","fileTypesAndContributionMap":{"functional-code":{"insertions":18,"deletions":7},"test-code":{"insertions":2,"deletions":2}}},{"hash":"e804d3f058cc9686765e1d444be620621b4b3fd6","isMergeCommit":false,"messageTitle":"Make new line character in tests system independent","messageBody":"","fileTypesAndContributionMap":{"functional-code":{"insertions":17,"deletions":17}}},{"hash":"f9383e1352fa1d478b57d9bd6a68784e7d4a7b91","isMergeCommit":false,"messageTitle":"Clean up separator and intendation into LINE","messageBody":"","fileTypesAndContributionMap":{"functional-code":{"insertions":22,"deletions":22}}}]},{"date":"2024-10-10","commitResults":[{"hash":"060d99813f3f8d0094e07a6656c35d70db680d73","isMergeCommit":true,"messageTitle":"Merge pull request #47 from ryryry-3302/44-create-junit-tests","messageBody":"Create UI class test cases","fileTypesAndContributionMap":{}}]}],"DarkDragoon2002":[{"date":"2024-10-02","commitResults":[{"hash":"f9723cde56ecc07fbfe1c27d5f6e5e8b2d66f596","isMergeCommit":true,"messageTitle":"Merge pull request #26 from kennethSty/CI-fix","messageBody":"Fix CI issue  in Tut","fileTypesAndContributionMap":{}},{"hash":"69420c076058dc7114e72d317727e6596c8de25c","isMergeCommit":false,"messageTitle":"Update AboutUs","messageBody":"","fileTypesAndContributionMap":{"other":{"insertions":63,"deletions":0},"docs":{"insertions":8,"deletions":8}}},{"hash":"dbb8a17127bb46461bd8209f7282794bb51b14b9","isMergeCommit":false,"messageTitle":"Update AboutUs.md","messageBody":"","fileTypesAndContributionMap":{"docs":{"insertions":0,"deletions":1}}},{"hash":"914633836bf49ee1dd6fdc9ba8dff0884ccae264","isMergeCommit":false,"messageTitle":"Update AboutUs.md","messageBody":"* Update AboutUs\r\n\r\n* Update AboutUs.md","fileTypesAndContributionMap":{"other":{"insertions":63,"deletions":0},"docs":{"insertions":7,"deletions":8}}}]},{"date":"2024-10-04","commitResults":[{"hash":"2e609eb2b6bb5e729c004313f9b86e06842c09d9","isMergeCommit":false,"messageTitle":"Update AboutUs.md","messageBody":"* Update AboutUs\n\n* Update AboutUs.md\n","fileTypesAndContributionMap":{"other":{"insertions":63,"deletions":0},"docs":{"insertions":7,"deletions":8}}}]},{"date":"2024-10-07","commitResults":[{"hash":"7a319e9d4fc67def884da4c0038ece8ef768735b","isMergeCommit":true,"messageTitle":"Merge branch \u0027AY2425S1-CS2113-W12-1:master\u0027 into master","messageBody":"","fileTypesAndContributionMap":{}},{"hash":"29c155dd33ac7da9e52e9829a08711ffc3f0d74f","isMergeCommit":false,"messageTitle":"Added Meal Option Deletion Feature","messageBody":"Fixed numbering for list printing as well\n","fileTypesAndContributionMap":{"functional-code":{"insertions":20,"deletions":3}}},{"hash":"a60554a9684092a1a6feb553caef20701ec6e61d","isMergeCommit":false,"messageTitle":"Added Deletion of Meal Entries","messageBody":"","fileTypesAndContributionMap":{"functional-code":{"insertions":34,"deletions":7}}},{"hash":"093b6b44fa49e284e9d2180ca5694f75631af4dd","isMergeCommit":false,"messageTitle":"Removed Meal List and Entry add messages during initial load","messageBody":"Added some methods for printing Messages and Separators\n","fileTypesAndContributionMap":{"functional-code":{"insertions":22,"deletions":8}}},{"hash":"7e5037c8c89daa5fe8696a6706bb58fdd04bf7ab","isMergeCommit":true,"messageTitle":"Merge pull request #39 from ryryry-3302/7-update-user-guide","messageBody":"Docs: Update UG to include current commands formatting","fileTypesAndContributionMap":{}}]},{"date":"2024-10-08","commitResults":[{"hash":"eb2e1ceb600a5ede00c0caa87551f5b6f628c966","isMergeCommit":false,"messageTitle":"Changed addMealWithoutMsg to addMealWithoutCLIMsg","messageBody":"","fileTypesAndContributionMap":{"functional-code":{"insertions":3,"deletions":3}}},{"hash":"97fcf3797ececa307502b679695416937fc51d34","isMergeCommit":true,"messageTitle":"Merge branch \u0027master\u0027 into master","messageBody":"","fileTypesAndContributionMap":{}},{"hash":"f70ca36bfacbd86648d9222e9e3c0ad27fb845a9","isMergeCommit":false,"messageTitle":"Update ChatParser inline with Commands Class","messageBody":"","fileTypesAndContributionMap":{"functional-code":{"insertions":4,"deletions":2}}}]}]},"authorFileTypeContributionMap":{"Dri-water":{"docs":2,"functional-code":108,"test-code":0},"ryryry-3302":{"docs":64,"functional-code":49,"test-code":82},"ryan-txn":{"docs":1,"functional-code":0,"test-code":0},"kennethSty":{"docs":0,"functional-code":446,"test-code":95,"other":3},"DarkDragoon2002":{"docs":2,"functional-code":61,"test-code":0,"other":63}},"authorContributionVariance":{"Dri-water":588.5352,"ryryry-3302":1399.8368,"ryan-txn":4.5351486,"kennethSty":13303.324,"DarkDragoon2002":1640.8705},"authorDisplayNameMap":{"Dri-water":"CS2113-W12-1 JONA..SEET","ryryry-3302":"CS2113-W12-1 LEON..SPER","ryan-txn":"CS2113-W12-1 RYAN.. TAN","kennethSty":"CS2113-W12-1 STYP..RICH","DarkDragoon2002":"CS2113-W12-1 DHAS..HNAA"}}
