{"authorDailyContributionsMap":{"Dri-water":[{"date":"2024-10-02","commitResults":[{"hash":"e5a5727b18d13f95d731790e9b5b569739047c71","isMergeCommit":false,"messageTitle":"Add jonas details to about us","messageBody":"","fileTypesAndContributionMap":{"docs":{"insertions":1,"deletions":1}}},{"hash":"261b32762fd712717d3d34ae4aa5cbc754043bcc","isMergeCommit":true,"messageTitle":"Merge branch \u0027master\u0027 into RyanLeong-AboutUs","messageBody":"","fileTypesAndContributionMap":{}},{"hash":"503fb916ddc846e5cd101153c92ef28b53982cf0","isMergeCommit":true,"messageTitle":"Merge pull request #27 from ryryry-3302/RyanLeong-AboutUs","messageBody":"Ryan leong about us","fileTypesAndContributionMap":{}}]},{"date":"2024-10-04","commitResults":[{"hash":"0e78ebb7274a004c71eb0e882ebeb4c22a7362c9","isMergeCommit":false,"messageTitle":"Add HistoryTracker class","messageBody":"HistoryTracker class is responsible for managing the persistence of meal entries and meal options. Key features include:\n\n* Saving and loading meal entries and meal options to/from CSV files\n* Conversion between in-memory objects and CSV format\n\nAdditional changes:\n* Added new CSV files for storing meal entries and options\n* Modified existing classes (ChatParser, Meal, MealEntriesList, MealList) to integrate with HistoryTracker\n","fileTypesAndContributionMap":{"functional-code":{"insertions":110,"deletions":4}}}]}],"ryryry-3302":[{"date":"2024-09-27","commitResults":[{"hash":"2f4e6753bc8237981b49b212342284688624859d","isMergeCommit":true,"messageTitle":"Merge pull request #11 from kennethSty/class_structure","messageBody":"Add basic logic for saving meal options and meal entries. ","fileTypesAndContributionMap":{}}]},{"date":"2024-10-02","commitResults":[{"hash":"6f87b58afb275fb10f23a5f8f7119a1f64751714","isMergeCommit":false,"messageTitle":"About us","messageBody":"","fileTypesAndContributionMap":{"docs":{"insertions":3,"deletions":7}}},{"hash":"3226dceb4c57875b06123d05b0c461f6001cb590","isMergeCommit":true,"messageTitle":"Merge branch \u0027AY2425S1-CS2113-W12-1:master\u0027 into RyanLeong-AboutUs","messageBody":"","fileTypesAndContributionMap":{}},{"hash":"61ba619b157cc1a6ffb266ec3ac9d9c54b233484","isMergeCommit":true,"messageTitle":"Merge pull request #28 from Dri-water/tutorial_activity","messageBody":"Add jonas details to about us","fileTypesAndContributionMap":{}},{"hash":"51713e359f7a276c32bc3b68601aa1c48b18a25d","isMergeCommit":true,"messageTitle":"Merge branch \u0027master\u0027 into Kenneth-AboutUs","messageBody":"","fileTypesAndContributionMap":{}},{"hash":"9ae27e1e4e89ea2827f50f42f917f09610c166e9","isMergeCommit":true,"messageTitle":"Merge pull request #29 from kennethSty/Kenneth-AboutUs","messageBody":"Add Kenneth to AboutUs","fileTypesAndContributionMap":{}},{"hash":"ed86d039760835f2c3ff175210239d758d52b72d","isMergeCommit":true,"messageTitle":"Merge pull request #30 from ryan-txn/master","messageBody":"Ryan Tan AboutUs PR","fileTypesAndContributionMap":{}}]},{"date":"2024-10-05","commitResults":[{"hash":"420ae9f888dd2c409fd843f2be16d5d0de94baa6","isMergeCommit":true,"messageTitle":"Merge pull request #35 from Dri-water/HistoryTracker","messageBody":"Add HistoryTracker class","fileTypesAndContributionMap":{}}]}],"ryan-txn":[{"date":"2024-10-02","commitResults":[{"hash":"1f8610ae87b3c3674bfde12ec89f35a776d10f7c","isMergeCommit":false,"messageTitle":"Update AboutUs (Ryan Tan)","messageBody":"","fileTypesAndContributionMap":{"docs":{"insertions":3,"deletions":7}}},{"hash":"bc8b95422baaace6939c43d478e41a33b3b86a16","isMergeCommit":true,"messageTitle":"Merge branch \u0027master\u0027 of https://github.com/ryan-txn/tp","messageBody":"","fileTypesAndContributionMap":{}},{"hash":"e05516b263f5e929484f409524bc6a1ce29d5aa9","isMergeCommit":true,"messageTitle":"Merge branch \u0027master\u0027 into master","messageBody":"","fileTypesAndContributionMap":{}}]}],"kennethSty":[{"date":"2024-09-27","commitResults":[{"hash":"e327b5ac406777e57f70f0014db46927f7d51d32","isMergeCommit":false,"messageTitle":"Add basic logic for saving meal options and meal entries. Modify classes accordingly.","messageBody":"","fileTypesAndContributionMap":{"functional-code":{"insertions":401,"deletions":83}}},{"hash":"f85836545db505ec0a16c396380a5bc4ad2a8fff","isMergeCommit":false,"messageTitle":"Reconfigure code to comply with style rules","messageBody":"","fileTypesAndContributionMap":{"functional-code":{"insertions":1,"deletions":20}}},{"hash":"6caec472989bfed2fe35d41b9e26f6dd67ec8a82","isMergeCommit":false,"messageTitle":"Shorten too long line for style compliance","messageBody":"","fileTypesAndContributionMap":{"functional-code":{"insertions":3,"deletions":1}}},{"hash":"0509d80397e3cd0c99564f7482816c749e510beb","isMergeCommit":false,"messageTitle":"Reconfigure test path to correct package","messageBody":"","fileTypesAndContributionMap":{"other":{"insertions":1,"deletions":1}}}]},{"date":"2024-10-02","commitResults":[{"hash":"ef232a82922c6aa2098dce4ebb7f75f85ca0c2f3","isMergeCommit":false,"messageTitle":"Fix CI issue with Prof in Tut","messageBody":"","fileTypesAndContributionMap":{"other":{"insertions":21,"deletions":21}}},{"hash":"3d89ea83a87fdefde2216afc44ebdc3651c000dd","isMergeCommit":false,"messageTitle":"Add dos2unix","messageBody":"","fileTypesAndContributionMap":{"other":{"insertions":1,"deletions":0}}},{"hash":"676c9bc379bef025fcac53edeecf38d11ab557a4","isMergeCommit":false,"messageTitle":"Strip whitespaces","messageBody":"","fileTypesAndContributionMap":{"functional-code":{"insertions":8,"deletions":8}}},{"hash":"d054f1b1cd724ade83536f87336d7a3c16913a95","isMergeCommit":false,"messageTitle":"Escape character","messageBody":"","fileTypesAndContributionMap":{"functional-code":{"insertions":2,"deletions":1}}},{"hash":"c6d32fe11aff0bd6992326874cbb063da38e471f","isMergeCommit":false,"messageTitle":"Add self to AboutUs","messageBody":"","fileTypesAndContributionMap":{"docs":{"insertions":3,"deletions":7}}}]}],"DarkDragoon2002":[{"date":"2024-10-02","commitResults":[{"hash":"f9723cde56ecc07fbfe1c27d5f6e5e8b2d66f596","isMergeCommit":true,"messageTitle":"Merge pull request #26 from kennethSty/CI-fix","messageBody":"Fix CI issue  in Tut","fileTypesAndContributionMap":{}},{"hash":"914633836bf49ee1dd6fdc9ba8dff0884ccae264","isMergeCommit":false,"messageTitle":"Update AboutUs.md","messageBody":"* Update AboutUs\r\n\r\n* Update AboutUs.md","fileTypesAndContributionMap":{"other":{"insertions":63,"deletions":0},"docs":{"insertions":7,"deletions":8}}}]},{"date":"2024-10-04","commitResults":[{"hash":"2e609eb2b6bb5e729c004313f9b86e06842c09d9","isMergeCommit":false,"messageTitle":"Update AboutUs.md","messageBody":"* Update AboutUs\n\n* Update AboutUs.md\n","fileTypesAndContributionMap":{"other":{"insertions":63,"deletions":0},"docs":{"insertions":7,"deletions":8}}}]}]},"authorFileTypeContributionMap":{"Dri-water":{"docs":2,"functional-code":110,"test-code":0},"ryryry-3302":{"docs":1,"functional-code":0,"test-code":0},"ryan-txn":{"docs":1,"functional-code":0,"test-code":0},"kennethSty":{"docs":0,"functional-code":382,"test-code":2,"other":3},"DarkDragoon2002":{"docs":2,"functional-code":0,"test-code":0,"other":63}},"authorContributionVariance":{"Dri-water":759.9375,"ryryry-3302":5.859375,"ryan-txn":5.859375,"kennethSty":15316.369,"DarkDragoon2002":665.4375},"authorDisplayNameMap":{"Dri-water":"CS2113-W12-1 JONA..SEET","ryryry-3302":"CS2113-W12-1 LEON..SPER","ryan-txn":"CS2113-W12-1 RYAN.. TAN","kennethSty":"CS2113-W12-1 STYP..RICH","DarkDragoon2002":"CS2113-W12-1 DHAS..HNAA"}}
