{"repoSenseVersion":"33df258c39","reportGeneratedTime":"Mon, 4 Nov 2024 09:25:26 UTC+08:00","reportGenerationTime":" 11.17 second(s)","zoneId":"UTC+08:00","reportTitle":"CS2113 tP Code Dashboard","repos":[{"location":{"location":"https://github.com/AY2425S1-CS2113-W10-1/tp.git","repoName":"tp","organization":"AY2425S1-CS2113-W10-1","domainName":"github"},"branch":"master","displayName":"AY2425S1-CS2113-W10-1/tp[master]","outputFolderName":"AY2425S1-CS2113-W10-1_tp_master"},{"location":{"location":"https://github.com/AY2425S1-CS2113-W10-2/tp.git","repoName":"tp","organization":"AY2425S1-CS2113-W10-2","domainName":"github"},"branch":"master","displayName":"AY2425S1-CS2113-W10-2/tp[master]","outputFolderName":"AY2425S1-CS2113-W10-2_tp_master"},{"location":{"location":"https://github.com/AY2425S1-CS2113-W10-3/tp.git","repoName":"tp","organization":"AY2425S1-CS2113-W10-3","domainName":"github"},"branch":"master","displayName":"AY2425S1-CS2113-W10-3/tp[master]","outputFolderName":"AY2425S1-CS2113-W10-3_tp_master"},{"location":{"location":"https://github.com/AY2425S1-CS2113-W10-4/tp.git","repoName":"tp","organization":"AY2425S1-CS2113-W10-4","domainName":"github"},"branch":"master","displayName":"AY2425S1-CS2113-W10-4/tp[master]","outputFolderName":"AY2425S1-CS2113-W10-4_tp_master"},{"location":{"location":"https://github.com/AY2425S1-CS2113-W12-1/tp.git","repoName":"tp","organization":"AY2425S1-CS2113-W12-1","domainName":"github"},"branch":"master","displayName":"AY2425S1-CS2113-W12-1/tp[master]","outputFolderName":"AY2425S1-CS2113-W12-1_tp_master"},{"location":{"location":"https://github.com/AY2425S1-CS2113-W12-2/tp.git","repoName":"tp","organization":"AY2425S1-CS2113-W12-2","domainName":"github"},"branch":"master","displayName":"AY2425S1-CS2113-W12-2/tp[master]","outputFolderName":"AY2425S1-CS2113-W12-2_tp_master"},{"location":{"location":"https://github.com/AY2425S1-CS2113-W12-3/tp.git","repoName":"tp","organization":"AY2425S1-CS2113-W12-3","domainName":"github"},"branch":"master","displayName":"AY2425S1-CS2113-W12-3/tp[master]","outputFolderName":"AY2425S1-CS2113-W12-3_tp_master"},{"location":{"location":"https://github.com/AY2425S1-CS2113-W12-4/tp.git","repoName":"tp","organization":"AY2425S1-CS2113-W12-4","domainName":"github"},"branch":"master","displayName":"AY2425S1-CS2113-W12-4/tp[master]","outputFolderName":"AY2425S1-CS2113-W12-4_tp_master"},{"location":{"location":"https://github.com/AY2425S1-CS2113-W13-1/tp.git","repoName":"tp","organization":"AY2425S1-CS2113-W13-1","domainName":"github"},"branch":"master","displayName":"AY2425S1-CS2113-W13-1/tp[master]","outputFolderName":"AY2425S1-CS2113-W13-1_tp_master"},{"location":{"location":"https://github.com/AY2425S1-CS2113-W13-2/tp.git","repoName":"tp","organization":"AY2425S1-CS2113-W13-2","domainName":"github"},"branch":"master","displayName":"AY2425S1-CS2113-W13-2/tp[master]","outputFolderName":"AY2425S1-CS2113-W13-2_tp_master"},{"location":{"location":"https://github.com/AY2425S1-CS2113-W13-3/tp.git","repoName":"tp","organization":"AY2425S1-CS2113-W13-3","domainName":"github"},"branch":"master","displayName":"AY2425S1-CS2113-W13-3/tp[master]","outputFolderName":"AY2425S1-CS2113-W13-3_tp_master"},{"location":{"location":"https://github.com/AY2425S1-CS2113-W13-4/tp.git","repoName":"tp","organization":"AY2425S1-CS2113-W13-4","domainName":"github"},"branch":"master","displayName":"AY2425S1-CS2113-W13-4/tp[master]","outputFolderName":"AY2425S1-CS2113-W13-4_tp_master"},{"location":{"location":"https://github.com/AY2425S1-CS2113-W14-1/tp.git","repoName":"tp","organization":"AY2425S1-CS2113-W14-1","domainName":"github"},"branch":"master","displayName":"AY2425S1-CS2113-W14-1/tp[master]","outputFolderName":"AY2425S1-CS2113-W14-1_tp_master"},{"location":{"location":"https://github.com/AY2425S1-CS2113-W14-2/tp.git","repoName":"tp","organization":"AY2425S1-CS2113-W14-2","domainName":"github"},"branch":"master","displayName":"AY2425S1-CS2113-W14-2/tp[master]","outputFolderName":"AY2425S1-CS2113-W14-2_tp_master"},{"location":{"location":"https://github.com/AY2425S1-CS2113-W14-3/tp.git","repoName":"tp","organization":"AY2425S1-CS2113-W14-3","domainName":"github"},"branch":"master","displayName":"AY2425S1-CS2113-W14-3/tp[master]","outputFolderName":"AY2425S1-CS2113-W14-3_tp_master"},{"location":{"location":"https://github.com/AY2425S1-CS2113-W14-4/tp.git","repoName":"tp","organization":"AY2425S1-CS2113-W14-4","domainName":"github"},"branch":"master","displayName":"AY2425S1-CS2113-W14-4/tp[master]","outputFolderName":"AY2425S1-CS2113-W14-4_tp_master"},{"location":{"location":"https://github.com/AY2425S1-CS2113-T10-1/tp.git","repoName":"tp","organization":"AY2425S1-CS2113-T10-1","domainName":"github"},"branch":"master","displayName":"AY2425S1-CS2113-T10-1/tp[master]","outputFolderName":"AY2425S1-CS2113-T10-1_tp_master"},{"location":{"location":"https://github.com/AY2425S1-CS2113-T10-2/tp.git","repoName":"tp","organization":"AY2425S1-CS2113-T10-2","domainName":"github"},"branch":"master","displayName":"AY2425S1-CS2113-T10-2/tp[master]","outputFolderName":"AY2425S1-CS2113-T10-2_tp_master"},{"location":{"location":"https://github.com/AY2425S1-CS2113-T10-3/tp.git","repoName":"tp","organization":"AY2425S1-CS2113-T10-3","domainName":"github"},"branch":"master","displayName":"AY2425S1-CS2113-T10-3/tp[master]","outputFolderName":"AY2425S1-CS2113-T10-3_tp_master"},{"location":{"location":"https://github.com/AY2425S1-CS2113-T10-4/tp.git","repoName":"tp","organization":"AY2425S1-CS2113-T10-4","domainName":"github"},"branch":"master","displayName":"AY2425S1-CS2113-T10-4/tp[master]","outputFolderName":"AY2425S1-CS2113-T10-4_tp_master"},{"location":{"location":"https://github.com/AY2425S1-CS2113-T11-1/tp.git","repoName":"tp","organization":"AY2425S1-CS2113-T11-1","domainName":"github"},"branch":"master","displayName":"AY2425S1-CS2113-T11-1/tp[master]","outputFolderName":"AY2425S1-CS2113-T11-1_tp_master"},{"location":{"location":"https://github.com/AY2425S1-CS2113-T11-2/tp.git","repoName":"tp","organization":"AY2425S1-CS2113-T11-2","domainName":"github"},"branch":"master","displayName":"AY2425S1-CS2113-T11-2/tp[master]","outputFolderName":"AY2425S1-CS2113-T11-2_tp_master"},{"location":{"location":"https://github.com/AY2425S1-CS2113-T11-3/tp.git","repoName":"tp","organization":"AY2425S1-CS2113-T11-3","domainName":"github"},"branch":"master","displayName":"AY2425S1-CS2113-T11-3/tp[master]","outputFolderName":"AY2425S1-CS2113-T11-3_tp_master"},{"location":{"location":"https://github.com/AY2425S1-CS2113-T11-4/tp.git","repoName":"tp","organization":"AY2425S1-CS2113-T11-4","domainName":"github"},"branch":"master","displayName":"AY2425S1-CS2113-T11-4/tp[master]","outputFolderName":"AY2425S1-CS2113-T11-4_tp_master"}],"errorSet":[],"sinceDate":"2024-09-20","untilDate":"2024-11-04","isSinceDateProvided":true,"isUntilDateProvided":false,"supportedDomainUrlMap":{"NOT_RECOGNIZED":{"BRANCH":"","REPO_URL":"UNSUPPORTED","BASE_URL":"UNSUPPORTED","HISTORY_PATH":"","COMMIT_PATH":"","BLAME_PATH":""},"github":{"BRANCH":"tree/$BRANCH","REPO_URL":"https://github.com/$ORGANIZATION/$REPO_NAME/","BASE_URL":"https://github.com/","HISTORY_PATH":"commits/$BRANCH/$FILE_PATH","COMMIT_PATH":"commit/$COMMIT_HASH","BLAME_PATH":"blame/$BRANCH/$FILE_PATH"}},"isAuthorshipAnalyzed":false,"blurbs":{"urlBlurbMap":{}}}
