[{"path":"README.md","fileType":"docs","lines":[{"lineNumber":1,"author":{"gitId":"Bev-low"},"content":"# BuffBuddy ","lastModifiedDate":"2024-09-22","isFullCredit":false},{"lineNumber":2,"author":{"gitId":"-"},"content":"","lastModifiedDate":"2020-05-25","isFullCredit":false},{"lineNumber":3,"author":{"gitId":"Bev-low"},"content":"BuffyBuddy is your go to workout tracker to help you stay on track with your goals. ","lastModifiedDate":"2024-09-22","isFullCredit":false},{"lineNumber":4,"author":{"gitId":"-"},"content":"","lastModifiedDate":"2020-05-25","isFullCredit":false},{"lineNumber":5,"author":{"gitId":"-"},"content":"## Setting up in Intellij","lastModifiedDate":"2020-05-25","isFullCredit":false},{"lineNumber":6,"author":{"gitId":"-"},"content":"","lastModifiedDate":"2020-05-25","isFullCredit":false},{"lineNumber":7,"author":{"gitId":"-"},"content":"Prerequisites: JDK 17 (use the exact version), update Intellij to the most recent version.","lastModifiedDate":"2020-05-24","isFullCredit":false},{"lineNumber":8,"author":{"gitId":"-"},"content":"","lastModifiedDate":"2020-05-24","isFullCredit":false},{"lineNumber":9,"author":{"gitId":"-"},"content":"1. **Ensure Intellij JDK 17 is defined as an SDK**, as described [here](https://www.jetbrains.com/help/idea/sdk.html#set-up-jdk) -- this step is not needed if you have used JDK 17 in a previous Intellij project.","lastModifiedDate":"2020-05-24","isFullCredit":false},{"lineNumber":10,"author":{"gitId":"-"},"content":"1. **Import the project _as a Gradle project_**, as described [here](https://se-education.org/guides/tutorials/intellijImportGradleProject.html).","lastModifiedDate":"2020-05-24","isFullCredit":false},{"lineNumber":11,"author":{"gitId":"-"},"content":"1. **Verify the setup**: After the importing is complete, locate the `src/main/java/seedu/duke/Duke.java` file, right-click it, and choose `Run Duke.main()`. If the setup is correct, you should see something like the below:","lastModifiedDate":"2020-05-24","isFullCredit":false},{"lineNumber":12,"author":{"gitId":"-"},"content":"   ```","lastModifiedDate":"2020-05-25","isFullCredit":false},{"lineNumber":13,"author":{"gitId":"-"},"content":"   \u003e Task :compileJava","lastModifiedDate":"2020-05-24","isFullCredit":false},{"lineNumber":14,"author":{"gitId":"-"},"content":"   \u003e Task :processResources NO-SOURCE","lastModifiedDate":"2020-05-24","isFullCredit":false},{"lineNumber":15,"author":{"gitId":"-"},"content":"   \u003e Task :classes","lastModifiedDate":"2020-05-24","isFullCredit":false},{"lineNumber":16,"author":{"gitId":"-"},"content":"   ","lastModifiedDate":"2020-05-24","isFullCredit":false},{"lineNumber":17,"author":{"gitId":"-"},"content":"   \u003e Task :Duke.main()","lastModifiedDate":"2020-05-24","isFullCredit":false},{"lineNumber":18,"author":{"gitId":"-"},"content":"   Hello from","lastModifiedDate":"2020-05-25","isFullCredit":false},{"lineNumber":19,"author":{"gitId":"-"},"content":"    ____        _        ","lastModifiedDate":"2020-05-25","isFullCredit":false},{"lineNumber":20,"author":{"gitId":"-"},"content":"   |  _ \\ _   _| | _____ ","lastModifiedDate":"2020-05-25","isFullCredit":false},{"lineNumber":21,"author":{"gitId":"-"},"content":"   | | | | | | | |/ / _ \\","lastModifiedDate":"2020-05-25","isFullCredit":false},{"lineNumber":22,"author":{"gitId":"-"},"content":"   | |_| | |_| |   \u003c  __/","lastModifiedDate":"2020-05-25","isFullCredit":false},{"lineNumber":23,"author":{"gitId":"-"},"content":"   |____/ \\__,_|_|\\_\\___|","lastModifiedDate":"2020-05-25","isFullCredit":false},{"lineNumber":24,"author":{"gitId":"-"},"content":"   ","lastModifiedDate":"2020-05-24","isFullCredit":false},{"lineNumber":25,"author":{"gitId":"-"},"content":"   What is your name?","lastModifiedDate":"2020-05-24","isFullCredit":false},{"lineNumber":26,"author":{"gitId":"-"},"content":"   ```","lastModifiedDate":"2020-05-25","isFullCredit":false},{"lineNumber":27,"author":{"gitId":"-"},"content":"   Type some word and press enter to let the execution proceed to the end.","lastModifiedDate":"2020-05-24","isFullCredit":false},{"lineNumber":28,"author":{"gitId":"-"},"content":"","lastModifiedDate":"2020-05-24","isFullCredit":false},{"lineNumber":29,"author":{"gitId":"-"},"content":"## Build automation using Gradle","lastModifiedDate":"2020-05-24","isFullCredit":false},{"lineNumber":30,"author":{"gitId":"-"},"content":"","lastModifiedDate":"2020-05-24","isFullCredit":false},{"lineNumber":31,"author":{"gitId":"-"},"content":"* This project uses Gradle for build automation and dependency management. It includes a basic build script as well (i.e. the `build.gradle` file).","lastModifiedDate":"2020-05-24","isFullCredit":false},{"lineNumber":32,"author":{"gitId":"-"},"content":"* If you are new to Gradle, refer to the [Gradle Tutorial at se-education.org/guides](https://se-education.org/guides/tutorials/gradle.html).","lastModifiedDate":"2020-05-24","isFullCredit":false},{"lineNumber":33,"author":{"gitId":"-"},"content":"","lastModifiedDate":"2020-05-24","isFullCredit":false},{"lineNumber":34,"author":{"gitId":"-"},"content":"## Testing","lastModifiedDate":"2020-05-24","isFullCredit":false},{"lineNumber":35,"author":{"gitId":"-"},"content":"","lastModifiedDate":"2020-05-24","isFullCredit":false},{"lineNumber":36,"author":{"gitId":"-"},"content":"### I/O redirection tests","lastModifiedDate":"2020-05-24","isFullCredit":false},{"lineNumber":37,"author":{"gitId":"-"},"content":"","lastModifiedDate":"2020-05-24","isFullCredit":false},{"lineNumber":38,"author":{"gitId":"-"},"content":"* To run _I/O redirection_ tests (aka _Text UI tests_), navigate to the `text-ui-test` and run the `runtest(.bat/.sh)` script.","lastModifiedDate":"2020-05-24","isFullCredit":false},{"lineNumber":39,"author":{"gitId":"-"},"content":"","lastModifiedDate":"2020-05-24","isFullCredit":false},{"lineNumber":40,"author":{"gitId":"-"},"content":"### JUnit tests","lastModifiedDate":"2020-05-24","isFullCredit":false},{"lineNumber":41,"author":{"gitId":"-"},"content":"","lastModifiedDate":"2020-05-24","isFullCredit":false},{"lineNumber":42,"author":{"gitId":"-"},"content":"* A skeleton JUnit test (`src/test/java/seedu/duke/DukeTest.java`) is provided with this project template. ","lastModifiedDate":"2020-05-24","isFullCredit":false},{"lineNumber":43,"author":{"gitId":"-"},"content":"* If you are new to JUnit, refer to the [JUnit Tutorial at se-education.org/guides](https://se-education.org/guides/tutorials/junit.html).","lastModifiedDate":"2020-05-24","isFullCredit":false},{"lineNumber":44,"author":{"gitId":"-"},"content":"","lastModifiedDate":"2020-05-24","isFullCredit":false},{"lineNumber":45,"author":{"gitId":"-"},"content":"## Checkstyle","lastModifiedDate":"2020-05-24","isFullCredit":false},{"lineNumber":46,"author":{"gitId":"-"},"content":"","lastModifiedDate":"2020-05-24","isFullCredit":false},{"lineNumber":47,"author":{"gitId":"-"},"content":"* A sample CheckStyle rule configuration is provided in this project.","lastModifiedDate":"2020-05-24","isFullCredit":false},{"lineNumber":48,"author":{"gitId":"-"},"content":"* If you are new to Checkstyle, refer to the [Checkstyle Tutorial at se-education.org/guides](https://se-education.org/guides/tutorials/checkstyle.html).","lastModifiedDate":"2020-05-24","isFullCredit":false},{"lineNumber":49,"author":{"gitId":"-"},"content":"","lastModifiedDate":"2020-05-24","isFullCredit":false},{"lineNumber":50,"author":{"gitId":"-"},"content":"## CI using GitHub Actions","lastModifiedDate":"2020-05-24","isFullCredit":false},{"lineNumber":51,"author":{"gitId":"-"},"content":"","lastModifiedDate":"2020-05-24","isFullCredit":false},{"lineNumber":52,"author":{"gitId":"-"},"content":"The project uses [GitHub actions](https://github.com/features/actions) for CI. When you push a commit to this repo or PR against it, GitHub actions will run automatically to build and verify the code as updated by the commit/PR.","lastModifiedDate":"2020-05-24","isFullCredit":false},{"lineNumber":53,"author":{"gitId":"-"},"content":"","lastModifiedDate":"2020-05-24","isFullCredit":false},{"lineNumber":54,"author":{"gitId":"-"},"content":"## Documentation","lastModifiedDate":"2020-05-24","isFullCredit":false},{"lineNumber":55,"author":{"gitId":"-"},"content":"","lastModifiedDate":"2020-05-24","isFullCredit":false},{"lineNumber":56,"author":{"gitId":"-"},"content":"`/docs` folder contains a skeleton version of the project documentation.","lastModifiedDate":"2020-05-24","isFullCredit":false},{"lineNumber":57,"author":{"gitId":"-"},"content":"","lastModifiedDate":"2020-05-24","isFullCredit":false},{"lineNumber":58,"author":{"gitId":"-"},"content":"Steps for publishing documentation to the public: ","lastModifiedDate":"2020-05-24","isFullCredit":false},{"lineNumber":59,"author":{"gitId":"-"},"content":"1. If you are using this project template for an individual project, go your fork on GitHub.\u003cbr\u003e","lastModifiedDate":"2020-05-24","isFullCredit":false},{"lineNumber":60,"author":{"gitId":"-"},"content":"   If you are using this project template for a team project, go to the team fork on GitHub.","lastModifiedDate":"2020-05-24","isFullCredit":false},{"lineNumber":61,"author":{"gitId":"-"},"content":"1. Click on the `settings` tab.","lastModifiedDate":"2020-05-24","isFullCredit":false},{"lineNumber":62,"author":{"gitId":"-"},"content":"1. Scroll down to the `GitHub Pages` section.","lastModifiedDate":"2020-05-24","isFullCredit":false},{"lineNumber":63,"author":{"gitId":"-"},"content":"1. Set the `source` as `master branch /docs folder`.","lastModifiedDate":"2020-05-24","isFullCredit":false},{"lineNumber":64,"author":{"gitId":"-"},"content":"1. Optionally, use the `choose a theme` button to choose a theme for your documentation.","lastModifiedDate":"2020-05-24","isFullCredit":false}],"authorContributionMap":{"Bev-low":2,"-":62}},{"path":"docs/AboutUs.md","fileType":"docs","lines":[{"lineNumber":1,"author":{"gitId":"-"},"content":"# About us","lastModifiedDate":"2020-05-24","isFullCredit":false},{"lineNumber":2,"author":{"gitId":"-"},"content":"","lastModifiedDate":"2020-05-24","isFullCredit":false},{"lineNumber":3,"author":{"gitId":"-"},"content":"Display |   Name    |            Github Profile             | Portfolio ","lastModifiedDate":"2020-05-24","isFullCredit":false},{"lineNumber":4,"author":{"gitId":"Atulteja"},"content":"--------|:---------:|:-------------------------------------:|:---------:","lastModifiedDate":"2024-10-02","isFullCredit":false},{"lineNumber":5,"author":{"gitId":"andreusxcarvalho"},"content":"","lastModifiedDate":"2024-10-02","isFullCredit":false},{"lineNumber":6,"author":{"gitId":"Atulteja"},"content":"![]() | Atul Teja | [Github](https://github.com/atulteja) | [Portfolio]()","lastModifiedDate":"2024-10-02","isFullCredit":false},{"lineNumber":7,"author":{"gitId":"TVageesan"},"content":"![](https://via.placeholder.com/100.png?text\u003dPhoto) | Thiru Vageesan | [Github](https://github.com/tvageesan) | [Portfolio](docs/team/johndoe.md)","lastModifiedDate":"2024-10-02","isFullCredit":false},{"lineNumber":8,"author":{"gitId":"Bev-low"},"content":"![](https://ibb.co/48tTmwJ) | Low Beverly |   [Github](https://github.com/Bev-low)   | [Portfolio](https://github.com/Bev-low/tp/blob/master/docs/docs/team/bev-low.md)","lastModifiedDate":"2024-10-02","isFullCredit":false},{"lineNumber":9,"author":{"gitId":"TVageesan"},"content":"![](https://via.placeholder.com/100.png?text\u003dPhoto) | Tanishka | [Github Profile](https://github.com/https://github.com/nirala-ts) | [Portfolio](docs/team/johndnirala-ts)","lastModifiedDate":"2024-10-02","isFullCredit":false},{"lineNumber":10,"author":{"gitId":"andreusxcarvalho"},"content":"![](https://via.placeholder.com/100.png?text\u003dAndreus) | Andreus | [Github Profile](https://github.com/https://github.com/Andreus) | [Portfolio](docs/team/johndoe.md)","lastModifiedDate":"2024-10-02","isFullCredit":false},{"lineNumber":11,"author":{"gitId":"andreusxcarvalho"},"content":"","lastModifiedDate":"2024-10-02","isFullCredit":false},{"lineNumber":12,"author":{"gitId":"andreusxcarvalho"},"content":"","lastModifiedDate":"2024-10-02","isFullCredit":false}],"authorContributionMap":{"TVageesan":2,"Atulteja":2,"Bev-low":1,"-":3,"andreusxcarvalho":4}},{"path":"src/main/java/BuffBuddy.java","fileType":"functional-code","lines":[{"lineNumber":1,"author":{"gitId":"TVageesan"},"content":"import command.Command;","lastModifiedDate":"2024-10-03","isFullCredit":false},{"lineNumber":2,"author":{"gitId":"TVageesan"},"content":"import core.History;","lastModifiedDate":"2024-10-03","isFullCredit":false},{"lineNumber":3,"author":{"gitId":"TVageesan"},"content":"import core.Parser;","lastModifiedDate":"2024-10-03","isFullCredit":false},{"lineNumber":4,"author":{"gitId":"TVageesan"},"content":"import core.Ui;","lastModifiedDate":"2024-10-03","isFullCredit":false},{"lineNumber":5,"author":{"gitId":"TVageesan"},"content":"import core.Storage;","lastModifiedDate":"2024-10-03","isFullCredit":false},{"lineNumber":6,"author":{"gitId":"TVageesan"},"content":"import programme.ProgrammeList;","lastModifiedDate":"2024-10-03","isFullCredit":false},{"lineNumber":7,"author":{"gitId":"TVageesan"},"content":"","lastModifiedDate":"2024-10-03","isFullCredit":false},{"lineNumber":8,"author":{"gitId":"TVageesan"},"content":"","lastModifiedDate":"2024-10-03","isFullCredit":false},{"lineNumber":9,"author":{"gitId":"TVageesan"},"content":"/**","lastModifiedDate":"2024-10-03","isFullCredit":false},{"lineNumber":10,"author":{"gitId":"TVageesan"},"content":" * The Medea class serves as the main application interface,","lastModifiedDate":"2024-10-03","isFullCredit":false},{"lineNumber":11,"author":{"gitId":"TVageesan"},"content":" * managing the flow of the application, including command processing,","lastModifiedDate":"2024-10-03","isFullCredit":false},{"lineNumber":12,"author":{"gitId":"TVageesan"},"content":" * task loading, and saving tasks to storage.","lastModifiedDate":"2024-10-03","isFullCredit":false},{"lineNumber":13,"author":{"gitId":"TVageesan"},"content":" */","lastModifiedDate":"2024-10-03","isFullCredit":false},{"lineNumber":14,"author":{"gitId":"TVageesan"},"content":"public class BuffBuddy {","lastModifiedDate":"2024-10-03","isFullCredit":false},{"lineNumber":15,"author":{"gitId":"TVageesan"},"content":"    private static final String DEFAULT_FILE_PATH \u003d \"./data/data.json\";","lastModifiedDate":"2024-10-03","isFullCredit":false},{"lineNumber":16,"author":{"gitId":"TVageesan"},"content":"    private final Ui userInterface;","lastModifiedDate":"2024-10-03","isFullCredit":false},{"lineNumber":17,"author":{"gitId":"TVageesan"},"content":"    private final Storage storage;","lastModifiedDate":"2024-10-03","isFullCredit":false},{"lineNumber":18,"author":{"gitId":"TVageesan"},"content":"    private final History history;","lastModifiedDate":"2024-10-03","isFullCredit":false},{"lineNumber":19,"author":{"gitId":"TVageesan"},"content":"    private final ProgrammeList pList;","lastModifiedDate":"2024-10-03","isFullCredit":false},{"lineNumber":20,"author":{"gitId":"TVageesan"},"content":"    private final Parser commandParser;","lastModifiedDate":"2024-10-03","isFullCredit":false},{"lineNumber":21,"author":{"gitId":"TVageesan"},"content":"","lastModifiedDate":"2024-10-03","isFullCredit":false},{"lineNumber":22,"author":{"gitId":"TVageesan"},"content":"    public BuffBuddy(String filePath) {","lastModifiedDate":"2024-10-03","isFullCredit":false},{"lineNumber":23,"author":{"gitId":"TVageesan"},"content":"        userInterface \u003d new Ui();","lastModifiedDate":"2024-10-03","isFullCredit":false},{"lineNumber":24,"author":{"gitId":"TVageesan"},"content":"        storage \u003d new Storage(filePath);","lastModifiedDate":"2024-10-03","isFullCredit":false},{"lineNumber":25,"author":{"gitId":"TVageesan"},"content":"        commandParser \u003d new Parser();","lastModifiedDate":"2024-10-03","isFullCredit":false},{"lineNumber":26,"author":{"gitId":"TVageesan"},"content":"        pList \u003d new ProgrammeList();","lastModifiedDate":"2024-10-03","isFullCredit":false},{"lineNumber":27,"author":{"gitId":"TVageesan"},"content":"        history \u003d new History();","lastModifiedDate":"2024-10-03","isFullCredit":false},{"lineNumber":28,"author":{"gitId":"TVageesan"},"content":"    }","lastModifiedDate":"2024-10-03","isFullCredit":false},{"lineNumber":29,"author":{"gitId":"TVageesan"},"content":"","lastModifiedDate":"2024-10-03","isFullCredit":false},{"lineNumber":30,"author":{"gitId":"TVageesan"},"content":"    public static void main(String[] args) {","lastModifiedDate":"2024-10-03","isFullCredit":false},{"lineNumber":31,"author":{"gitId":"TVageesan"},"content":"        new BuffBuddy(DEFAULT_FILE_PATH).run();","lastModifiedDate":"2024-10-03","isFullCredit":false},{"lineNumber":32,"author":{"gitId":"TVageesan"},"content":"    }","lastModifiedDate":"2024-10-03","isFullCredit":false},{"lineNumber":33,"author":{"gitId":"TVageesan"},"content":"","lastModifiedDate":"2024-10-03","isFullCredit":false},{"lineNumber":34,"author":{"gitId":"TVageesan"},"content":"    public void run() {","lastModifiedDate":"2024-10-03","isFullCredit":false},{"lineNumber":35,"author":{"gitId":"TVageesan"},"content":"        loadTasks();","lastModifiedDate":"2024-10-03","isFullCredit":false},{"lineNumber":36,"author":{"gitId":"TVageesan"},"content":"        userInterface.showWelcome();","lastModifiedDate":"2024-10-03","isFullCredit":false},{"lineNumber":37,"author":{"gitId":"TVageesan"},"content":"        handleUserCommands();","lastModifiedDate":"2024-10-03","isFullCredit":false},{"lineNumber":38,"author":{"gitId":"TVageesan"},"content":"        userInterface.showFarewell();","lastModifiedDate":"2024-10-03","isFullCredit":false},{"lineNumber":39,"author":{"gitId":"TVageesan"},"content":"        saveTasks();","lastModifiedDate":"2024-10-03","isFullCredit":false},{"lineNumber":40,"author":{"gitId":"TVageesan"},"content":"    }","lastModifiedDate":"2024-10-03","isFullCredit":false},{"lineNumber":41,"author":{"gitId":"TVageesan"},"content":"","lastModifiedDate":"2024-10-03","isFullCredit":false},{"lineNumber":42,"author":{"gitId":"TVageesan"},"content":"    private void handleUserCommands() {","lastModifiedDate":"2024-10-03","isFullCredit":false},{"lineNumber":43,"author":{"gitId":"TVageesan"},"content":"        while (true) {","lastModifiedDate":"2024-10-03","isFullCredit":false},{"lineNumber":44,"author":{"gitId":"TVageesan"},"content":"            try {","lastModifiedDate":"2024-10-03","isFullCredit":false},{"lineNumber":45,"author":{"gitId":"TVageesan"},"content":"                String fullCommand \u003d userInterface.readCommand();","lastModifiedDate":"2024-10-03","isFullCredit":false},{"lineNumber":46,"author":{"gitId":"TVageesan"},"content":"                Command command \u003d commandParser.parse(fullCommand);","lastModifiedDate":"2024-10-03","isFullCredit":false},{"lineNumber":47,"author":{"gitId":"TVageesan"},"content":"                if (command.isExit()) {","lastModifiedDate":"2024-10-03","isFullCredit":false},{"lineNumber":48,"author":{"gitId":"TVageesan"},"content":"                    return;","lastModifiedDate":"2024-10-03","isFullCredit":false},{"lineNumber":49,"author":{"gitId":"TVageesan"},"content":"                }","lastModifiedDate":"2024-10-03","isFullCredit":false},{"lineNumber":50,"author":{"gitId":"TVageesan"},"content":"                wrapWithLine(() -\u003e command.execute(userInterface, pList, history));","lastModifiedDate":"2024-10-03","isFullCredit":false},{"lineNumber":51,"author":{"gitId":"TVageesan"},"content":"            } catch (Exception exception) {","lastModifiedDate":"2024-10-03","isFullCredit":false},{"lineNumber":52,"author":{"gitId":"TVageesan"},"content":"                wrapWithLine(() -\u003e userInterface.showError(exception));","lastModifiedDate":"2024-10-03","isFullCredit":false},{"lineNumber":53,"author":{"gitId":"TVageesan"},"content":"            }","lastModifiedDate":"2024-10-03","isFullCredit":false},{"lineNumber":54,"author":{"gitId":"TVageesan"},"content":"        }","lastModifiedDate":"2024-10-03","isFullCredit":false},{"lineNumber":55,"author":{"gitId":"TVageesan"},"content":"    }","lastModifiedDate":"2024-10-03","isFullCredit":false},{"lineNumber":56,"author":{"gitId":"TVageesan"},"content":"","lastModifiedDate":"2024-10-03","isFullCredit":false},{"lineNumber":57,"author":{"gitId":"TVageesan"},"content":"    private void wrapWithLine(Runnable action) {","lastModifiedDate":"2024-10-03","isFullCredit":false},{"lineNumber":58,"author":{"gitId":"TVageesan"},"content":"        userInterface.showLine();","lastModifiedDate":"2024-10-03","isFullCredit":false},{"lineNumber":59,"author":{"gitId":"TVageesan"},"content":"        action.run();","lastModifiedDate":"2024-10-03","isFullCredit":false},{"lineNumber":60,"author":{"gitId":"TVageesan"},"content":"        userInterface.showLine();","lastModifiedDate":"2024-10-03","isFullCredit":false},{"lineNumber":61,"author":{"gitId":"TVageesan"},"content":"    }","lastModifiedDate":"2024-10-03","isFullCredit":false},{"lineNumber":62,"author":{"gitId":"TVageesan"},"content":"","lastModifiedDate":"2024-10-03","isFullCredit":false},{"lineNumber":63,"author":{"gitId":"TVageesan"},"content":"    private void loadTasks() {}","lastModifiedDate":"2024-10-03","isFullCredit":false},{"lineNumber":64,"author":{"gitId":"TVageesan"},"content":"    private void saveTasks() {}","lastModifiedDate":"2024-10-03","isFullCredit":false},{"lineNumber":65,"author":{"gitId":"TVageesan"},"content":"}","lastModifiedDate":"2024-10-03","isFullCredit":false}],"authorContributionMap":{"TVageesan":65}},{"path":"src/main/java/command/Command.java","fileType":"functional-code","lines":[{"lineNumber":1,"author":{"gitId":"TVageesan"},"content":"package command;","lastModifiedDate":"2024-10-02","isFullCredit":false},{"lineNumber":2,"author":{"gitId":"TVageesan"},"content":"import core.Ui;","lastModifiedDate":"2024-10-03","isFullCredit":false},{"lineNumber":3,"author":{"gitId":"TVageesan"},"content":"import programme.ProgrammeList;","lastModifiedDate":"2024-10-03","isFullCredit":false},{"lineNumber":4,"author":{"gitId":"TVageesan"},"content":"import core.History;","lastModifiedDate":"2024-10-03","isFullCredit":false},{"lineNumber":5,"author":{"gitId":"TVageesan"},"content":"","lastModifiedDate":"2024-10-02","isFullCredit":false},{"lineNumber":6,"author":{"gitId":"TVageesan"},"content":"public abstract class Command {","lastModifiedDate":"2024-10-02","isFullCredit":false},{"lineNumber":7,"author":{"gitId":"TVageesan"},"content":"    private int target;","lastModifiedDate":"2024-10-02","isFullCredit":false},{"lineNumber":8,"author":{"gitId":"TVageesan"},"content":"","lastModifiedDate":"2024-10-02","isFullCredit":false},{"lineNumber":9,"author":{"gitId":"TVageesan"},"content":"    public Command(int target) {","lastModifiedDate":"2024-10-02","isFullCredit":false},{"lineNumber":10,"author":{"gitId":"TVageesan"},"content":"        this.target \u003d target;","lastModifiedDate":"2024-10-02","isFullCredit":false},{"lineNumber":11,"author":{"gitId":"TVageesan"},"content":"    }","lastModifiedDate":"2024-10-02","isFullCredit":false},{"lineNumber":12,"author":{"gitId":"TVageesan"},"content":"","lastModifiedDate":"2024-10-02","isFullCredit":false},{"lineNumber":13,"author":{"gitId":"TVageesan"},"content":"    public Command(){}","lastModifiedDate":"2024-10-02","isFullCredit":false},{"lineNumber":14,"author":{"gitId":"TVageesan"},"content":"","lastModifiedDate":"2024-10-02","isFullCredit":false},{"lineNumber":15,"author":{"gitId":"TVageesan"},"content":"    protected int getTarget() {","lastModifiedDate":"2024-10-02","isFullCredit":false},{"lineNumber":16,"author":{"gitId":"TVageesan"},"content":"        return target;","lastModifiedDate":"2024-10-02","isFullCredit":false},{"lineNumber":17,"author":{"gitId":"TVageesan"},"content":"    }","lastModifiedDate":"2024-10-02","isFullCredit":false},{"lineNumber":18,"author":{"gitId":"TVageesan"},"content":"","lastModifiedDate":"2024-10-02","isFullCredit":false},{"lineNumber":19,"author":{"gitId":"TVageesan"},"content":"    public boolean isExit(){","lastModifiedDate":"2024-10-02","isFullCredit":false},{"lineNumber":20,"author":{"gitId":"TVageesan"},"content":"        return false;","lastModifiedDate":"2024-10-02","isFullCredit":false},{"lineNumber":21,"author":{"gitId":"TVageesan"},"content":"    }","lastModifiedDate":"2024-10-02","isFullCredit":false},{"lineNumber":22,"author":{"gitId":"TVageesan"},"content":"","lastModifiedDate":"2024-10-02","isFullCredit":false},{"lineNumber":23,"author":{"gitId":"TVageesan"},"content":"    public abstract void execute(Ui ui, ProgrammeList pList, History history);","lastModifiedDate":"2024-10-02","isFullCredit":false},{"lineNumber":24,"author":{"gitId":"TVageesan"},"content":"}","lastModifiedDate":"2024-10-02","isFullCredit":false}],"authorContributionMap":{"TVageesan":24}},{"path":"src/main/java/command/ExitCommand.java","fileType":"functional-code","lines":[{"lineNumber":1,"author":{"gitId":"TVageesan"},"content":"package command;","lastModifiedDate":"2024-10-02","isFullCredit":false},{"lineNumber":2,"author":{"gitId":"TVageesan"},"content":"import core.Ui;","lastModifiedDate":"2024-10-03","isFullCredit":false},{"lineNumber":3,"author":{"gitId":"TVageesan"},"content":"import programme.ProgrammeList;","lastModifiedDate":"2024-10-03","isFullCredit":false},{"lineNumber":4,"author":{"gitId":"TVageesan"},"content":"import core.History;","lastModifiedDate":"2024-10-03","isFullCredit":false},{"lineNumber":5,"author":{"gitId":"TVageesan"},"content":"","lastModifiedDate":"2024-10-03","isFullCredit":false},{"lineNumber":6,"author":{"gitId":"TVageesan"},"content":"","lastModifiedDate":"2024-10-02","isFullCredit":false},{"lineNumber":7,"author":{"gitId":"TVageesan"},"content":"public class ExitCommand extends Command {","lastModifiedDate":"2024-10-02","isFullCredit":false},{"lineNumber":8,"author":{"gitId":"TVageesan"},"content":"    public static final String COMMAND_WORD \u003d \"bye\";","lastModifiedDate":"2024-10-02","isFullCredit":false},{"lineNumber":9,"author":{"gitId":"TVageesan"},"content":"","lastModifiedDate":"2024-10-02","isFullCredit":false},{"lineNumber":10,"author":{"gitId":"TVageesan"},"content":"    @Override","lastModifiedDate":"2024-10-02","isFullCredit":false},{"lineNumber":11,"author":{"gitId":"TVageesan"},"content":"    public boolean isExit(){","lastModifiedDate":"2024-10-02","isFullCredit":false},{"lineNumber":12,"author":{"gitId":"TVageesan"},"content":"        return true;","lastModifiedDate":"2024-10-02","isFullCredit":false},{"lineNumber":13,"author":{"gitId":"TVageesan"},"content":"    }","lastModifiedDate":"2024-10-02","isFullCredit":false},{"lineNumber":14,"author":{"gitId":"TVageesan"},"content":"","lastModifiedDate":"2024-10-02","isFullCredit":false},{"lineNumber":15,"author":{"gitId":"TVageesan"},"content":"    @Override","lastModifiedDate":"2024-10-02","isFullCredit":false},{"lineNumber":16,"author":{"gitId":"TVageesan"},"content":"    public void execute(Ui ui, ProgrammeList pList, History history){}","lastModifiedDate":"2024-10-02","isFullCredit":false},{"lineNumber":17,"author":{"gitId":"TVageesan"},"content":"}","lastModifiedDate":"2024-10-02","isFullCredit":false}],"authorContributionMap":{"TVageesan":17}},{"path":"src/main/java/command/HistoryCommand.java","fileType":"functional-code","lines":[{"lineNumber":1,"author":{"gitId":"TVageesan"},"content":"package command;","lastModifiedDate":"2024-10-02","isFullCredit":false},{"lineNumber":2,"author":{"gitId":"TVageesan"},"content":"import core.Ui;","lastModifiedDate":"2024-10-03","isFullCredit":false},{"lineNumber":3,"author":{"gitId":"TVageesan"},"content":"import programme.ProgrammeList;","lastModifiedDate":"2024-10-03","isFullCredit":false},{"lineNumber":4,"author":{"gitId":"TVageesan"},"content":"import core.History;","lastModifiedDate":"2024-10-03","isFullCredit":false},{"lineNumber":5,"author":{"gitId":"TVageesan"},"content":"","lastModifiedDate":"2024-10-03","isFullCredit":false},{"lineNumber":6,"author":{"gitId":"TVageesan"},"content":"","lastModifiedDate":"2024-10-02","isFullCredit":false},{"lineNumber":7,"author":{"gitId":"TVageesan"},"content":"public class HistoryCommand extends Command {","lastModifiedDate":"2024-10-02","isFullCredit":false},{"lineNumber":8,"author":{"gitId":"TVageesan"},"content":"    public static final String COMMAND_WORD \u003d \"history\";","lastModifiedDate":"2024-10-02","isFullCredit":false},{"lineNumber":9,"author":{"gitId":"TVageesan"},"content":"    @Override","lastModifiedDate":"2024-10-02","isFullCredit":false},{"lineNumber":10,"author":{"gitId":"TVageesan"},"content":"    public void execute(Ui ui, ProgrammeList pList, History history){","lastModifiedDate":"2024-10-02","isFullCredit":false},{"lineNumber":11,"author":{"gitId":"TVageesan"},"content":"        ui.showMsg(\"Your workout history: \\n\" + history.toString());","lastModifiedDate":"2024-10-02","isFullCredit":false},{"lineNumber":12,"author":{"gitId":"TVageesan"},"content":"    }","lastModifiedDate":"2024-10-02","isFullCredit":false},{"lineNumber":13,"author":{"gitId":"TVageesan"},"content":"}","lastModifiedDate":"2024-10-02","isFullCredit":false}],"authorContributionMap":{"TVageesan":13}},{"path":"src/main/java/command/InvalidCommand.java","fileType":"functional-code","lines":[{"lineNumber":1,"author":{"gitId":"TVageesan"},"content":"package command;","lastModifiedDate":"2024-10-02","isFullCredit":false},{"lineNumber":2,"author":{"gitId":"TVageesan"},"content":"import core.Ui;","lastModifiedDate":"2024-10-03","isFullCredit":false},{"lineNumber":3,"author":{"gitId":"TVageesan"},"content":"import programme.ProgrammeList;","lastModifiedDate":"2024-10-03","isFullCredit":false},{"lineNumber":4,"author":{"gitId":"TVageesan"},"content":"import core.History;","lastModifiedDate":"2024-10-03","isFullCredit":false},{"lineNumber":5,"author":{"gitId":"TVageesan"},"content":"","lastModifiedDate":"2024-10-02","isFullCredit":false},{"lineNumber":6,"author":{"gitId":"TVageesan"},"content":"public class InvalidCommand extends Command {","lastModifiedDate":"2024-10-02","isFullCredit":false},{"lineNumber":7,"author":{"gitId":"TVageesan"},"content":"    @Override","lastModifiedDate":"2024-10-02","isFullCredit":false},{"lineNumber":8,"author":{"gitId":"TVageesan"},"content":"    public void execute(Ui ui, ProgrammeList pList, History history){","lastModifiedDate":"2024-10-02","isFullCredit":false},{"lineNumber":9,"author":{"gitId":"TVageesan"},"content":"        ui.showMsg(\"Invalid command.\");","lastModifiedDate":"2024-10-02","isFullCredit":false},{"lineNumber":10,"author":{"gitId":"TVageesan"},"content":"    }","lastModifiedDate":"2024-10-02","isFullCredit":false},{"lineNumber":11,"author":{"gitId":"TVageesan"},"content":"}","lastModifiedDate":"2024-10-02","isFullCredit":false}],"authorContributionMap":{"TVageesan":11}},{"path":"src/main/java/command/LogCommand.java","fileType":"functional-code","lines":[{"lineNumber":1,"author":{"gitId":"TVageesan"},"content":"package command;","lastModifiedDate":"2024-10-02","isFullCredit":false},{"lineNumber":2,"author":{"gitId":"TVageesan"},"content":"import core.Ui;","lastModifiedDate":"2024-10-03","isFullCredit":false},{"lineNumber":3,"author":{"gitId":"TVageesan"},"content":"import programme.ProgrammeList;","lastModifiedDate":"2024-10-03","isFullCredit":false},{"lineNumber":4,"author":{"gitId":"TVageesan"},"content":"import programme.Day;","lastModifiedDate":"2024-10-03","isFullCredit":false},{"lineNumber":5,"author":{"gitId":"TVageesan"},"content":"import core.History;","lastModifiedDate":"2024-10-03","isFullCredit":false},{"lineNumber":6,"author":{"gitId":"TVageesan"},"content":"","lastModifiedDate":"2024-10-02","isFullCredit":false},{"lineNumber":7,"author":{"gitId":"TVageesan"},"content":"public class LogCommand extends Command {","lastModifiedDate":"2024-10-02","isFullCredit":false},{"lineNumber":8,"author":{"gitId":"TVageesan"},"content":"    public static final String COMMAND_WORD \u003d \"log\";","lastModifiedDate":"2024-10-02","isFullCredit":false},{"lineNumber":9,"author":{"gitId":"TVageesan"},"content":"    private String date;","lastModifiedDate":"2024-10-03","isFullCredit":false},{"lineNumber":10,"author":{"gitId":"TVageesan"},"content":"    private int progIndex;","lastModifiedDate":"2024-10-03","isFullCredit":false},{"lineNumber":11,"author":{"gitId":"TVageesan"},"content":"    private int dayIndex;","lastModifiedDate":"2024-10-03","isFullCredit":false},{"lineNumber":12,"author":{"gitId":"TVageesan"},"content":"","lastModifiedDate":"2024-10-03","isFullCredit":false},{"lineNumber":13,"author":{"gitId":"TVageesan"},"content":"    public LogCommand(int progIndex, int dayIndex, String date){","lastModifiedDate":"2024-10-03","isFullCredit":false},{"lineNumber":14,"author":{"gitId":"TVageesan"},"content":"        this.progIndex \u003d progIndex;","lastModifiedDate":"2024-10-03","isFullCredit":false},{"lineNumber":15,"author":{"gitId":"TVageesan"},"content":"        this.dayIndex \u003d dayIndex;","lastModifiedDate":"2024-10-03","isFullCredit":false},{"lineNumber":16,"author":{"gitId":"TVageesan"},"content":"        this.date \u003d date;","lastModifiedDate":"2024-10-03","isFullCredit":false},{"lineNumber":17,"author":{"gitId":"TVageesan"},"content":"    }","lastModifiedDate":"2024-10-03","isFullCredit":false},{"lineNumber":18,"author":{"gitId":"TVageesan"},"content":"","lastModifiedDate":"2024-10-03","isFullCredit":false},{"lineNumber":19,"author":{"gitId":"TVageesan"},"content":"    @Override","lastModifiedDate":"2024-10-02","isFullCredit":false},{"lineNumber":20,"author":{"gitId":"TVageesan"},"content":"    public void execute(Ui ui, ProgrammeList pList, History history){","lastModifiedDate":"2024-10-02","isFullCredit":false},{"lineNumber":21,"author":{"gitId":"TVageesan"},"content":"        Day completed \u003d pList.getDay(progIndex, dayIndex);","lastModifiedDate":"2024-10-03","isFullCredit":false},{"lineNumber":22,"author":{"gitId":"TVageesan"},"content":"        history.logDay(completed, date);","lastModifiedDate":"2024-10-03","isFullCredit":false},{"lineNumber":23,"author":{"gitId":"TVageesan"},"content":"        ui.showMsg(\"Congrats! You\u0027ve successfully completed:\\n\" + completed.toString());","lastModifiedDate":"2024-10-02","isFullCredit":false},{"lineNumber":24,"author":{"gitId":"TVageesan"},"content":"    }","lastModifiedDate":"2024-10-02","isFullCredit":false},{"lineNumber":25,"author":{"gitId":"TVageesan"},"content":"}","lastModifiedDate":"2024-10-02","isFullCredit":false}],"authorContributionMap":{"TVageesan":25}},{"path":"src/main/java/command/programme/CreateCommand.java","fileType":"functional-code","lines":[{"lineNumber":1,"author":{"gitId":"TVageesan"},"content":"package command.programme;","lastModifiedDate":"2024-10-02","isFullCredit":false},{"lineNumber":2,"author":{"gitId":"TVageesan"},"content":"import java.util.ArrayList;","lastModifiedDate":"2024-10-03","isFullCredit":false},{"lineNumber":3,"author":{"gitId":"TVageesan"},"content":"import command.Command;","lastModifiedDate":"2024-10-02","isFullCredit":false},{"lineNumber":4,"author":{"gitId":"TVageesan"},"content":"import core.Ui;","lastModifiedDate":"2024-10-03","isFullCredit":false},{"lineNumber":5,"author":{"gitId":"TVageesan"},"content":"import programme.ProgrammeList;","lastModifiedDate":"2024-10-03","isFullCredit":false},{"lineNumber":6,"author":{"gitId":"TVageesan"},"content":"import programme.Programme;","lastModifiedDate":"2024-10-03","isFullCredit":false},{"lineNumber":7,"author":{"gitId":"TVageesan"},"content":"import core.History;","lastModifiedDate":"2024-10-03","isFullCredit":false},{"lineNumber":8,"author":{"gitId":"TVageesan"},"content":"","lastModifiedDate":"2024-10-03","isFullCredit":false},{"lineNumber":9,"author":{"gitId":"TVageesan"},"content":"","lastModifiedDate":"2024-10-02","isFullCredit":false},{"lineNumber":10,"author":{"gitId":"TVageesan"},"content":"","lastModifiedDate":"2024-10-02","isFullCredit":false},{"lineNumber":11,"author":{"gitId":"TVageesan"},"content":"public class CreateCommand extends Command {","lastModifiedDate":"2024-10-02","isFullCredit":false},{"lineNumber":12,"author":{"gitId":"TVageesan"},"content":"    public static final String COMMAND_WORD \u003d \"create\";","lastModifiedDate":"2024-10-02","isFullCredit":false},{"lineNumber":13,"author":{"gitId":"TVageesan"},"content":"    private String name;","lastModifiedDate":"2024-10-02","isFullCredit":false},{"lineNumber":14,"author":{"gitId":"TVageesan"},"content":"    private ArrayList\u003cArrayList\u003cArrayList\u003cString\u003e\u003e\u003e contents;","lastModifiedDate":"2024-10-03","isFullCredit":false},{"lineNumber":15,"author":{"gitId":"TVageesan"},"content":"","lastModifiedDate":"2024-10-02","isFullCredit":false},{"lineNumber":16,"author":{"gitId":"TVageesan"},"content":"    public CreateCommand(String name, ArrayList\u003cArrayList\u003cArrayList\u003cString\u003e\u003e\u003e contents) {","lastModifiedDate":"2024-10-03","isFullCredit":false},{"lineNumber":17,"author":{"gitId":"TVageesan"},"content":"        this.name \u003d name;","lastModifiedDate":"2024-10-02","isFullCredit":false},{"lineNumber":18,"author":{"gitId":"TVageesan"},"content":"        this.contents \u003d contents;","lastModifiedDate":"2024-10-02","isFullCredit":false},{"lineNumber":19,"author":{"gitId":"TVageesan"},"content":"    }","lastModifiedDate":"2024-10-02","isFullCredit":false},{"lineNumber":20,"author":{"gitId":"TVageesan"},"content":"","lastModifiedDate":"2024-10-02","isFullCredit":false},{"lineNumber":21,"author":{"gitId":"TVageesan"},"content":"    @Override","lastModifiedDate":"2024-10-02","isFullCredit":false},{"lineNumber":22,"author":{"gitId":"TVageesan"},"content":"    public void execute(Ui ui, ProgrammeList pList, History history){","lastModifiedDate":"2024-10-02","isFullCredit":false},{"lineNumber":23,"author":{"gitId":"TVageesan"},"content":"        Programme created \u003d pList.insertProgramme(name, contents);","lastModifiedDate":"2024-10-03","isFullCredit":false},{"lineNumber":24,"author":{"gitId":"TVageesan"},"content":"        ui.showMsg(\"New programme created:\\n\" + created.toString());","lastModifiedDate":"2024-10-03","isFullCredit":false},{"lineNumber":25,"author":{"gitId":"TVageesan"},"content":"    }","lastModifiedDate":"2024-10-02","isFullCredit":false},{"lineNumber":26,"author":{"gitId":"TVageesan"},"content":"}","lastModifiedDate":"2024-10-02","isFullCredit":false}],"authorContributionMap":{"TVageesan":26}},{"path":"src/main/java/command/programme/EditCommand.java","fileType":"functional-code","lines":[{"lineNumber":1,"author":{"gitId":"TVageesan"},"content":"package command.programme;","lastModifiedDate":"2024-10-02","isFullCredit":false},{"lineNumber":2,"author":{"gitId":"TVageesan"},"content":"import command.Command;","lastModifiedDate":"2024-10-02","isFullCredit":false},{"lineNumber":3,"author":{"gitId":"TVageesan"},"content":"import core.Ui;","lastModifiedDate":"2024-10-03","isFullCredit":false},{"lineNumber":4,"author":{"gitId":"TVageesan"},"content":"import programme.ProgrammeList;","lastModifiedDate":"2024-10-03","isFullCredit":false},{"lineNumber":5,"author":{"gitId":"TVageesan"},"content":"import core.History;","lastModifiedDate":"2024-10-03","isFullCredit":false},{"lineNumber":6,"author":{"gitId":"TVageesan"},"content":"","lastModifiedDate":"2024-10-02","isFullCredit":false},{"lineNumber":7,"author":{"gitId":"TVageesan"},"content":"public class EditCommand extends Command {","lastModifiedDate":"2024-10-02","isFullCredit":false},{"lineNumber":8,"author":{"gitId":"TVageesan"},"content":"    //TODO - this task is more complicated than expected, ignore for now","lastModifiedDate":"2024-10-02","isFullCredit":false},{"lineNumber":9,"author":{"gitId":"TVageesan"},"content":"    public EditCommand(){}","lastModifiedDate":"2024-10-02","isFullCredit":false},{"lineNumber":10,"author":{"gitId":"TVageesan"},"content":"","lastModifiedDate":"2024-10-02","isFullCredit":false},{"lineNumber":11,"author":{"gitId":"TVageesan"},"content":"    @Override","lastModifiedDate":"2024-10-02","isFullCredit":false},{"lineNumber":12,"author":{"gitId":"TVageesan"},"content":"    public void execute(Ui ui, ProgrammeList pList, History history){}","lastModifiedDate":"2024-10-02","isFullCredit":false},{"lineNumber":13,"author":{"gitId":"TVageesan"},"content":"}","lastModifiedDate":"2024-10-02","isFullCredit":false}],"authorContributionMap":{"TVageesan":13}},{"path":"src/main/java/command/programme/ListCommand.java","fileType":"functional-code","lines":[{"lineNumber":1,"author":{"gitId":"TVageesan"},"content":"package command.programme;","lastModifiedDate":"2024-10-02","isFullCredit":false},{"lineNumber":2,"author":{"gitId":"TVageesan"},"content":"import command.Command;","lastModifiedDate":"2024-10-02","isFullCredit":false},{"lineNumber":3,"author":{"gitId":"TVageesan"},"content":"import core.Ui;","lastModifiedDate":"2024-10-03","isFullCredit":false},{"lineNumber":4,"author":{"gitId":"TVageesan"},"content":"import programme.ProgrammeList;","lastModifiedDate":"2024-10-03","isFullCredit":false},{"lineNumber":5,"author":{"gitId":"TVageesan"},"content":"import core.History;","lastModifiedDate":"2024-10-03","isFullCredit":false},{"lineNumber":6,"author":{"gitId":"TVageesan"},"content":"","lastModifiedDate":"2024-10-02","isFullCredit":false},{"lineNumber":7,"author":{"gitId":"TVageesan"},"content":"public class ListCommand extends Command {","lastModifiedDate":"2024-10-02","isFullCredit":false},{"lineNumber":8,"author":{"gitId":"TVageesan"},"content":"    public static final String COMMAND_WORD \u003d \"list\";","lastModifiedDate":"2024-10-02","isFullCredit":false},{"lineNumber":9,"author":{"gitId":"TVageesan"},"content":"    @Override","lastModifiedDate":"2024-10-02","isFullCredit":false},{"lineNumber":10,"author":{"gitId":"TVageesan"},"content":"    public void execute(Ui ui, ProgrammeList pList, History history){","lastModifiedDate":"2024-10-02","isFullCredit":false},{"lineNumber":11,"author":{"gitId":"TVageesan"},"content":"        ui.showMsg(\"Listing programmes:\\n\" + pList.toString());","lastModifiedDate":"2024-10-02","isFullCredit":false},{"lineNumber":12,"author":{"gitId":"TVageesan"},"content":"    }","lastModifiedDate":"2024-10-02","isFullCredit":false},{"lineNumber":13,"author":{"gitId":"TVageesan"},"content":"}","lastModifiedDate":"2024-10-02","isFullCredit":false}],"authorContributionMap":{"TVageesan":13}},{"path":"src/main/java/command/programme/StartCommand.java","fileType":"functional-code","lines":[{"lineNumber":1,"author":{"gitId":"TVageesan"},"content":"package command.programme;","lastModifiedDate":"2024-10-02","isFullCredit":false},{"lineNumber":2,"author":{"gitId":"TVageesan"},"content":"import command.Command;","lastModifiedDate":"2024-10-02","isFullCredit":false},{"lineNumber":3,"author":{"gitId":"TVageesan"},"content":"import core.Ui;","lastModifiedDate":"2024-10-03","isFullCredit":false},{"lineNumber":4,"author":{"gitId":"TVageesan"},"content":"import programme.ProgrammeList;","lastModifiedDate":"2024-10-03","isFullCredit":false},{"lineNumber":5,"author":{"gitId":"TVageesan"},"content":"import programme.Programme;","lastModifiedDate":"2024-10-03","isFullCredit":false},{"lineNumber":6,"author":{"gitId":"TVageesan"},"content":"import core.History;","lastModifiedDate":"2024-10-03","isFullCredit":false},{"lineNumber":7,"author":{"gitId":"TVageesan"},"content":"","lastModifiedDate":"2024-10-02","isFullCredit":false},{"lineNumber":8,"author":{"gitId":"TVageesan"},"content":"public class StartCommand extends Command {","lastModifiedDate":"2024-10-02","isFullCredit":false},{"lineNumber":9,"author":{"gitId":"TVageesan"},"content":"    public static final String COMMAND_WORD \u003d \"start\";","lastModifiedDate":"2024-10-02","isFullCredit":false},{"lineNumber":10,"author":{"gitId":"TVageesan"},"content":"","lastModifiedDate":"2024-10-02","isFullCredit":false},{"lineNumber":11,"author":{"gitId":"TVageesan"},"content":"    public StartCommand(int startIndex){","lastModifiedDate":"2024-10-02","isFullCredit":false},{"lineNumber":12,"author":{"gitId":"TVageesan"},"content":"        super(startIndex);","lastModifiedDate":"2024-10-02","isFullCredit":false},{"lineNumber":13,"author":{"gitId":"TVageesan"},"content":"    }","lastModifiedDate":"2024-10-02","isFullCredit":false},{"lineNumber":14,"author":{"gitId":"TVageesan"},"content":"","lastModifiedDate":"2024-10-02","isFullCredit":false},{"lineNumber":15,"author":{"gitId":"TVageesan"},"content":"    @Override","lastModifiedDate":"2024-10-02","isFullCredit":false},{"lineNumber":16,"author":{"gitId":"TVageesan"},"content":"    public void execute(Ui ui, ProgrammeList pList, History history){","lastModifiedDate":"2024-10-02","isFullCredit":false},{"lineNumber":17,"author":{"gitId":"TVageesan"},"content":"        int startIndex \u003d getTarget();","lastModifiedDate":"2024-10-02","isFullCredit":false},{"lineNumber":18,"author":{"gitId":"TVageesan"},"content":"        Programme startedProgramme \u003d pList.startProgramme(startIndex);","lastModifiedDate":"2024-10-03","isFullCredit":false},{"lineNumber":19,"author":{"gitId":"TVageesan"},"content":"        ui.showMsg(\"Ok! Started Programme:\\n\" + startedProgramme.toString());","lastModifiedDate":"2024-10-02","isFullCredit":false},{"lineNumber":20,"author":{"gitId":"TVageesan"},"content":"    }","lastModifiedDate":"2024-10-02","isFullCredit":false},{"lineNumber":21,"author":{"gitId":"TVageesan"},"content":"}","lastModifiedDate":"2024-10-02","isFullCredit":false}],"authorContributionMap":{"TVageesan":21}},{"path":"src/main/java/command/programme/ViewCommand.java","fileType":"functional-code","lines":[{"lineNumber":1,"author":{"gitId":"TVageesan"},"content":"package command.programme;","lastModifiedDate":"2024-10-02","isFullCredit":false},{"lineNumber":2,"author":{"gitId":"TVageesan"},"content":"import command.Command;","lastModifiedDate":"2024-10-02","isFullCredit":false},{"lineNumber":3,"author":{"gitId":"TVageesan"},"content":"import core.Ui;","lastModifiedDate":"2024-10-03","isFullCredit":false},{"lineNumber":4,"author":{"gitId":"TVageesan"},"content":"import programme.ProgrammeList;","lastModifiedDate":"2024-10-03","isFullCredit":false},{"lineNumber":5,"author":{"gitId":"TVageesan"},"content":"import programme.Programme;","lastModifiedDate":"2024-10-03","isFullCredit":false},{"lineNumber":6,"author":{"gitId":"TVageesan"},"content":"import core.History;","lastModifiedDate":"2024-10-03","isFullCredit":false},{"lineNumber":7,"author":{"gitId":"TVageesan"},"content":"","lastModifiedDate":"2024-10-03","isFullCredit":false},{"lineNumber":8,"author":{"gitId":"TVageesan"},"content":"","lastModifiedDate":"2024-10-02","isFullCredit":false},{"lineNumber":9,"author":{"gitId":"TVageesan"},"content":"public class ViewCommand extends Command {","lastModifiedDate":"2024-10-02","isFullCredit":false},{"lineNumber":10,"author":{"gitId":"TVageesan"},"content":"    public static final String COMMAND_WORD \u003d \"view\";","lastModifiedDate":"2024-10-02","isFullCredit":false},{"lineNumber":11,"author":{"gitId":"TVageesan"},"content":"","lastModifiedDate":"2024-10-02","isFullCredit":false},{"lineNumber":12,"author":{"gitId":"TVageesan"},"content":"    public ViewCommand(int progIndex){","lastModifiedDate":"2024-10-02","isFullCredit":false},{"lineNumber":13,"author":{"gitId":"TVageesan"},"content":"        super(progIndex);","lastModifiedDate":"2024-10-02","isFullCredit":false},{"lineNumber":14,"author":{"gitId":"TVageesan"},"content":"    }","lastModifiedDate":"2024-10-02","isFullCredit":false},{"lineNumber":15,"author":{"gitId":"TVageesan"},"content":"","lastModifiedDate":"2024-10-02","isFullCredit":false},{"lineNumber":16,"author":{"gitId":"TVageesan"},"content":"    @Override","lastModifiedDate":"2024-10-02","isFullCredit":false},{"lineNumber":17,"author":{"gitId":"TVageesan"},"content":"    public void execute(Ui ui, ProgrammeList pList, History history){","lastModifiedDate":"2024-10-02","isFullCredit":false},{"lineNumber":18,"author":{"gitId":"TVageesan"},"content":"        int progIndex \u003d getTarget();","lastModifiedDate":"2024-10-02","isFullCredit":false},{"lineNumber":19,"author":{"gitId":"TVageesan"},"content":"        Programme programme \u003d pList.getProgramme(progIndex);","lastModifiedDate":"2024-10-03","isFullCredit":false},{"lineNumber":20,"author":{"gitId":"TVageesan"},"content":"        ui.showMsg(\"Viewing programme:\\n\" + programme.toString());","lastModifiedDate":"2024-10-02","isFullCredit":false},{"lineNumber":21,"author":{"gitId":"TVageesan"},"content":"    }","lastModifiedDate":"2024-10-02","isFullCredit":false},{"lineNumber":22,"author":{"gitId":"TVageesan"},"content":"}","lastModifiedDate":"2024-10-02","isFullCredit":false}],"authorContributionMap":{"TVageesan":22}},{"path":"src/main/java/core/History.java","fileType":"functional-code","lines":[{"lineNumber":1,"author":{"gitId":"TVageesan"},"content":"package core;","lastModifiedDate":"2024-10-03","isFullCredit":false},{"lineNumber":2,"author":{"gitId":"TVageesan"},"content":"","lastModifiedDate":"2024-10-03","isFullCredit":false},{"lineNumber":3,"author":{"gitId":"TVageesan"},"content":"import programme.Day;","lastModifiedDate":"2024-10-03","isFullCredit":false},{"lineNumber":4,"author":{"gitId":"TVageesan"},"content":"","lastModifiedDate":"2024-10-03","isFullCredit":false},{"lineNumber":5,"author":{"gitId":"TVageesan"},"content":"public class History {","lastModifiedDate":"2024-10-03","isFullCredit":false},{"lineNumber":6,"author":{"gitId":"TVageesan"},"content":"    public void logDay(Day completed, String date) {","lastModifiedDate":"2024-10-03","isFullCredit":false},{"lineNumber":7,"author":{"gitId":"TVageesan"},"content":"    }","lastModifiedDate":"2024-10-03","isFullCredit":false},{"lineNumber":8,"author":{"gitId":"TVageesan"},"content":"}","lastModifiedDate":"2024-10-03","isFullCredit":false}],"authorContributionMap":{"TVageesan":8}},{"path":"src/main/java/core/Parser.java","fileType":"functional-code","lines":[{"lineNumber":1,"author":{"gitId":"TVageesan"},"content":"package core;","lastModifiedDate":"2024-10-03","isFullCredit":false},{"lineNumber":2,"author":{"gitId":"TVageesan"},"content":"","lastModifiedDate":"2024-10-03","isFullCredit":false},{"lineNumber":3,"author":{"gitId":"TVageesan"},"content":"import command.Command;","lastModifiedDate":"2024-10-03","isFullCredit":false},{"lineNumber":4,"author":{"gitId":"TVageesan"},"content":"import command.InvalidCommand;","lastModifiedDate":"2024-10-03","isFullCredit":false},{"lineNumber":5,"author":{"gitId":"TVageesan"},"content":"","lastModifiedDate":"2024-10-03","isFullCredit":false},{"lineNumber":6,"author":{"gitId":"TVageesan"},"content":"public class Parser {","lastModifiedDate":"2024-10-03","isFullCredit":false},{"lineNumber":7,"author":{"gitId":"TVageesan"},"content":"","lastModifiedDate":"2024-10-03","isFullCredit":false},{"lineNumber":8,"author":{"gitId":"TVageesan"},"content":"    public Command parse(String fullCommand) {","lastModifiedDate":"2024-10-03","isFullCredit":false},{"lineNumber":9,"author":{"gitId":"TVageesan"},"content":"        return new InvalidCommand();","lastModifiedDate":"2024-10-03","isFullCredit":false},{"lineNumber":10,"author":{"gitId":"TVageesan"},"content":"    }","lastModifiedDate":"2024-10-03","isFullCredit":false},{"lineNumber":11,"author":{"gitId":"TVageesan"},"content":"}","lastModifiedDate":"2024-10-03","isFullCredit":false}],"authorContributionMap":{"TVageesan":11}},{"path":"src/main/java/core/Storage.java","fileType":"functional-code","lines":[{"lineNumber":1,"author":{"gitId":"TVageesan"},"content":"package core;","lastModifiedDate":"2024-10-03","isFullCredit":false},{"lineNumber":2,"author":{"gitId":"TVageesan"},"content":"","lastModifiedDate":"2024-10-03","isFullCredit":false},{"lineNumber":3,"author":{"gitId":"TVageesan"},"content":"public class Storage {","lastModifiedDate":"2024-10-03","isFullCredit":false},{"lineNumber":4,"author":{"gitId":"TVageesan"},"content":"    private String path;","lastModifiedDate":"2024-10-03","isFullCredit":false},{"lineNumber":5,"author":{"gitId":"TVageesan"},"content":"","lastModifiedDate":"2024-10-03","isFullCredit":false},{"lineNumber":6,"author":{"gitId":"TVageesan"},"content":"    public Storage(String path) {","lastModifiedDate":"2024-10-03","isFullCredit":false},{"lineNumber":7,"author":{"gitId":"TVageesan"},"content":"        this.path \u003d path;","lastModifiedDate":"2024-10-03","isFullCredit":false},{"lineNumber":8,"author":{"gitId":"TVageesan"},"content":"    }","lastModifiedDate":"2024-10-03","isFullCredit":false},{"lineNumber":9,"author":{"gitId":"TVageesan"},"content":"}","lastModifiedDate":"2024-10-03","isFullCredit":false}],"authorContributionMap":{"TVageesan":9}},{"path":"src/main/java/core/Ui.java","fileType":"functional-code","lines":[{"lineNumber":1,"author":{"gitId":"TVageesan"},"content":"package core;","lastModifiedDate":"2024-10-03","isFullCredit":false},{"lineNumber":2,"author":{"gitId":"TVageesan"},"content":"","lastModifiedDate":"2024-10-03","isFullCredit":false},{"lineNumber":3,"author":{"gitId":"TVageesan"},"content":"import java.io.PrintStream;","lastModifiedDate":"2024-10-03","isFullCredit":false},{"lineNumber":4,"author":{"gitId":"TVageesan"},"content":"import java.util.Scanner;","lastModifiedDate":"2024-10-03","isFullCredit":false},{"lineNumber":5,"author":{"gitId":"TVageesan"},"content":"","lastModifiedDate":"2024-10-03","isFullCredit":false},{"lineNumber":6,"author":{"gitId":"TVageesan"},"content":"/**","lastModifiedDate":"2024-10-03","isFullCredit":false},{"lineNumber":7,"author":{"gitId":"TVageesan"},"content":" * Represents the user interface for the task management system.","lastModifiedDate":"2024-10-03","isFullCredit":false},{"lineNumber":8,"author":{"gitId":"TVageesan"},"content":" * This class handles user input and output, providing methods to read commands,","lastModifiedDate":"2024-10-03","isFullCredit":false},{"lineNumber":9,"author":{"gitId":"TVageesan"},"content":" * display messages, and show welcome or farewell messages.","lastModifiedDate":"2024-10-03","isFullCredit":false},{"lineNumber":10,"author":{"gitId":"TVageesan"},"content":" */","lastModifiedDate":"2024-10-03","isFullCredit":false},{"lineNumber":11,"author":{"gitId":"TVageesan"},"content":"public class Ui {","lastModifiedDate":"2024-10-03","isFullCredit":false},{"lineNumber":12,"author":{"gitId":"TVageesan"},"content":"    private static final String ERROR_HEADER \u003d \"Error: \";","lastModifiedDate":"2024-10-03","isFullCredit":false},{"lineNumber":13,"author":{"gitId":"TVageesan"},"content":"","lastModifiedDate":"2024-10-03","isFullCredit":false},{"lineNumber":14,"author":{"gitId":"TVageesan"},"content":"    private static final String LINE_CHAR \u003d \"\u003d\";","lastModifiedDate":"2024-10-03","isFullCredit":false},{"lineNumber":15,"author":{"gitId":"TVageesan"},"content":"    private static final int LINE_LENGTH \u003d 50;","lastModifiedDate":"2024-10-03","isFullCredit":false},{"lineNumber":16,"author":{"gitId":"TVageesan"},"content":"","lastModifiedDate":"2024-10-03","isFullCredit":false},{"lineNumber":17,"author":{"gitId":"TVageesan"},"content":"    private static final String GREETING \u003d \"Hello! I\u0027m...\";","lastModifiedDate":"2024-10-03","isFullCredit":false},{"lineNumber":18,"author":{"gitId":"TVageesan"},"content":"    private static final String LOGO \u003d\"BUFFBUDDY\";","lastModifiedDate":"2024-10-03","isFullCredit":false},{"lineNumber":19,"author":{"gitId":"TVageesan"},"content":"    private static final String PROMPT \u003d \"What can I do for you?\";","lastModifiedDate":"2024-10-03","isFullCredit":false},{"lineNumber":20,"author":{"gitId":"TVageesan"},"content":"","lastModifiedDate":"2024-10-03","isFullCredit":false},{"lineNumber":21,"author":{"gitId":"TVageesan"},"content":"    private static final String FAREWELL \u003d\"Bye. Hope to see you again soon!\";","lastModifiedDate":"2024-10-03","isFullCredit":false},{"lineNumber":22,"author":{"gitId":"TVageesan"},"content":"","lastModifiedDate":"2024-10-03","isFullCredit":false},{"lineNumber":23,"author":{"gitId":"TVageesan"},"content":"    private Scanner in;","lastModifiedDate":"2024-10-03","isFullCredit":false},{"lineNumber":24,"author":{"gitId":"TVageesan"},"content":"    private PrintStream out;","lastModifiedDate":"2024-10-03","isFullCredit":false},{"lineNumber":25,"author":{"gitId":"TVageesan"},"content":"","lastModifiedDate":"2024-10-03","isFullCredit":false},{"lineNumber":26,"author":{"gitId":"TVageesan"},"content":"    /**","lastModifiedDate":"2024-10-03","isFullCredit":false},{"lineNumber":27,"author":{"gitId":"TVageesan"},"content":"     * Constructs an Ui object, initializing the input and output streams.","lastModifiedDate":"2024-10-03","isFullCredit":false},{"lineNumber":28,"author":{"gitId":"TVageesan"},"content":"     */","lastModifiedDate":"2024-10-03","isFullCredit":false},{"lineNumber":29,"author":{"gitId":"TVageesan"},"content":"    public Ui() {","lastModifiedDate":"2024-10-03","isFullCredit":false},{"lineNumber":30,"author":{"gitId":"TVageesan"},"content":"        in \u003d new Scanner(System.in);","lastModifiedDate":"2024-10-03","isFullCredit":false},{"lineNumber":31,"author":{"gitId":"TVageesan"},"content":"        out \u003d new PrintStream(System.out);","lastModifiedDate":"2024-10-03","isFullCredit":false},{"lineNumber":32,"author":{"gitId":"TVageesan"},"content":"    }","lastModifiedDate":"2024-10-03","isFullCredit":false},{"lineNumber":33,"author":{"gitId":"TVageesan"},"content":"","lastModifiedDate":"2024-10-03","isFullCredit":false},{"lineNumber":34,"author":{"gitId":"TVageesan"},"content":"    /**","lastModifiedDate":"2024-10-03","isFullCredit":false},{"lineNumber":35,"author":{"gitId":"TVageesan"},"content":"     * Reads a command input from the user.","lastModifiedDate":"2024-10-03","isFullCredit":false},{"lineNumber":36,"author":{"gitId":"TVageesan"},"content":"     *","lastModifiedDate":"2024-10-03","isFullCredit":false},{"lineNumber":37,"author":{"gitId":"TVageesan"},"content":"     * @return the input command as a string","lastModifiedDate":"2024-10-03","isFullCredit":false},{"lineNumber":38,"author":{"gitId":"TVageesan"},"content":"     */","lastModifiedDate":"2024-10-03","isFullCredit":false},{"lineNumber":39,"author":{"gitId":"TVageesan"},"content":"    public String readCommand() {","lastModifiedDate":"2024-10-03","isFullCredit":false},{"lineNumber":40,"author":{"gitId":"TVageesan"},"content":"        return in.nextLine();","lastModifiedDate":"2024-10-03","isFullCredit":false},{"lineNumber":41,"author":{"gitId":"TVageesan"},"content":"    }","lastModifiedDate":"2024-10-03","isFullCredit":false},{"lineNumber":42,"author":{"gitId":"TVageesan"},"content":"","lastModifiedDate":"2024-10-03","isFullCredit":false},{"lineNumber":43,"author":{"gitId":"TVageesan"},"content":"    /**","lastModifiedDate":"2024-10-03","isFullCredit":false},{"lineNumber":44,"author":{"gitId":"TVageesan"},"content":"     * Displays a line for visual separation in the output.","lastModifiedDate":"2024-10-03","isFullCredit":false},{"lineNumber":45,"author":{"gitId":"TVageesan"},"content":"     */","lastModifiedDate":"2024-10-03","isFullCredit":false},{"lineNumber":46,"author":{"gitId":"TVageesan"},"content":"    public void showLine() {","lastModifiedDate":"2024-10-03","isFullCredit":false},{"lineNumber":47,"author":{"gitId":"TVageesan"},"content":"        out.println(LINE_CHAR.repeat(LINE_LENGTH));","lastModifiedDate":"2024-10-03","isFullCredit":false},{"lineNumber":48,"author":{"gitId":"TVageesan"},"content":"    }","lastModifiedDate":"2024-10-03","isFullCredit":false},{"lineNumber":49,"author":{"gitId":"TVageesan"},"content":"","lastModifiedDate":"2024-10-03","isFullCredit":false},{"lineNumber":50,"author":{"gitId":"TVageesan"},"content":"    /**","lastModifiedDate":"2024-10-03","isFullCredit":false},{"lineNumber":51,"author":{"gitId":"TVageesan"},"content":"     * Displays an error message to the user.","lastModifiedDate":"2024-10-03","isFullCredit":false},{"lineNumber":52,"author":{"gitId":"TVageesan"},"content":"     *","lastModifiedDate":"2024-10-03","isFullCredit":false},{"lineNumber":53,"author":{"gitId":"TVageesan"},"content":"     * @param e the exception to be displayed","lastModifiedDate":"2024-10-03","isFullCredit":false},{"lineNumber":54,"author":{"gitId":"TVageesan"},"content":"     */","lastModifiedDate":"2024-10-03","isFullCredit":false},{"lineNumber":55,"author":{"gitId":"TVageesan"},"content":"    public void showError(Exception e) {","lastModifiedDate":"2024-10-03","isFullCredit":false},{"lineNumber":56,"author":{"gitId":"TVageesan"},"content":"        out.println(ERROR_HEADER + e.getMessage());","lastModifiedDate":"2024-10-03","isFullCredit":false},{"lineNumber":57,"author":{"gitId":"TVageesan"},"content":"    }","lastModifiedDate":"2024-10-03","isFullCredit":false},{"lineNumber":58,"author":{"gitId":"TVageesan"},"content":"","lastModifiedDate":"2024-10-03","isFullCredit":false},{"lineNumber":59,"author":{"gitId":"TVageesan"},"content":"    /**","lastModifiedDate":"2024-10-03","isFullCredit":false},{"lineNumber":60,"author":{"gitId":"TVageesan"},"content":"     * Displays a message to the user.","lastModifiedDate":"2024-10-03","isFullCredit":false},{"lineNumber":61,"author":{"gitId":"TVageesan"},"content":"     *","lastModifiedDate":"2024-10-03","isFullCredit":false},{"lineNumber":62,"author":{"gitId":"TVageesan"},"content":"     * @param msg the message to be displayed","lastModifiedDate":"2024-10-03","isFullCredit":false},{"lineNumber":63,"author":{"gitId":"TVageesan"},"content":"     */","lastModifiedDate":"2024-10-03","isFullCredit":false},{"lineNumber":64,"author":{"gitId":"TVageesan"},"content":"    public void showMsg(String msg) {","lastModifiedDate":"2024-10-03","isFullCredit":false},{"lineNumber":65,"author":{"gitId":"TVageesan"},"content":"        out.println(msg);","lastModifiedDate":"2024-10-03","isFullCredit":false},{"lineNumber":66,"author":{"gitId":"TVageesan"},"content":"    }","lastModifiedDate":"2024-10-03","isFullCredit":false},{"lineNumber":67,"author":{"gitId":"TVageesan"},"content":"","lastModifiedDate":"2024-10-03","isFullCredit":false},{"lineNumber":68,"author":{"gitId":"TVageesan"},"content":"    /**","lastModifiedDate":"2024-10-03","isFullCredit":false},{"lineNumber":69,"author":{"gitId":"TVageesan"},"content":"     * Displays a welcome message to the user.","lastModifiedDate":"2024-10-03","isFullCredit":false},{"lineNumber":70,"author":{"gitId":"TVageesan"},"content":"     */","lastModifiedDate":"2024-10-03","isFullCredit":false},{"lineNumber":71,"author":{"gitId":"TVageesan"},"content":"    public void showWelcome() {","lastModifiedDate":"2024-10-03","isFullCredit":false},{"lineNumber":72,"author":{"gitId":"TVageesan"},"content":"        out.println(GREETING);","lastModifiedDate":"2024-10-03","isFullCredit":false},{"lineNumber":73,"author":{"gitId":"TVageesan"},"content":"        out.println(LOGO);","lastModifiedDate":"2024-10-03","isFullCredit":false},{"lineNumber":74,"author":{"gitId":"TVageesan"},"content":"        out.println(PROMPT);","lastModifiedDate":"2024-10-03","isFullCredit":false},{"lineNumber":75,"author":{"gitId":"TVageesan"},"content":"    }","lastModifiedDate":"2024-10-03","isFullCredit":false},{"lineNumber":76,"author":{"gitId":"TVageesan"},"content":"","lastModifiedDate":"2024-10-03","isFullCredit":false},{"lineNumber":77,"author":{"gitId":"TVageesan"},"content":"    /**","lastModifiedDate":"2024-10-03","isFullCredit":false},{"lineNumber":78,"author":{"gitId":"TVageesan"},"content":"     * Displays a farewell message to the user.","lastModifiedDate":"2024-10-03","isFullCredit":false},{"lineNumber":79,"author":{"gitId":"TVageesan"},"content":"     */","lastModifiedDate":"2024-10-03","isFullCredit":false},{"lineNumber":80,"author":{"gitId":"TVageesan"},"content":"    public void showFarewell() {","lastModifiedDate":"2024-10-03","isFullCredit":false},{"lineNumber":81,"author":{"gitId":"TVageesan"},"content":"        out.println(FAREWELL);","lastModifiedDate":"2024-10-03","isFullCredit":false},{"lineNumber":82,"author":{"gitId":"TVageesan"},"content":"    }","lastModifiedDate":"2024-10-03","isFullCredit":false},{"lineNumber":83,"author":{"gitId":"TVageesan"},"content":"}","lastModifiedDate":"2024-10-03","isFullCredit":false}],"authorContributionMap":{"TVageesan":83}},{"path":"src/main/java/programme/Day.java","fileType":"functional-code","lines":[{"lineNumber":1,"author":{"gitId":"TVageesan"},"content":"package programme;","lastModifiedDate":"2024-10-03","isFullCredit":false},{"lineNumber":2,"author":{"gitId":"TVageesan"},"content":"","lastModifiedDate":"2024-10-03","isFullCredit":false},{"lineNumber":3,"author":{"gitId":"TVageesan"},"content":"public class Day {","lastModifiedDate":"2024-10-03","isFullCredit":false},{"lineNumber":4,"author":{"gitId":"TVageesan"},"content":"}","lastModifiedDate":"2024-10-03","isFullCredit":false}],"authorContributionMap":{"TVageesan":4}},{"path":"src/main/java/programme/Exercise.java","fileType":"functional-code","lines":[{"lineNumber":1,"author":{"gitId":"TVageesan"},"content":"package programme;","lastModifiedDate":"2024-10-03","isFullCredit":false},{"lineNumber":2,"author":{"gitId":"TVageesan"},"content":"","lastModifiedDate":"2024-10-03","isFullCredit":false},{"lineNumber":3,"author":{"gitId":"TVageesan"},"content":"public class Exercise {","lastModifiedDate":"2024-10-03","isFullCredit":false},{"lineNumber":4,"author":{"gitId":"TVageesan"},"content":"","lastModifiedDate":"2024-10-03","isFullCredit":false},{"lineNumber":5,"author":{"gitId":"TVageesan"},"content":"}","lastModifiedDate":"2024-10-03","isFullCredit":false}],"authorContributionMap":{"TVageesan":5}},{"path":"src/main/java/programme/Programme.java","fileType":"functional-code","lines":[{"lineNumber":1,"author":{"gitId":"TVageesan"},"content":"package programme;","lastModifiedDate":"2024-10-03","isFullCredit":false},{"lineNumber":2,"author":{"gitId":"TVageesan"},"content":"","lastModifiedDate":"2024-10-03","isFullCredit":false},{"lineNumber":3,"author":{"gitId":"TVageesan"},"content":"public class Programme {","lastModifiedDate":"2024-10-03","isFullCredit":false},{"lineNumber":4,"author":{"gitId":"TVageesan"},"content":"}","lastModifiedDate":"2024-10-03","isFullCredit":false}],"authorContributionMap":{"TVageesan":4}},{"path":"src/main/java/programme/ProgrammeList.java","fileType":"functional-code","lines":[{"lineNumber":1,"author":{"gitId":"TVageesan"},"content":"package programme;","lastModifiedDate":"2024-10-03","isFullCredit":false},{"lineNumber":2,"author":{"gitId":"TVageesan"},"content":"","lastModifiedDate":"2024-10-03","isFullCredit":false},{"lineNumber":3,"author":{"gitId":"TVageesan"},"content":"import java.util.ArrayList;","lastModifiedDate":"2024-10-03","isFullCredit":false},{"lineNumber":4,"author":{"gitId":"TVageesan"},"content":"","lastModifiedDate":"2024-10-03","isFullCredit":false},{"lineNumber":5,"author":{"gitId":"TVageesan"},"content":"public class ProgrammeList {","lastModifiedDate":"2024-10-03","isFullCredit":false},{"lineNumber":6,"author":{"gitId":"TVageesan"},"content":"    public Programme insertProgramme(String name, ArrayList\u003cArrayList\u003cArrayList\u003cString\u003e\u003e\u003e contents) {","lastModifiedDate":"2024-10-03","isFullCredit":false},{"lineNumber":7,"author":{"gitId":"TVageesan"},"content":"        return new Programme();","lastModifiedDate":"2024-10-03","isFullCredit":false},{"lineNumber":8,"author":{"gitId":"TVageesan"},"content":"    }","lastModifiedDate":"2024-10-03","isFullCredit":false},{"lineNumber":9,"author":{"gitId":"TVageesan"},"content":"","lastModifiedDate":"2024-10-03","isFullCredit":false},{"lineNumber":10,"author":{"gitId":"TVageesan"},"content":"    public Programme startProgramme(int startIndex) {","lastModifiedDate":"2024-10-03","isFullCredit":false},{"lineNumber":11,"author":{"gitId":"TVageesan"},"content":"        return new Programme();","lastModifiedDate":"2024-10-03","isFullCredit":false},{"lineNumber":12,"author":{"gitId":"TVageesan"},"content":"    }","lastModifiedDate":"2024-10-03","isFullCredit":false},{"lineNumber":13,"author":{"gitId":"TVageesan"},"content":"","lastModifiedDate":"2024-10-03","isFullCredit":false},{"lineNumber":14,"author":{"gitId":"TVageesan"},"content":"    public Programme getProgramme(int progIndex) {","lastModifiedDate":"2024-10-03","isFullCredit":false},{"lineNumber":15,"author":{"gitId":"TVageesan"},"content":"        return new Programme();","lastModifiedDate":"2024-10-03","isFullCredit":false},{"lineNumber":16,"author":{"gitId":"TVageesan"},"content":"    }","lastModifiedDate":"2024-10-03","isFullCredit":false},{"lineNumber":17,"author":{"gitId":"TVageesan"},"content":"","lastModifiedDate":"2024-10-03","isFullCredit":false},{"lineNumber":18,"author":{"gitId":"TVageesan"},"content":"    // getDay receives progIndex, dayIndex and returns the specified Day object","lastModifiedDate":"2024-10-03","isFullCredit":false},{"lineNumber":19,"author":{"gitId":"TVageesan"},"content":"    // if progIndex is null, assume they want to use the active programme instead","lastModifiedDate":"2024-10-03","isFullCredit":false},{"lineNumber":20,"author":{"gitId":"TVageesan"},"content":"    public Day getDay(int progIndex, int dayIndex) {","lastModifiedDate":"2024-10-03","isFullCredit":false},{"lineNumber":21,"author":{"gitId":"TVageesan"},"content":"        return new Day();","lastModifiedDate":"2024-10-03","isFullCredit":false},{"lineNumber":22,"author":{"gitId":"TVageesan"},"content":"    }","lastModifiedDate":"2024-10-03","isFullCredit":false},{"lineNumber":23,"author":{"gitId":"TVageesan"},"content":"}","lastModifiedDate":"2024-10-03","isFullCredit":false}],"authorContributionMap":{"TVageesan":23}}]
