{"authorDailyContributionsMap":{"TVageesan":[{"date":"2024-10-02","commitResults":[{"hash":"09cfefea1e84140351c07b8d23905c75a7c59e9b","isMergeCommit":false,"messageTitle":"Update AboutUs.md with personal details","messageBody":"","fileTypesAndContributionMap":{"docs":{"insertions":3,"deletions":7}}},{"hash":"6bb073aecff276293c06d57bb0325a84ab0fa92a","isMergeCommit":true,"messageTitle":"Fix merge conflict","messageBody":"","fileTypesAndContributionMap":{}},{"hash":"44a80ec817a9df17e71d505374db390e63b2fece","isMergeCommit":true,"messageTitle":"Fix merge conflict","messageBody":"","fileTypesAndContributionMap":{}},{"hash":"2b98faf7bcc626cc8829b0ae00aae8d6174499a5","isMergeCommit":true,"messageTitle":"Merge pull request #14 from TVageesan/Thiru-AboutUs","messageBody":"Update AboutUs.md","fileTypesAndContributionMap":{}},{"hash":"b97b789075f8b3a8abe2e598d4c8c14604573f68","isMergeCommit":false,"messageTitle":"Add skeleton code for Command classes","messageBody":"","fileTypesAndContributionMap":{"functional-code":{"insertions":138,"deletions":0}}},{"hash":"8839c106e2c9bb4bd39c7398a61f1a1b1cb34370","isMergeCommit":true,"messageTitle":"Merge pull request #17 from TVageesan/Add-Skeleton-Code","messageBody":"Add skeleton code for Command classes","fileTypesAndContributionMap":{}},{"hash":"3f7a292fea8db9e5ebcd89104a05c94eff75c3f7","isMergeCommit":false,"messageTitle":"Add InvalidCommand class","messageBody":"","fileTypesAndContributionMap":{"functional-code":{"insertions":8,"deletions":0}}},{"hash":"1306e7f39e68cb71d3775ac5560ab177601c2363","isMergeCommit":false,"messageTitle":"Add COMMAND_WORD constants to each Command class","messageBody":"","fileTypesAndContributionMap":{"functional-code":{"insertions":9,"deletions":3}}},{"hash":"42f81a76214afe5401af2ee9c3d9588ee0b50c10","isMergeCommit":true,"messageTitle":"Merge pull request #18 from TVageesan/Add-Invalid-Command","messageBody":"Add InvalidCommand class","fileTypesAndContributionMap":{}},{"hash":"d8536a54ba867ad6d7d62e689a3989efcbe39830","isMergeCommit":true,"messageTitle":"Merge pull request #19 from TVageesan/Add-Command-Words","messageBody":"Add COMMAND_WORD constants to each Command class","fileTypesAndContributionMap":{}},{"hash":"71835825e61f116d33296ab52ee6387f6e2e928e","isMergeCommit":false,"messageTitle":"Rework Command Classes","messageBody":"","fileTypesAndContributionMap":{"functional-code":{"insertions":13,"deletions":28}}},{"hash":"447dd5c86571b489e964e2ac81019028fa7e5f39","isMergeCommit":true,"messageTitle":"Merge pull request #20 from TVageesan/Rework-Commands","messageBody":"Rework Command Classes","fileTypesAndContributionMap":{}}]},{"date":"2024-10-03","commitResults":[{"hash":"b6eb2641c6cebea599bb8bc8e3c10c720ddfa0ac","isMergeCommit":false,"messageTitle":"Add skeleton code for entire project","messageBody":"","fileTypesAndContributionMap":{"functional-code":{"insertions":271,"deletions":30}}},{"hash":"76ee13fcea100597c1ad2c3156640995044424fa","isMergeCommit":false,"messageTitle":"Fix checkstyle issue","messageBody":"","fileTypesAndContributionMap":{"functional-code":{"insertions":4,"deletions":4}}},{"hash":"676131f276f6601bfa044d3fab4dd4be5c124728","isMergeCommit":true,"messageTitle":"Merge pull request #21 from TVageesan/Add-Skeleton-Code","messageBody":"Add skeleton code for entire project","fileTypesAndContributionMap":{}},{"hash":"75f9d8e05d7115ce58ca7dba35cd27aa248254dd","isMergeCommit":false,"messageTitle":"Fix potential gradle build bug","messageBody":"","fileTypesAndContributionMap":{"functional-code":{"insertions":1,"deletions":3}}},{"hash":"0428f20394f03db67323c4ea4b94a62a07a2acaa","isMergeCommit":true,"messageTitle":"Merge pull request #22 from TVageesan/Fix-Build-Bug","messageBody":"Fix gradle build bug","fileTypesAndContributionMap":{}}]},{"date":"2024-10-08","commitResults":[{"hash":"461430211bd8641c4b8038b1b7516671399e3aca","isMergeCommit":true,"messageTitle":"Merge pull request #28 from nirala-ts/master","messageBody":"Add parsing functionalities on user input, Fix bugs related to checkstyle","fileTypesAndContributionMap":{}},{"hash":"60fa457fd3b5a5c09be3ce9b3236eaeeb9e2e1a1","isMergeCommit":false,"messageTitle":"Decouple progId, dayId fields from Command superclass","messageBody":"","fileTypesAndContributionMap":{"functional-code":{"insertions":11,"deletions":23}}},{"hash":"7f7bf38605d5eccff37b9d5aef2f27bd82123277","isMergeCommit":false,"messageTitle":"Refactor parsing \u0027programme commands\u0027 from \u0027parse\u0027 function","messageBody":"","fileTypesAndContributionMap":{"functional-code":{"insertions":169,"deletions":0}}},{"hash":"ed5151a77e9fd203fbdb678d134f273e26e54d2e","isMergeCommit":false,"messageTitle":"Add parser support for Edit Command","messageBody":"","fileTypesAndContributionMap":{"functional-code":{"insertions":63,"deletions":7}}}]},{"date":"2024-10-09","commitResults":[{"hash":"a5e6ebf9f9e77458d373a49b27d3876c5838474f","isMergeCommit":true,"messageTitle":"Merge changes from team repo master","messageBody":"","fileTypesAndContributionMap":{}},{"hash":"bd1f34e02fdfdb0c62ed92e9bcc65e0435056d58","isMergeCommit":false,"messageTitle":"Rollback edit command format to simplify implementation","messageBody":"","fileTypesAndContributionMap":{"functional-code":{"insertions":32,"deletions":19}}},{"hash":"9d7a5456db3b4735de7d574b74fb6f862a88d710","isMergeCommit":false,"messageTitle":"Added parser support for multi-line edit commands","messageBody":"","fileTypesAndContributionMap":{"functional-code":{"insertions":87,"deletions":80}}},{"hash":"71a38179d296bcc98e4b8de8e23aa9aacf518e87","isMergeCommit":false,"messageTitle":"Modified toString() formatting for Programme classes","messageBody":"","fileTypesAndContributionMap":{"functional-code":{"insertions":37,"deletions":69}}},{"hash":"d8788afc3ae8fd77d34fedda5b01a9e859d0bb13","isMergeCommit":false,"messageTitle":"Adjusted Programme classes to allow creating Programmes","messageBody":"","fileTypesAndContributionMap":{"functional-code":{"insertions":38,"deletions":39}}},{"hash":"364ebde21c60d06c7bad26cfa1ecc3871a694c11","isMergeCommit":false,"messageTitle":"Update parser functions for creating Programmes","messageBody":"","fileTypesAndContributionMap":{"functional-code":{"insertions":74,"deletions":96}}},{"hash":"d832a61c26c3ad47b58587d5458980ad51d662e5","isMergeCommit":false,"messageTitle":"Completed edit and create commands","messageBody":"","fileTypesAndContributionMap":{"functional-code":{"insertions":225,"deletions":119}}},{"hash":"5325b06fe87df9a62a7ab69de57f8be85b8cce32","isMergeCommit":false,"messageTitle":"Fix bug with Parser not recognizing \u0027Exit\u0027 command","messageBody":"","fileTypesAndContributionMap":{"functional-code":{"insertions":6,"deletions":10}}},{"hash":"9e0e6b15ce4b4b6ac87e0905a1336125bf683ea4","isMergeCommit":false,"messageTitle":"Resolve checkstyle error","messageBody":"","fileTypesAndContributionMap":{"functional-code":{"insertions":0,"deletions":1}}}]},{"date":"2024-10-10","commitResults":[{"hash":"f2c9dfa1b5550b09bbbc332b3e493ece923597cb","isMergeCommit":false,"messageTitle":"Refactor prog commands to separate parser class","messageBody":"","fileTypesAndContributionMap":{"functional-code":{"insertions":76,"deletions":1},"other":{"insertions":30,"deletions":77}}},{"hash":"803bed4d4ef157db5d06604c33718f4853642392","isMergeCommit":false,"messageTitle":"Simplify string formatting for printing outputs","messageBody":"","fileTypesAndContributionMap":{"functional-code":{"insertions":18,"deletions":9}}}]},{"date":"2024-10-11","commitResults":[{"hash":"9543a77bca02e2836e3926691027b7db2019c1dc","isMergeCommit":false,"messageTitle":"Add programme delete functionality","messageBody":"","fileTypesAndContributionMap":{"functional-code":{"insertions":43,"deletions":18}}},{"hash":"8fecf9b5d65e76bf2f20e0d6da24e710d0b5e83f","isMergeCommit":false,"messageTitle":"Add delete \u0026 create day functionality to edit command","messageBody":"","fileTypesAndContributionMap":{"functional-code":{"insertions":89,"deletions":24},"other":{"insertions":14,"deletions":9}}},{"hash":"df3af47a83195a48c03052e18011c54331c10690","isMergeCommit":false,"messageTitle":"Resolve checkstyle bug","messageBody":"","fileTypesAndContributionMap":{"functional-code":{"insertions":7,"deletions":2}}},{"hash":"8bfbc8907a625528246f9c3b1353edd60c99e045","isMergeCommit":false,"messageTitle":"Add \u0027final\u0027 modifier to all relevant variables","messageBody":"","fileTypesAndContributionMap":{"functional-code":{"insertions":42,"deletions":38}}},{"hash":"ad0a9f45d5234ed10f89226081ba3a548cc66d36","isMergeCommit":false,"messageTitle":"Add parser \u0026 command support for logging workouts","messageBody":"","fileTypesAndContributionMap":{"functional-code":{"insertions":30,"deletions":6}}}]},{"date":"2024-10-12","commitResults":[{"hash":"9f4f0613a2ef1a10d4bee3b25de5e6d1dd0add3c","isMergeCommit":false,"messageTitle":"Change \u0027Date\u0027 to \u0027LocalDateTime\u0027 in History.java","messageBody":"","fileTypesAndContributionMap":{"functional-code":{"insertions":1,"deletions":2}}}]},{"date":"2024-10-13","commitResults":[{"hash":"14174f8ad62b66c437724e90fcca7cff9dd5a710","isMergeCommit":false,"messageTitle":"Add skeleton code for JUnit Testing","messageBody":"","fileTypesAndContributionMap":{"other":{"insertions":2,"deletions":5},"test-code":{"insertions":284,"deletions":0}}}]},{"date":"2024-10-14","commitResults":[{"hash":"f554b975b666b29075628772ae3aae438c3e93d3","isMergeCommit":true,"messageTitle":"Merge pull request #23 from Bev-low/master","messageBody":"Update Storage Class, toJson/fromJson Methods","fileTypesAndContributionMap":{}},{"hash":"57a3c79141dcd15bb440ada22fe00f6d111d3ced","isMergeCommit":true,"messageTitle":"Merge branch \u0027AY2425S1-CS2113-W10-3:master\u0027 into Add-Date-Parsing","messageBody":"","fileTypesAndContributionMap":{}},{"hash":"9eeae4ee8f365dcfd9961e9a9f0ab4f4ec890cbb","isMergeCommit":false,"messageTitle":"Adjust History class for better separation of concern","messageBody":"","fileTypesAndContributionMap":{"functional-code":{"insertions":93,"deletions":122}}},{"hash":"14fddb83ef8bf3dcfa8d9c25aa1ed36ea72b2e1e","isMergeCommit":false,"messageTitle":"Fix bug with uncaught IOException when saving JSON to disk","messageBody":"","fileTypesAndContributionMap":{"functional-code":{"insertions":10,"deletions":4}}},{"hash":"9603c0cff68c5c39d67803b990599e5e77f254f6","isMergeCommit":true,"messageTitle":"Merge pull request #46 from TVageesan/Add-Date-Parsing","messageBody":"Add date parsing support for logging workouts","fileTypesAndContributionMap":{}},{"hash":"c552bfdd151bbfb1a68164944099c3586afd22ef","isMergeCommit":true,"messageTitle":"Merge pull request #44 from TVageesan/Add-Delete-Routine-Command","messageBody":"Add delete programme functionality","fileTypesAndContributionMap":{}}]},{"date":"2024-10-15","commitResults":[{"hash":"3f30d2cc7778e9d032967c0ea601af9636483042","isMergeCommit":false,"messageTitle":"Remove ui dependency from Commands","messageBody":"","fileTypesAndContributionMap":{"functional-code":{"insertions":27,"deletions":30},"test-code":{"insertions":1,"deletions":1}}},{"hash":"2dcaad830de87788994da92108110ba84ee1a5b5","isMergeCommit":false,"messageTitle":"Add parser \u0026 command support for logging workouts","messageBody":"","fileTypesAndContributionMap":{"functional-code":{"insertions":30,"deletions":6}}},{"hash":"0ddac953cdba31475237771f285229f20c8f1bd1","isMergeCommit":false,"messageTitle":"Change \u0027Date\u0027 to \u0027LocalDateTime\u0027 in History.java","messageBody":"","fileTypesAndContributionMap":{"functional-code":{"insertions":1,"deletions":2}}},{"hash":"fa9df5ab3f93209ca4105b43e40a027bea699062","isMergeCommit":false,"messageTitle":"Add programme delete functionality","messageBody":"","fileTypesAndContributionMap":{"functional-code":{"insertions":43,"deletions":18}}},{"hash":"cc3a9fec849342b35634f0ac4d8208d44a51b6b4","isMergeCommit":false,"messageTitle":"Rollback commit made on wrong branch","messageBody":"","fileTypesAndContributionMap":{"functional-code":{"insertions":29,"deletions":26}}},{"hash":"2465054858cf56818d952485a1f99b8d5b39a761","isMergeCommit":true,"messageTitle":"Merge branch \u0027master\u0027 into Extend-Edit-Command","messageBody":"","fileTypesAndContributionMap":{}},{"hash":"e86fa37cfceedb9d087a8de72169482d5b33ff36","isMergeCommit":true,"messageTitle":"Merge pull request #45 from TVageesan/Extend-Edit-Command","messageBody":"Add delete \u0026 create day functionality to edit command","fileTypesAndContributionMap":{}},{"hash":"d39db00055f288612dacfe8edb9dc5170d7e2a08","isMergeCommit":true,"messageTitle":"Merge branch \u0027master\u0027 into Adjust-Storage-Class","messageBody":"","fileTypesAndContributionMap":{}},{"hash":"8514a96491ebbf456d91b4b5d63470920c565314","isMergeCommit":true,"messageTitle":"Merge pull request #49 from TVageesan/Adjust-Storage-Class","messageBody":"Adjust Storage class for better separation of concern","fileTypesAndContributionMap":{}},{"hash":"02b6499d0d0dea7d2c2c689c4bc3d24c205e16e5","isMergeCommit":false,"messageTitle":"Finalize version 1 of BuffBuddy","messageBody":"","fileTypesAndContributionMap":{"functional-code":{"insertions":0,"deletions":1150}}},{"hash":"58c43d82d8f9608a4f4401057d0d35a0e33c4f44","isMergeCommit":false,"messageTitle":"Finalize version 1 of BuffBuddy","messageBody":"","fileTypesAndContributionMap":{"functional-code":{"insertions":1208,"deletions":0}}},{"hash":"547fa65197d3cf554e2cf229b05f3eeb773666f2","isMergeCommit":true,"messageTitle":"Merge pull request #51 from andreusxcarvalho/new-history-class","messageBody":"Add History","fileTypesAndContributionMap":{}},{"hash":"cb3eee7ff9cc0cf5ed124e70173b62c770107834","isMergeCommit":false,"messageTitle":"Clean up imports","messageBody":"","fileTypesAndContributionMap":{"functional-code":{"insertions":49,"deletions":49}}},{"hash":"602359fa0d89565bc7ee6399ef8c9ee515ee159c","isMergeCommit":true,"messageTitle":"Merge branch \u0027master\u0027 into Finalize-Version-One","messageBody":"","fileTypesAndContributionMap":{}},{"hash":"a6221548940303a84de5b0ad25ac37f0aaf1f187","isMergeCommit":false,"messageTitle":"Enable assertions in gradle build","messageBody":"","fileTypesAndContributionMap":{"other":{"insertions":1,"deletions":0}}},{"hash":"2f1448cc02fd7761c6556482e822ff172bfafea9","isMergeCommit":true,"messageTitle":"Merge pull request #52 from TVageesan/Finalize-Version-One","messageBody":"Finalize version one","tags":["v1.0"],"fileTypesAndContributionMap":{}}]}],"nirala-ts":[{"date":"2024-10-02","commitResults":[{"hash":"bdf8d4acaeadaf1c33731af7d4c540dc9c00f95a","isMergeCommit":false,"messageTitle":"Update AboutUs.md","messageBody":"","fileTypesAndContributionMap":{"docs":{"insertions":3,"deletions":7}}},{"hash":"b7cb89a0f0fa18a01c7fe1d66ec0f83b884113e5","isMergeCommit":true,"messageTitle":"Resolve conflict","messageBody":"","fileTypesAndContributionMap":{}}]},{"date":"2024-10-07","commitResults":[{"hash":"345e7620afc18c543c337d5609b36944ab553506","isMergeCommit":false,"messageTitle":"Add parsing functionalities on user input","messageBody":"","fileTypesAndContributionMap":{"functional-code":{"insertions":176,"deletions":4}}}]},{"date":"2024-10-08","commitResults":[{"hash":"35913724866fa18f3252c6305118eeac46b70734","isMergeCommit":false,"messageTitle":"Fix bugs related to checkstyle","messageBody":"","fileTypesAndContributionMap":{"functional-code":{"insertions":24,"deletions":19}}},{"hash":"8cf13cfcc76afa8b54f98f3b74642ea12b71a1f0","isMergeCommit":false,"messageTitle":"Fix bugs related to checkstyle","messageBody":"","fileTypesAndContributionMap":{"functional-code":{"insertions":30,"deletions":45}}},{"hash":"ed15017c1363360c96786270913c515d763f84d6","isMergeCommit":false,"messageTitle":"Fix bugs related to checkstyle","messageBody":"","fileTypesAndContributionMap":{"functional-code":{"insertions":7,"deletions":13}}}]}],"Atulteja":[{"date":"2024-10-02","commitResults":[{"hash":"eb67f557957b539010a5874d130c8f6028131bea","isMergeCommit":false,"messageTitle":"updated the about us page","messageBody":"","fileTypesAndContributionMap":{"docs":{"insertions":3,"deletions":3}}},{"hash":"8d677e7612d6cf0696ef5311fcd2089c4582f2cc","isMergeCommit":true,"messageTitle":"resolved merge commit","messageBody":"","fileTypesAndContributionMap":{}},{"hash":"98a9fb56e59a9df59b06e88bcff4df11a1fcc963","isMergeCommit":true,"messageTitle":"Merge pull request #13 from Atulteja/Atul-AboutUs","messageBody":"updated the about us page","fileTypesAndContributionMap":{}}]},{"date":"2024-10-07","commitResults":[{"hash":"95999a743b239e3d98454cafdcc3ac8847c7c50b","isMergeCommit":false,"messageTitle":"Added ProgrammeList, Programme, Day and Exercise classes and their respective methods","messageBody":"","fileTypesAndContributionMap":{"functional-code":{"insertions":176,"deletions":7}}}]},{"date":"2024-10-08","commitResults":[{"hash":"7f00347d734da414ca66c1cc23ea7e2ae39323fe","isMergeCommit":false,"messageTitle":"Updated the add and deleteProgramme functions to return a program, updated toString in Day for it print the day as standalone and also part of the programme","messageBody":"","fileTypesAndContributionMap":{"functional-code":{"insertions":37,"deletions":21}}},{"hash":"406e3d27dac30924874488f4eb48d8d9d237fba9","isMergeCommit":false,"messageTitle":"Corrected the input for the CreateCommand class","messageBody":"","fileTypesAndContributionMap":{"functional-code":{"insertions":3,"deletions":2}}},{"hash":"9dfaf86ab08ed2ea923645a9fc478955bc442649","isMergeCommit":false,"messageTitle":"Made changes to the style according to the checkstyle","messageBody":"","fileTypesAndContributionMap":{"functional-code":{"insertions":1,"deletions":3}}},{"hash":"ee19c17099bd8e76057673943b97b5dbf8c09aff","isMergeCommit":true,"messageTitle":"Merge pull request #24 from Atulteja/master","messageBody":"Added ProgrammeList, Programme, Day and Exercise classes and their respective methods","fileTypesAndContributionMap":{}}]}],"Bev-low":[{"date":"2024-09-22","commitResults":[{"hash":"335d5d906defabfeadea4f915420fe3659bfabb1","isMergeCommit":false,"messageTitle":"Update README.md","messageBody":"","fileTypesAndContributionMap":{"docs":{"insertions":1,"deletions":1}}},{"hash":"c480e304e8f57a64dde4b659fc577ac059759755","isMergeCommit":false,"messageTitle":"Update README.md","messageBody":"","fileTypesAndContributionMap":{"docs":{"insertions":1,"deletions":1}}}]},{"date":"2024-10-02","commitResults":[{"hash":"29b98d409f1ac53837b44614c82a59fd3165f51e","isMergeCommit":false,"messageTitle":"Add my details in AboutUS","messageBody":"","fileTypesAndContributionMap":{"docs":{"insertions":3,"deletions":7}}},{"hash":"abc69a882cca1716d2fd42eb1cb11b2beedd06cc","isMergeCommit":false,"messageTitle":"Add my details in AboutUS","messageBody":"","fileTypesAndContributionMap":{"docs":{"insertions":1,"deletions":1}}},{"hash":"211864dc7bbb288305b19402c6983d49d62b25f0","isMergeCommit":false,"messageTitle":"Add my details in AboutUS","messageBody":"","fileTypesAndContributionMap":{"docs":{"insertions":1,"deletions":1}}},{"hash":"5e880f327a29bbe2336f8f024a9e50c0bdc634b0","isMergeCommit":true,"messageTitle":"Merge pull request #11 from Bev-low/LowBeverly-AboutUs","messageBody":"Added my details in AboutUs Doc","fileTypesAndContributionMap":{}},{"hash":"f761b5c9d8cbcfb668e195f4f2c4cb98ec3552c1","isMergeCommit":true,"messageTitle":"Merge pull request #12 from nirala-ts/tanishka-AboutUs","messageBody":"Update AboutUs.md","fileTypesAndContributionMap":{}}]},{"date":"2024-10-07","commitResults":[{"hash":"59070f5d29e379ac7053aa4e4b067074b7a81a6c","isMergeCommit":false,"messageTitle":"Updating Storage","messageBody":"","fileTypesAndContributionMap":{"functional-code":{"insertions":73,"deletions":0}}},{"hash":"ed206cb0afb40299dcba3018b6229cbe1ad70043","isMergeCommit":false,"messageTitle":"Updating Storage and Json methods","messageBody":"","fileTypesAndContributionMap":{"functional-code":{"insertions":162,"deletions":77}}}]},{"date":"2024-10-08","commitResults":[{"hash":"a24ece0adceacfc16c15cedd464b9df01b525c81","isMergeCommit":false,"messageTitle":"fixed bugs","messageBody":"","fileTypesAndContributionMap":{"functional-code":{"insertions":1,"deletions":1}}}]},{"date":"2024-10-10","commitResults":[{"hash":"b7c17015658b869acb15f4a4ef387e38003d5ba6","isMergeCommit":false,"messageTitle":"Imported the Gson library","messageBody":"","fileTypesAndContributionMap":{"functional-code":{"insertions":4,"deletions":4},"other":{"insertions":1,"deletions":0}}},{"hash":"e4dad6d80c6aab89cdff0bbc46d8f89061ee170d","isMergeCommit":true,"messageTitle":"Merge pull request #31 from TVageesan/Add-Edit-Command","messageBody":"Add create \u0026 edit command","fileTypesAndContributionMap":{}},{"hash":"19c25857561ea84a7f5afc55289626917532d5c7","isMergeCommit":false,"messageTitle":"Rewrote the Save and load functions by using Gson format, reaeding in by object instead of the previous line method","messageBody":"","fileTypesAndContributionMap":{"functional-code":{"insertions":49,"deletions":74}}},{"hash":"a41923aeece3b76d3622416e6e9ca4dd712dfa52","isMergeCommit":false,"messageTitle":"Coded out undeclared methods","messageBody":"","fileTypesAndContributionMap":{"functional-code":{"insertions":2,"deletions":2}}},{"hash":"f6ad209c72aa78ff4dd5175704315d040741e012","isMergeCommit":true,"messageTitle":"Merge branch \u0027master\u0027 of https://github.com/AY2425S1-CS2113-W10-3/tp","messageBody":"","fileTypesAndContributionMap":{}},{"hash":"bf51b9612c119d103a6107a891249e162986d76d","isMergeCommit":false,"messageTitle":"Fixing Checkstyle","messageBody":"","fileTypesAndContributionMap":{"functional-code":{"insertions":6,"deletions":10}}},{"hash":"ec8c2b763c169ced4e9de22a6f89b039975b295c","isMergeCommit":false,"messageTitle":"Removing redundant toJson and fromJson methods from Programme, Day and Exercise","messageBody":"","fileTypesAndContributionMap":{"functional-code":{"insertions":0,"deletions":36}}}]},{"date":"2024-10-14","commitResults":[{"hash":"fd4409f047ce94fcd1c6e56b513a6c57209358be","isMergeCommit":false,"messageTitle":"Updating Storage Class and Adding DataWrapper Class","messageBody":"","fileTypesAndContributionMap":{"functional-code":{"insertions":99,"deletions":47}}},{"hash":"09729e3f45f89602ac20f23c9249d3bdc0a868cc","isMergeCommit":false,"messageTitle":"Formatting the Storage Spacings","messageBody":"","fileTypesAndContributionMap":{"functional-code":{"insertions":2,"deletions":2}}},{"hash":"3ddbf05e202ec388cab3ff9846abb1300fa6560f","isMergeCommit":true,"messageTitle":"Merge pull request #48 from TVageesan/Add-JUnit-Testing","messageBody":"Add skeleton code for JUnit Testing","fileTypesAndContributionMap":{}},{"hash":"434e06cecfde7d69d437324e5a39ca8205ef1f6d","isMergeCommit":false,"messageTitle":"Created createDirectoryIfNotExist method to make the code easier to read.","messageBody":"","fileTypesAndContributionMap":{"functional-code":{"insertions":7,"deletions":4}}}]}],"andreusxcarvalho":[{"date":"2024-10-02","commitResults":[{"hash":"33a95ce35d528c8a3f904c271ef59d970f2eed21","isMergeCommit":false,"messageTitle":"Updated About Us section","messageBody":"","fileTypesAndContributionMap":{"docs":{"insertions":1,"deletions":4}}},{"hash":"cc84425354cc6f7f02d2757f0d9bc8ae7ce9066c","isMergeCommit":true,"messageTitle":"Merge pull request #15 from andreusxcarvalho/Andreus-AboutUs","messageBody":"Updated About Us section","fileTypesAndContributionMap":{}},{"hash":"f0ad882675d563f20872a021ee3d9a038cfc84f8","isMergeCommit":false,"messageTitle":"Updated About Us section","messageBody":"","fileTypesAndContributionMap":{"docs":{"insertions":1,"deletions":0}}},{"hash":"f0444a1369722bb8f72c2adea49022e50676a0c1","isMergeCommit":true,"messageTitle":"Merge branch \u0027master\u0027 into Andreus-AboutUs","messageBody":"","fileTypesAndContributionMap":{}},{"hash":"738951a90a0624a7c2c0d552e7ba2b03ed422658","isMergeCommit":true,"messageTitle":"Merge pull request #16 from andreusxcarvalho/Andreus-AboutUs","messageBody":"Updated About Us section","fileTypesAndContributionMap":{}}]},{"date":"2024-10-14","commitResults":[{"hash":"feda8b39967d61789e54b3f75467cafb83e74dff","isMergeCommit":false,"messageTitle":"Improve History class","messageBody":"","fileTypesAndContributionMap":{"functional-code":{"insertions":36,"deletions":8}}}]},{"date":"2024-10-15","commitResults":[{"hash":"ecd55b2ec6ef9e47caa31966b41042c968593cdc","isMergeCommit":false,"messageTitle":"Improve History class","messageBody":"","fileTypesAndContributionMap":{"functional-code":{"insertions":4,"deletions":9}}}]}]},"authorFileTypeContributionMap":{"TVageesan":{"docs":2,"functional-code":1112,"test-code":103,"other":1},"nirala-ts":{"docs":0,"functional-code":1,"test-code":0},"Atulteja":{"docs":2,"functional-code":82,"test-code":0},"Bev-low":{"docs":3,"functional-code":14,"test-code":0,"other":1},"andreusxcarvalho":{"docs":4,"functional-code":1,"test-code":0}},"authorContributionVariance":{"TVageesan":283088.4,"nirala-ts":1823.3137,"Atulteja":1365.1296,"Bev-low":5422.6167,"andreusxcarvalho":76.47485},"authorDisplayNameMap":{"TVageesan":"CS2113-W10-3 THIR..ESAN","nirala-ts":"CS2113-W10-3 NIRA..INGH","Atulteja":"CS2113-W10-3 ATUL..ALLI","Bev-low":"CS2113-W10-3 LOW ..ERLY","andreusxcarvalho":"CS2113-W10-3 CARV..ROBY"}}
