{"authorDailyContributionsMap":{"Oshen27":[{"date":"2024-10-02","commitResults":[{"hash":"7eee774e12782517a1b3c81fcd5de07ac4a49581","isMergeCommit":false,"messageTitle":"Updated AboutUs doc","messageBody":"","fileTypesAndContributionMap":{"docs":{"insertions":3,"deletions":7}}},{"hash":"3ee63deb6ef9a76ecb98d3daf18b73df1b90756f","isMergeCommit":true,"messageTitle":"Merge branch \u0027master\u0027 of https://github.com/AY2425S1-CS2113-W10-4/tp into jiaming-AboutUs","messageBody":"# Conflicts:\n#\tdocs/AboutUs.md\n","fileTypesAndContributionMap":{}},{"hash":"1135e9dce245dd9cbb61f722adb8a9c1bcf1ff10","isMergeCommit":true,"messageTitle":"Merge pull request #24 from Oshen27/jiaming-AboutUs","messageBody":"Updated AboutUs doc","fileTypesAndContributionMap":{}}]}],"YukeeHong":[{"date":"2024-10-02","commitResults":[{"hash":"e650c9f0f97e39c8c05224b499bc53b06f12d758","isMergeCommit":false,"messageTitle":"aboutus","messageBody":"","fileTypesAndContributionMap":{"docs":{"insertions":3,"deletions":7}}},{"hash":"8234f9889d961eae6c1e00394d314015ad602508","isMergeCommit":true,"messageTitle":"Merge pull request #23 from YukeeHong/zhaiyihong-AboutUs","messageBody":"aboutus","fileTypesAndContributionMap":{}}]}],"gu0y1":[],"Gao327":[{"date":"2024-10-02","commitResults":[{"hash":"8dcbb3c25dde4998408b3366db78d41945a9df12","isMergeCommit":false,"messageTitle":"Update AboutUs doc","messageBody":"","fileTypesAndContributionMap":{"docs":{"insertions":6,"deletions":5}}},{"hash":"214c227b6fb035e574d5a56d794ce16a71042f7d","isMergeCommit":true,"messageTitle":"Merge pull request #25 from Gao327/AboutUs","messageBody":"Update AboutUs doc","fileTypesAndContributionMap":{}}]}],"DanLinhHuynh-Niwashi":[{"date":"2024-10-02","commitResults":[{"hash":"2d4bf4ad3fb54830ecf1c6d30ca257bec9d98f0f","isMergeCommit":false,"messageTitle":"Update about us","messageBody":"","fileTypesAndContributionMap":{"docs":{"insertions":3,"deletions":7}}},{"hash":"625a5dfb3c8a564481917163a3bde2c3ff45f74f","isMergeCommit":true,"messageTitle":"Merge branch \u0027master\u0027 of https://github.com/AY2425S1-CS2113-W10-4/tp into DanLinh-AboutUs","messageBody":"# Conflicts:\n#\tdocs/AboutUs.md\n","fileTypesAndContributionMap":{}},{"hash":"92b094f47b28b4e96df4c574e04cd08d812b3ea8","isMergeCommit":true,"messageTitle":"Merge pull request #22 from DanLinhHuynh-Niwashi/DanLinh-AboutUs","messageBody":"Update Linh\u0027s about us","fileTypesAndContributionMap":{}}]},{"date":"2024-10-06","commitResults":[{"hash":"362bc2c8264c5f10c1f3a0316d6cb8d16565a7a7","isMergeCommit":false,"messageTitle":"Add abstract command class","messageBody":"","fileTypesAndContributionMap":{"functional-code":{"insertions":51,"deletions":0}}},{"hash":"0a39f2155d0bb9c9cac61e85a59f36c3d8660c21","isMergeCommit":false,"messageTitle":"Add TestCommand class for unit testing","messageBody":"","fileTypesAndContributionMap":{"functional-code":{"insertions":43,"deletions":0}}},{"hash":"a0a61aeab3bf493460095bb081f79e4ede97c440","isMergeCommit":false,"messageTitle":"Add JUnit test for command class","messageBody":"","fileTypesAndContributionMap":{"test-code":{"insertions":60,"deletions":0}}},{"hash":"1c0bcb0cd392df809539be94002294c62ba0b39b","isMergeCommit":false,"messageTitle":"Adapt to code conventions","messageBody":"","fileTypesAndContributionMap":{"functional-code":{"insertions":0,"deletions":1},"test-code":{"insertions":3,"deletions":1}}},{"hash":"10a195913d3d19d414684769154fa444ce342bc5","isMergeCommit":true,"messageTitle":"Merge pull request #26 from DanLinhHuynh-Niwashi/CommandAbstract","messageBody":"Add Command abstract class","fileTypesAndContributionMap":{}}]},{"date":"2024-10-09","commitResults":[{"hash":"e9d0b53a7c3c224125bc39c2f895cbc6dc1565e4","isMergeCommit":false,"messageTitle":"Add parser to parse the input command","messageBody":"","fileTypesAndContributionMap":{"functional-code":{"insertions":146,"deletions":0},"test-code":{"insertions":74,"deletions":0}}},{"hash":"22147476558f4d8e724e8dd1539bc560a99ac22c","isMergeCommit":false,"messageTitle":"Add check valid argument list","messageBody":"","fileTypesAndContributionMap":{"functional-code":{"insertions":15,"deletions":0}}},{"hash":"3077df198782bb68e22c44836e16c738eefb2458","isMergeCommit":false,"messageTitle":"Adapt to test extracting arguments","messageBody":"","fileTypesAndContributionMap":{"functional-code":{"insertions":16,"deletions":1},"test-code":{"insertions":50,"deletions":2}}},{"hash":"5ed7f00b9621373a573c3971495924a4dd6a3c00","isMergeCommit":false,"messageTitle":"Fix code style for convention","messageBody":"","fileTypesAndContributionMap":{"test-code":{"insertions":1,"deletions":1}}},{"hash":"29339c264b4ec344b748d2cdad45bec63adbb0c1","isMergeCommit":false,"messageTitle":"Fix code style for convention","messageBody":"","fileTypesAndContributionMap":{"test-code":{"insertions":4,"deletions":2}}},{"hash":"bdf1f32d27b564f97536f1091f9e24d2012d903a","isMergeCommit":true,"messageTitle":"Merge pull request #28 from DanLinhHuynh-Niwashi/Parser","messageBody":"Add Parser to extract command arguments","fileTypesAndContributionMap":{}},{"hash":"c1ab77e772fde6351bbbf814c55fea2b8e47cb77","isMergeCommit":false,"messageTitle":"Add main class to run the program","messageBody":"","fileTypesAndContributionMap":{"functional-code":{"insertions":148,"deletions":0}}},{"hash":"acf8bdad8637eb65cb80b32e444ee80d8909dbcf","isMergeCommit":false,"messageTitle":"Turn Main scanner to public variable so that the commands can use","messageBody":"","fileTypesAndContributionMap":{"functional-code":{"insertions":2,"deletions":2}}},{"hash":"9d051a9bc74412ee7d67fcacd48769a1f2c17146","isMergeCommit":true,"messageTitle":"Merge pull request #29 from DanLinhHuynh-Niwashi/MainClass","messageBody":"Add main class to run the program","fileTypesAndContributionMap":{}},{"hash":"6775473e4ae2b50a5e660ec37138c40fdb017f5f","isMergeCommit":false,"messageTitle":"Add help command","messageBody":"","fileTypesAndContributionMap":{"functional-code":{"insertions":103,"deletions":1},"test-code":{"insertions":4,"deletions":0}}},{"hash":"d2546b2ce84c900a53bbe787ee2486f233a55b5b","isMergeCommit":false,"messageTitle":"Fix parser bug of parsing command keywords without trailing space","messageBody":"","fileTypesAndContributionMap":{"functional-code":{"insertions":1,"deletions":1}}},{"hash":"73ed4a1fb48398d8a8a1464205001c75d6b7c6c1","isMergeCommit":false,"messageTitle":"Register help command to run on Main","messageBody":"","fileTypesAndContributionMap":{"functional-code":{"insertions":8,"deletions":0}}},{"hash":"589461286cc05740f78f26969604e8ea3991274e","isMergeCommit":false,"messageTitle":"Add unit test for help command","messageBody":"","fileTypesAndContributionMap":{"test-code":{"insertions":82,"deletions":4}}},{"hash":"ae5dcf187d265e422e0c85d0777699029be317f4","isMergeCommit":true,"messageTitle":"Merge pull request #30 from DanLinhHuynh-Niwashi/HelpCommand","messageBody":"Add help command","fileTypesAndContributionMap":{}}]}]},"authorFileTypeContributionMap":{"Oshen27":{"docs":2,"functional-code":0,"test-code":0},"YukeeHong":{"docs":1,"functional-code":0,"test-code":0},"gu0y1":{"docs":0,"functional-code":0,"test-code":0},"Gao327":{"docs":2,"functional-code":0,"test-code":0},"DanLinhHuynh-Niwashi":{"docs":2,"functional-code":527,"test-code":268}},"authorContributionVariance":{"Oshen27":4.75,"YukeeHong":4.75,"gu0y1":0.0,"Gao327":5.747499,"DanLinhHuynh-Niwashi":21828.828},"authorDisplayNameMap":{"Oshen27":"CS2113-W10-4 SHEN..MING","YukeeHong":"CS2113-W10-4 ZHAI..HONG","gu0y1":"CS2113-W10-4 CHEN..UOYI","Gao327":"CS2113-W10-4 GAO ..NING","DanLinhHuynh-Niwashi":"CS2113-W10-4 HUYN..LINH"}}
