{"authorDailyContributionsMap":{"Oshen27":[{"date":"2024-10-02","commitResults":[{"hash":"7eee774e12782517a1b3c81fcd5de07ac4a49581","isMergeCommit":false,"messageTitle":"Updated AboutUs doc","messageBody":"","fileTypesAndContributionMap":{"docs":{"insertions":3,"deletions":7}}},{"hash":"3ee63deb6ef9a76ecb98d3daf18b73df1b90756f","isMergeCommit":true,"messageTitle":"Merge branch \u0027master\u0027 of https://github.com/AY2425S1-CS2113-W10-4/tp into jiaming-AboutUs","messageBody":"# Conflicts:\n#\tdocs/AboutUs.md\n","fileTypesAndContributionMap":{}},{"hash":"1135e9dce245dd9cbb61f722adb8a9c1bcf1ff10","isMergeCommit":true,"messageTitle":"Merge pull request #24 from Oshen27/jiaming-AboutUs","messageBody":"Updated AboutUs doc","fileTypesAndContributionMap":{}}]}],"YukeeHong":[{"date":"2024-10-02","commitResults":[{"hash":"e650c9f0f97e39c8c05224b499bc53b06f12d758","isMergeCommit":false,"messageTitle":"aboutus","messageBody":"","fileTypesAndContributionMap":{"docs":{"insertions":3,"deletions":7}}},{"hash":"8234f9889d961eae6c1e00394d314015ad602508","isMergeCommit":true,"messageTitle":"Merge pull request #23 from YukeeHong/zhaiyihong-AboutUs","messageBody":"aboutus","fileTypesAndContributionMap":{}}]},{"date":"2024-10-06","commitResults":[{"hash":"bb7855a483c3a404b39d90a34816f8f3837b3678","isMergeCommit":false,"messageTitle":"version-1","messageBody":"","fileTypesAndContributionMap":{"functional-code":{"insertions":228,"deletions":0}}}]},{"date":"2024-10-09","commitResults":[{"hash":"392a1fbce1f760236c968b3edfca0f4b8d3b81e7","isMergeCommit":false,"messageTitle":"style","messageBody":"","fileTypesAndContributionMap":{"functional-code":{"insertions":54,"deletions":53}}}]},{"date":"2024-10-10","commitResults":[{"hash":"8dc0bc93dbc5c2d99fc7c520e23d9ef7731bc937","isMergeCommit":false,"messageTitle":"style","messageBody":"","fileTypesAndContributionMap":{"functional-code":{"insertions":6,"deletions":6}}},{"hash":"de3e69cc32cab4b08e8f4419342bf512fb0cf535","isMergeCommit":true,"messageTitle":"Merge pull request #32 from YukeeHong/master","messageBody":"Add category and category list class","fileTypesAndContributionMap":{}}]},{"date":"2024-10-11","commitResults":[{"hash":"dc6b39f928691a42034dfba35b12189801427a9b","isMergeCommit":false,"messageTitle":"Add category class and category list class","messageBody":"","fileTypesAndContributionMap":{"functional-code":{"insertions":7,"deletions":4},"test-code":{"insertions":150,"deletions":0}}},{"hash":"e732dae50f58e518f0c62e9360da7af8f3fd6a69","isMergeCommit":false,"messageTitle":"Add JUnitTest of category class and category list class","messageBody":"","fileTypesAndContributionMap":{"test-code":{"insertions":17,"deletions":10}}},{"hash":"1622e97740b6b26f8a6c472bccacad0046bdc550","isMergeCommit":false,"messageTitle":"Add JUnitTest of category class and category list class(Latest)","messageBody":"","fileTypesAndContributionMap":{"test-code":{"insertions":4,"deletions":1}}},{"hash":"dcc84fca263027cfe4298bfa341acfe05ca31838","isMergeCommit":true,"messageTitle":"Merge pull request #34 from YukeeHong/A-JUnit","messageBody":"A-JunitTest of Category and Transaction related classes","fileTypesAndContributionMap":{}}]}],"Gao327":[{"date":"2024-10-02","commitResults":[{"hash":"8dcbb3c25dde4998408b3366db78d41945a9df12","isMergeCommit":false,"messageTitle":"Update AboutUs doc","messageBody":"","fileTypesAndContributionMap":{"docs":{"insertions":6,"deletions":5}}},{"hash":"214c227b6fb035e574d5a56d794ce16a71042f7d","isMergeCommit":true,"messageTitle":"Merge pull request #25 from Gao327/AboutUs","messageBody":"Update AboutUs doc","fileTypesAndContributionMap":{}}]},{"date":"2024-10-11","commitResults":[{"hash":"1fe78c4735304d8eb2d82845879a7cc6ca250942","isMergeCommit":false,"messageTitle":"Refactor Category, CategoryList, Transaction, TransactionList to a different address and create AddCategoryCommand class","messageBody":"","fileTypesAndContributionMap":{"functional-code":{"insertions":51,"deletions":0},"other":{"insertions":33,"deletions":19}}}]},{"date":"2024-10-12","commitResults":[{"hash":"cbffefc1d2b8b4dc2577eac82911337382766d92","isMergeCommit":false,"messageTitle":"Modify AddCategoryCommand class and related parts","messageBody":"","fileTypesAndContributionMap":{"functional-code":{"insertions":67,"deletions":80}}},{"hash":"ed6d99b6eec03c8a79f1627cfc382ad0703f1695","isMergeCommit":true,"messageTitle":"Merge pull request #1 from DanLinhHuynh-Niwashi/Gao327-branch-v1.0-GYN","messageBody":"","fileTypesAndContributionMap":{}},{"hash":"4279b1a560177ffef42f675499f66d9d33173485","isMergeCommit":true,"messageTitle":"Merge pull request #35 from Gao327/branch-v1.0-GYN","messageBody":"","fileTypesAndContributionMap":{}}]},{"date":"2024-10-13","commitResults":[{"hash":"36bce7f4232792cd64482a430e06ca02dfafaafd","isMergeCommit":false,"messageTitle":"Add DeleteCategoryCommand and modified CategoryList to be Singleton","messageBody":"","fileTypesAndContributionMap":{"functional-code":{"insertions":73,"deletions":1}}},{"hash":"c6c0b92dd69cc9dddb84759a72b50e464a5baaa2","isMergeCommit":true,"messageTitle":"Merge branch \u0027branch-v1.0-GYN\u0027","messageBody":"# Conflicts:\n#\tsrc/main/java/seedu/main/Main.java\n\nSolve Merge Conflicts\n","fileTypesAndContributionMap":{}},{"hash":"ed4c23af9a001a5f7b912f6f29ee4d7e3cfb74a9","isMergeCommit":false,"messageTitle":"Correct code style","messageBody":"","fileTypesAndContributionMap":{"functional-code":{"insertions":6,"deletions":1}}},{"hash":"8a6576fd802a6aa360b3e5bdcf86a65784e44203","isMergeCommit":false,"messageTitle":"Correct code style","messageBody":"","fileTypesAndContributionMap":{"functional-code":{"insertions":0,"deletions":1}}},{"hash":"ab69446e5072eaf63afe51fdfab46208c0a39373","isMergeCommit":false,"messageTitle":"Correct code style","messageBody":"","fileTypesAndContributionMap":{"functional-code":{"insertions":0,"deletions":4}}},{"hash":"d44aebdc2f229867850c678988b0cfb0a39819da","isMergeCommit":true,"messageTitle":"Merge pull request #41 from Gao327/branch-v1.0-GYN","messageBody":"Branch v1.0 gyn","fileTypesAndContributionMap":{}}]}],"DanLinhHuynh-Niwashi":[{"date":"2024-10-02","commitResults":[{"hash":"2d4bf4ad3fb54830ecf1c6d30ca257bec9d98f0f","isMergeCommit":false,"messageTitle":"Update about us","messageBody":"","fileTypesAndContributionMap":{"docs":{"insertions":3,"deletions":7}}},{"hash":"625a5dfb3c8a564481917163a3bde2c3ff45f74f","isMergeCommit":true,"messageTitle":"Merge branch \u0027master\u0027 of https://github.com/AY2425S1-CS2113-W10-4/tp into DanLinh-AboutUs","messageBody":"# Conflicts:\n#\tdocs/AboutUs.md\n","fileTypesAndContributionMap":{}},{"hash":"92b094f47b28b4e96df4c574e04cd08d812b3ea8","isMergeCommit":true,"messageTitle":"Merge pull request #22 from DanLinhHuynh-Niwashi/DanLinh-AboutUs","messageBody":"Update Linh\u0027s about us","fileTypesAndContributionMap":{}}]},{"date":"2024-10-06","commitResults":[{"hash":"362bc2c8264c5f10c1f3a0316d6cb8d16565a7a7","isMergeCommit":false,"messageTitle":"Add abstract command class","messageBody":"","fileTypesAndContributionMap":{"functional-code":{"insertions":51,"deletions":0}}},{"hash":"0a39f2155d0bb9c9cac61e85a59f36c3d8660c21","isMergeCommit":false,"messageTitle":"Add TestCommand class for unit testing","messageBody":"","fileTypesAndContributionMap":{"functional-code":{"insertions":43,"deletions":0}}},{"hash":"a0a61aeab3bf493460095bb081f79e4ede97c440","isMergeCommit":false,"messageTitle":"Add JUnit test for command class","messageBody":"","fileTypesAndContributionMap":{"test-code":{"insertions":60,"deletions":0}}},{"hash":"1c0bcb0cd392df809539be94002294c62ba0b39b","isMergeCommit":false,"messageTitle":"Adapt to code conventions","messageBody":"","fileTypesAndContributionMap":{"functional-code":{"insertions":0,"deletions":1},"test-code":{"insertions":3,"deletions":1}}},{"hash":"10a195913d3d19d414684769154fa444ce342bc5","isMergeCommit":true,"messageTitle":"Merge pull request #26 from DanLinhHuynh-Niwashi/CommandAbstract","messageBody":"Add Command abstract class","fileTypesAndContributionMap":{}}]},{"date":"2024-10-09","commitResults":[{"hash":"e9d0b53a7c3c224125bc39c2f895cbc6dc1565e4","isMergeCommit":false,"messageTitle":"Add parser to parse the input command","messageBody":"","fileTypesAndContributionMap":{"functional-code":{"insertions":146,"deletions":0},"test-code":{"insertions":74,"deletions":0}}},{"hash":"22147476558f4d8e724e8dd1539bc560a99ac22c","isMergeCommit":false,"messageTitle":"Add check valid argument list","messageBody":"","fileTypesAndContributionMap":{"functional-code":{"insertions":15,"deletions":0}}},{"hash":"3077df198782bb68e22c44836e16c738eefb2458","isMergeCommit":false,"messageTitle":"Adapt to test extracting arguments","messageBody":"","fileTypesAndContributionMap":{"functional-code":{"insertions":16,"deletions":1},"test-code":{"insertions":50,"deletions":2}}},{"hash":"5ed7f00b9621373a573c3971495924a4dd6a3c00","isMergeCommit":false,"messageTitle":"Fix code style for convention","messageBody":"","fileTypesAndContributionMap":{"test-code":{"insertions":1,"deletions":1}}},{"hash":"29339c264b4ec344b748d2cdad45bec63adbb0c1","isMergeCommit":false,"messageTitle":"Fix code style for convention","messageBody":"","fileTypesAndContributionMap":{"test-code":{"insertions":4,"deletions":2}}},{"hash":"bdf1f32d27b564f97536f1091f9e24d2012d903a","isMergeCommit":true,"messageTitle":"Merge pull request #28 from DanLinhHuynh-Niwashi/Parser","messageBody":"Add Parser to extract command arguments","fileTypesAndContributionMap":{}},{"hash":"c1ab77e772fde6351bbbf814c55fea2b8e47cb77","isMergeCommit":false,"messageTitle":"Add main class to run the program","messageBody":"","fileTypesAndContributionMap":{"functional-code":{"insertions":148,"deletions":0}}},{"hash":"acf8bdad8637eb65cb80b32e444ee80d8909dbcf","isMergeCommit":false,"messageTitle":"Turn Main scanner to public variable so that the commands can use","messageBody":"","fileTypesAndContributionMap":{"functional-code":{"insertions":2,"deletions":2}}},{"hash":"9d051a9bc74412ee7d67fcacd48769a1f2c17146","isMergeCommit":true,"messageTitle":"Merge pull request #29 from DanLinhHuynh-Niwashi/MainClass","messageBody":"Add main class to run the program","fileTypesAndContributionMap":{}},{"hash":"6775473e4ae2b50a5e660ec37138c40fdb017f5f","isMergeCommit":false,"messageTitle":"Add help command","messageBody":"","fileTypesAndContributionMap":{"functional-code":{"insertions":103,"deletions":1},"test-code":{"insertions":4,"deletions":0}}},{"hash":"d2546b2ce84c900a53bbe787ee2486f233a55b5b","isMergeCommit":false,"messageTitle":"Fix parser bug of parsing command keywords without trailing space","messageBody":"","fileTypesAndContributionMap":{"functional-code":{"insertions":1,"deletions":1}}},{"hash":"73ed4a1fb48398d8a8a1464205001c75d6b7c6c1","isMergeCommit":false,"messageTitle":"Register help command to run on Main","messageBody":"","fileTypesAndContributionMap":{"functional-code":{"insertions":8,"deletions":0}}},{"hash":"589461286cc05740f78f26969604e8ea3991274e","isMergeCommit":false,"messageTitle":"Add unit test for help command","messageBody":"","fileTypesAndContributionMap":{"test-code":{"insertions":82,"deletions":4}}},{"hash":"ae5dcf187d265e422e0c85d0777699029be317f4","isMergeCommit":true,"messageTitle":"Merge pull request #30 from DanLinhHuynh-Niwashi/HelpCommand","messageBody":"Add help command","fileTypesAndContributionMap":{}}]},{"date":"2024-10-12","commitResults":[{"hash":"086104d6ed64e20bd5edde891edfcd0dbe82d837","isMergeCommit":true,"messageTitle":"Merge branch \u0027branch-v1.0-GYN\u0027 of https://github.com/Gao327/tp into Gao327-branch-v1.0-GYN","messageBody":"# Conflicts:\n#\tsrc/main/java/Category.java\n#\tsrc/main/java/CategoryList.java\n#\tsrc/main/java/seedu/TransactionList.java\n","fileTypesAndContributionMap":{}},{"hash":"bbdb6bf937ed103105f2677e632a22b8b6d756c5","isMergeCommit":false,"messageTitle":"Move Transaction and Category classes to new packages","messageBody":"","fileTypesAndContributionMap":{"functional-code":{"insertions":13,"deletions":0},"other":{"insertions":16,"deletions":4},"test-code":{"insertions":5,"deletions":0}}},{"hash":"d06863527cb6950b5aa2dbb46df1f548c4832a64","isMergeCommit":false,"messageTitle":"Add View category command","messageBody":"","fileTypesAndContributionMap":{"functional-code":{"insertions":93,"deletions":0}}},{"hash":"af75db4fa15de0ce76b40f05af31e17aff3da69a","isMergeCommit":false,"messageTitle":"Add test for view category command","messageBody":"","fileTypesAndContributionMap":{"test-code":{"insertions":56,"deletions":0}}},{"hash":"77d6242199fe45166892830054a86ecef3c0bde2","isMergeCommit":false,"messageTitle":"Fix code style error","messageBody":"","fileTypesAndContributionMap":{"test-code":{"insertions":2,"deletions":1}}},{"hash":"495197abf97ec95be818e0a441b2cfa79df110be","isMergeCommit":false,"messageTitle":"Fix code style error","messageBody":"","fileTypesAndContributionMap":{"test-code":{"insertions":1,"deletions":1}}},{"hash":"1e796eefaa04c31cb0401505327238f0b8864218","isMergeCommit":true,"messageTitle":"Merge branch \u0027master\u0027 of https://github.com/AY2425S1-CS2113-W10-4/tp into ViewCategory","messageBody":"# Conflicts:\n#\tsrc/main/java/seedu/Main.java\n#\tsrc/main/java/seedu/category/Category.java\n#\tsrc/main/java/seedu/category/CategoryList.java\n#\tsrc/main/java/seedu/main/Main.java\n#\tsrc/main/java/seedu/transaction/Transaction.java\n#\tsrc/main/java/seedu/transaction/TransactionList.java\n","fileTypesAndContributionMap":{}},{"hash":"8cb749df723cb8464039287211b0f2152872fc2b","isMergeCommit":false,"messageTitle":"Update command guide","messageBody":"","fileTypesAndContributionMap":{"functional-code":{"insertions":1,"deletions":1}}},{"hash":"02714266398607e836c593fa3054e182f1609cf9","isMergeCommit":true,"messageTitle":"Merge pull request #36 from DanLinhHuynh-Niwashi/ViewCategory","messageBody":"Add view category command","fileTypesAndContributionMap":{}},{"hash":"4fe49ba869d3021df9801faa0914d2b52bac9218","isMergeCommit":false,"messageTitle":"Add utilities for datetime handling","messageBody":"","fileTypesAndContributionMap":{"functional-code":{"insertions":54,"deletions":0},"test-code":{"insertions":70,"deletions":0}}},{"hash":"f4216532292c55a664897ea9a1b3290444309ec4","isMergeCommit":true,"messageTitle":"Merge pull request #38 from DanLinhHuynh-Niwashi/DateTimeUtils","messageBody":"Add utilities for datetime handling","fileTypesAndContributionMap":{}}]}]},"authorFileTypeContributionMap":{"Oshen27":{"docs":2,"functional-code":0,"test-code":0},"YukeeHong":{"docs":1,"functional-code":209,"test-code":159},"Gao327":{"docs":2,"functional-code":127,"test-code":0},"DanLinhHuynh-Niwashi":{"docs":2,"functional-code":711,"test-code":403}},"authorContributionVariance":{"Oshen27":3.993057,"YukeeHong":3680.076,"Gao327":1446.5815,"DanLinhHuynh-Niwashi":21547.69},"authorDisplayNameMap":{"Oshen27":"CS2113-W10-4 SHEN..MING","YukeeHong":"CS2113-W10-4 ZHAI..HONG","Gao327":"CS2113-W10-4 GAO ..NING","DanLinhHuynh-Niwashi":"CS2113-W10-4 HUYN..LINH"}}
