{"authorDailyContributionsMap":{"Oshen27":[{"date":"2024-10-02","commitResults":[{"hash":"7eee774e12782517a1b3c81fcd5de07ac4a49581","isMergeCommit":false,"messageTitle":"Updated AboutUs doc","messageBody":"","fileTypesAndContributionMap":{"docs":{"insertions":3,"deletions":7}}},{"hash":"3ee63deb6ef9a76ecb98d3daf18b73df1b90756f","isMergeCommit":true,"messageTitle":"Merge branch \u0027master\u0027 of https://github.com/AY2425S1-CS2113-W10-4/tp into jiaming-AboutUs","messageBody":"# Conflicts:\n#\tdocs/AboutUs.md\n","fileTypesAndContributionMap":{}},{"hash":"1135e9dce245dd9cbb61f722adb8a9c1bcf1ff10","isMergeCommit":true,"messageTitle":"Merge pull request #24 from Oshen27/jiaming-AboutUs","messageBody":"Updated AboutUs doc","fileTypesAndContributionMap":{}}]},{"date":"2024-10-15","commitResults":[{"hash":"01b333a925e89fb795bea2888aae8156ac966ab4","isMergeCommit":false,"messageTitle":"Implemented AddTransactionCommand, AddIncomeCommand and AddExpenseCommand classes","messageBody":"","fileTypesAndContributionMap":{"functional-code":{"insertions":152,"deletions":2}}},{"hash":"4e035bc5abe1090a56b2a2d255658d4a90afbfee","isMergeCommit":true,"messageTitle":"Merge commit \u0027b45356a518dadb6ce26abb5b2e1adc2244917591\u0027","messageBody":"# Conflicts:\n#\tsrc/main/java/seedu/main/Main.java\n#\tsrc/main/java/seedu/transaction/Income.java\n","fileTypesAndContributionMap":{}},{"hash":"d4a0df1222639d0c1d6efb463204b9d59a54d7fe","isMergeCommit":false,"messageTitle":"Updated Exception handling","messageBody":"","fileTypesAndContributionMap":{"functional-code":{"insertions":10,"deletions":10}}},{"hash":"89f98deb096090b72b25959180b3ab2361a4574f","isMergeCommit":true,"messageTitle":"Merge pull request #51 from Oshen27/AddTransactionCommand","messageBody":"Add transaction command","fileTypesAndContributionMap":{}},{"hash":"b8859f174f354457421ffc8748875cf2a81af0dd","isMergeCommit":false,"messageTitle":"Updated AddTransactionCommand and related classes","messageBody":"","fileTypesAndContributionMap":{"functional-code":{"insertions":71,"deletions":22}}},{"hash":"d83582536b6eab90a5937bc8711f62efad83709e","isMergeCommit":true,"messageTitle":"Merge commit \u0027686483b23a7063be0f30e28d8b7b23daf51b9443\u0027 into AddTransactionCommand","messageBody":"# Conflicts:\n#\tsrc/main/java/seedu/main/Main.java\n","fileTypesAndContributionMap":{}},{"hash":"647a6ba5cfd9b6cbbc60d5c8568dbbff46e8f275","isMergeCommit":false,"messageTitle":"Updated setRunning method to be static","messageBody":"","fileTypesAndContributionMap":{"functional-code":{"insertions":1,"deletions":1}}},{"hash":"36ab9bc26b8d3f9b693fc50f13d8fe3235bcc251","isMergeCommit":false,"messageTitle":"Fixed styling issues","messageBody":"","fileTypesAndContributionMap":{"functional-code":{"insertions":13,"deletions":4}}},{"hash":"4bf0d160d1b1c18525d0803817780269de63118c","isMergeCommit":false,"messageTitle":"Removed print statement in AddIncomeCommand","messageBody":"","fileTypesAndContributionMap":{"functional-code":{"insertions":0,"deletions":1}}},{"hash":"1f8518bd8a360d962684b58bb94e23532adcdcaa","isMergeCommit":true,"messageTitle":"Merge pull request #57 from Oshen27/master","messageBody":"Updated AddTransactionCommand and related classes","fileTypesAndContributionMap":{}},{"hash":"3b6ca6f207a4c5a1602226b7a67670142c465b8e","isMergeCommit":false,"messageTitle":"Updating command guide for AddIncomeCommand and AddExpenseCommand","messageBody":"","fileTypesAndContributionMap":{"functional-code":{"insertions":2,"deletions":2}}},{"hash":"a6b1a2cf4fe7d531a3196c820c0417ca918ca8fe","isMergeCommit":false,"messageTitle":"Update command guide for AddIncomeCommand and AddExpenseCommand","messageBody":"","fileTypesAndContributionMap":{"functional-code":{"insertions":2,"deletions":2}}},{"hash":"8bbf13e68a079a27f427221db8d2f1ead9de9d68","isMergeCommit":false,"messageTitle":"Implement DeleteTransactionCommand","messageBody":"","fileTypesAndContributionMap":{"functional-code":{"insertions":70,"deletions":0}}},{"hash":"b3d241540edf779ecbb86594000e9778b06f2c15","isMergeCommit":false,"messageTitle":"Implement ViewTotalCommand","messageBody":"","fileTypesAndContributionMap":{"functional-code":{"insertions":88,"deletions":0}}},{"hash":"5bd5e010b8c88089d75861ce5d689c27fcdfa1be","isMergeCommit":false,"messageTitle":"Remove exception throw for execute function in DeleteTransactionCommand","messageBody":"","fileTypesAndContributionMap":{"functional-code":{"insertions":1,"deletions":1}}},{"hash":"24e04015e09106c5f4d2321dc015a30c40620cb0","isMergeCommit":false,"messageTitle":"Update DeleteTransactionCommand class to use static string variable for error message","messageBody":"","fileTypesAndContributionMap":{"functional-code":{"insertions":5,"deletions":2}}},{"hash":"cc76730b66bd28ed92d95baec472f54cf3a09361","isMergeCommit":true,"messageTitle":"Merge commit \u00272e6ba5d6d9ffffbf617be2a9705280914008a33d\u0027","messageBody":"","fileTypesAndContributionMap":{}},{"hash":"ad9c5fea0bbcf488a2bc3990076bb3695b6ea73a","isMergeCommit":false,"messageTitle":"Update error handling in command classes","messageBody":"","fileTypesAndContributionMap":{"functional-code":{"insertions":25,"deletions":9}}}]},{"date":"2024-10-23","commitResults":[{"hash":"a088f0daf173c0ca36d628b63399cf7b0e364d88","isMergeCommit":false,"messageTitle":"Add JUnit tests for addIncomeCommand","messageBody":"","fileTypesAndContributionMap":{"functional-code":{"insertions":1,"deletions":1},"test-code":{"insertions":67,"deletions":0}}}]},{"date":"2024-10-25","commitResults":[{"hash":"d97f7b56adb193fb8f40ecb896776ebd417c7c34","isMergeCommit":false,"messageTitle":"Add JUnit test for AddExpenseCommand","messageBody":"","fileTypesAndContributionMap":{"functional-code":{"insertions":3,"deletions":3},"test-code":{"insertions":72,"deletions":0}}},{"hash":"064dd34a62813f287a6302bdf754a52d92360176","isMergeCommit":false,"messageTitle":"Add JUnit test for AddIncomeCommand","messageBody":"","fileTypesAndContributionMap":{"test-code":{"insertions":63,"deletions":6}}},{"hash":"4ad3be65a31d0cc0cf48e713e5b6b844f93771eb","isMergeCommit":false,"messageTitle":"Update tests to adhere to checkstyle","messageBody":"","fileTypesAndContributionMap":{"test-code":{"insertions":9,"deletions":10}}},{"hash":"3329049b4aecbad95a3ecc5ddb068b2ad7de1bc9","isMergeCommit":true,"messageTitle":"Merge pull request #90 from Oshen27/JUnit","messageBody":"Add JUnit tests for AddIncome, AddExpense and ViewTotal Commands","fileTypesAndContributionMap":{}}]},{"date":"2024-10-30","commitResults":[{"hash":"4aea00dc167359b87c9834e4c74af7d9f10d4d8e","isMergeCommit":false,"messageTitle":"Update DG with AddIncomeCommand section","messageBody":"","fileTypesAndContributionMap":{"functional-code":{"insertions":28,"deletions":0},"docs":{"insertions":104,"deletions":0}}},{"hash":"c2df90cf34bd8aa55eb9bcb14a84a4ed3a485ae1","isMergeCommit":true,"messageTitle":"Merge pull request #100 from Oshen27/DeveloperGuide","messageBody":"Update DG with AddIncomeCommand section","fileTypesAndContributionMap":{}},{"hash":"839e546096afd24996152bba175fdf06d472d932","isMergeCommit":false,"messageTitle":"Add BudgetTracker Class","messageBody":"","fileTypesAndContributionMap":{"functional-code":{"insertions":131,"deletions":25}}},{"hash":"202307079d4dec96a7e78e94601a37eecdc7319d","isMergeCommit":false,"messageTitle":"Add parseYearMonth Method into DateTimeUtils","messageBody":"","fileTypesAndContributionMap":{"functional-code":{"insertions":18,"deletions":1}}},{"hash":"94ef373ef9cfeb6fba102f25a406098541f9ce18","isMergeCommit":true,"messageTitle":"Merge commit \u0027c2df90cf34bd8aa55eb9bcb14a84a4ed3a485ae1\u0027 into BudgetTracker","messageBody":"","fileTypesAndContributionMap":{}},{"hash":"b5d7a1ff7537f496dc5b707a659caba292b546ec","isMergeCommit":false,"messageTitle":"Add AddBudgetCommand","messageBody":"","fileTypesAndContributionMap":{"functional-code":{"insertions":78,"deletions":4}}},{"hash":"93e22ac5bc0f41afcee3df2f9c0e35bb45458d20","isMergeCommit":false,"messageTitle":"Update Main to initialise BudgetTracker and register AddBudgetCommand","messageBody":"","fileTypesAndContributionMap":{"functional-code":{"insertions":8,"deletions":16}}},{"hash":"ebf9277d03eca03155b47ad1f411e64498689d16","isMergeCommit":false,"messageTitle":"Add AmountUtils class to parse amountStrings to double","messageBody":"","fileTypesAndContributionMap":{"functional-code":{"insertions":33,"deletions":1}}},{"hash":"36880c942f7624851f3a07924e5dc5ab1bc85264","isMergeCommit":false,"messageTitle":"Fix bugs and styling errors","messageBody":"","fileTypesAndContributionMap":{"functional-code":{"insertions":18,"deletions":16}}},{"hash":"7cc9b6fd4bc670724e01ae4fabbcb1fec0a34ff8","isMergeCommit":false,"messageTitle":"Fix checkstyle","messageBody":"","fileTypesAndContributionMap":{"functional-code":{"insertions":18,"deletions":4}}},{"hash":"9971dd1825d709209b6ab4df30500a496ca5037f","isMergeCommit":false,"messageTitle":"Fix more checkstyle issues","messageBody":"","fileTypesAndContributionMap":{"functional-code":{"insertions":3,"deletions":6},"test-code":{"insertions":4,"deletions":4}}},{"hash":"ef1596530cea2944d4d73fc47726921362994399","isMergeCommit":true,"messageTitle":"Merge pull request #109 from Oshen27/BudgetTracker","messageBody":"Budget tracker","fileTypesAndContributionMap":{}}]},{"date":"2024-11-01","commitResults":[{"hash":"1758766e476dbdd85e476c687c90f0f1989ad9a1","isMergeCommit":false,"messageTitle":"Add PPP","messageBody":"","fileTypesAndContributionMap":{"docs":{"insertions":34,"deletions":0}}},{"hash":"2e9339acc3d63f7332d67687fd35693115baac33","isMergeCommit":true,"messageTitle":"Merge pull request #111 from Oshen27/PPP","messageBody":"Add PPP","fileTypesAndContributionMap":{}}]},{"date":"2024-11-04","commitResults":[{"hash":"ee8b655f314014ae78e157ff3eb564036e23d47f","isMergeCommit":false,"messageTitle":"Update Messages and styling","messageBody":"","fileTypesAndContributionMap":{"functional-code":{"insertions":10,"deletions":1}}},{"hash":"19269b709e9eef2cc69e13c63303780bad729e60","isMergeCommit":false,"messageTitle":"Add TrackProgressCommand","messageBody":"","fileTypesAndContributionMap":{"functional-code":{"insertions":60,"deletions":1}}},{"hash":"380287989451f2871ce38ed5dc6758a3ab4319e7","isMergeCommit":false,"messageTitle":"Add junit tests for TrackProgressCommand","messageBody":"","fileTypesAndContributionMap":{"test-code":{"insertions":74,"deletions":0}}},{"hash":"5825a14004cfe8c87d6979a6561532ae68dd6b36","isMergeCommit":false,"messageTitle":"Update ErrorMessages","messageBody":"","fileTypesAndContributionMap":{"functional-code":{"insertions":3,"deletions":0}}},{"hash":"e9f0cf66a4f64a743f3e0edb8d6f5c6865e8638e","isMergeCommit":false,"messageTitle":"Update TrackProgressCommand","messageBody":"","fileTypesAndContributionMap":{"functional-code":{"insertions":4,"deletions":2}}},{"hash":"64e0dd3fe0fc79bce8170a9bd67a6dc4b2003188","isMergeCommit":false,"messageTitle":"Update Checkstyle","messageBody":"","fileTypesAndContributionMap":{"test-code":{"insertions":1,"deletions":1}}},{"hash":"090bcdf57ce9349c6c78a1bf1b60e3de6500cbc6","isMergeCommit":false,"messageTitle":"Update AddBudgetCommand for checkstyle","messageBody":"","fileTypesAndContributionMap":{"functional-code":{"insertions":16,"deletions":7}}},{"hash":"0f93f5ca3e779fa8f182409cb968cd55b30c93dd","isMergeCommit":false,"messageTitle":"Add junit tests for AddBudgetCommand and AmountUtils","messageBody":"","fileTypesAndContributionMap":{"functional-code":{"insertions":0,"deletions":1},"test-code":{"insertions":114,"deletions":0}}},{"hash":"386bbbd7d092af5906ffb5f0b0a91888e2eb67e2","isMergeCommit":false,"messageTitle":"Fix checkstyle","messageBody":"","fileTypesAndContributionMap":{"functional-code":{"insertions":2,"deletions":2},"test-code":{"insertions":4,"deletions":2}}},{"hash":"b80b21f74fae9043734fb514466e0db92fd93a28","isMergeCommit":false,"messageTitle":"Fix checkstyle","messageBody":"","fileTypesAndContributionMap":{"test-code":{"insertions":2,"deletions":1}}},{"hash":"c51150dcc1775000c6fe8e56077a881b25aa95c0","isMergeCommit":true,"messageTitle":"Merge pull request #119 from Oshen27/TrackProgressCommand","messageBody":"Track progress command","fileTypesAndContributionMap":{}}]},{"date":"2024-11-05","commitResults":[{"hash":"b98c298a10ebdcdac44e2c89b8ebf43537dae0e3","isMergeCommit":false,"messageTitle":"Refactor code to increase readability","messageBody":"","fileTypesAndContributionMap":{"functional-code":{"insertions":33,"deletions":17}}},{"hash":"1bd48f63a25b5120b6bc3f212827adaf9c07135b","isMergeCommit":false,"messageTitle":"Add category handling logic for adding expense","messageBody":"","fileTypesAndContributionMap":{"functional-code":{"insertions":61,"deletions":39}}},{"hash":"550c4424b72c83ed2e77aeb965de5257071bb6ba","isMergeCommit":false,"messageTitle":"Fix checkstyle","messageBody":"","fileTypesAndContributionMap":{"functional-code":{"insertions":1,"deletions":2}}},{"hash":"ade7d3ccc9299f67594c0ec4559baa1425365c58","isMergeCommit":false,"messageTitle":"Add follow up question for AddExpenseCommand","messageBody":"","fileTypesAndContributionMap":{"functional-code":{"insertions":2,"deletions":2},"test-code":{"insertions":25,"deletions":50}}},{"hash":"103039db162d690dfef52882e566a2c10f159cf4","isMergeCommit":false,"messageTitle":"Fix checkstyle","messageBody":"","fileTypesAndContributionMap":{"functional-code":{"insertions":3,"deletions":14},"test-code":{"insertions":7,"deletions":4}}},{"hash":"83245197589375a9a98eee57c78cf530cc1ddf31","isMergeCommit":true,"messageTitle":"Merge pull request #125 from Oshen27/Refactor","messageBody":"Refactor AddExenseCommand","fileTypesAndContributionMap":{}}]},{"date":"2024-11-07","commitResults":[{"hash":"d49185a695bcd19e0c8a2029a86225609761f958","isMergeCommit":false,"messageTitle":"Update UserGuide to include AddBudgetCommand","messageBody":"","fileTypesAndContributionMap":{"docs":{"insertions":36,"deletions":17}}},{"hash":"cbbe0ba408ca079a398d963848edd645ee9bfe41","isMergeCommit":true,"messageTitle":"Merge commit \u00273d3f97483d511af3315d49b97ea719470dc54dd8\u0027 into UserGuide","messageBody":"","fileTypesAndContributionMap":{}},{"hash":"6ca076e92eaf5f6b51bd4c66e3b0dcaebf696490","isMergeCommit":true,"messageTitle":"Merge pull request #147 from Oshen27/UserGuide","messageBody":"Update User guide","fileTypesAndContributionMap":{}},{"hash":"6b84483a10cbd49ac043f64880a123f7b68ee78a","isMergeCommit":false,"messageTitle":"Update AddIncomeCommand Class Diagram","messageBody":"","fileTypesAndContributionMap":{"docs":{"insertions":18,"deletions":2}}},{"hash":"6f67bf64eddd24671463fc1c1f50a482beac2024","isMergeCommit":true,"messageTitle":"Merge pull request #153 from Oshen27/DeveloperGuide","messageBody":"Update AddIncomeCommand Class Diagram","fileTypesAndContributionMap":{}}]}],"YukeeHong":[{"date":"2024-10-02","commitResults":[{"hash":"e650c9f0f97e39c8c05224b499bc53b06f12d758","isMergeCommit":false,"messageTitle":"aboutus","messageBody":"","fileTypesAndContributionMap":{"docs":{"insertions":3,"deletions":7}}},{"hash":"8234f9889d961eae6c1e00394d314015ad602508","isMergeCommit":true,"messageTitle":"Merge pull request #23 from YukeeHong/zhaiyihong-AboutUs","messageBody":"aboutus","fileTypesAndContributionMap":{}}]},{"date":"2024-10-06","commitResults":[{"hash":"bb7855a483c3a404b39d90a34816f8f3837b3678","isMergeCommit":false,"messageTitle":"version-1","messageBody":"","fileTypesAndContributionMap":{"functional-code":{"insertions":228,"deletions":0}}}]},{"date":"2024-10-09","commitResults":[{"hash":"392a1fbce1f760236c968b3edfca0f4b8d3b81e7","isMergeCommit":false,"messageTitle":"style","messageBody":"","fileTypesAndContributionMap":{"functional-code":{"insertions":54,"deletions":53}}}]},{"date":"2024-10-10","commitResults":[{"hash":"8dc0bc93dbc5c2d99fc7c520e23d9ef7731bc937","isMergeCommit":false,"messageTitle":"style","messageBody":"","fileTypesAndContributionMap":{"functional-code":{"insertions":6,"deletions":6}}},{"hash":"de3e69cc32cab4b08e8f4419342bf512fb0cf535","isMergeCommit":true,"messageTitle":"Merge pull request #32 from YukeeHong/master","messageBody":"Add category and category list class","fileTypesAndContributionMap":{}}]},{"date":"2024-10-11","commitResults":[{"hash":"dc6b39f928691a42034dfba35b12189801427a9b","isMergeCommit":false,"messageTitle":"Add category class and category list class","messageBody":"","fileTypesAndContributionMap":{"functional-code":{"insertions":7,"deletions":4},"test-code":{"insertions":150,"deletions":0}}},{"hash":"e732dae50f58e518f0c62e9360da7af8f3fd6a69","isMergeCommit":false,"messageTitle":"Add JUnitTest of category class and category list class","messageBody":"","fileTypesAndContributionMap":{"test-code":{"insertions":17,"deletions":10}}},{"hash":"1622e97740b6b26f8a6c472bccacad0046bdc550","isMergeCommit":false,"messageTitle":"Add JUnitTest of category class and category list class(Latest)","messageBody":"","fileTypesAndContributionMap":{"test-code":{"insertions":4,"deletions":1}}},{"hash":"dcc84fca263027cfe4298bfa341acfe05ca31838","isMergeCommit":true,"messageTitle":"Merge pull request #34 from YukeeHong/A-JUnit","messageBody":"A-JunitTest of Category and Transaction related classes","fileTypesAndContributionMap":{}}]},{"date":"2024-10-27","commitResults":[{"hash":"84a322a7828e8212f74f59b015f40a62c27b0d9d","isMergeCommit":true,"messageTitle":"Merge pull request #1 from AY2425S1-CS2113-W10-4/master","messageBody":"OthersCode","fileTypesAndContributionMap":{}},{"hash":"e58e86ed978827d3728b8755fe7a1151c10c7b26","isMergeCommit":false,"messageTitle":"UpdateCategoryUpdateCommand","messageBody":"","fileTypesAndContributionMap":{"functional-code":{"insertions":150,"deletions":1}}},{"hash":"12a4afd9a8b47d634ca9e60f77a200ee9b22ff7b","isMergeCommit":false,"messageTitle":"UpdateCategoryUpdateCommand——checkstylechange","messageBody":"","fileTypesAndContributionMap":{"functional-code":{"insertions":1,"deletions":1}}},{"hash":"b3e769533eb81650227a08945a938576cea501df","isMergeCommit":false,"messageTitle":"UpdateCategoryUpdateCommand——checkstylechange","messageBody":"","fileTypesAndContributionMap":{"functional-code":{"insertions":37,"deletions":34}}},{"hash":"46c344a815638b334d663bd3a848d66dfb9f9fc2","isMergeCommit":true,"messageTitle":"Merge pull request #94 from YukeeHong/master","messageBody":"Refractor welcome message and Update a spending category","fileTypesAndContributionMap":{}}]},{"date":"2024-10-29","commitResults":[{"hash":"a36d37bc37eecf334f81534924315b632837c044","isMergeCommit":false,"messageTitle":"UpdateCategoryUpdateCommand——checkstylechange","messageBody":"","fileTypesAndContributionMap":{"docs":{"insertions":89,"deletions":0}}},{"hash":"cc3d4e50f3f47f401b398b3f7cff4a975c9efd4f","isMergeCommit":true,"messageTitle":"Merge pull request #97 from YukeeHong/DG_yihong","messageBody":"AddDGofCategory","fileTypesAndContributionMap":{}}]},{"date":"2024-11-01","commitResults":[{"hash":"7a27383adf7acd1b8221bd810953bf178c04560a","isMergeCommit":false,"messageTitle":"Create YukeeHong.md","messageBody":"","fileTypesAndContributionMap":{"docs":{"insertions":31,"deletions":0}}},{"hash":"b9221b7c01452262b743ac45c0f36f4988a8f57d","isMergeCommit":true,"messageTitle":"Merge pull request #112 from YukeeHong/ppp-yihong","messageBody":"Create YukeeHong.md","fileTypesAndContributionMap":{}}]},{"date":"2024-11-07","commitResults":[{"hash":"d74fb80e218a3f3a41257fb26b54e8e7360eca25","isMergeCommit":false,"messageTitle":"add test for AddExpenseCommand, UpdateCategoryCommand, KeywordsSearchCommand, DeleteTransactionCommand, AddCategoryCommand, LocalDateTimeAdapter","messageBody":"","fileTypesAndContributionMap":{"functional-code":{"insertions":11,"deletions":0},"test-code":{"insertions":828,"deletions":31}}},{"hash":"dd0d5b43cccab442e247e84012b92e6046ebe724","isMergeCommit":false,"messageTitle":"add test for AddExpenseCommand, UpdateCategoryCommand, KeywordsSearchCommand, DeleteTransactionCommand, AddCategoryCommand, LocalDateTimeAdapter","messageBody":"","fileTypesAndContributionMap":{"other":{"insertions":1,"deletions":1},"test-code":{"insertions":4,"deletions":4}}},{"hash":"5c09728651ec317081acaba7c1995f69b80501bf","isMergeCommit":false,"messageTitle":"checkstyle","messageBody":"","fileTypesAndContributionMap":{"test-code":{"insertions":1,"deletions":1}}},{"hash":"067725a21100bea291fe7789626fc6d7b4ff6a1b","isMergeCommit":false,"messageTitle":"checkstyle","messageBody":"","fileTypesAndContributionMap":{"functional-code":{"insertions":1,"deletions":1}}},{"hash":"c2f7a21cd751710515788b57a816f51955853cb8","isMergeCommit":false,"messageTitle":"checkstyle","messageBody":"","fileTypesAndContributionMap":{"other":{"insertions":4,"deletions":1}}},{"hash":"d15551ade8eef509979f24e4bf3f40586ad81f4e","isMergeCommit":false,"messageTitle":"test.sh","messageBody":"","fileTypesAndContributionMap":{"functional-code":{"insertions":1,"deletions":5}}},{"hash":"0615d6d30100a30682b562a4227fed2c717cce56","isMergeCommit":true,"messageTitle":"Merge branch \u0027master\u0027 into add_test","messageBody":"","fileTypesAndContributionMap":{}},{"hash":"a429cabe807af3c40bc0d57e00bb969a2527b0c8","isMergeCommit":false,"messageTitle":"test.sh update","messageBody":"","fileTypesAndContributionMap":{"other":{"insertions":7,"deletions":1}}},{"hash":"225f605a201f750dc2f0a04166c0414e6f0b4217","isMergeCommit":false,"messageTitle":"add unused code","messageBody":"","fileTypesAndContributionMap":{"other":{"insertions":337,"deletions":0}}},{"hash":"8d4b0e8670c01767ee6c760ea1dd2ec94a036de4","isMergeCommit":true,"messageTitle":"Merge pull request #140 from YukeeHong/add_unused_code","messageBody":"add unused code","fileTypesAndContributionMap":{}},{"hash":"1106fb1df59b9c214ab58c1f7e8ba3fb94d4df07","isMergeCommit":false,"messageTitle":"add user guide for track command","messageBody":"","fileTypesAndContributionMap":{"docs":{"insertions":12,"deletions":1}}},{"hash":"5b951b69b400d4f184ac9b0968a48c4d90a911fa","isMergeCommit":true,"messageTitle":"Merge pull request #141 from YukeeHong/update_userguide","messageBody":"add user guide for track command","fileTypesAndContributionMap":{}}]}],"Gao327":[{"date":"2024-10-02","commitResults":[{"hash":"8dcbb3c25dde4998408b3366db78d41945a9df12","isMergeCommit":false,"messageTitle":"Update AboutUs doc","messageBody":"","fileTypesAndContributionMap":{"docs":{"insertions":6,"deletions":5}}},{"hash":"214c227b6fb035e574d5a56d794ce16a71042f7d","isMergeCommit":true,"messageTitle":"Merge pull request #25 from Gao327/AboutUs","messageBody":"Update AboutUs doc","fileTypesAndContributionMap":{}}]},{"date":"2024-10-11","commitResults":[{"hash":"1fe78c4735304d8eb2d82845879a7cc6ca250942","isMergeCommit":false,"messageTitle":"Refactor Category, CategoryList, Transaction, TransactionList to a different address and create AddCategoryCommand class","messageBody":"","fileTypesAndContributionMap":{"functional-code":{"insertions":51,"deletions":0},"other":{"insertions":33,"deletions":19}}}]},{"date":"2024-10-12","commitResults":[{"hash":"cbffefc1d2b8b4dc2577eac82911337382766d92","isMergeCommit":false,"messageTitle":"Modify AddCategoryCommand class and related parts","messageBody":"","fileTypesAndContributionMap":{"functional-code":{"insertions":67,"deletions":80}}},{"hash":"ed6d99b6eec03c8a79f1627cfc382ad0703f1695","isMergeCommit":true,"messageTitle":"Merge pull request #1 from DanLinhHuynh-Niwashi/Gao327-branch-v1.0-GYN","messageBody":"","fileTypesAndContributionMap":{}},{"hash":"4279b1a560177ffef42f675499f66d9d33173485","isMergeCommit":true,"messageTitle":"Merge pull request #35 from Gao327/branch-v1.0-GYN","messageBody":"","fileTypesAndContributionMap":{}}]},{"date":"2024-10-13","commitResults":[{"hash":"36bce7f4232792cd64482a430e06ca02dfafaafd","isMergeCommit":false,"messageTitle":"Add DeleteCategoryCommand and modified CategoryList to be Singleton","messageBody":"","fileTypesAndContributionMap":{"functional-code":{"insertions":73,"deletions":1}}},{"hash":"c6c0b92dd69cc9dddb84759a72b50e464a5baaa2","isMergeCommit":true,"messageTitle":"Merge branch \u0027branch-v1.0-GYN\u0027","messageBody":"# Conflicts:\n#\tsrc/main/java/seedu/main/Main.java\n\nSolve Merge Conflicts\n","fileTypesAndContributionMap":{}},{"hash":"ed4c23af9a001a5f7b912f6f29ee4d7e3cfb74a9","isMergeCommit":false,"messageTitle":"Correct code style","messageBody":"","fileTypesAndContributionMap":{"functional-code":{"insertions":6,"deletions":1}}},{"hash":"8a6576fd802a6aa360b3e5bdcf86a65784e44203","isMergeCommit":false,"messageTitle":"Correct code style","messageBody":"","fileTypesAndContributionMap":{"functional-code":{"insertions":0,"deletions":1}}},{"hash":"ab69446e5072eaf63afe51fdfab46208c0a39373","isMergeCommit":false,"messageTitle":"Correct code style","messageBody":"","fileTypesAndContributionMap":{"functional-code":{"insertions":0,"deletions":4}}},{"hash":"d44aebdc2f229867850c678988b0cfb0a39819da","isMergeCommit":true,"messageTitle":"Merge pull request #41 from Gao327/branch-v1.0-GYN","messageBody":"Branch v1.0 gyn","fileTypesAndContributionMap":{}}]},{"date":"2024-10-14","commitResults":[{"hash":"b2990a225b0229c827cf6afabae4e37b65eb07c5","isMergeCommit":false,"messageTitle":"Add DeadAddTransactionCommand class containing codes for reference purpose only","messageBody":"","fileTypesAndContributionMap":{"functional-code":{"insertions":54,"deletions":0}}},{"hash":"c7d3381e39073826921df3ca8c3e2613ce75617a","isMergeCommit":false,"messageTitle":"Modify code style for DeadAddTransactionCommand","messageBody":"","fileTypesAndContributionMap":{"functional-code":{"insertions":2,"deletions":0}}},{"hash":"63d061fb22ffba0e68c7e191074f24558a678f22","isMergeCommit":true,"messageTitle":"Merge pull request #42 from Gao327/branch-v1.0-GYN","messageBody":"Branch v1.0 gyn","fileTypesAndContributionMap":{}},{"hash":"fa847d42ba5296d8ba9e04b5d83283c4906bba74","isMergeCommit":false,"messageTitle":"Add Child classes of Transaction: income and expense; Add methods in TransactionList class to list transactions filtered by date and by category","messageBody":"","fileTypesAndContributionMap":{"functional-code":{"insertions":108,"deletions":20},"test-code":{"insertions":2,"deletions":2}}},{"hash":"0212b97be91cec7ceb136f7863bf51112e3c6850","isMergeCommit":false,"messageTitle":"Modify code style and JUnitTest for transaction","messageBody":"","fileTypesAndContributionMap":{"functional-code":{"insertions":3,"deletions":2},"test-code":{"insertions":14,"deletions":34}}},{"hash":"8a0b3a214fa6a8d7b067066e66bb53bcb22a9dc5","isMergeCommit":false,"messageTitle":"Correct code style","messageBody":"","fileTypesAndContributionMap":{"test-code":{"insertions":18,"deletions":9}}},{"hash":"0119aa48b88b74efe472ecea281be6c32788b318","isMergeCommit":false,"messageTitle":"Modify code style","messageBody":"","fileTypesAndContributionMap":{"test-code":{"insertions":0,"deletions":1}}},{"hash":"b5244accb0430bab967e6f81936a354ca2f00236","isMergeCommit":true,"messageTitle":"Merge pull request #46 from Gao327/branch-v1.0-GYN","messageBody":"Branch v1.0 gyn","fileTypesAndContributionMap":{}}]},{"date":"2024-10-15","commitResults":[{"hash":"e80c77d8a79ebb82fb0d376e6ac7ffbd93a1e2d2","isMergeCommit":false,"messageTitle":"Add AddCategoryCommandTest JUnit test","messageBody":"","fileTypesAndContributionMap":{"test-code":{"insertions":30,"deletions":0}}},{"hash":"9ee094e38ab88790d4abf60be78bc225c7ebc143","isMergeCommit":false,"messageTitle":"Fix code style","messageBody":"","fileTypesAndContributionMap":{"test-code":{"insertions":2,"deletions":1}}},{"hash":"8c007c8ea958f4292258b6b1f71f93b3e0c58cc6","isMergeCommit":false,"messageTitle":"Fix code style","messageBody":"","fileTypesAndContributionMap":{"test-code":{"insertions":1,"deletions":1}}},{"hash":"cd92f8f8b74a58041c7a600b88fef778a824f7de","isMergeCommit":true,"messageTitle":"Merge pull request #67 from Gao327/Branch-Gao327-AddCategoryCommandTest","messageBody":"Branch gao327 add category command test","fileTypesAndContributionMap":{}},{"hash":"9aac9593ad6dcf16307c7beaf70d736ad932a811","isMergeCommit":false,"messageTitle":"Add DeleteCategoryCommandTest JUnit Test","messageBody":"","fileTypesAndContributionMap":{"test-code":{"insertions":47,"deletions":0}}},{"hash":"39abcf5717e74328906a088256e5b3b9f51ca93a","isMergeCommit":true,"messageTitle":"Merge pull request #68 from Gao327/Branch-Gao327-DeleteCategoryCommandTest","messageBody":"Add DeleteCategoryCommandTest JUnit Test","tags":["v1.0"],"fileTypesAndContributionMap":{}}]},{"date":"2024-10-20","commitResults":[{"hash":"95e740fbffb08b1798be288480de2c781f49432b","isMergeCommit":false,"messageTitle":"Add inverted index method for keywords search in TransactionList class","messageBody":"","fileTypesAndContributionMap":{"functional-code":{"insertions":47,"deletions":1}}}]},{"date":"2024-10-23","commitResults":[{"hash":"50afbc9917e91db4814b7214628973345a4d7c47","isMergeCommit":true,"messageTitle":"Merge pull request #83 from Gao327/Branch-Gao327-SearchTransactionsByKeywords","messageBody":"Branch gao327 search transactions by keywords","fileTypesAndContributionMap":{}},{"hash":"a1cdb4a6f13678c5381d671f135838020b9f29de","isMergeCommit":false,"messageTitle":"Create KeywordsSearchCommand class","messageBody":"","fileTypesAndContributionMap":{"functional-code":{"insertions":79,"deletions":0}}},{"hash":"14fffffcbd4902bd2b4359215080c3910856d72b","isMergeCommit":true,"messageTitle":"Merge branch \u0027master\u0027 into Branch-Gao327-SearchTransactionsByKeywords","messageBody":"","fileTypesAndContributionMap":{}},{"hash":"8a0b00bd0c9843aa5e97fb11ba8db5c70dd5d166","isMergeCommit":true,"messageTitle":"Merge pull request #85 from Gao327/Branch-Gao327-SearchTransactionsByKeywords","messageBody":"Create KeywordsSearchCommand class","fileTypesAndContributionMap":{}},{"hash":"b8515e163593503bbc40befc9eba1ef78bd974f8","isMergeCommit":false,"messageTitle":"Convert JUnitTest class to inactive","messageBody":"","fileTypesAndContributionMap":{"test-code":{"insertions":2,"deletions":0}}},{"hash":"9c3dda29770f76c844dde9ad1e5a190c81b58219","isMergeCommit":true,"messageTitle":"Merge branch \u0027Branch-Gao327-SearchTransactionsByKeywords\u0027 of https://github.com/Gao327/tp into Branch-Gao327-SearchTransactionsByKeywords","messageBody":"","fileTypesAndContributionMap":{}},{"hash":"c619199dca08758ffe6202a44ad477a3fa27f601","isMergeCommit":false,"messageTitle":"Fix code style","messageBody":"","fileTypesAndContributionMap":{"test-code":{"insertions":1,"deletions":1}}},{"hash":"f377e317bda9ae09342cbcfd448d76adcf682b8d","isMergeCommit":true,"messageTitle":"Merge pull request #86 from Gao327/Branch-Gao327-SearchTransactionsByKeywords","messageBody":"Branch gao327 search transactions by keywords","fileTypesAndContributionMap":{}},{"hash":"12cb469fda5adac38ae0e4de7eb734fc101b9e3d","isMergeCommit":false,"messageTitle":"Create Storage class under datastorage package responsible for saving data in JSON and loading","messageBody":"","fileTypesAndContributionMap":{"functional-code":{"insertions":15,"deletions":0},"other":{"insertions":2,"deletions":0}}}]},{"date":"2024-10-26","commitResults":[{"hash":"25f8530227b04f88ce74f790ccdfb069b87154ae","isMergeCommit":false,"messageTitle":"Modify classes to be compatible with the JSON saving and loading, with minor bugs still exist at the stage","messageBody":"","fileTypesAndContributionMap":{"functional-code":{"insertions":297,"deletions":29},"test-code":{"insertions":1,"deletions":0}}},{"hash":"63a4d4c3e852e98e0928c3fb82e972faa78ac040","isMergeCommit":false,"messageTitle":"Modify getDate() method in transactions class for it to support different data time format","messageBody":"","fileTypesAndContributionMap":{"functional-code":{"insertions":18,"deletions":1}}},{"hash":"591d68a1d5235d7d49e8d907fdf2930bbee50cda","isMergeCommit":false,"messageTitle":"Fix code style","messageBody":"","fileTypesAndContributionMap":{"functional-code":{"insertions":0,"deletions":5},"test-code":{"insertions":1,"deletions":0}}},{"hash":"9c3db33241016c2b7c7d535799eb2247f4a6c0c3","isMergeCommit":false,"messageTitle":"Modify implementation and debug","messageBody":"","fileTypesAndContributionMap":{"functional-code":{"insertions":3,"deletions":3},"test-code":{"insertions":17,"deletions":1}}},{"hash":"94350a31dd8d06d4d6fa944cd104638d7b21a538","isMergeCommit":false,"messageTitle":"Modify ViewCategoryCommandTest to be compatible with save and load","messageBody":"","fileTypesAndContributionMap":{"test-code":{"insertions":1,"deletions":0}}},{"hash":"90d9e4692f062e9aedf0d559c14b40909368069d","isMergeCommit":false,"messageTitle":"Fix code style","messageBody":"","fileTypesAndContributionMap":{"functional-code":{"insertions":1,"deletions":1},"test-code":{"insertions":1,"deletions":1}}},{"hash":"36c280156c39af11d0c776f37574b9ad175c0fe4","isMergeCommit":false,"messageTitle":"Fix code style","messageBody":"","fileTypesAndContributionMap":{"test-code":{"insertions":6,"deletions":9}}}]},{"date":"2024-10-27","commitResults":[{"hash":"81bb70d1814e613dd731062fc23af2e4643b398b","isMergeCommit":true,"messageTitle":"Merge pull request #2 from DanLinhHuynh-Niwashi/Gao327-Branch-Gao327-SaveAndLoad","messageBody":"Gao327 branch gao327 save and load","fileTypesAndContributionMap":{}},{"hash":"30eec75cd04645a0faca5fd58160ef33405a1d3e","isMergeCommit":true,"messageTitle":"Merge pull request #91 from Gao327/Branch-Gao327-SaveAndLoad","messageBody":"Branch gao327 save and load","fileTypesAndContributionMap":{}}]},{"date":"2024-10-29","commitResults":[{"hash":"e069465e902f81a70b06d440f581d5f328e921cc","isMergeCommit":false,"messageTitle":"Add TransactionList UML image","messageBody":"","fileTypesAndContributionMap":{"docs":{"insertions":50,"deletions":0}}},{"hash":"0f6707ab541dc37544c0489ff8db9d2138c6b0f5","isMergeCommit":true,"messageTitle":"Merge pull request #98 from Gao327/Branch-Gao327-DG","messageBody":"Add TransactionList UML image","fileTypesAndContributionMap":{}},{"hash":"4ebbedfbcf2dcdd097147e81eed8eba073d41723","isMergeCommit":false,"messageTitle":"Update DeveloperGuide for the part of TransactionList","messageBody":"","fileTypesAndContributionMap":{"docs":{"insertions":70,"deletions":48}}},{"hash":"31f180837aa0a4ae624fa0019456d053c6f2b48a","isMergeCommit":true,"messageTitle":"Merge pull request #99 from Gao327/Branch-Gao327-DG","messageBody":"Update DeveloperGuide for the part of TransactionList","fileTypesAndContributionMap":{}}]},{"date":"2024-11-01","commitResults":[{"hash":"8f5d398f2820a840341c2419cc3df5a650c8248b","isMergeCommit":false,"messageTitle":"Update Project Portfolio Page for Gao327","messageBody":"","fileTypesAndContributionMap":{"docs":{"insertions":32,"deletions":0}}},{"hash":"9235f446b2f14424a603d890d2739a61cbaf59dd","isMergeCommit":true,"messageTitle":"Merge pull request #110 from Gao327/Branch\u003dGao327-ProjectPortfolioPage","messageBody":"Update Project Portfolio Page for Gao327","fileTypesAndContributionMap":{}}]},{"date":"2024-11-04","commitResults":[{"hash":"e6fe3999ab9ecd2a3c059173d7e200c0f8cad9b5","isMergeCommit":false,"messageTitle":"Update transactionList Class Diagram","messageBody":"","fileTypesAndContributionMap":{"functional-code":{"insertions":24,"deletions":0},"docs":{"insertions":50,"deletions":12}}},{"hash":"064c54e5a43083d703621b7b2e63d8d576b664fb","isMergeCommit":true,"messageTitle":"Merge pull request #115 from Gao327/Branch-Gao327-DG","messageBody":"Update transactionList Class Diagram","fileTypesAndContributionMap":{}},{"hash":"6b61365eeb8de11ce71fa4693d23e2af6e506ac8","isMergeCommit":false,"messageTitle":"Update DeveloperGuide and remove the wrong sequence diagram for TransactionList","messageBody":"","fileTypesAndContributionMap":{"docs":{"insertions":1,"deletions":1}}},{"hash":"92bb5acb746f2260abe2c40d506d2c6e15ccfc28","isMergeCommit":false,"messageTitle":"Update DeveloperGuide","messageBody":"","fileTypesAndContributionMap":{"docs":{"insertions":0,"deletions":1}}},{"hash":"6224a7959e2ee6673e0e23604ed313876842264b","isMergeCommit":true,"messageTitle":"Merge branch \u0027AY2425S1-CS2113-W10-4:master\u0027 into Branch-Gao327-DG","messageBody":"","fileTypesAndContributionMap":{}},{"hash":"a8262a3c886b1271c3c28f02b4df8cf8eb06ebaa","isMergeCommit":true,"messageTitle":"Merge pull request #116 from Gao327/Branch-Gao327-DG","messageBody":"Update developerGuide","fileTypesAndContributionMap":{}},{"hash":"a7323fd3c90f1c1d82c9a2762ffc4290395ac0f8","isMergeCommit":false,"messageTitle":"Debug unresolvable anchor feature in UG links and add new section","messageBody":"","fileTypesAndContributionMap":{"docs":{"insertions":29,"deletions":15}}},{"hash":"a1cd2377c7fea935cb98ac6e344481c3cd673b6d","isMergeCommit":true,"messageTitle":"Merge pull request #118 from Gao327/Branch-Gao327-04112024","messageBody":"Debug unresolvable anchor feature in UG links and add new section","fileTypesAndContributionMap":{}},{"hash":"35e826aaca2ef20ec4910cd12af043f61528431f","isMergeCommit":false,"messageTitle":"Add TransactionListTest and debug TransactionList class","messageBody":"","fileTypesAndContributionMap":{"functional-code":{"insertions":1,"deletions":1},"test-code":{"insertions":107,"deletions":0}}},{"hash":"d334774854e0d13270f8911437b9c5ba6ed6f439","isMergeCommit":false,"messageTitle":"Fix code style","messageBody":"","fileTypesAndContributionMap":{"test-code":{"insertions":4,"deletions":3}}},{"hash":"991f6afc44b54d0b589ddd099504534bc4a0fa75","isMergeCommit":true,"messageTitle":"Merge pull request #120 from Gao327/Branch-Gao327-04112024","messageBody":"Add TransactionListTest and debug TransactionList class","fileTypesAndContributionMap":{}},{"hash":"8927680cc8ea13336a7166118ecc141a631a105c","isMergeCommit":false,"messageTitle":"Update TransactionListTest","messageBody":"","fileTypesAndContributionMap":{"test-code":{"insertions":21,"deletions":0}}},{"hash":"240196a6b426eebcae1b8c766f4cc88364a5b7e7","isMergeCommit":true,"messageTitle":"Merge pull request #121 from Gao327/Branch-Gao327-04112024","messageBody":"Update TransactionListTest","fileTypesAndContributionMap":{}}]},{"date":"2024-11-05","commitResults":[{"hash":"5bef295de71a9581b1073f2a6886176d9d4a07a2","isMergeCommit":false,"messageTitle":"Modify RuntimeTypeAdapterFactory and create PolymorphicTypeAdapter to make the programme more object oriented","messageBody":"","fileTypesAndContributionMap":{"functional-code":{"insertions":132,"deletions":64}}},{"hash":"a355111b8c366da49e3e26aea9bb5d0ad2eb8d10","isMergeCommit":false,"messageTitle":"Add documentation for the classes","messageBody":"","fileTypesAndContributionMap":{"functional-code":{"insertions":191,"deletions":38}}},{"hash":"b45478edf7f95541c7ad5b067309587e6b665a6d","isMergeCommit":false,"messageTitle":"Add documentation to classes","messageBody":"","fileTypesAndContributionMap":{"functional-code":{"insertions":133,"deletions":11}}},{"hash":"faef3d8ec06281ee7b3a4ec8f890dddaf599ede8","isMergeCommit":true,"messageTitle":"Merge pull request #122 from Gao327/Branch-Gao327-05112024","messageBody":"Branch gao327 05112024","fileTypesAndContributionMap":{}}]},{"date":"2024-11-07","commitResults":[{"hash":"149fbbe2237f26c36c0fe7cfc1dc9b433b94e484","isMergeCommit":false,"messageTitle":"Update Storage class to support save and load of the Budget and modify other relevant classes to support this functionality","messageBody":"","fileTypesAndContributionMap":{"functional-code":{"insertions":130,"deletions":10}}},{"hash":"2b076af465bcfe5636c257f66dedb30492fdf38a","isMergeCommit":true,"messageTitle":"Merge branch \u0027Branch-Gao327-07112024\u0027","messageBody":"# Conflicts:\n#\tsrc/main/java/seedu/command/AddBudgetCommand.java\n#\tsrc/main/java/seedu/transaction/Transaction.java\n","fileTypesAndContributionMap":{}},{"hash":"b7bd2a8e27e854f3fbf1fedaa43094fbd6beb192","isMergeCommit":true,"messageTitle":"Merge pull request #129 from Gao327/Branch-Gao327-07112024","messageBody":"Update Storage class to support save and load of the Budget","fileTypesAndContributionMap":{}},{"hash":"e306ed98bd0f52756f8fdc67dcac3c8c46d8c1b6","isMergeCommit":false,"messageTitle":"Update main class to include assertion for BudgetTracker","messageBody":"","fileTypesAndContributionMap":{"functional-code":{"insertions":1,"deletions":0}}},{"hash":"03d6a41f3108ed5ea6a84a9b8ba3e0c702beb1f9","isMergeCommit":true,"messageTitle":"Merge pull request #132 from Gao327/Branch-Gao327-07112024","messageBody":"Update main class to include assertion for BudgetTracker","fileTypesAndContributionMap":{}},{"hash":"2d07604d21471b79aa7980690277aa38cb31579b","isMergeCommit":true,"messageTitle":"Merge pull request #138 from DanLinhHuynh-Niwashi/SystemTest-1","messageBody":"Change expected.txt","fileTypesAndContributionMap":{}},{"hash":"eb74b8dc250cabd1561d6586ca723752ab756f48","isMergeCommit":false,"messageTitle":"Create StorageTest JUnit Test","messageBody":"","fileTypesAndContributionMap":{"functional-code":{"insertions":10,"deletions":4},"test-code":{"insertions":96,"deletions":0}}},{"hash":"d846102d0da71a7ff33d1d3ebdf285c865346287","isMergeCommit":false,"messageTitle":"Fix Code Style","messageBody":"","fileTypesAndContributionMap":{"test-code":{"insertions":3,"deletions":2}}},{"hash":"3d3f97483d511af3315d49b97ea719470dc54dd8","isMergeCommit":true,"messageTitle":"Merge pull request #144 from Gao327/Branch-Gao327-07112024","messageBody":"Create StorageTest JUnit Test","fileTypesAndContributionMap":{}},{"hash":"7ed360d508962ce4d4747cc661e0a79f2382b0c7","isMergeCommit":false,"messageTitle":"Add directory to store unused code","messageBody":"","fileTypesAndContributionMap":{"other":{"insertions":6,"deletions":0},"test-code":{"insertions":1,"deletions":2}}},{"hash":"2154a2ff1e3fbc5bbbc5841973d41f621c461bb1","isMergeCommit":false,"messageTitle":"Remove LocalDateTimeAdapterTest from src","messageBody":"","fileTypesAndContributionMap":{"test-code":{"insertions":0,"deletions":158}}},{"hash":"90c7410eb968336d5dc6fb3989e89a4df1c08580","isMergeCommit":true,"messageTitle":"Merge branch \u0027Branch-Gao327-07112024\u0027","messageBody":"","fileTypesAndContributionMap":{}},{"hash":"1124911f8287673c2b099cef386e2e05ef42b523","isMergeCommit":true,"messageTitle":"Merge pull request #146 from Gao327/Branch-Gao327-07112024","messageBody":"Add unused code directory","fileTypesAndContributionMap":{}},{"hash":"0fff49ddbfd864fd90fd7560ef98c8d47a06ebe9","isMergeCommit":false,"messageTitle":"Update Main class to show monthly income and expense on UI","messageBody":"","fileTypesAndContributionMap":{"functional-code":{"insertions":32,"deletions":2}}},{"hash":"078e79b74e1b4cece2f8368e1c750fb634057143","isMergeCommit":true,"messageTitle":"Merge pull request #149 from Gao327/Branch-Gao327-07112024","messageBody":"Update Main class to show monthly income and expense on UI","fileTypesAndContributionMap":{}}]}],"DanLinhHuynh-Niwashi":[{"date":"2024-10-02","commitResults":[{"hash":"2d4bf4ad3fb54830ecf1c6d30ca257bec9d98f0f","isMergeCommit":false,"messageTitle":"Update about us","messageBody":"","fileTypesAndContributionMap":{"docs":{"insertions":3,"deletions":7}}},{"hash":"625a5dfb3c8a564481917163a3bde2c3ff45f74f","isMergeCommit":true,"messageTitle":"Merge branch \u0027master\u0027 of https://github.com/AY2425S1-CS2113-W10-4/tp into DanLinh-AboutUs","messageBody":"# Conflicts:\n#\tdocs/AboutUs.md\n","fileTypesAndContributionMap":{}},{"hash":"92b094f47b28b4e96df4c574e04cd08d812b3ea8","isMergeCommit":true,"messageTitle":"Merge pull request #22 from DanLinhHuynh-Niwashi/DanLinh-AboutUs","messageBody":"Update Linh\u0027s about us","fileTypesAndContributionMap":{}}]},{"date":"2024-10-06","commitResults":[{"hash":"362bc2c8264c5f10c1f3a0316d6cb8d16565a7a7","isMergeCommit":false,"messageTitle":"Add abstract command class","messageBody":"","fileTypesAndContributionMap":{"functional-code":{"insertions":51,"deletions":0}}},{"hash":"0a39f2155d0bb9c9cac61e85a59f36c3d8660c21","isMergeCommit":false,"messageTitle":"Add TestCommand class for unit testing","messageBody":"","fileTypesAndContributionMap":{"functional-code":{"insertions":43,"deletions":0}}},{"hash":"a0a61aeab3bf493460095bb081f79e4ede97c440","isMergeCommit":false,"messageTitle":"Add JUnit test for command class","messageBody":"","fileTypesAndContributionMap":{"test-code":{"insertions":60,"deletions":0}}},{"hash":"1c0bcb0cd392df809539be94002294c62ba0b39b","isMergeCommit":false,"messageTitle":"Adapt to code conventions","messageBody":"","fileTypesAndContributionMap":{"functional-code":{"insertions":0,"deletions":1},"test-code":{"insertions":3,"deletions":1}}},{"hash":"10a195913d3d19d414684769154fa444ce342bc5","isMergeCommit":true,"messageTitle":"Merge pull request #26 from DanLinhHuynh-Niwashi/CommandAbstract","messageBody":"Add Command abstract class","fileTypesAndContributionMap":{}}]},{"date":"2024-10-09","commitResults":[{"hash":"e9d0b53a7c3c224125bc39c2f895cbc6dc1565e4","isMergeCommit":false,"messageTitle":"Add parser to parse the input command","messageBody":"","fileTypesAndContributionMap":{"functional-code":{"insertions":146,"deletions":0},"test-code":{"insertions":74,"deletions":0}}},{"hash":"22147476558f4d8e724e8dd1539bc560a99ac22c","isMergeCommit":false,"messageTitle":"Add check valid argument list","messageBody":"","fileTypesAndContributionMap":{"functional-code":{"insertions":15,"deletions":0}}},{"hash":"3077df198782bb68e22c44836e16c738eefb2458","isMergeCommit":false,"messageTitle":"Adapt to test extracting arguments","messageBody":"","fileTypesAndContributionMap":{"functional-code":{"insertions":16,"deletions":1},"test-code":{"insertions":50,"deletions":2}}},{"hash":"5ed7f00b9621373a573c3971495924a4dd6a3c00","isMergeCommit":false,"messageTitle":"Fix code style for convention","messageBody":"","fileTypesAndContributionMap":{"test-code":{"insertions":1,"deletions":1}}},{"hash":"29339c264b4ec344b748d2cdad45bec63adbb0c1","isMergeCommit":false,"messageTitle":"Fix code style for convention","messageBody":"","fileTypesAndContributionMap":{"test-code":{"insertions":4,"deletions":2}}},{"hash":"bdf1f32d27b564f97536f1091f9e24d2012d903a","isMergeCommit":true,"messageTitle":"Merge pull request #28 from DanLinhHuynh-Niwashi/Parser","messageBody":"Add Parser to extract command arguments","fileTypesAndContributionMap":{}},{"hash":"c1ab77e772fde6351bbbf814c55fea2b8e47cb77","isMergeCommit":false,"messageTitle":"Add main class to run the program","messageBody":"","fileTypesAndContributionMap":{"functional-code":{"insertions":148,"deletions":0}}},{"hash":"acf8bdad8637eb65cb80b32e444ee80d8909dbcf","isMergeCommit":false,"messageTitle":"Turn Main scanner to public variable so that the commands can use","messageBody":"","fileTypesAndContributionMap":{"functional-code":{"insertions":2,"deletions":2}}},{"hash":"9d051a9bc74412ee7d67fcacd48769a1f2c17146","isMergeCommit":true,"messageTitle":"Merge pull request #29 from DanLinhHuynh-Niwashi/MainClass","messageBody":"Add main class to run the program","fileTypesAndContributionMap":{}},{"hash":"6775473e4ae2b50a5e660ec37138c40fdb017f5f","isMergeCommit":false,"messageTitle":"Add help command","messageBody":"","fileTypesAndContributionMap":{"functional-code":{"insertions":103,"deletions":1},"test-code":{"insertions":4,"deletions":0}}},{"hash":"d2546b2ce84c900a53bbe787ee2486f233a55b5b","isMergeCommit":false,"messageTitle":"Fix parser bug of parsing command keywords without trailing space","messageBody":"","fileTypesAndContributionMap":{"functional-code":{"insertions":1,"deletions":1}}},{"hash":"73ed4a1fb48398d8a8a1464205001c75d6b7c6c1","isMergeCommit":false,"messageTitle":"Register help command to run on Main","messageBody":"","fileTypesAndContributionMap":{"functional-code":{"insertions":8,"deletions":0}}},{"hash":"589461286cc05740f78f26969604e8ea3991274e","isMergeCommit":false,"messageTitle":"Add unit test for help command","messageBody":"","fileTypesAndContributionMap":{"test-code":{"insertions":82,"deletions":4}}},{"hash":"ae5dcf187d265e422e0c85d0777699029be317f4","isMergeCommit":true,"messageTitle":"Merge pull request #30 from DanLinhHuynh-Niwashi/HelpCommand","messageBody":"Add help command","fileTypesAndContributionMap":{}}]},{"date":"2024-10-12","commitResults":[{"hash":"086104d6ed64e20bd5edde891edfcd0dbe82d837","isMergeCommit":true,"messageTitle":"Merge branch \u0027branch-v1.0-GYN\u0027 of https://github.com/Gao327/tp into Gao327-branch-v1.0-GYN","messageBody":"# Conflicts:\n#\tsrc/main/java/Category.java\n#\tsrc/main/java/CategoryList.java\n#\tsrc/main/java/seedu/TransactionList.java\n","fileTypesAndContributionMap":{}},{"hash":"bbdb6bf937ed103105f2677e632a22b8b6d756c5","isMergeCommit":false,"messageTitle":"Move Transaction and Category classes to new packages","messageBody":"","fileTypesAndContributionMap":{"functional-code":{"insertions":13,"deletions":0},"other":{"insertions":16,"deletions":4},"test-code":{"insertions":5,"deletions":0}}},{"hash":"d06863527cb6950b5aa2dbb46df1f548c4832a64","isMergeCommit":false,"messageTitle":"Add View category command","messageBody":"","fileTypesAndContributionMap":{"functional-code":{"insertions":93,"deletions":0}}},{"hash":"af75db4fa15de0ce76b40f05af31e17aff3da69a","isMergeCommit":false,"messageTitle":"Add test for view category command","messageBody":"","fileTypesAndContributionMap":{"test-code":{"insertions":56,"deletions":0}}},{"hash":"77d6242199fe45166892830054a86ecef3c0bde2","isMergeCommit":false,"messageTitle":"Fix code style error","messageBody":"","fileTypesAndContributionMap":{"test-code":{"insertions":2,"deletions":1}}},{"hash":"495197abf97ec95be818e0a441b2cfa79df110be","isMergeCommit":false,"messageTitle":"Fix code style error","messageBody":"","fileTypesAndContributionMap":{"test-code":{"insertions":1,"deletions":1}}},{"hash":"1e796eefaa04c31cb0401505327238f0b8864218","isMergeCommit":true,"messageTitle":"Merge branch \u0027master\u0027 of https://github.com/AY2425S1-CS2113-W10-4/tp into ViewCategory","messageBody":"# Conflicts:\n#\tsrc/main/java/seedu/Main.java\n#\tsrc/main/java/seedu/category/Category.java\n#\tsrc/main/java/seedu/category/CategoryList.java\n#\tsrc/main/java/seedu/main/Main.java\n#\tsrc/main/java/seedu/transaction/Transaction.java\n#\tsrc/main/java/seedu/transaction/TransactionList.java\n","fileTypesAndContributionMap":{}},{"hash":"8cb749df723cb8464039287211b0f2152872fc2b","isMergeCommit":false,"messageTitle":"Update command guide","messageBody":"","fileTypesAndContributionMap":{"functional-code":{"insertions":1,"deletions":1}}},{"hash":"02714266398607e836c593fa3054e182f1609cf9","isMergeCommit":true,"messageTitle":"Merge pull request #36 from DanLinhHuynh-Niwashi/ViewCategory","messageBody":"Add view category command","fileTypesAndContributionMap":{}},{"hash":"4fe49ba869d3021df9801faa0914d2b52bac9218","isMergeCommit":false,"messageTitle":"Add utilities for datetime handling","messageBody":"","fileTypesAndContributionMap":{"functional-code":{"insertions":54,"deletions":0},"test-code":{"insertions":70,"deletions":0}}},{"hash":"f4216532292c55a664897ea9a1b3290444309ec4","isMergeCommit":true,"messageTitle":"Merge pull request #38 from DanLinhHuynh-Niwashi/DateTimeUtils","messageBody":"Add utilities for datetime handling","fileTypesAndContributionMap":{}}]},{"date":"2024-10-14","commitResults":[{"hash":"afba750489ee10001212f3c40cd0134c91439e21","isMergeCommit":false,"messageTitle":"Change variable names","messageBody":"","fileTypesAndContributionMap":{"functional-code":{"insertions":8,"deletions":8},"test-code":{"insertions":1,"deletions":1}}},{"hash":"fee8f6f1125a8baf1d4160c40b98272da7aef2a1","isMergeCommit":false,"messageTitle":"Make Income class public","messageBody":"","fileTypesAndContributionMap":{"functional-code":{"insertions":1,"deletions":1}}},{"hash":"8ce00b7abe009a1605e8cd96a75f70d584035698","isMergeCommit":false,"messageTitle":"Refactor return value from \u0027Expense\u0027 to \u0027Transaction\u0027","messageBody":"","fileTypesAndContributionMap":{"functional-code":{"insertions":1,"deletions":1}}},{"hash":"30176789fad178124603932cf027e64fab14781c","isMergeCommit":false,"messageTitle":"Add view expense command and test","messageBody":"","fileTypesAndContributionMap":{"functional-code":{"insertions":116,"deletions":0},"test-code":{"insertions":113,"deletions":0}}},{"hash":"e3b16fd3879e839568a84a6e2a04710d5e876cc5","isMergeCommit":false,"messageTitle":"Register command and add logger","messageBody":"","fileTypesAndContributionMap":{"functional-code":{"insertions":28,"deletions":16}}},{"hash":"478a59dcf539d07cb882848f7da916ea51706aae","isMergeCommit":false,"messageTitle":"Correct code style","messageBody":"","fileTypesAndContributionMap":{"test-code":{"insertions":5,"deletions":5}}},{"hash":"8bc3c71233d1522085ed49e61472343a5c9b10d7","isMergeCommit":true,"messageTitle":"Merge pull request #47 from DanLinhHuynh-Niwashi/ViewExpense","messageBody":"Add view expense command","fileTypesAndContributionMap":{}},{"hash":"eccb20e8d1aadc46ed4b5ec90b943508f885f334","isMergeCommit":false,"messageTitle":"Change exception type from RuntimeException to Exception","messageBody":"","fileTypesAndContributionMap":{"functional-code":{"insertions":2,"deletions":2}}},{"hash":"a15d2121e27364b84b62ff110871949e06cd65d5","isMergeCommit":false,"messageTitle":"Handle throw Exception","messageBody":"","fileTypesAndContributionMap":{"functional-code":{"insertions":3,"deletions":3},"test-code":{"insertions":7,"deletions":7}}},{"hash":"f892727ff4d0bb8bc7f505a542fe73f8e1061ca9","isMergeCommit":false,"messageTitle":"Add view expenses from date - to date","messageBody":"","fileTypesAndContributionMap":{"functional-code":{"insertions":35,"deletions":8},"test-code":{"insertions":93,"deletions":4}}},{"hash":"65333ff63541749baaabbdc6d0b428eb2681b4d0","isMergeCommit":true,"messageTitle":"Merge pull request #48 from DanLinhHuynh-Niwashi/ViewExpense","messageBody":"View expense","fileTypesAndContributionMap":{}},{"hash":"d08a3d93010ae6cc75fc5718966b0e9530e5576f","isMergeCommit":false,"messageTitle":"Modify JavaDoc","messageBody":"","fileTypesAndContributionMap":{"functional-code":{"insertions":3,"deletions":3}}},{"hash":"d93ddbeff9c531ffa4bc98c1a24031a9f018dd93","isMergeCommit":false,"messageTitle":"Add view income command","messageBody":"","fileTypesAndContributionMap":{"functional-code":{"insertions":137,"deletions":0},"test-code":{"insertions":182,"deletions":0}}},{"hash":"df899f202af29662967c1b1515956251b2ff8b56","isMergeCommit":false,"messageTitle":"Update guide","messageBody":"","fileTypesAndContributionMap":{"functional-code":{"insertions":1,"deletions":1}}},{"hash":"44c1b67d94dd48872154f5ed3ceae08e4c26fcf8","isMergeCommit":false,"messageTitle":"Register view income command","messageBody":"","fileTypesAndContributionMap":{"functional-code":{"insertions":7,"deletions":1}}},{"hash":"55c9828e9f41f3f2fe4c6ac324692d5de9ad0960","isMergeCommit":true,"messageTitle":"Merge pull request #49 from DanLinhHuynh-Niwashi/ViewIncome","messageBody":"View income","fileTypesAndContributionMap":{}}]},{"date":"2024-10-15","commitResults":[{"hash":"769c94e1962ffb6a962a5d6c1cf8f29fb8c0564d","isMergeCommit":false,"messageTitle":"Sort transactions by date","messageBody":"","fileTypesAndContributionMap":{"functional-code":{"insertions":24,"deletions":1},"test-code":{"insertions":4,"deletions":0}}},{"hash":"6c373cae6a7df50f5b93e1aa274500b3e9aed8ee","isMergeCommit":false,"messageTitle":"Add view history command","messageBody":"","fileTypesAndContributionMap":{"functional-code":{"insertions":137,"deletions":1},"test-code":{"insertions":193,"deletions":3}}},{"hash":"4bd90f26506600f1a1b0da0803bbe6b6277af4a8","isMergeCommit":false,"messageTitle":"Fix code style","messageBody":"","fileTypesAndContributionMap":{"functional-code":{"insertions":0,"deletions":1}}},{"hash":"f1a33365bcdf0fe60ebe783e09dcaa381b5d32ac","isMergeCommit":false,"messageTitle":"Fix code style","messageBody":"","fileTypesAndContributionMap":{"functional-code":{"insertions":0,"deletions":1}}},{"hash":"b45356a518dadb6ce26abb5b2e1adc2244917591","isMergeCommit":true,"messageTitle":"Merge pull request #50 from DanLinhHuynh-Niwashi/ViewHistory","messageBody":"View history","fileTypesAndContributionMap":{}},{"hash":"434539c5b79a619794e253d028b3e8ac4f1287e0","isMergeCommit":false,"messageTitle":"Add and register ByeCommand","messageBody":"","fileTypesAndContributionMap":{"functional-code":{"insertions":87,"deletions":13}}},{"hash":"87c57f73f209780833320350ca74e652788dfe3e","isMergeCommit":false,"messageTitle":"Change main class from Duke to Main","messageBody":"","fileTypesAndContributionMap":{"other":{"insertions":1,"deletions":1}}},{"hash":"6b9cda11fe560551c9e31ed1c2832c69a7835dd6","isMergeCommit":false,"messageTitle":"Add regression test","messageBody":"","fileTypesAndContributionMap":{"other":{"insertions":15,"deletions":1}}},{"hash":"d90468db1cb9d2f332db3fd1b22a7277a26d0982","isMergeCommit":false,"messageTitle":"Add log and assert","messageBody":"","fileTypesAndContributionMap":{"functional-code":{"insertions":32,"deletions":21}}},{"hash":"478450f19b7ff2f72ccc8a3fa226330fbe2b4c31","isMergeCommit":true,"messageTitle":"Merge branch \u0027master\u0027 into ByeCommand","messageBody":"","fileTypesAndContributionMap":{}},{"hash":"6588dfc2d7bd3e4d2f4ba9fdd05be783d342abdd","isMergeCommit":true,"messageTitle":"Merge branch \u0027master\u0027 of https://github.com/AY2425S1-CS2113-W10-4/tp into ByeCommand","messageBody":"# Conflicts:\n#\tsrc/main/java/seedu/main/Main.java\n","fileTypesAndContributionMap":{}},{"hash":"2c6506f87d66b9d73fa5af49c597a50337e03e46","isMergeCommit":true,"messageTitle":"Merge branch \u0027ByeCommand\u0027 of https://github.com/DanLinhHuynh-Niwashi/tp into ByeCommand","messageBody":"# Conflicts:\n#\tsrc/main/java/seedu/main/Main.java\n","fileTypesAndContributionMap":{}},{"hash":"47d6245a25e9fb71618bf72b19c863c0ba9cdab3","isMergeCommit":false,"messageTitle":"Fix code style","messageBody":"","fileTypesAndContributionMap":{"functional-code":{"insertions":2,"deletions":3}}},{"hash":"765e432c7abd20a381eeb73f047187d055f3694a","isMergeCommit":true,"messageTitle":"Merge pull request #52 from DanLinhHuynh-Niwashi/ByeCommand","messageBody":"Add and register ByeCommand","fileTypesAndContributionMap":{}},{"hash":"686483b23a7063be0f30e28d8b7b23daf51b9443","isMergeCommit":true,"messageTitle":"Merge pull request #53 from DanLinhHuynh-Niwashi/AssertAndTest","messageBody":"Assert and test","fileTypesAndContributionMap":{}},{"hash":"c008c3f3c53862df119aa629fcd56b90b89fa81f","isMergeCommit":false,"messageTitle":"Fix code style","messageBody":"","fileTypesAndContributionMap":{"functional-code":{"insertions":0,"deletions":1}}},{"hash":"f3e178f2d9906af59cfc3ef8ffc117cd947b0b66","isMergeCommit":true,"messageTitle":"Merge pull request #55 from DanLinhHuynh-Niwashi/AssertAndTest","messageBody":"Fix code style","fileTypesAndContributionMap":{}},{"hash":"a347040c4f8d664b89d64dbb81560c0951b865e9","isMergeCommit":false,"messageTitle":"Enable assertion","messageBody":"","fileTypesAndContributionMap":{"other":{"insertions":1,"deletions":0}}},{"hash":"fbb6efb3c1f231470f150f7aa93943fca71f445b","isMergeCommit":true,"messageTitle":"Merge branch \u0027master\u0027 of https://github.com/AY2425S1-CS2113-W10-4/tp into AssertAndTest","messageBody":"","fileTypesAndContributionMap":{}},{"hash":"1acc062658e447b5c92d191e504aa3617a70e5cc","isMergeCommit":true,"messageTitle":"Merge branch \u0027master\u0027 of https://github.com/AY2425S1-CS2113-W10-4/tp into AssertAndTest","messageBody":"","fileTypesAndContributionMap":{}},{"hash":"e5a0bfcbe9221fd936ec40cef6700563eb92c27e","isMergeCommit":false,"messageTitle":"Handle Category not found and Duplicated category","messageBody":"","fileTypesAndContributionMap":{"functional-code":{"insertions":16,"deletions":5}}},{"hash":"722fe86eed6d1fc36a6cd08e2b124ba498d66f4b","isMergeCommit":false,"messageTitle":"Resolve null category exception","messageBody":"","fileTypesAndContributionMap":{"functional-code":{"insertions":1,"deletions":1}}},{"hash":"1a3f73f526df7c59437b3b4fde3a70f62aced840","isMergeCommit":false,"messageTitle":"Change printing to logging","messageBody":"","fileTypesAndContributionMap":{"functional-code":{"insertions":5,"deletions":3}}},{"hash":"171919a9bff90d949789f08059c1a412a277b734","isMergeCommit":true,"messageTitle":"Merge pull request #64 from DanLinhHuynh-Niwashi/ExceptionHandle","messageBody":"Exception handle","fileTypesAndContributionMap":{}},{"hash":"93c1be3b9948df409cc8e7b5c53ff4abc488e4ae","isMergeCommit":true,"messageTitle":"Merge pull request #62 from Oshen27/DeleteTransactionCommand","messageBody":"Delete transaction command","fileTypesAndContributionMap":{}},{"hash":"2e6ba5d6d9ffffbf617be2a9705280914008a33d","isMergeCommit":true,"messageTitle":"Merge pull request #63 from Oshen27/ViewTotalCommand","messageBody":"View total command","fileTypesAndContributionMap":{}},{"hash":"d912b076522c9a1ca38501203d4388546f9bab96","isMergeCommit":true,"messageTitle":"Merge pull request #65 from Oshen27/ErrorHandle","messageBody":"Error handle","fileTypesAndContributionMap":{}},{"hash":"d8040f8157a2aef2ce365de41858713b76395a72","isMergeCommit":false,"messageTitle":"Handle exception and change build gradle setting","messageBody":"","fileTypesAndContributionMap":{"functional-code":{"insertions":25,"deletions":22},"other":{"insertions":1,"deletions":1}}}]},{"date":"2024-10-16","commitResults":[{"hash":"621fc5a9f4bf8872dbbd79428b8a79b1df81a2bd","isMergeCommit":true,"messageTitle":"Merge pull request #69 from DanLinhHuynh-Niwashi/ExceptionHandle","messageBody":"Handle exception and change build gradle setting","fileTypesAndContributionMap":{}}]},{"date":"2024-10-19","commitResults":[{"hash":"95620a587721091fc3238d0494e980c927b985e5","isMergeCommit":false,"messageTitle":"Update UserGuide.md","messageBody":"","fileTypesAndContributionMap":{"docs":{"insertions":126,"deletions":32}}},{"hash":"ca44ff64a6f314be27b5d8660c2d21a369162b77","isMergeCommit":true,"messageTitle":"Merge pull request #71 from DanLinhHuynh-Niwashi/UserGuide","messageBody":"Update UserGuide.md","fileTypesAndContributionMap":{}}]},{"date":"2024-10-21","commitResults":[{"hash":"bb028f780f7d266fdbdc5cfe5d994133e0567981","isMergeCommit":false,"messageTitle":"Update parser to meet SRP","messageBody":"","fileTypesAndContributionMap":{"functional-code":{"insertions":20,"deletions":29},"test-code":{"insertions":26,"deletions":32}}},{"hash":"ae9344cbb3a2cb1e904de207f90d863ce2062170","isMergeCommit":false,"messageTitle":"Split setup commands into a separated function","messageBody":"","fileTypesAndContributionMap":{"functional-code":{"insertions":32,"deletions":38}}},{"hash":"1a42a58e2a94228cf74405c7526218bfe43af304","isMergeCommit":true,"messageTitle":"Merge pull request #81 from DanLinhHuynh-Niwashi/Parser","messageBody":"Enhance code quality","fileTypesAndContributionMap":{}},{"hash":"2c449ccc79a7187799358122280723334610e05d","isMergeCommit":false,"messageTitle":"Add Parser DG to DeveloperGuide.md","messageBody":"","fileTypesAndContributionMap":{"docs":{"insertions":51,"deletions":5}}},{"hash":"19388deda762062fb9c5b7e2398b266ef61b039e","isMergeCommit":false,"messageTitle":"Add diagrams for parser","messageBody":"","fileTypesAndContributionMap":{"docs":{"insertions":82,"deletions":0}}},{"hash":"8011cc536785c00a8dbae29fedfe320b5b4ec9d6","isMergeCommit":false,"messageTitle":"Update Parser sequence diagrams","messageBody":"","fileTypesAndContributionMap":{"docs":{"insertions":10,"deletions":4}}},{"hash":"0dd9a49795d2fa4881bb38ce313143a4cfcc4856","isMergeCommit":true,"messageTitle":"Merge pull request #82 from DanLinhHuynh-Niwashi/Parser-DeveloperGuide","messageBody":"Parser developer guide","fileTypesAndContributionMap":{}}]},{"date":"2024-10-25","commitResults":[{"hash":"cea6027936cf040da41737ae8a49d840466430cf","isMergeCommit":false,"messageTitle":"Split UI to another class","messageBody":"","fileTypesAndContributionMap":{"functional-code":{"insertions":103,"deletions":77}}},{"hash":"c0318d2baef24d2b57725c1395e83c66bc920eaa","isMergeCommit":true,"messageTitle":"Merge pull request #89 from DanLinhHuynh-Niwashi/UI","messageBody":"Split UI to another class","fileTypesAndContributionMap":{}}]},{"date":"2024-10-26","commitResults":[{"hash":"0882af2cb48b8d064f6e55774cd1405a71e34d29","isMergeCommit":false,"messageTitle":"Move storage interactions into Main and Command execution","messageBody":"","fileTypesAndContributionMap":{"functional-code":{"insertions":37,"deletions":23},"test-code":{"insertions":4,"deletions":18}}},{"hash":"65610d7c840ca9d30c9ba9b2c78c57292eca56eb","isMergeCommit":true,"messageTitle":"Merge branch \u0027Branch-Gao327-SaveAndLoad\u0027 of https://github.com/Gao327/tp into Gao327-Branch-Gao327-SaveAndLoad","messageBody":"# Conflicts:\n#\tsrc/test/java/seedu/command/HistoryCommandTest.java\n#\tsrc/test/java/seedu/command/ViewExpenseCommandTest.java\n#\tsrc/test/java/seedu/command/ViewIncomeCommandTest.java\n","fileTypesAndContributionMap":{}},{"hash":"e2a7aae5a1be9f57bbbc5909c9dd406cfe0818cc","isMergeCommit":false,"messageTitle":"Add datetime format check on adding transactions","messageBody":"","fileTypesAndContributionMap":{"functional-code":{"insertions":15,"deletions":2}}}]},{"date":"2024-10-29","commitResults":[{"hash":"45aafb251628db7ddba31caa217e1ae6ecade5e5","isMergeCommit":false,"messageTitle":"Add menu to UserGuide.md","messageBody":"","fileTypesAndContributionMap":{"docs":{"insertions":21,"deletions":0}}},{"hash":"62c337a8313ebe9c8df3487901ff257d8f316fb6","isMergeCommit":false,"messageTitle":"Create danlinhhuynh-niwashi.md","messageBody":"","fileTypesAndContributionMap":{"docs":{"insertions":31,"deletions":0}}},{"hash":"4381c122d228eea1bf86b3a636531646005b5b38","isMergeCommit":true,"messageTitle":"Merge pull request #95 from DanLinhHuynh-Niwashi/UserGuide","messageBody":"Add menu to UserGuide.md","fileTypesAndContributionMap":{}},{"hash":"4581cbc587822fd34fa19f339e52b1b48e6ca12f","isMergeCommit":true,"messageTitle":"Merge pull request #96 from DanLinhHuynh-Niwashi/PPP-DanLinh","messageBody":"Create danlinhhuynh-niwashi.md","fileTypesAndContributionMap":{}}]},{"date":"2024-11-03","commitResults":[{"hash":"91da1a1bc097f2754051f8000b55481be6ffc23f","isMergeCommit":false,"messageTitle":"Delete dead files","messageBody":"","fileTypesAndContributionMap":{"functional-code":{"insertions":0,"deletions":127},"test-code":{"insertions":0,"deletions":156}}},{"hash":"655cf1c853f7345409fe56dc5adacce584c6d7bb","isMergeCommit":false,"messageTitle":"Add message files","messageBody":"","fileTypesAndContributionMap":{"functional-code":{"insertions":76,"deletions":0}}},{"hash":"076c20abb00fa84d9ac0b922aa4cca9e0ef77fe4","isMergeCommit":false,"messageTitle":"Update test to go with new messages","messageBody":"","fileTypesAndContributionMap":{"test-code":{"insertions":262,"deletions":49}}},{"hash":"6f47e095872579168f25d7dc3bed8f435bc55c86","isMergeCommit":false,"messageTitle":"Update to go with new messages","messageBody":"","fileTypesAndContributionMap":{"functional-code":{"insertions":221,"deletions":178}}},{"hash":"43e1c8fb5c54d6f825cd617c2de422a6b537f9db","isMergeCommit":false,"messageTitle":"Format command to follow the parser format","messageBody":"","fileTypesAndContributionMap":{"functional-code":{"insertions":68,"deletions":45}}},{"hash":"2dcd4d322b2fd412d4e319dfda7126cd94dbffe3","isMergeCommit":false,"messageTitle":"Fix checkstyle","messageBody":"","fileTypesAndContributionMap":{"test-code":{"insertions":0,"deletions":6}}},{"hash":"067529d51621fb228ecb8acbaca6f7488d52d7c2","isMergeCommit":true,"messageTitle":"Merge pull request #113 from DanLinhHuynh-Niwashi/MessageUtil","messageBody":"Message util","fileTypesAndContributionMap":{}},{"hash":"a2cf503f3f4dd3e77701afad365e3e8db09b8eb2","isMergeCommit":false,"messageTitle":"Update diagram","messageBody":"","fileTypesAndContributionMap":{"docs":{"insertions":12,"deletions":5}}},{"hash":"3d1fda9ec4196486564a6adbd1b2ee7c07a0860d","isMergeCommit":false,"messageTitle":"Update DeveloperGuide.md","messageBody":"","fileTypesAndContributionMap":{"docs":{"insertions":30,"deletions":8}}},{"hash":"bee39a552316ee053e630eca0b51fa7dfbd4b3a5","isMergeCommit":true,"messageTitle":"Merge pull request #114 from DanLinhHuynh-Niwashi/Parser-DeveloperGuide","messageBody":"Parser developer guide","fileTypesAndContributionMap":{}},{"hash":"a7c8ed5c60dfa7a793a37faa2783ebac63380437","isMergeCommit":false,"messageTitle":"Update README.md","messageBody":"","fileTypesAndContributionMap":{"docs":{"insertions":2,"deletions":2}}}]},{"date":"2024-11-06","commitResults":[{"hash":"4b02a33a556de9b698e4d25ea46f84c82b095e10","isMergeCommit":true,"messageTitle":"Merge branch \u0027master\u0027 of https://github.com/AY2425S1-CS2113-W10-4/tp into Parser-DeveloperGuide","messageBody":"","fileTypesAndContributionMap":{}}]},{"date":"2024-11-07","commitResults":[{"hash":"c46c020704b9d0584fbff427f7734bf393d28f54","isMergeCommit":false,"messageTitle":"Add follow-up question for expense clean up","messageBody":"","fileTypesAndContributionMap":{"functional-code":{"insertions":101,"deletions":3},"test-code":{"insertions":132,"deletions":6}}},{"hash":"70d7afbb73ede7675fd993d02497607c72197375","isMergeCommit":false,"messageTitle":"Disable logging","messageBody":"","fileTypesAndContributionMap":{"functional-code":{"insertions":6,"deletions":1}}},{"hash":"bcf525ef286e1c563254667b78535488a966cb0d","isMergeCommit":false,"messageTitle":"Fix contrustor bug","messageBody":"","fileTypesAndContributionMap":{"functional-code":{"insertions":1,"deletions":1}}},{"hash":"1b5d54bea35b790bc73eeacb946cbf3088683b77","isMergeCommit":false,"messageTitle":"Fix checkstyle","messageBody":"","fileTypesAndContributionMap":{"test-code":{"insertions":6,"deletions":4}}},{"hash":"87b972f5e27d18b0ab8adcd6dcc549866f1947a9","isMergeCommit":true,"messageTitle":"Merge pull request #126 from DanLinhHuynh-Niwashi/DeleteCategory","messageBody":"Add follow-up question for expense clean up","fileTypesAndContributionMap":{}},{"hash":"183a7b59d62876b1f0c470f7a98a088cd06a7dec","isMergeCommit":true,"messageTitle":"Merge branch \u0027master\u0027 of https://github.com/AY2425S1-CS2113-W10-4/tp into SystemTest","messageBody":"","fileTypesAndContributionMap":{}},{"hash":"1b1908d4d41646415325d40c9b6cefdc27541893","isMergeCommit":false,"messageTitle":"Update author name","messageBody":"","fileTypesAndContributionMap":{"functional-code":{"insertions":7,"deletions":0}}},{"hash":"28c4d3f59cb49ffec584fe41d1905070cc16f05a","isMergeCommit":true,"messageTitle":"Merge pull request #128 from DanLinhHuynh-Niwashi/DeleteCategory","messageBody":"Update author name","fileTypesAndContributionMap":{}},{"hash":"3dfc269c4ff6fabb2c20f41eddf0c6ae4be41460","isMergeCommit":false,"messageTitle":"Change command guide","messageBody":"","fileTypesAndContributionMap":{"functional-code":{"insertions":1,"deletions":1}}},{"hash":"9cf7b2b855ac0c91f753afb16f4c8d804a5e8527","isMergeCommit":false,"messageTitle":"Update test","messageBody":"","fileTypesAndContributionMap":{"other":{"insertions":5,"deletions":0}}},{"hash":"4da04dad48f2782d0c8b6447bcb33b424841fdbb","isMergeCommit":false,"messageTitle":"Update test","messageBody":"","fileTypesAndContributionMap":{"other":{"insertions":0,"deletions":5}}},{"hash":"945c0fb02e934dc8997014839bffcf28584faa63","isMergeCommit":false,"messageTitle":"Change naming","messageBody":"","fileTypesAndContributionMap":{"test-code":{"insertions":2,"deletions":2}}},{"hash":"771478a6c65863322ccb190ab8afbd45f3c82a7f","isMergeCommit":true,"messageTitle":"Merge pull request #127 from DanLinhHuynh-Niwashi/SystemTest","messageBody":"Add system test","fileTypesAndContributionMap":{}},{"hash":"fcd3cb9f48a1e4fe4555cd3bdf2099d90e70fb86","isMergeCommit":false,"messageTitle":"Add some custom exception classes","messageBody":"","fileTypesAndContributionMap":{"functional-code":{"insertions":114,"deletions":31}}},{"hash":"c7a01a0234c68a25f954812ec3795fbb5609e213","isMergeCommit":true,"messageTitle":"Merge pull request #130 from DanLinhHuynh-Niwashi/CustomExceptions","messageBody":"Add some custom exception classes","fileTypesAndContributionMap":{}},{"hash":"bd6f972689a511e63c49da66c9605e37a1a85fe1","isMergeCommit":false,"messageTitle":"Update UserGuide.md","messageBody":"","fileTypesAndContributionMap":{"docs":{"insertions":20,"deletions":16}}},{"hash":"168cc7c0d820f6b970a5f0d34d9ab1de25ef947c","isMergeCommit":true,"messageTitle":"Merge pull request #131 from DanLinhHuynh-Niwashi/UserGuide-1","messageBody":"Update UserGuide.md","fileTypesAndContributionMap":{}},{"hash":"85f99d3dcbcf6c35758f9c5036fd15ba3aff57a9","isMergeCommit":true,"messageTitle":"Merge pull request #1 from AY2425S1-CS2113-W10-4/master","messageBody":"Merge master","fileTypesAndContributionMap":{}},{"hash":"dd05154f48b5df1d6411e92262d84e6aa81adc93","isMergeCommit":false,"messageTitle":"Update DeveloperGuide.md","messageBody":"","fileTypesAndContributionMap":{"docs":{"insertions":54,"deletions":43}}},{"hash":"dca59950516e4ef2f2f48432574b634f3cccf0bc","isMergeCommit":true,"messageTitle":"Merge pull request #134 from DanLinhHuynh-Niwashi/Parser-DeveloperGuide","messageBody":"Reformat developer guide","fileTypesAndContributionMap":{}},{"hash":"ec7df6e814e9536abafca3621a48f26feda90099","isMergeCommit":false,"messageTitle":"Fix format error","messageBody":"","fileTypesAndContributionMap":{"docs":{"insertions":10,"deletions":12}}},{"hash":"f8c5a5578132fb037cdb272c87fcfba397019cf0","isMergeCommit":false,"messageTitle":"Add base Command class guide","messageBody":"","fileTypesAndContributionMap":{"docs":{"insertions":107,"deletions":84}}},{"hash":"719700c439ba85c311e592d354fce7b19475cb8c","isMergeCommit":false,"messageTitle":"Update DeveloperGuide.md","messageBody":"","fileTypesAndContributionMap":{"docs":{"insertions":2,"deletions":2}}},{"hash":"c122b6f32473910a3e39748e9f3921290ac340ad","isMergeCommit":true,"messageTitle":"Merge pull request #135 from DanLinhHuynh-Niwashi/Parser-DeveloperGuide","messageBody":"Add Command developer guide","fileTypesAndContributionMap":{}},{"hash":"b2a084ac54b3245465fdb1657eb0aaf4b4e1da93","isMergeCommit":false,"messageTitle":"Add table of contents","messageBody":"","fileTypesAndContributionMap":{"docs":{"insertions":17,"deletions":2}}},{"hash":"82d81764350acd02b89a3d74433357167eb02e98","isMergeCommit":true,"messageTitle":"Merge pull request #136 from DanLinhHuynh-Niwashi/Parser-DeveloperGuide","messageBody":"Add table of contents","fileTypesAndContributionMap":{}},{"hash":"bd377c4a6bcd5f065cf7470bee39061b586979fb","isMergeCommit":false,"messageTitle":"Add glossary and test guide","messageBody":"","fileTypesAndContributionMap":{"docs":{"insertions":21,"deletions":5}}},{"hash":"9dd2a98f5dcd381729a3b15674d3c1eb535e6c25","isMergeCommit":true,"messageTitle":"Merge pull request #137 from DanLinhHuynh-Niwashi/Parser-DeveloperGuide","messageBody":"Add glossary and test guide","fileTypesAndContributionMap":{}},{"hash":"f88c4cd2477b42d70d8462b0a1a2f01c6b066af6","isMergeCommit":true,"messageTitle":"Merge pull request #133 from YukeeHong/add_test","messageBody":"Add tests with CI error","fileTypesAndContributionMap":{}},{"hash":"bc69ce49e3956d4354243f5d8e9d307eb403728b","isMergeCommit":false,"messageTitle":"Revert \"checkstyle\"","messageBody":"This reverts commit c2f7a21cd751710515788b57a816f51955853cb8.\n","fileTypesAndContributionMap":{"other":{"insertions":1,"deletions":4}}},{"hash":"900b22ded8f45c24abd4d43858c9542ad157b528","isMergeCommit":false,"messageTitle":"Update test file","messageBody":"","fileTypesAndContributionMap":{"other":{"insertions":1,"deletions":0}}},{"hash":"0696be98c5f5240d5f6911874771c927c55dc3e1","isMergeCommit":false,"messageTitle":"Add new static messages","messageBody":"","fileTypesAndContributionMap":{"functional-code":{"insertions":36,"deletions":11}}},{"hash":"c401df22785f9b277919f3e16d6f23ae00ebed29","isMergeCommit":false,"messageTitle":"Update test date to current for future test run","messageBody":"","fileTypesAndContributionMap":{"test-code":{"insertions":125,"deletions":5}}},{"hash":"8f863b383028c07fa1fa0dc6730f9ccd220cf94f","isMergeCommit":false,"messageTitle":"Remove Duke","messageBody":"","fileTypesAndContributionMap":{"functional-code":{"insertions":0,"deletions":21}}},{"hash":"1744da994e3b76efa3eb06698961daef591fb530","isMergeCommit":false,"messageTitle":"Update checkstyle","messageBody":"","fileTypesAndContributionMap":{"test-code":{"insertions":6,"deletions":4}}},{"hash":"9c92ca3958e35ddc1897eae696c3145ad0e071f9","isMergeCommit":true,"messageTitle":"Merge pull request #139 from DanLinhHuynh-Niwashi/SystemTest-1","messageBody":"System test","fileTypesAndContributionMap":{}},{"hash":"4f53f14b151c094c72aa335b0aa1d6aca05051d5","isMergeCommit":false,"messageTitle":"Update Command Developer guide","messageBody":"","fileTypesAndContributionMap":{"docs":{"insertions":3,"deletions":7}}},{"hash":"4a6d3148ce8f72664ac4475124b336486455b6f2","isMergeCommit":false,"messageTitle":"Fix format error","messageBody":"","fileTypesAndContributionMap":{"docs":{"insertions":4,"deletions":2}}},{"hash":"d42cb3baf4ace350ce17925f6f0e357464d98ac9","isMergeCommit":false,"messageTitle":"Update datetime error message","messageBody":"","fileTypesAndContributionMap":{"functional-code":{"insertions":4,"deletions":2},"test-code":{"insertions":1,"deletions":1}}},{"hash":"2c170dc6610ccfed6db6fd41ed98808a23a73762","isMergeCommit":false,"messageTitle":"Update PPP header","messageBody":"","fileTypesAndContributionMap":{"docs":{"insertions":6,"deletions":13}}},{"hash":"611863751d4f30e3cf07c6cd923830b1a380df28","isMergeCommit":false,"messageTitle":"Reformat the PPP","messageBody":"","fileTypesAndContributionMap":{"docs":{"insertions":75,"deletions":55}}},{"hash":"218ea4af5abcca495b06d0618b1eac937ff31571","isMergeCommit":true,"messageTitle":"Merge pull request #142 from DanLinhHuynh-Niwashi/Parser-DeveloperGuide","messageBody":"Parser developer guide","fileTypesAndContributionMap":{}},{"hash":"ddc375d9f6edb259db64cb5eb17586a069c50613","isMergeCommit":true,"messageTitle":"Merge pull request #143 from DanLinhHuynh-Niwashi/Documentation","messageBody":"Documentation","fileTypesAndContributionMap":{}},{"hash":"9be06a9517d19cc4d2522d8b4803494cd6e46024","isMergeCommit":false,"messageTitle":"Add date parsing rules","messageBody":"","fileTypesAndContributionMap":{"functional-code":{"insertions":66,"deletions":58}}},{"hash":"599b9bb6424e93bc86fcf3432c2ed8a9579b9d96","isMergeCommit":true,"messageTitle":"Merge pull request #145 from DanLinhHuynh-Niwashi/ViewHistory","messageBody":"Add date parsing rules","fileTypesAndContributionMap":{}},{"hash":"bfc6502db488b120da725c35610367422be43b34","isMergeCommit":false,"messageTitle":"Add new diagram for Parser","messageBody":"","fileTypesAndContributionMap":{"docs":{"insertions":35,"deletions":7}}},{"hash":"41cf12242d0470991fde465a198befe88244e972","isMergeCommit":true,"messageTitle":"Merge pull request #148 from DanLinhHuynh-Niwashi/Documentation","messageBody":"Add new diagram for Parser","fileTypesAndContributionMap":{}},{"hash":"07780d4c804d4d460da0d3028c93f86f699b3c0e","isMergeCommit":true,"messageTitle":"Merge pull request #2 from AY2425S1-CS2113-W10-4/master","messageBody":"Pull from master","fileTypesAndContributionMap":{}},{"hash":"a7515f3498b940fc7ea4739c47b71cbd4dfb50a5","isMergeCommit":false,"messageTitle":"Update UserGuide.md","messageBody":"","fileTypesAndContributionMap":{"docs":{"insertions":18,"deletions":15}}},{"hash":"b3f1a27f3e959197f1adaf8f1a026e36b966ca42","isMergeCommit":true,"messageTitle":"Merge pull request #150 from DanLinhHuynh-Niwashi/Documentation","messageBody":"Documentation","fileTypesAndContributionMap":{}},{"hash":"a13f147a69edac8934e64750e8580fef0db913ff","isMergeCommit":false,"messageTitle":"Update UserGuide.md format","messageBody":"","fileTypesAndContributionMap":{"docs":{"insertions":26,"deletions":18}}},{"hash":"1eab7bce86e98c473e177bdb7e134ca6d94497be","isMergeCommit":true,"messageTitle":"Merge pull request #151 from DanLinhHuynh-Niwashi/Documentation","messageBody":"Update UserGuide.md format","fileTypesAndContributionMap":{}},{"hash":"53ec3b705e8583ea9f34192984b995d5cc9cd9ed","isMergeCommit":false,"messageTitle":"Update UserGuide.md","messageBody":"","fileTypesAndContributionMap":{"docs":{"insertions":11,"deletions":11}}},{"hash":"32ab75b0aad4f886c3c8f203c70e6c9252836209","isMergeCommit":true,"messageTitle":"Merge pull request #152 from DanLinhHuynh-Niwashi/Documentation","messageBody":"Update UserGuide.md","fileTypesAndContributionMap":{}},{"hash":"5a5208503eb002cb5d234a46195a399ab6373857","isMergeCommit":false,"messageTitle":"Update search command for partial match","messageBody":"","fileTypesAndContributionMap":{"functional-code":{"insertions":13,"deletions":4}}},{"hash":"bc766b69cb64a8846acf2b487677d10805087b72","isMergeCommit":true,"messageTitle":"Merge pull request #154 from DanLinhHuynh-Niwashi/SearchCommand","messageBody":"Update search command for partial match","tags":["v2.0"],"fileTypesAndContributionMap":{}},{"hash":"fba6d929e4a2c63c2fbfdb8086fd2467f3478828","isMergeCommit":false,"messageTitle":"Update UserGuide.md links","messageBody":"","fileTypesAndContributionMap":{"docs":{"insertions":23,"deletions":23}}},{"hash":"165482713f0a5ed8c7ad3b3717db0e259b7c8f18","isMergeCommit":false,"messageTitle":"Update DeveloperGuide.md update links","messageBody":"","fileTypesAndContributionMap":{"docs":{"insertions":14,"deletions":14}}},{"hash":"592ec70ea9330b340330871d9939019f479695ae","isMergeCommit":true,"messageTitle":"Merge pull request #155 from DanLinhHuynh-Niwashi/Documentation","messageBody":"Documentation","tags":["week11-dg"],"fileTypesAndContributionMap":{}},{"hash":"83358ccb42be954fa05fdde4184259149128bd96","isMergeCommit":false,"messageTitle":"Update UserGuide.md","messageBody":"","fileTypesAndContributionMap":{"docs":{"insertions":2,"deletions":0}}}]},{"date":"2024-11-08","commitResults":[{"hash":"12b15bdb9bc65cad2039138c0b25699ed391ce39","isMergeCommit":true,"messageTitle":"Merge pull request #156 from DanLinhHuynh-Niwashi/Documentation","messageBody":"Update UserGuide.md","tags":["week11-ug"],"fileTypesAndContributionMap":{}}]}]},"authorFileTypeContributionMap":{"Oshen27":{"docs":148,"functional-code":708,"test-code":348},"YukeeHong":{"docs":111,"functional-code":230,"test-code":664,"other":81},"Gao327":{"docs":126,"functional-code":1057,"test-code":288,"other":2},"DanLinhHuynh-Niwashi":{"docs":555,"functional-code":1874,"test-code":1436,"other":18}},"authorContributionVariance":{"Oshen27":12856.402,"YukeeHong":32756.02,"Gao327":15455.303,"DanLinhHuynh-Niwashi":100587.63},"authorDisplayNameMap":{"Oshen27":"CS2113-W10-4 SHEN..MING","YukeeHong":"CS2113-W10-4 ZHAI..HONG","Gao327":"CS2113-W10-4 GAO ..NING","DanLinhHuynh-Niwashi":"CS2113-W10-4 HUYN..LINH"}}
