{"authorDailyContributionsMap":{"AjayShanker-geek":[{"date":"2024-09-20","commitResults":[{"hash":"45c718939718fa04298e3ed8e1a527baa5615c1e","isMergeCommit":false,"messageTitle":"Update README.md","messageBody":"","fileTypesAndContributionMap":{"docs":{"insertions":1,"deletions":1}}}]},{"date":"2024-10-03","commitResults":[{"hash":"b0134d2e77f8d63574007ca9e7c0ebf33f66e6b6","isMergeCommit":false,"messageTitle":"Add Team (Ajay)","messageBody":"","fileTypesAndContributionMap":{"docs":{"insertions":3,"deletions":7}}}]},{"date":"2024-10-13","commitResults":[{"hash":"f6253f41f1ddf475bc77df6404b68e344b1f2c53","isMergeCommit":true,"messageTitle":"Merge pull request #22 from kennethszj/add-JUnit","messageBody":"Add j unit","fileTypesAndContributionMap":{}},{"hash":"402a03a2ad94d489294a7e68ec8df30d367c1482","isMergeCommit":true,"messageTitle":"Merge pull request #18 from lowjunchen/lowjunchen-PackagesSkeleton","messageBody":"Include Unit Tests to ensure workability of program","fileTypesAndContributionMap":{}},{"hash":"691fedbe694bb32a226f6c333483fcc9bec3cec7","isMergeCommit":false,"messageTitle":"Add Jackson databind deps need to convert Json \u003c-\u003e object","messageBody":"","fileTypesAndContributionMap":{"other":{"insertions":4,"deletions":0}}},{"hash":"47519e564d679b8be695bf59e2ab7f28fc6c5005","isMergeCommit":false,"messageTitle":"Add JsonUtil \u0026 StorageFile","messageBody":"JsonUtil:\n- Using Jackson to serialization and deserialization Hospital Object\n- Saving and loading json file\n\nStorageFile:\n- Store path\n- Check path\n\nHospital Class:\n- To manage patients\n\nUpdated other files:\n- For jackson databind module to work\n","fileTypesAndContributionMap":{"functional-code":{"insertions":282,"deletions":5}}},{"hash":"a4d95d69ad53036243c11f8e7ce93ccdea31ecc9","isMergeCommit":false,"messageTitle":"Unit Testing","messageBody":"","fileTypesAndContributionMap":{"test-code":{"insertions":201,"deletions":0}}}]},{"date":"2024-10-14","commitResults":[{"hash":"1e735dea5cff85b842f971208380770537537e99","isMergeCommit":true,"messageTitle":"Merge pull request #24 from NCF3535/CheeFong-HospitalClass","messageBody":"## Create Hospital class and refactor commands\r\n\r\nChanges made:\r\n\r\n- Created Hospital class to manage patient data and maintain a list of patients, each with a unique TaskList.\r\n- Updated AddPatientCommand, DeletePatientCommand, ListPatientCommand, and SelectPatientCommand to work seamlessly with the Hospital class.\r\n- Enhanced consistency in naming conventions to align with Java coding standards.\r\n- Moved patient management functionality to the Hospital class.","fileTypesAndContributionMap":{}},{"hash":"a53670f82b6b4f1fdf7ce2451fd132b653d8b95e","isMergeCommit":false,"messageTitle":"Cherry Pick from 1e735dea","messageBody":"Merge pull request #24 from NCF3535/CheeFong-HospitalClass\n\nChanges made:\n\n- Created Hospital class to manage patient data and maintain a list of patients, each with a unique TaskList.\n- Updated AddPatientCommand, DeletePatientCommand, ListPatientCommand, and SelectPatientCommand to work seamlessly with the Hospital class.\n- Enhanced consistency in naming conventions to align with Java coding standards.\n- Moved patient management functionality to the Hospital class.\n","fileTypesAndContributionMap":{"functional-code":{"insertions":141,"deletions":167},"test-code":{"insertions":42,"deletions":45}}}]},{"date":"2024-10-15","commitResults":[{"hash":"4e9c5dcc0f70f563648a8e0d81bd28ef61c2e74b","isMergeCommit":false,"messageTitle":"Update Hospital and Patient class work with jackson databind module","messageBody":"","fileTypesAndContributionMap":{"functional-code":{"insertions":27,"deletions":1}}},{"hash":"c4e6fd5ba7f498a412f433863aa265dbbaf9e589","isMergeCommit":false,"messageTitle":"Update Unit Test to support updated hospital class","messageBody":"","fileTypesAndContributionMap":{"test-code":{"insertions":99,"deletions":109}}},{"hash":"cdea7ba9c98987a5ca699c07963e31fe59217e59","isMergeCommit":false,"messageTitle":"Fix Checkstyle","messageBody":"","fileTypesAndContributionMap":{"functional-code":{"insertions":6,"deletions":16}}},{"hash":"562f201ccb11e8048df7ff76e5ce55a380a79258","isMergeCommit":true,"messageTitle":"Merge branch \u0027feature/storage\u0027","messageBody":"","fileTypesAndContributionMap":{}},{"hash":"80f067e0dff6881aafc28c9cadde51fa909eb108","isMergeCommit":false,"messageTitle":"Remove JsonUtilTest (serialize_success) - Unit Test Fail on Window System","messageBody":"","fileTypesAndContributionMap":{"test-code":{"insertions":3,"deletions":3}}},{"hash":"ad80c368d63b9877231710614d1cba1531ee54d9","isMergeCommit":false,"messageTitle":"Fix Checkstyle Issue - Change from FIXME to TODO","messageBody":"","fileTypesAndContributionMap":{"test-code":{"insertions":1,"deletions":1}}},{"hash":"77f0d7971a90f5f6a2c1a44401bdd0393231ff39","isMergeCommit":true,"messageTitle":"Merge pull request #25 from AjayShanker-geek/master","messageBody":"Add support persistent data","fileTypesAndContributionMap":{}}]},{"date":"2024-10-16","commitResults":[{"hash":"2244c00b19dfffdbe01c7fb11903485089d7485a","isMergeCommit":false,"messageTitle":"Add Logger to StorageFile Class","messageBody":"","fileTypesAndContributionMap":{"functional-code":{"insertions":6,"deletions":0}}},{"hash":"1ed057044cc2ff93ddfe23e8ec29149d3f63ad61","isMergeCommit":false,"messageTitle":"Add Logger to JsonUtil","messageBody":"","fileTypesAndContributionMap":{"functional-code":{"insertions":29,"deletions":4}}},{"hash":"cd5063a856d29db8f9174c96e606fcf912dda364","isMergeCommit":true,"messageTitle":"Merge pull request #2 from AjayShanker-geek/ajayshanker-logging","messageBody":"Add Logging Support","fileTypesAndContributionMap":{}},{"hash":"648f901d9d9bc9296f1000a02dcf147dd1b35655","isMergeCommit":false,"messageTitle":"Add Assertions in StorageFile Class","messageBody":"","fileTypesAndContributionMap":{"functional-code":{"insertions":4,"deletions":0}}},{"hash":"59c5252aa944ab117301bc71e80f2f0f73f2f532","isMergeCommit":false,"messageTitle":"Add Assertions in JsonUtil Class","messageBody":"","fileTypesAndContributionMap":{"functional-code":{"insertions":6,"deletions":0}}}]},{"date":"2024-10-18","commitResults":[{"hash":"03d8fe47727d494b109c56d9fd328730731cafbc","isMergeCommit":true,"messageTitle":"Merge pull request #54 from lowjunchen/master","messageBody":"Solve issue 1.0 of allowing userName and taskName to be multiple words","fileTypesAndContributionMap":{}}]},{"date":"2024-10-19","commitResults":[{"hash":"e4b67e2213cee696b78696b29f80ff8ff49cf0ca","isMergeCommit":false,"messageTitle":"Update logger implementation","messageBody":"","fileTypesAndContributionMap":{"functional-code":{"insertions":25,"deletions":14}}},{"hash":"7981e24309721eda4d86edaf5d6157061f1943f7","isMergeCommit":false,"messageTitle":"Integrate Storage Support","messageBody":"","fileTypesAndContributionMap":{"functional-code":{"insertions":18,"deletions":9}}},{"hash":"1d8b616c10bf4c184ce2f0a1ee7a1d3044de5d98","isMergeCommit":true,"messageTitle":"Merge pull request #55 from AjayShanker-geek/feature/storage","messageBody":"Feature Storage","fileTypesAndContributionMap":{}},{"hash":"f2cb7b9b8ee68efeb4537eea9d02402664eeb04f","isMergeCommit":false,"messageTitle":"Update Back Print statement","messageBody":"","fileTypesAndContributionMap":{"functional-code":{"insertions":7,"deletions":7}}},{"hash":"634f90867bd241382d21ff43894ba2b6af06ac7a","isMergeCommit":false,"messageTitle":"Improve CLI UI","messageBody":"- Add Messages Java\n- Add Colors\n- Update Ui display\n","fileTypesAndContributionMap":{"functional-code":{"insertions":54,"deletions":9}}},{"hash":"8fcebd5ede80b5f6c0c11a5aefe9dcf935e23ff0","isMergeCommit":false,"messageTitle":"Update UiTest","messageBody":"","fileTypesAndContributionMap":{"test-code":{"insertions":30,"deletions":15}}},{"hash":"85d6f29201ac63d1864696b3223d609beae675df","isMergeCommit":false,"messageTitle":"Update text-ui-test - Update `input.txt` - Remove EXPECTED-UNIX.TXT","messageBody":"","fileTypesAndContributionMap":{"other":{"insertions":3,"deletions":2}}},{"hash":"f3d7493af9c91498c7cf3dc4044a6beb001f2966","isMergeCommit":false,"messageTitle":"Fix issue on Window System","messageBody":"- Fix unmappable character (0x81) for encoding windows-1252\n","fileTypesAndContributionMap":{"functional-code":{"insertions":1,"deletions":1}}},{"hash":"5488e35a4456b55afd25b51a2b8472100448fbd0","isMergeCommit":true,"messageTitle":"Merge branch \u0027ajay/readd-messages\u0027","messageBody":"Improve CLI UI\n\n- Add Messages Java\n- Add Colors\n- Update Ui display\n","fileTypesAndContributionMap":{}},{"hash":"83ea89b645d20ec0ab38f246e4f37c93b6401e7d","isMergeCommit":false,"messageTitle":"Fix Exception caught on file creation","messageBody":"- Exception found creating empty json and loading it\n- Fix logging format\n","fileTypesAndContributionMap":{"functional-code":{"insertions":29,"deletions":15}}},{"hash":"1f2c1f47d4365fdc0fe7969009dbe1d0c4b5183e","isMergeCommit":true,"messageTitle":"Merge branch \u0027ajay/fix-exception-json\u0027","messageBody":"Fix Exception caught on file creation\n\n- Exception found creating empty json and loading it\n- Fix logging format\n","fileTypesAndContributionMap":{}}]},{"date":"2024-10-20","commitResults":[{"hash":"f5a3cc43f826521951752164390e781d6d8f19c8","isMergeCommit":true,"messageTitle":"Merge pull request #57 from AjayShanker-geek/ajay/fix-exception-json","messageBody":"Fix Exception JSON","fileTypesAndContributionMap":{}}]},{"date":"2024-10-24","commitResults":[{"hash":"d4c52d24ae7b8e896ced1f8162320640c2ab3d7b","isMergeCommit":false,"messageTitle":"Add Storage Class Diagram","messageBody":"","fileTypesAndContributionMap":{"docs":{"insertions":120,"deletions":0}}},{"hash":"f56840d270b953f4ba920e6fddb12f4076d4e79f","isMergeCommit":true,"messageTitle":"Merge pull request #68 from AjayShanker-geek/master","messageBody":"Merge branch \u0027ajay/fix-exception-json\u0027","fileTypesAndContributionMap":{}},{"hash":"6032e3c917736c52c7d9281030d8b620d960ea7c","isMergeCommit":false,"messageTitle":"Export Storage Class Diagram","messageBody":"","fileTypesAndContributionMap":{"docs":{"insertions":0,"deletions":0}}},{"hash":"f567ccbcfe2fb8b507975406082b26515a4f418f","isMergeCommit":true,"messageTitle":"Merge pull request #71 from Metanyu/AdditionalTaskType-Update","messageBody":"Additional task type update","fileTypesAndContributionMap":{}},{"hash":"0bd9f796614da05311ba79a99974485e89660ffb","isMergeCommit":true,"messageTitle":"Merge branch \u0027master\u0027 into master","messageBody":"","fileTypesAndContributionMap":{}},{"hash":"9b92bfecc350fde33dd39932cc9167d9ac8895b6","isMergeCommit":false,"messageTitle":"Update DeveloperGuide.md","messageBody":"Remove unwanted spaces","fileTypesAndContributionMap":{"docs":{"insertions":0,"deletions":1}}}]}],"Metanyu":[{"date":"2024-10-03","commitResults":[{"hash":"6c7d93f44ed83b34cbc7b01100031cf6394443d8","isMergeCommit":false,"messageTitle":"Update the first line","messageBody":"","fileTypesAndContributionMap":{"docs":{"insertions":1,"deletions":5}}},{"hash":"647c2cbc80f6f076adddb77b0530841b5fd49cd2","isMergeCommit":true,"messageTitle":"Merge branch \u0027master\u0027 into lowjunchen-AboutUs","messageBody":"","fileTypesAndContributionMap":{}},{"hash":"f1d225422d93eab96d14d2032251b4ffe5a8480e","isMergeCommit":true,"messageTitle":"Merge pull request #1 from AY2425S1-CS2113-T11-1/lowjunchen-AboutUs","messageBody":"Update the first line of the file","fileTypesAndContributionMap":{}},{"hash":"904c34f417ee73b7d35dc6502f500c4529a2643b","isMergeCommit":true,"messageTitle":"Merge branch \u0027master\u0027 into Thu-AboutUs","messageBody":"","fileTypesAndContributionMap":{}},{"hash":"efc9598d2b25eb9577392b5863a6b75e307633ee","isMergeCommit":true,"messageTitle":"Merge pull request #2 from Metanyu/Thu-AboutUs","messageBody":"Update the first line","fileTypesAndContributionMap":{}}]},{"date":"2024-10-09","commitResults":[{"hash":"70ec59049419be1e30967f79e5a15ebca297cebd","isMergeCommit":false,"messageTitle":"create task and command class with add, delete, list, mark, unmark command","messageBody":"","fileTypesAndContributionMap":{"functional-code":{"insertions":287,"deletions":4},"test-code":{"insertions":32,"deletions":0}}},{"hash":"a5b269f1409d4312d1016fe017ddaecab2d9785d","isMergeCommit":false,"messageTitle":"fix bug list not shown, show marked and unmarked task, correctly define duplicate task, added test for show list and duplicate task","messageBody":"","fileTypesAndContributionMap":{"functional-code":{"insertions":21,"deletions":7},"test-code":{"insertions":43,"deletions":7}}},{"hash":"af578ed43dc3aafc4564c4bbf939ea3875e1a71e","isMergeCommit":false,"messageTitle":"edited code to follow coding convention","messageBody":"","fileTypesAndContributionMap":{"test-code":{"insertions":1,"deletions":1}}},{"hash":"1360d5ac8b43be11be68e5ac24583975432334c9","isMergeCommit":false,"messageTitle":"delete unused code in test and put javadoc in tasklist in correct place","messageBody":"","fileTypesAndContributionMap":{"functional-code":{"insertions":7,"deletions":6},"test-code":{"insertions":0,"deletions":2}}},{"hash":"3ce4479c3af901b4ebdc79641d62ece63ab3166f","isMergeCommit":true,"messageTitle":"Merge pull request #14 from Metanyu/Thu-TaskClass","messageBody":"create task, tasklist and command class with add, delete, list, mark, unmark command","fileTypesAndContributionMap":{}}]},{"date":"2024-10-17","commitResults":[{"hash":"a23c0871a6cf395129844397ef37d04320499356","isMergeCommit":true,"messageTitle":"Merge branch \u0027master\u0027 into lowjunchen-parser","messageBody":"","fileTypesAndContributionMap":{}},{"hash":"02ef0442380fb7e5d5e903254aa650567b88f95e","isMergeCommit":true,"messageTitle":"Merge pull request #45 from lowjunchen/lowjunchen-parser","messageBody":"Update parser to include if..else for different states","fileTypesAndContributionMap":{}},{"hash":"618b306cbd152fb64b083f64f28be09956576b41","isMergeCommit":false,"messageTitle":"integrate taskcommand into main class with setData method","messageBody":"","fileTypesAndContributionMap":{"functional-code":{"insertions":8,"deletions":8}}},{"hash":"05f57f19df1158c645db910aac6988c9042a23a9","isMergeCommit":true,"messageTitle":"integrate taskcommand into main function, delete taskcommand because it has no more use.","messageBody":"","fileTypesAndContributionMap":{}},{"hash":"6b75c38ace5bbd8999d8dde0ca19834bdccaf96b","isMergeCommit":false,"messageTitle":"edit command class to follow convention","messageBody":"","fileTypesAndContributionMap":{"functional-code":{"insertions":2,"deletions":1}}},{"hash":"eac848e5e831f92e794fd79390e6aca38695de52","isMergeCommit":false,"messageTitle":"edit list task message to user","messageBody":"","fileTypesAndContributionMap":{"functional-code":{"insertions":1,"deletions":1}}}]},{"date":"2024-10-18","commitResults":[{"hash":"1b8f26c23a7ee8a527f05a87ecb51f5a80d8a218","isMergeCommit":false,"messageTitle":"correctly pass index number to mark, unmark, delete command for task, add assertion and logging for task command; put setData code into ifelse block to avoid buggy behavior when command is null","messageBody":"","fileTypesAndContributionMap":{"functional-code":{"insertions":63,"deletions":8},"test-code":{"insertions":2,"deletions":1}}}]},{"date":"2024-10-23","commitResults":[{"hash":"a21a49e7e2f68f2b9ca4d138bac802c0196ecae1","isMergeCommit":false,"messageTitle":"Update tasklist class to have completion rate for each object and methods to calculate completion rate after each modification to the list","messageBody":"","fileTypesAndContributionMap":{"functional-code":{"insertions":41,"deletions":0},"test-code":{"insertions":34,"deletions":0}}},{"hash":"a3f4fa35cc516e1e0a16bde937a7b398dd9dd858","isMergeCommit":false,"messageTitle":"update tasklist to handle case tasksize \u003d 0 and show completion rate by percentage","messageBody":"","fileTypesAndContributionMap":{"functional-code":{"insertions":11,"deletions":2},"test-code":{"insertions":4,"deletions":3}}},{"hash":"333d8aec0b25fd4ff031e39221615f1c84fda0fa","isMergeCommit":false,"messageTitle":"fix completion rate \u003d 0 upon creation of tasklist, update a completion rate test with empty tasklist","messageBody":"","fileTypesAndContributionMap":{"functional-code":{"insertions":9,"deletions":10},"test-code":{"insertions":12,"deletions":7}}},{"hash":"263aaf73cca9225eae3276564fbcf064943db31d","isMergeCommit":false,"messageTitle":"minor update to pass CI","messageBody":"","fileTypesAndContributionMap":{"test-code":{"insertions":2,"deletions":2}}},{"hash":"12a8f38a826ce0616caa07eea9517a7b52a68809","isMergeCommit":false,"messageTitle":"add find task by keyword function, add corresponding test and logger for said function","messageBody":"","fileTypesAndContributionMap":{"functional-code":{"insertions":67,"deletions":3},"test-code":{"insertions":16,"deletions":0}}},{"hash":"6a1e92bf7732ef51c55b777226746187859cfd67","isMergeCommit":false,"messageTitle":"add deadline, todo, repeat task type and modify addTaskCommand for new type add logic. added exception for empty task description and missing arguments for task types and corresponding tests","messageBody":"","fileTypesAndContributionMap":{"functional-code":{"insertions":133,"deletions":7},"test-code":{"insertions":30,"deletions":3}}}]},{"date":"2024-10-24","commitResults":[{"hash":"198f0ad601e4fba914a181f288acae3bde821c96","isMergeCommit":false,"messageTitle":"add exception for unknown task type and modified addTaskCommand to handle catch block. add a test to add unknown type.","messageBody":"","fileTypesAndContributionMap":{"functional-code":{"insertions":8,"deletions":3},"test-code":{"insertions":9,"deletions":0}}},{"hash":"25a80e9d3dbee843c6914bc2c5609d415811e39d","isMergeCommit":false,"messageTitle":"minor change to follow indentation rule","messageBody":"","fileTypesAndContributionMap":{"functional-code":{"insertions":9,"deletions":9}}},{"hash":"9d8b62f20b02714462b3cad6385af4cfe1abe32f","isMergeCommit":false,"messageTitle":"style edit in task class","messageBody":"","fileTypesAndContributionMap":{"functional-code":{"insertions":4,"deletions":1}}},{"hash":"38df489262562cb3299b997e0958d70e6c01484d","isMergeCommit":false,"messageTitle":"update missing argument exception to state what is required. update test to keep up with the addition of new task types","messageBody":"","fileTypesAndContributionMap":{"functional-code":{"insertions":24,"deletions":1},"test-code":{"insertions":14,"deletions":10}}},{"hash":"208e9727c9fd05aae2df07d810f3628334f32386","isMergeCommit":false,"messageTitle":"check style edit - line too long fix","messageBody":"","fileTypesAndContributionMap":{"test-code":{"insertions":8,"deletions":3}}},{"hash":"5ecd89aa400cb0e4041d422cb20712ce502bed17","isMergeCommit":false,"messageTitle":"minor check style edit","messageBody":"","fileTypesAndContributionMap":{"functional-code":{"insertions":1,"deletions":2}}},{"hash":"0548d8d79cab328277b9adca0e45bc167fe37e8e","isMergeCommit":false,"messageTitle":"edit tests for task list to match new task type format","messageBody":"","fileTypesAndContributionMap":{"functional-code":{"insertions":4,"deletions":3},"test-code":{"insertions":2,"deletions":2}}},{"hash":"629ba00f7f57929d5f5f08dbc47038d489a2ce05","isMergeCommit":false,"messageTitle":"separate get completion rate method into return double value and return string (percentage)","messageBody":"","fileTypesAndContributionMap":{"functional-code":{"insertions":8,"deletions":3},"test-code":{"insertions":2,"deletions":2}}},{"hash":"84b2f7abf1572e6e847a9341be60483aecf02942","isMergeCommit":true,"messageTitle":"Merge branch \u0027master\u0027 into CompletionRate-TaskUpdate","messageBody":"","fileTypesAndContributionMap":{}}]}],"lowjunchen":[{"date":"2024-10-02","commitResults":[{"hash":"7c0e517e808bc2abd5d9ffe64fe6603aabced170","isMergeCommit":false,"messageTitle":"Fix README bugs","messageBody":"","fileTypesAndContributionMap":{"docs":{"insertions":1,"deletions":1}}}]},{"date":"2024-10-03","commitResults":[{"hash":"38b299fef6cac5ba7e853da85a699386796220de","isMergeCommit":false,"messageTitle":"Update the first line of the file","messageBody":"","fileTypesAndContributionMap":{"docs":{"insertions":3,"deletions":7}}},{"hash":"479b5e098f97767805b3572f1bd3abcdae5736b4","isMergeCommit":true,"messageTitle":"Merge branch \u0027master\u0027 into ajay-AboutUs","messageBody":"","fileTypesAndContributionMap":{}},{"hash":"9505a8f619bc39f4b422854aaa70fb05263d55c4","isMergeCommit":true,"messageTitle":"Merge branch \u0027master\u0027 into ajay-AboutUs","messageBody":"","fileTypesAndContributionMap":{}},{"hash":"0d467e723636ad4f3ff96e3935b1e30d0464f94f","isMergeCommit":true,"messageTitle":"Merge branch \u0027master\u0027 into kenneth-AboutUs","messageBody":"","fileTypesAndContributionMap":{}},{"hash":"fdfe7a4861230aeaab4fe2b9e9e84378d7617b9e","isMergeCommit":true,"messageTitle":"Merge pull request #4 from AjayShanker-geek/ajay-AboutUs","messageBody":"Add Team (Ajay)","fileTypesAndContributionMap":{}},{"hash":"e203b030f313509b6dc4247dec358b3cc6eeb052","isMergeCommit":true,"messageTitle":"Merge branch \u0027master\u0027 into kenneth-AboutUs","messageBody":"","fileTypesAndContributionMap":{}},{"hash":"485983d504e3d8f4ffd3edb4541965810b8ddff9","isMergeCommit":true,"messageTitle":"Merge pull request #5 from kennethszj/kenneth-AboutUs","messageBody":"Add kenneth name","fileTypesAndContributionMap":{}}]},{"date":"2024-10-05","commitResults":[{"hash":"43674d8372135e7555cf7aed0229dd78567d90e4","isMergeCommit":false,"messageTitle":"Packages the project into its skeleton files and classes","messageBody":"","fileTypesAndContributionMap":{"functional-code":{"insertions":21,"deletions":0},"other":{"insertions":1,"deletions":1}}}]},{"date":"2024-10-06","commitResults":[{"hash":"fbbbd5019cfeadd6f407f45372bcfcd68090f7fb","isMergeCommit":false,"messageTitle":"Handles different keywords of commands in Parser class","messageBody":"","fileTypesAndContributionMap":{"functional-code":{"insertions":90,"deletions":0},"other":{"insertions":1,"deletions":1}}}]},{"date":"2024-10-08","commitResults":[{"hash":"4f752498f82aeed73c7c577b355a5608c9b209c6","isMergeCommit":true,"messageTitle":"Merge pull request #10 from lowjunchen/lowjunchen-PackagesSkeleton","messageBody":"Handle different keywords of commands in Parser class","fileTypesAndContributionMap":{}}]},{"date":"2024-10-11","commitResults":[{"hash":"5cd32e4f96899f145d3cd198940eede7dfa26bf0","isMergeCommit":false,"messageTitle":"Include Unit Tests to ensure workability of program","messageBody":"","fileTypesAndContributionMap":{"functional-code":{"insertions":19,"deletions":66},"test-code":{"insertions":45,"deletions":0}}}]},{"date":"2024-10-15","commitResults":[{"hash":"e3bd4fc23af79f9e347a2747a605436048b32ece","isMergeCommit":false,"messageTitle":"Merge Command return data type","messageBody":"","fileTypesAndContributionMap":{"functional-code":{"insertions":43,"deletions":13},"test-code":{"insertions":0,"deletions":21}}}]},{"date":"2024-10-16","commitResults":[{"hash":"a55e387554fefe69482a24ebf0c37cba132c39ea","isMergeCommit":false,"messageTitle":"Update unit tests, add logging and add assertions","messageBody":"Unit tests includes all methods in Parser class\nAdd logging for error lines in Parser class\nAdd assertions for \u0027status\u0027 member in Parser class\n","fileTypesAndContributionMap":{"functional-code":{"insertions":25,"deletions":3},"test-code":{"insertions":55,"deletions":4}}},{"hash":"76b7dc58aaed715b419a840e92d2234fc0736ae1","isMergeCommit":true,"messageTitle":"Merge pull request #38 from lowjunchen/lowjunchen-PackagesSkeleton","messageBody":"Update unit tests, add logging and add assertions","fileTypesAndContributionMap":{}},{"hash":"7af8799b626d5ecf028a44e8c2d631c0541c35da","isMergeCommit":true,"messageTitle":"Merge branch \u0027master\u0027 into integrate_v.1","messageBody":"","fileTypesAndContributionMap":{}}]},{"date":"2024-10-17","commitResults":[{"hash":"f062a5b67c9500b96e661464022684a27c4c19cb","isMergeCommit":true,"messageTitle":"Merge pull request #40 from AjayShanker-geek/ajayshanker-assertions","messageBody":"Add Assertions in StorageFile and JsonUtil","fileTypesAndContributionMap":{}},{"hash":"57b95873f1947769ef5eb656af97e1cf1beaaeb6","isMergeCommit":false,"messageTitle":"Update parser to include if..else for different states","messageBody":"","fileTypesAndContributionMap":{"functional-code":{"insertions":32,"deletions":16}}}]},{"date":"2024-10-18","commitResults":[{"hash":"bc20889accf77c93b440cb859de11ae364515660","isMergeCommit":true,"messageTitle":"Merge pull request #50 from Metanyu/master","messageBody":"correctly pass index number to mark, unmark, delete command for task","fileTypesAndContributionMap":{}},{"hash":"a7e449f3579539fd77b45ae4e3cb8eeff84a3579","isMergeCommit":false,"messageTitle":"Solve issue 1.0 of allowing userName and taskName to be multiple words","messageBody":"","fileTypesAndContributionMap":{"functional-code":{"insertions":4,"deletions":2}}}]},{"date":"2024-10-24","commitResults":[{"hash":"c8c7e6dec84bb1fa11898d8c27bb2d67954d3afc","isMergeCommit":false,"messageTitle":"Refactor Parser code to call Parse class\u0027s parseCommand method. This method filters input to call relevant commands. Place all commands in separate files to implement interface in oop style","messageBody":"","fileTypesAndContributionMap":{"functional-code":{"insertions":209,"deletions":92},"docs":{"insertions":141,"deletions":1},"test-code":{"insertions":86,"deletions":86}}},{"hash":"feb2948ccce9c527a6e51e4eb4dcfe25de75de18","isMergeCommit":false,"messageTitle":"Fix the checkstyle errors","messageBody":"","fileTypesAndContributionMap":{"functional-code":{"insertions":12,"deletions":25}}},{"hash":"cc1746e90714c1dbd56d71921dae19e0421147ae","isMergeCommit":false,"messageTitle":"Introduce adding new tasks via \"Deadline\", \"Todo\", \"Repeat\" command. Also parse relevant keywords such as \u0027/\u0027 Introduce new functions for finding patientName and taskName, via \"find\"command Edit the JUnit test to include reflected changes","messageBody":"","fileTypesAndContributionMap":{"functional-code":{"insertions":107,"deletions":19},"test-code":{"insertions":89,"deletions":86}}},{"hash":"d8d03f9b44776325cda98bf57391164bc4e506cb","isMergeCommit":false,"messageTitle":"Include logging","messageBody":"","fileTypesAndContributionMap":{"functional-code":{"insertions":19,"deletions":0}}}]}],"NCF3535":[{"date":"2024-10-03","commitResults":[{"hash":"03a4232416f032cccabb6cd1290274598e3c8c06","isMergeCommit":false,"messageTitle":"Update AboutUs.md","messageBody":"","fileTypesAndContributionMap":{"docs":{"insertions":4,"deletions":7}}},{"hash":"63b1097b490542e217e72a05c6b171abd9c0821e","isMergeCommit":true,"messageTitle":"Merge pull request #3 from NCF3535/CheeFong-AboutUs","messageBody":"Update AboutUs.md","fileTypesAndContributionMap":{}}]},{"date":"2024-10-08","commitResults":[{"hash":"3400d154e9fec18d3ddffc65e22b500eaad30f9b","isMergeCommit":false,"messageTitle":"Create Patient class and commands","messageBody":"The Patient class was created to represent individual patients.\n\nChanges made:\n* Added `name` and `index` attributes to the Patient class.\n* Implemented getters and setters for `name` and `index`.\n* Created `AddPatientCommand` to add new patients.\n* Created `DelPatientCommand` to delete patients by index.\n* Created `ListPatientCommand` to list all patients.\n* Created `SelectPatientCommand` to select a specific patient.\n\nThese changes establish the structure for patient management and\nprovide basic functionality for handling patients in the system.\n","fileTypesAndContributionMap":{"functional-code":{"insertions":113,"deletions":0},"test-code":{"insertions":73,"deletions":0}}},{"hash":"046d52be6dbd6ddf6dc7a19d14c7f792fc3175f2","isMergeCommit":false,"messageTitle":"Ensure commands end with a new line","messageBody":"Updated all patient-related commands to ensure that they end with a\nnew line character for proper formatting.\n\nChanges made:\n* Added a new line at the end of `AddPatientCommand`.\n* Added a new line at the end of `DelPatientCommand`.\n* Added a new line at the end of `ListPatientCommand`.\n* Added a new line at the end of `SelectPatientCommand`.\n\nThese changes ensure that the code conforms to standard formatting\npractices, improving readability and preventing potential issues.\n","fileTypesAndContributionMap":{"functional-code":{"insertions":4,"deletions":5}}},{"hash":"f6a34214001b5573ab7dfd792bf953826b0ae420","isMergeCommit":false,"messageTitle":"Comment out and remove unused imports","messageBody":"Updated the code by commenting out or removing unused imports to\nensure it fulfills checkstyle requirements.\n\nChanges made:\n* Removed unused imports across all patient-related commands.\n* Removed unused imports in `Patient` class and `PatientTest`.\n\nThese changes help maintain a clean codebase and meet checkstyle\nrequirements.\n","fileTypesAndContributionMap":{"functional-code":{"insertions":5,"deletions":2},"test-code":{"insertions":2,"deletions":2}}}]},{"date":"2024-10-09","commitResults":[{"hash":"fd99fe071e3a151b25ea2015f246d5926c65f7bb","isMergeCommit":true,"messageTitle":"Merge pull request #13 from NCF3535/CheeFong-PatientClass","messageBody":"Create Patient class and commands","fileTypesAndContributionMap":{}}]},{"date":"2024-10-14","commitResults":[{"hash":"dfc0cc42a6060f9e7fe485ae2f1c4e82d61ca054","isMergeCommit":false,"messageTitle":"Create Hospital class and refactor commands","messageBody":"The Hospital class was added to manage patients and their respective\ntasks, consolidating patient-related data and actions in one place.\n\nChanges made:\n* Created Hospital class to manage patient data and maintain a list\n  of patients, each with a unique TaskList.\n* Updated AddPatientCommand, DeletePatientCommand, ListPatientCommand,\n  and SelectPatientCommand to work seamlessly with the Hospital class.\n* Enhanced consistency in naming conventions to align with Java coding\n  standards.\n* Moved patient management functionality to the Hospital class.\n\nThese changes ensure that the hospital management system is modular\nand readable for better scalability and maintenance.\n","fileTypesAndContributionMap":{"functional-code":{"insertions":179,"deletions":102},"test-code":{"insertions":42,"deletions":45}}},{"hash":"6a17efd2a8b6098710f6ebeeea027811b0ae0342","isMergeCommit":false,"messageTitle":"Fix Checkstyle errors","messageBody":"Resolved Checkstyle issues in AddPatientCommand.java,\nDeletePatientCommand.java, and Patient.java to ensure consistency\nwith Java coding standards.\n\nChanges made:\n* Moved static variable declarations above instance variables in all\n  affected classes to comply with DeclarationOrder rule.\n* Added newline at the end of files to meet NewlineAtEndOfFile\n  requirement.\n\nThese changes improve code readability and maintain consistency with\nstyle guidelines across the project.\n","fileTypesAndContributionMap":{"functional-code":{"insertions":6,"deletions":5}}}]},{"date":"2024-10-15","commitResults":[{"hash":"b6d9c9cdbda2d583ef1a0bdd8a0a38517703e137","isMergeCommit":true,"messageTitle":"Merge pull request #26 from lowjunchen/lowjunchen-PackagesSkeleton","messageBody":"Merge Command return data type","fileTypesAndContributionMap":{}},{"hash":"7f3c6e279e719cf2fb205abccfe3065645b484db","isMergeCommit":false,"messageTitle":"Add State class and StateType enum for system management","messageBody":"MediTask lacked a way to track current state, making it hard to\nhandle state transitions and state-specific command logic.\n\nChanges made:\n*Created State class to hold and manage the current state of the\n  system.\n*Added StateType enum to represent different states: MAIN_STATE and\n  TASK_STATE.\n*Provides a flexible way to handle state transitions and state-\n  specific command logic.\n\nThis change lays the foundation for better command validation based\non the system state.\n","fileTypesAndContributionMap":{"functional-code":{"insertions":24,"deletions":0}}},{"hash":"536af92cdc440763394bfca9a8f93ec07f3fef69","isMergeCommit":true,"messageTitle":"Merge pull request #27 from NCF3535/heads/CheeFong-StateClass","messageBody":"Add State class and StateType enum for system management","fileTypesAndContributionMap":{}},{"hash":"0fbd4dead08a097cd9cba374630cdc4035ee8afa","isMergeCommit":false,"messageTitle":"Refactor State class to use StateType enum for clarity","messageBody":"The State class previously used an int to represent state, which\nlimited type safety and made it less clear what each state value\nrepresented.\n\nChanges made:\n* Replaced int-based state representation with StateType enum.\n* Updated constructor, getter, and setter methods to use StateType.\n\nThese changes improve readability, type safety, and alignment with\nthe intended use of enumerations for representing different states.\n","fileTypesAndContributionMap":{"functional-code":{"insertions":7,"deletions":6}}},{"hash":"1e0f0ed94ad0d12b9a51a08de0201e1fc6c76ed9","isMergeCommit":true,"messageTitle":"Merge pull request #29 from NCF3535/heads/CheeFong-StateClass","messageBody":"Refactor State class to use StateType enum for clarity","fileTypesAndContributionMap":{}}]},{"date":"2024-10-16","commitResults":[{"hash":"06fb3bc37aa15775ac36d99724ae2a7ff3abd8be","isMergeCommit":false,"messageTitle":"Update Parser to interact with new StateType enum","messageBody":"The Parser was designed to handle states using an int representation,\nwhich is incompatible with the new State class using the StateType\nenum.\n\nChanges made:\n* Modified Parser logic to parse and convert input into StateType.\n* Updated state handling logic to work with the new StateType enum.\n\nThese changes ensure that the Parser integrates seamlessly with\nthe StateType enum, enhancing type safety and improving state\nmanagement expressiveness.\n","fileTypesAndContributionMap":{"functional-code":{"insertions":7,"deletions":1},"test-code":{"insertions":29,"deletions":18}}},{"hash":"5da1b0b778b07d237a2a10ab213751b26fa5bd3c","isMergeCommit":true,"messageTitle":"Merge pull request #41 from NCF3535/heads/CheeFong-Fix-Parser","messageBody":"Update Parser to interact with new StateType enum","fileTypesAndContributionMap":{}},{"hash":"3bfceb962f0994ffe28112081c8f7f7dfeed6037","isMergeCommit":false,"messageTitle":"Add logging and assertions to patient commands","messageBody":"Changes made:\n* Added logging for severe issues in DeletePatientCommand,\n  SelectPatientCommand, BackCommand, and others.\n* Introduced assertions to ensure non-negative indices and\n  non-null objects to improve reliability.\n* Standardized public static messages like COMMAND_WORD, success\n  messages, and error messages for consistency.\n* Added logger warnings to enhance robustness where necessary.\n\nThese changes improve error handling, consistency, and robustness\nacross patient-related commands.\n","fileTypesAndContributionMap":{"functional-code":{"insertions":157,"deletions":25},"test-code":{"insertions":2,"deletions":2}}},{"hash":"30fc6fea2ef11733df9ce7ed258e0e6dfa724b86","isMergeCommit":false,"messageTitle":"Fix UiTest by updating expected welcome message","messageBody":"Changes made:\n* Updated the expected output in showWelcome_displaysWelcomeMessage_\n  correctly test to include the exclamation mark after \"Welcome to\n  Meditask\".\n* Ensured the expected output matches the actual printed message\n  format.\n\nThese changes resolve the UiTest failure by aligning the expected\noutput with the current program behavior.\n","fileTypesAndContributionMap":{"test-code":{"insertions":1,"deletions":2}}},{"hash":"2bf23e90527ef0ead233f28ea2f309cc193161aa","isMergeCommit":true,"messageTitle":"Merge pull request #42 from NCF3535/CheeFong-Patient-Command-Enhancement","messageBody":"Add logging and assertions to patient commands","tags":["v1.0"],"fileTypesAndContributionMap":{}}]},{"date":"2024-10-18","commitResults":[{"hash":"1f2d3acf9e2309b4d47e86d6ae20bc82bfaa7298","isMergeCommit":true,"messageTitle":"Merge pull request #46 from Metanyu/master","messageBody":"Integrate task command into main function ","fileTypesAndContributionMap":{}}]},{"date":"2024-10-20","commitResults":[{"hash":"4d4a53de99e27171a808ea11c0d89e8e4649aaec","isMergeCommit":false,"messageTitle":"Enable assertions in Gradle build configuration","messageBody":"Previously, the project did not explicitly enable assertions in the\nJVM, which could lead to missed assertion checks during runtime.\n\nChanges Made:\n- Added enableAssertions \u003d true to ensure that assertions are enabled\n  by default.\n- Updated jvmArgs to include the \"-ea\" flag, explicitly enabling\n  assertions in the JVM.\n\nThese changes ensure that assertion checks are active, improving\nruntime validation for debugging and correctness.\n","fileTypesAndContributionMap":{"other":{"insertions":3,"deletions":1}}},{"hash":"beafe42584337bfd652e332df3e986e79d91e4a1","isMergeCommit":true,"messageTitle":"Merge pull request #61 from NCF3535/feature/chee-fong-enable-assertions","messageBody":"Enable assertions in Gradle build configuration","fileTypesAndContributionMap":{}},{"hash":"b144debca6cdcebbb148204c1f54f7c970107cc0","isMergeCommit":true,"messageTitle":"Merge pull request #60 from NCF3535/CheeFong-add-manifest-for-jar","messageBody":"Add MANIFEST.MF file for JAR creation","fileTypesAndContributionMap":{}}]},{"date":"2024-10-24","commitResults":[{"hash":"75babe701b90b3af5bed399b6cf963479c77df01","isMergeCommit":false,"messageTitle":"Update Developer Guide","messageBody":"Changes made:\n* Added  implementation for AddPatientCommand, including\n  execution steps and a sequence diagram.\n* Updated v1.0 user stories to include task management functionalities\n  for nurses, such as adding, deleting, marking, and unmarking tasks.\n* Included AddPatientCommand sequence diagram (docs/images/\n  AddPatientSequenceDiagram.png).\n\nThese updates enhance documentation by providing clarity on the\nimplementation details of key commands and improving the overall\nusability of the guide.\n","fileTypesAndContributionMap":{"docs":{"insertions":64,"deletions":7}}},{"hash":"e731f415ee0e57ab9e0d03f76012bb228608853e","isMergeCommit":false,"messageTitle":"Add activation bars to AddPatientCommand sequence diagram","messageBody":"Changes made:\n* Updated AddPatientCommand sequence diagram to include activation\n  bars, improving accuracy and readability.\n* Replaced the old diagram with the updated version (docs/images/\n  AddPatientSequenceDiagram.png).\n\nThese changes provide a clearer representation of the method calls\nand lifetimes involved in the AddPatientCommand sequence, ensuring\nbetter understanding for developers.\n","fileTypesAndContributionMap":{"docs":{"insertions":28,"deletions":11}}},{"hash":"b7a8baed29b0c8d9f237c76870f2fc7869ac3455","isMergeCommit":true,"messageTitle":"Merge pull request #70 from NCF3535/docs/chee-fong-addpatient-command-implementation","messageBody":"Update Developer Guide","fileTypesAndContributionMap":{}}]}],"kennethszj":[{"date":"2024-10-03","commitResults":[{"hash":"9db9097a651fd57ad50b41500fe52101685f9702","isMergeCommit":false,"messageTitle":"Add kenneth name","messageBody":"","fileTypesAndContributionMap":{"docs":{"insertions":1,"deletions":5}}}]},{"date":"2024-10-11","commitResults":[{"hash":"cddf03ade5eaceec4001d018f777cc99b71cc8de","isMergeCommit":false,"messageTitle":"Add Ui class and methods","messageBody":"","fileTypesAndContributionMap":{"functional-code":{"insertions":44,"deletions":0}}},{"hash":"6f18efb09523a142adfe2692b2508e75c8299328","isMergeCommit":false,"messageTitle":"Add closeScanner() method to ui class","messageBody":"","fileTypesAndContributionMap":{"functional-code":{"insertions":8,"deletions":0}}},{"hash":"ebb0946aefba43213de0dc6dc2208b71dc8fa860","isMergeCommit":false,"messageTitle":"Remove unused package","messageBody":"","fileTypesAndContributionMap":{"functional-code":{"insertions":0,"deletions":1}}}]},{"date":"2024-10-13","commitResults":[{"hash":"008c22600983d9bfe7b64622b3feca417132ef89","isMergeCommit":true,"messageTitle":"Merge branch \u0027master\u0027 of https://github.com/AY2425S1-CS2113-T11-1/tp into add-v1.0","messageBody":"","fileTypesAndContributionMap":{}},{"hash":"089b8b76970c6cd4c6dc6a1725ce4c240eae629b","isMergeCommit":false,"messageTitle":"Add JUnit Tests for ui","messageBody":"","fileTypesAndContributionMap":{"test-code":{"insertions":78,"deletions":0}}},{"hash":"dd839c881acfe3cfe7eb0e1d879960ff4978e145","isMergeCommit":false,"messageTitle":"remove wildcard imports","messageBody":"","fileTypesAndContributionMap":{"test-code":{"insertions":3,"deletions":1}}}]},{"date":"2024-10-15","commitResults":[{"hash":"c16d074a7927ae9747f403bfe8da233cba453ebf","isMergeCommit":false,"messageTitle":"Integrate code and implement state switching feature.","messageBody":"Implement BackCommand Class\n\nrefactor parser and selectPatientCommand to use StateType enum\n\nintegrate ui to reflect state changes\n","fileTypesAndContributionMap":{"functional-code":{"insertions":124,"deletions":25}}}]},{"date":"2024-10-16","commitResults":[{"hash":"7d7f4b50fc2fea9bdd7a5391b2ec707c7790fa8a","isMergeCommit":false,"messageTitle":"Integrate code and implement state switching feature.","messageBody":"Implement BackCommand Class\n\nrefactor parser and selectPatientCommand to use StateType enum\n\nintegrate ui to reflect state changes\n","fileTypesAndContributionMap":{"functional-code":{"insertions":2,"deletions":2}}},{"hash":"bb4d3b20147dd12a2e95a44181df52bcf6494165","isMergeCommit":true,"messageTitle":"Merge branch \u0027master\u0027 into integrate_v.1","messageBody":"","fileTypesAndContributionMap":{}},{"hash":"f6d4e8105f39c0765e1f3e995cc5bd85bb644a34","isMergeCommit":false,"messageTitle":"fix checkstyle errors","messageBody":"","fileTypesAndContributionMap":{"functional-code":{"insertions":19,"deletions":15}}},{"hash":"3a777ea9b40ba8b4d765564ec279362fe3323290","isMergeCommit":true,"messageTitle":"Merge branch \u0027integrate_v.1\u0027 of https://github.com/kennethszj/tp into integrate_v.1","messageBody":"","fileTypesAndContributionMap":{}},{"hash":"7bdf4f0b0f8c5ac335fac275afe900fe846db574","isMergeCommit":false,"messageTitle":"fix checkstyle error","messageBody":"","fileTypesAndContributionMap":{"functional-code":{"insertions":5,"deletions":6}}},{"hash":"1956a241959274b918e261f0f3cf679ebef82cc3","isMergeCommit":false,"messageTitle":"fix checkstyle error","messageBody":"","fileTypesAndContributionMap":{"functional-code":{"insertions":1,"deletions":0}}},{"hash":"7e535075190ee3112cdb2ab24739ff04142c3c7b","isMergeCommit":false,"messageTitle":"remove message class","messageBody":"","fileTypesAndContributionMap":{"functional-code":{"insertions":0,"deletions":10}}},{"hash":"18112660f68f671519c9a842df10c0cbc57c23ab","isMergeCommit":false,"messageTitle":"Fix NoSuchElementException in Ui.readCommand() by checking for input availability","messageBody":"","fileTypesAndContributionMap":{"functional-code":{"insertions":1,"deletions":1}}},{"hash":"33b901a310d76f10e5525cf117dbef9a0b677c03","isMergeCommit":false,"messageTitle":"revert to previous commit","messageBody":"","fileTypesAndContributionMap":{"functional-code":{"insertions":1,"deletions":1}}},{"hash":"625b38ecf40670b984c77319949ac89380073796","isMergeCommit":false,"messageTitle":"fix checkstyle","messageBody":"","fileTypesAndContributionMap":{"functional-code":{"insertions":6,"deletions":1}}},{"hash":"2714259e385d6298fc4e3f8e2afc0cb9beb1780e","isMergeCommit":false,"messageTitle":"fix checkstyle error","messageBody":"","fileTypesAndContributionMap":{"functional-code":{"insertions":1,"deletions":1}}},{"hash":"6591d17d64a0408fee4e253742e9d3b1d8f78d86","isMergeCommit":false,"messageTitle":"Add error handling in parser class for null input","messageBody":"","fileTypesAndContributionMap":{"functional-code":{"insertions":4,"deletions":0}}},{"hash":"eea58f870dc69e1923812d1ff888afc058ea937c","isMergeCommit":false,"messageTitle":"Modify INPUT.txt","messageBody":"","fileTypesAndContributionMap":{"functional-code":{"insertions":5,"deletions":0}}},{"hash":"43bd1cf87367d1767f78a65fcf1ac38e22b7d237","isMergeCommit":true,"messageTitle":"Merge pull request #36 from kennethszj/integrate_v.1","messageBody":"Integrate code and implement state switching feature","fileTypesAndContributionMap":{}}]},{"date":"2024-10-17","commitResults":[{"hash":"7e1d6fdfc0e65ed183c992f54f788b4bd48b3fac","isMergeCommit":false,"messageTitle":"Add assertions for main and ui classes.","messageBody":"Modify patient index calculation\n","fileTypesAndContributionMap":{"functional-code":{"insertions":6,"deletions":5}}},{"hash":"2d15d232dd2644d5301699e5f88cf9994732dfad","isMergeCommit":true,"messageTitle":"Merge pull request #44 from kennethszj/Add-assertion","messageBody":"Add assertions for main and ui classes, and modify patient index calculation in main","fileTypesAndContributionMap":{}}]},{"date":"2024-10-24","commitResults":[{"hash":"35763c5cdff72c290c7ce7664e242ead9c1dbee5","isMergeCommit":true,"messageTitle":"Merge pull request #66 from Metanyu/CompletionRate-TaskUpdate","messageBody":"Update tasklist class to have completion rate var","fileTypesAndContributionMap":{}},{"hash":"920f18c423ff78844f2d40306f10b0a0ac2d0d11","isMergeCommit":true,"messageTitle":"Merge pull request #72 from AjayShanker-geek/ajay/feature-classdiagram-storage","messageBody":"Feature Class Diagram Storage","fileTypesAndContributionMap":{}},{"hash":"5d97e00da09a0243346304bf8de339c41a2f8ed2","isMergeCommit":true,"messageTitle":"Merge pull request #73 from lowjunchen/master","messageBody":"Refactor Parser code to call Parse class\u0027s parseCommand method.","fileTypesAndContributionMap":{}},{"hash":"2ddb212f48d7f5db98909352a47e7101c70376de","isMergeCommit":true,"messageTitle":"Merge pull request #75 from lowjunchen/NewCommands-for2.0","messageBody":"New commands for 2.0","fileTypesAndContributionMap":{}}]}]},"authorFileTypeContributionMap":{"AjayShanker-geek":{"docs":121,"functional-code":401,"test-code":216,"other":7},"Metanyu":{"docs":1,"functional-code":632,"test-code":168},"lowjunchen":{"docs":138,"functional-code":364,"test-code":89,"other":1},"NCF3535":{"docs":81,"functional-code":269,"test-code":70,"other":2},"kennethszj":{"docs":1,"functional-code":146,"test-code":69}},"authorContributionVariance":{"AjayShanker-geek":13495.058,"Metanyu":9245.62,"lowjunchen":26479.885,"NCF3535":6604.56,"kennethszj":983.5396},"authorDisplayNameMap":{"AjayShanker-geek":"CS2113-T11-1 AJAY..NKER","Metanyu":"CS2113-T11-1 VU N.. THU","lowjunchen":"CS2113-T11-1 LOW ..CHEN","NCF3535":"CS2113-T11-1 NG C..FONG","kennethszj":"CS2113-T11-1 SEAH..NETH"}}
