{"authorDailyContributionsMap":{"AjayShanker-geek":[{"date":"2024-09-20","commitResults":[{"hash":"45c718939718fa04298e3ed8e1a527baa5615c1e","isMergeCommit":false,"messageTitle":"Update README.md","messageBody":"","fileTypesAndContributionMap":{"docs":{"insertions":1,"deletions":1}}}]},{"date":"2024-10-03","commitResults":[{"hash":"b0134d2e77f8d63574007ca9e7c0ebf33f66e6b6","isMergeCommit":false,"messageTitle":"Add Team (Ajay)","messageBody":"","fileTypesAndContributionMap":{"docs":{"insertions":3,"deletions":7}}}]},{"date":"2024-10-13","commitResults":[{"hash":"f6253f41f1ddf475bc77df6404b68e344b1f2c53","isMergeCommit":true,"messageTitle":"Merge pull request #22 from kennethszj/add-JUnit","messageBody":"Add j unit","fileTypesAndContributionMap":{}},{"hash":"402a03a2ad94d489294a7e68ec8df30d367c1482","isMergeCommit":true,"messageTitle":"Merge pull request #18 from lowjunchen/lowjunchen-PackagesSkeleton","messageBody":"Include Unit Tests to ensure workability of program","fileTypesAndContributionMap":{}},{"hash":"691fedbe694bb32a226f6c333483fcc9bec3cec7","isMergeCommit":false,"messageTitle":"Add Jackson databind deps need to convert Json \u003c-\u003e object","messageBody":"","fileTypesAndContributionMap":{"other":{"insertions":4,"deletions":0}}},{"hash":"47519e564d679b8be695bf59e2ab7f28fc6c5005","isMergeCommit":false,"messageTitle":"Add JsonUtil \u0026 StorageFile","messageBody":"JsonUtil:\n- Using Jackson to serialization and deserialization Hospital Object\n- Saving and loading json file\n\nStorageFile:\n- Store path\n- Check path\n\nHospital Class:\n- To manage patients\n\nUpdated other files:\n- For jackson databind module to work\n","fileTypesAndContributionMap":{"functional-code":{"insertions":282,"deletions":5}}},{"hash":"a4d95d69ad53036243c11f8e7ce93ccdea31ecc9","isMergeCommit":false,"messageTitle":"Unit Testing","messageBody":"","fileTypesAndContributionMap":{"test-code":{"insertions":201,"deletions":0}}}]},{"date":"2024-10-14","commitResults":[{"hash":"1e735dea5cff85b842f971208380770537537e99","isMergeCommit":true,"messageTitle":"Merge pull request #24 from NCF3535/CheeFong-HospitalClass","messageBody":"## Create Hospital class and refactor commands\r\n\r\nChanges made:\r\n\r\n- Created Hospital class to manage patient data and maintain a list of patients, each with a unique TaskList.\r\n- Updated AddPatientCommand, DeletePatientCommand, ListPatientCommand, and SelectPatientCommand to work seamlessly with the Hospital class.\r\n- Enhanced consistency in naming conventions to align with Java coding standards.\r\n- Moved patient management functionality to the Hospital class.","fileTypesAndContributionMap":{}},{"hash":"a53670f82b6b4f1fdf7ce2451fd132b653d8b95e","isMergeCommit":false,"messageTitle":"Cherry Pick from 1e735dea","messageBody":"Merge pull request #24 from NCF3535/CheeFong-HospitalClass\n\nChanges made:\n\n- Created Hospital class to manage patient data and maintain a list of patients, each with a unique TaskList.\n- Updated AddPatientCommand, DeletePatientCommand, ListPatientCommand, and SelectPatientCommand to work seamlessly with the Hospital class.\n- Enhanced consistency in naming conventions to align with Java coding standards.\n- Moved patient management functionality to the Hospital class.\n","fileTypesAndContributionMap":{"functional-code":{"insertions":141,"deletions":167},"test-code":{"insertions":42,"deletions":45}}}]},{"date":"2024-10-15","commitResults":[{"hash":"4e9c5dcc0f70f563648a8e0d81bd28ef61c2e74b","isMergeCommit":false,"messageTitle":"Update Hospital and Patient class work with jackson databind module","messageBody":"","fileTypesAndContributionMap":{"functional-code":{"insertions":27,"deletions":1}}},{"hash":"c4e6fd5ba7f498a412f433863aa265dbbaf9e589","isMergeCommit":false,"messageTitle":"Update Unit Test to support updated hospital class","messageBody":"","fileTypesAndContributionMap":{"test-code":{"insertions":99,"deletions":109}}},{"hash":"cdea7ba9c98987a5ca699c07963e31fe59217e59","isMergeCommit":false,"messageTitle":"Fix Checkstyle","messageBody":"","fileTypesAndContributionMap":{"functional-code":{"insertions":6,"deletions":16}}},{"hash":"562f201ccb11e8048df7ff76e5ce55a380a79258","isMergeCommit":true,"messageTitle":"Merge branch \u0027feature/storage\u0027","messageBody":"","fileTypesAndContributionMap":{}},{"hash":"80f067e0dff6881aafc28c9cadde51fa909eb108","isMergeCommit":false,"messageTitle":"Remove JsonUtilTest (serialize_success) - Unit Test Fail on Window System","messageBody":"","fileTypesAndContributionMap":{"test-code":{"insertions":3,"deletions":3}}},{"hash":"ad80c368d63b9877231710614d1cba1531ee54d9","isMergeCommit":false,"messageTitle":"Fix Checkstyle Issue - Change from FIXME to TODO","messageBody":"","fileTypesAndContributionMap":{"test-code":{"insertions":1,"deletions":1}}},{"hash":"77f0d7971a90f5f6a2c1a44401bdd0393231ff39","isMergeCommit":true,"messageTitle":"Merge pull request #25 from AjayShanker-geek/master","messageBody":"Add support persistent data","fileTypesAndContributionMap":{}}]},{"date":"2024-10-16","commitResults":[{"hash":"2244c00b19dfffdbe01c7fb11903485089d7485a","isMergeCommit":false,"messageTitle":"Add Logger to StorageFile Class","messageBody":"","fileTypesAndContributionMap":{"functional-code":{"insertions":6,"deletions":0}}},{"hash":"1ed057044cc2ff93ddfe23e8ec29149d3f63ad61","isMergeCommit":false,"messageTitle":"Add Logger to JsonUtil","messageBody":"","fileTypesAndContributionMap":{"functional-code":{"insertions":29,"deletions":4}}},{"hash":"cd5063a856d29db8f9174c96e606fcf912dda364","isMergeCommit":true,"messageTitle":"Merge pull request #2 from AjayShanker-geek/ajayshanker-logging","messageBody":"Add Logging Support","fileTypesAndContributionMap":{}},{"hash":"648f901d9d9bc9296f1000a02dcf147dd1b35655","isMergeCommit":false,"messageTitle":"Add Assertions in StorageFile Class","messageBody":"","fileTypesAndContributionMap":{"functional-code":{"insertions":4,"deletions":0}}},{"hash":"59c5252aa944ab117301bc71e80f2f0f73f2f532","isMergeCommit":false,"messageTitle":"Add Assertions in JsonUtil Class","messageBody":"","fileTypesAndContributionMap":{"functional-code":{"insertions":6,"deletions":0}}}]},{"date":"2024-10-18","commitResults":[{"hash":"03d8fe47727d494b109c56d9fd328730731cafbc","isMergeCommit":true,"messageTitle":"Merge pull request #54 from lowjunchen/master","messageBody":"Solve issue 1.0 of allowing userName and taskName to be multiple words","fileTypesAndContributionMap":{}}]},{"date":"2024-10-19","commitResults":[{"hash":"e4b67e2213cee696b78696b29f80ff8ff49cf0ca","isMergeCommit":false,"messageTitle":"Update logger implementation","messageBody":"","fileTypesAndContributionMap":{"functional-code":{"insertions":25,"deletions":14}}},{"hash":"7981e24309721eda4d86edaf5d6157061f1943f7","isMergeCommit":false,"messageTitle":"Integrate Storage Support","messageBody":"","fileTypesAndContributionMap":{"functional-code":{"insertions":18,"deletions":9}}},{"hash":"1d8b616c10bf4c184ce2f0a1ee7a1d3044de5d98","isMergeCommit":true,"messageTitle":"Merge pull request #55 from AjayShanker-geek/feature/storage","messageBody":"Feature Storage","fileTypesAndContributionMap":{}},{"hash":"f2cb7b9b8ee68efeb4537eea9d02402664eeb04f","isMergeCommit":false,"messageTitle":"Update Back Print statement","messageBody":"","fileTypesAndContributionMap":{"functional-code":{"insertions":7,"deletions":7}}},{"hash":"634f90867bd241382d21ff43894ba2b6af06ac7a","isMergeCommit":false,"messageTitle":"Improve CLI UI","messageBody":"- Add Messages Java\n- Add Colors\n- Update Ui display\n","fileTypesAndContributionMap":{"functional-code":{"insertions":54,"deletions":9}}},{"hash":"8fcebd5ede80b5f6c0c11a5aefe9dcf935e23ff0","isMergeCommit":false,"messageTitle":"Update UiTest","messageBody":"","fileTypesAndContributionMap":{"test-code":{"insertions":30,"deletions":15}}},{"hash":"85d6f29201ac63d1864696b3223d609beae675df","isMergeCommit":false,"messageTitle":"Update text-ui-test - Update `input.txt` - Remove EXPECTED-UNIX.TXT","messageBody":"","fileTypesAndContributionMap":{"other":{"insertions":3,"deletions":2}}},{"hash":"f3d7493af9c91498c7cf3dc4044a6beb001f2966","isMergeCommit":false,"messageTitle":"Fix issue on Window System","messageBody":"- Fix unmappable character (0x81) for encoding windows-1252\n","fileTypesAndContributionMap":{"functional-code":{"insertions":1,"deletions":1}}},{"hash":"5488e35a4456b55afd25b51a2b8472100448fbd0","isMergeCommit":true,"messageTitle":"Merge branch \u0027ajay/readd-messages\u0027","messageBody":"Improve CLI UI\n\n- Add Messages Java\n- Add Colors\n- Update Ui display\n","fileTypesAndContributionMap":{}},{"hash":"83ea89b645d20ec0ab38f246e4f37c93b6401e7d","isMergeCommit":false,"messageTitle":"Fix Exception caught on file creation","messageBody":"- Exception found creating empty json and loading it\n- Fix logging format\n","fileTypesAndContributionMap":{"functional-code":{"insertions":29,"deletions":15}}},{"hash":"1f2c1f47d4365fdc0fe7969009dbe1d0c4b5183e","isMergeCommit":true,"messageTitle":"Merge branch \u0027ajay/fix-exception-json\u0027","messageBody":"Fix Exception caught on file creation\n\n- Exception found creating empty json and loading it\n- Fix logging format\n","fileTypesAndContributionMap":{}}]},{"date":"2024-10-20","commitResults":[{"hash":"f5a3cc43f826521951752164390e781d6d8f19c8","isMergeCommit":true,"messageTitle":"Merge pull request #57 from AjayShanker-geek/ajay/fix-exception-json","messageBody":"Fix Exception JSON","fileTypesAndContributionMap":{}}]},{"date":"2024-10-24","commitResults":[{"hash":"d4c52d24ae7b8e896ced1f8162320640c2ab3d7b","isMergeCommit":false,"messageTitle":"Add Storage Class Diagram","messageBody":"","fileTypesAndContributionMap":{"docs":{"insertions":120,"deletions":0}}},{"hash":"f56840d270b953f4ba920e6fddb12f4076d4e79f","isMergeCommit":true,"messageTitle":"Merge pull request #68 from AjayShanker-geek/master","messageBody":"Merge branch \u0027ajay/fix-exception-json\u0027","fileTypesAndContributionMap":{}},{"hash":"6032e3c917736c52c7d9281030d8b620d960ea7c","isMergeCommit":false,"messageTitle":"Export Storage Class Diagram","messageBody":"","fileTypesAndContributionMap":{"docs":{"insertions":0,"deletions":0}}},{"hash":"f567ccbcfe2fb8b507975406082b26515a4f418f","isMergeCommit":true,"messageTitle":"Merge pull request #71 from Metanyu/AdditionalTaskType-Update","messageBody":"Additional task type update","fileTypesAndContributionMap":{}},{"hash":"0bd9f796614da05311ba79a99974485e89660ffb","isMergeCommit":true,"messageTitle":"Merge branch \u0027master\u0027 into master","messageBody":"","fileTypesAndContributionMap":{}},{"hash":"9b92bfecc350fde33dd39932cc9167d9ac8895b6","isMergeCommit":false,"messageTitle":"Update DeveloperGuide.md","messageBody":"Remove unwanted spaces","fileTypesAndContributionMap":{"docs":{"insertions":0,"deletions":1}}}]},{"date":"2024-10-26","commitResults":[{"hash":"1b45c953bbb5d02ab8719b65ee51b9047db973ef","isMergeCommit":true,"messageTitle":"Merge branch \u0027pr/81\u0027","messageBody":"","fileTypesAndContributionMap":{}},{"hash":"42e980937a4eee00d5fc0e8948a902a00afb8fd8","isMergeCommit":false,"messageTitle":"Add StageManager","messageBody":"","fileTypesAndContributionMap":{"functional-code":{"insertions":28,"deletions":0}}},{"hash":"83c4c150c47a85e5d23c93a2d04ba855838f47aa","isMergeCommit":false,"messageTitle":"Minor Cleanup","messageBody":"","fileTypesAndContributionMap":{"functional-code":{"insertions":12,"deletions":10}}},{"hash":"60b6d7eb889b19e86efbbb75eb6592810630134a","isMergeCommit":false,"messageTitle":"Add StageManager and cleanup MediTask","messageBody":"","fileTypesAndContributionMap":{"functional-code":{"insertions":218,"deletions":61}}},{"hash":"5a7d8109bfccf9893b23bd2f0192f298ac866f58","isMergeCommit":false,"messageTitle":"Change List Patient Command success message","messageBody":"","fileTypesAndContributionMap":{"functional-code":{"insertions":1,"deletions":2}}},{"hash":"2a2c0827243b7ae42968809561e5a67c43169d83","isMergeCommit":false,"messageTitle":"Add Invalid Command Exception support","messageBody":"- Remove unwanted console print\n","fileTypesAndContributionMap":{"functional-code":{"insertions":18,"deletions":10}}},{"hash":"54ddc78fb29505a06bc9d5882ad168b0f84af564","isMergeCommit":false,"messageTitle":"Fix Storage issue with new Tag feature","messageBody":"Other minors:\n-Add get selected patient method\n","fileTypesAndContributionMap":{"functional-code":{"insertions":24,"deletions":0}}},{"hash":"f20c7bc3e48376f64aa83368f130b2db49bef46c","isMergeCommit":false,"messageTitle":"Add Exit Command","messageBody":"","fileTypesAndContributionMap":{"functional-code":{"insertions":23,"deletions":3}}},{"hash":"d625b2b616f8b67cac6c54bd3d945e0c3c902548","isMergeCommit":false,"messageTitle":"Remove Console output","messageBody":"","fileTypesAndContributionMap":{"functional-code":{"insertions":4,"deletions":4}}},{"hash":"418a54abb86d8e41191f10fc53aa2b76f1ae8389","isMergeCommit":false,"messageTitle":"Add Unknown State exception","messageBody":"Minor:\n- Add commends\n- Add application version\n","fileTypesAndContributionMap":{"functional-code":{"insertions":59,"deletions":123}}},{"hash":"0a7714ba0505d7152ed816f30306a54181b2753c","isMergeCommit":false,"messageTitle":"Remove Unit Test on the UI printing initial message","messageBody":"","fileTypesAndContributionMap":{"test-code":{"insertions":0,"deletions":36}}},{"hash":"8c01fbfa4b43ef309465492616e7e9e1a558634c","isMergeCommit":false,"messageTitle":"Fix Checkstyle issue","messageBody":"","fileTypesAndContributionMap":{"functional-code":{"insertions":6,"deletions":6}}},{"hash":"3afeca477f1ea402a9d19f342a5c5b8d670de66b","isMergeCommit":false,"messageTitle":"Remove text-ui-test","messageBody":"","fileTypesAndContributionMap":{"other":{"insertions":15,"deletions":15}}}]},{"date":"2024-10-27","commitResults":[{"hash":"afa99d8e74b2c687e1c1e846e2380b253849ead4","isMergeCommit":true,"messageTitle":"Merge pull request #87 from lowjunchen/Merge-Commands-for-2.0","messageBody":"Integration of New Commands","fileTypesAndContributionMap":{}}]},{"date":"2024-10-28","commitResults":[{"hash":"8800bbc55000107feeeff4c8cee65da358a7b7aa","isMergeCommit":false,"messageTitle":"Rename from StageManager to StateManager","messageBody":"","fileTypesAndContributionMap":{"functional-code":{"insertions":3,"deletions":3},"other":{"insertions":2,"deletions":2}}},{"hash":"1226bec9c504e0230f9cdaa2e8cd763cc9b96e25","isMergeCommit":false,"messageTitle":"Add Storage Operation Exception","messageBody":"","fileTypesAndContributionMap":{"functional-code":{"insertions":61,"deletions":26}}},{"hash":"7776894cc2f24b3b796b469d631ec47113a0058f","isMergeCommit":false,"messageTitle":"Fix Checkstyle issues","messageBody":"","fileTypesAndContributionMap":{"functional-code":{"insertions":12,"deletions":6},"test-code":{"insertions":6,"deletions":3}}},{"hash":"f5dbd7e8e520517b8720097f5fef70c07d9100dc","isMergeCommit":false,"messageTitle":"Move Task out of Data","messageBody":"- Data file is used for dummy json data\n","fileTypesAndContributionMap":{"other":{"insertions":6,"deletions":5}}},{"hash":"7435b8049ecf73fa7d46a282614fed02f2f17ea8","isMergeCommit":false,"messageTitle":"Rename To MediTaskTest","messageBody":"","fileTypesAndContributionMap":{"test-code":{"insertions":0,"deletions":12}}},{"hash":"c39b1d38ab9dd8d1f9461f7b029d2756b20260fd","isMergeCommit":false,"messageTitle":"Add support to catch exceptions","messageBody":"","fileTypesAndContributionMap":{"functional-code":{"insertions":15,"deletions":4}}},{"hash":"e73ce2cfcf9e0bb17ca0b65b3045a07205728f7e","isMergeCommit":false,"messageTitle":"Improve Unit Test and Coverage","messageBody":"","fileTypesAndContributionMap":{"test-code":{"insertions":232,"deletions":3}}},{"hash":"84aedd69759482074ef07662b432d322fba4fe12","isMergeCommit":false,"messageTitle":"Show Storage file corruption exception","messageBody":"","fileTypesAndContributionMap":{"functional-code":{"insertions":3,"deletions":1}}},{"hash":"6fbc81e2a4d08e18245324aac1c4b5e19b032a0c","isMergeCommit":false,"messageTitle":"Git rebase with master","messageBody":"","fileTypesAndContributionMap":{"test-code":{"insertions":6,"deletions":4}}},{"hash":"80f1f556597855ae1d06b531b656652ed54b5b85","isMergeCommit":false,"messageTitle":"Improve corruption handling when empty variable is pass it","messageBody":"","fileTypesAndContributionMap":{"functional-code":{"insertions":2,"deletions":2}}},{"hash":"64fc1d8bf719af657f7b1ff5d58ef9f7af50ce7b","isMergeCommit":false,"messageTitle":"Create Storage Backup class to handle on creating backup of data if corrupted","messageBody":"","fileTypesAndContributionMap":{"functional-code":{"insertions":47,"deletions":0}}},{"hash":"42166d1389cb4ab40cfbca5fc0f45530b4bacc07","isMergeCommit":false,"messageTitle":"Improve handling of missing or empty data","messageBody":"","fileTypesAndContributionMap":{"functional-code":{"insertions":37,"deletions":8}}},{"hash":"9aafbac1caf6e9300c3df4399703ba0c5a6cd038","isMergeCommit":false,"messageTitle":"Update Unit Test with new features","messageBody":"","fileTypesAndContributionMap":{"functional-code":{"insertions":23,"deletions":7},"test-code":{"insertions":48,"deletions":7}}}]},{"date":"2024-10-29","commitResults":[{"hash":"f2bce237a68f348acf7187f1dfd7ad50078f87ce","isMergeCommit":false,"messageTitle":"Update README","messageBody":"- Add CLI preview image\n","fileTypesAndContributionMap":{"docs":{"insertions":14,"deletions":1}}},{"hash":"45bf21758db6d520fe6585bc1637f18137756952","isMergeCommit":false,"messageTitle":"Minor Update to UG","messageBody":"- Rename Duke to MediTask\n","fileTypesAndContributionMap":{"docs":{"insertions":3,"deletions":3}}},{"hash":"22acbd4ca9e26ecb38ccc048d192061bb2dd0d0a","isMergeCommit":false,"messageTitle":"Add Architecture Diagram and update DG","messageBody":"","fileTypesAndContributionMap":{"docs":{"insertions":137,"deletions":15}}},{"hash":"d6ba359bb32189237b9482fdfb4389fcd3a23610","isMergeCommit":false,"messageTitle":"Minor formatting","messageBody":"","fileTypesAndContributionMap":{"docs":{"insertions":1,"deletions":2}}}]},{"date":"2024-10-30","commitResults":[{"hash":"bc8aa6f0d320d502c0ebb38c5287ea89fe9a76b1","isMergeCommit":true,"messageTitle":"Merge pull request #98 from kennethszj/completionRate-feature","messageBody":"Add completion rate feature, state switching bugfix and modify developer guide","fileTypesAndContributionMap":{}},{"hash":"2283d2e775a1c7652b3b0209c94ac2ae9e675e4f","isMergeCommit":false,"messageTitle":"Add Help Command","messageBody":"","fileTypesAndContributionMap":{"functional-code":{"insertions":79,"deletions":0}}},{"hash":"62baa49af41b082e2853f558506aed36300107dd","isMergeCommit":false,"messageTitle":"Update UG","messageBody":"- CLI Image Preview\n- Update Quick Start steps\n- Minor Cleanup on README\n","fileTypesAndContributionMap":{"docs":{"insertions":38,"deletions":6}}}]},{"date":"2024-11-01","commitResults":[{"hash":"f44226f09cf6fbf0ea17cc2b55d91723f28ba2de","isMergeCommit":true,"messageTitle":"Merge pull request #108 from Metanyu/DG-Update2","messageBody":"minor update in DG and UG","fileTypesAndContributionMap":{}},{"hash":"e9829fd3f2fd5929c3bd69b7e5afd8b4da4af39e","isMergeCommit":false,"messageTitle":"Add interface to Storage","messageBody":"","fileTypesAndContributionMap":{"functional-code":{"insertions":20,"deletions":0}}},{"hash":"4d75faa991020101390737e84a4497792eb62902","isMergeCommit":false,"messageTitle":"Update to support Storage interface","messageBody":"","fileTypesAndContributionMap":{"functional-code":{"insertions":25,"deletions":13},"test-code":{"insertions":19,"deletions":9}}},{"hash":"34612a419cd551812655ce500aaf202738a62964","isMergeCommit":false,"messageTitle":"Separate completion rate UI","messageBody":"","fileTypesAndContributionMap":{"functional-code":{"insertions":24,"deletions":5}}},{"hash":"e9d933a9c6ecfe3716515f86aef0c112c4b63b1b","isMergeCommit":false,"messageTitle":"Improve user experience that shows all task completion on main screen","messageBody":"","fileTypesAndContributionMap":{"functional-code":{"insertions":5,"deletions":5}}},{"hash":"163e0871f0ebd40f6b61fb44eb95367902cd9754","isMergeCommit":false,"messageTitle":"Add JavaDoc to Storage","messageBody":"","fileTypesAndContributionMap":{"functional-code":{"insertions":66,"deletions":18},"docs":{"insertions":29,"deletions":59}}},{"hash":"cac71406d0b7c418b38bf1709fd893ca11f06304","isMergeCommit":false,"messageTitle":"Add JavaDoc to Storage","messageBody":"","fileTypesAndContributionMap":{"functional-code":{"insertions":89,"deletions":16}}},{"hash":"eef7df66c192025acc658c79a33605bb39f5e565","isMergeCommit":false,"messageTitle":"Add Web Config file","messageBody":"","fileTypesAndContributionMap":{"other":{"insertions":12,"deletions":0}}},{"hash":"b256077a3a0d323907fe2cdc4a107ab101b29905","isMergeCommit":false,"messageTitle":"Update Config file for website","messageBody":"","fileTypesAndContributionMap":{"other":{"insertions":1,"deletions":4}}},{"hash":"cfa02d4d53391a05f5b1f519eb4ce3a44846d2e2","isMergeCommit":false,"messageTitle":"Add Workflow of website","messageBody":"","fileTypesAndContributionMap":{"other":{"insertions":70,"deletions":0}}},{"hash":"e3b95f45934bea967fdf06b9d956459ba6c1fb91","isMergeCommit":false,"messageTitle":"Fix Config file","messageBody":"","fileTypesAndContributionMap":{"other":{"insertions":2,"deletions":2}}},{"hash":"ca24bd5944b52c10557d0baa99c3eea13f41025a","isMergeCommit":false,"messageTitle":"Minor cleanup for website build","messageBody":"","fileTypesAndContributionMap":{"other":{"insertions":2,"deletions":1}}},{"hash":"12759a551d584ca36db307d7b39761b4948c6eac","isMergeCommit":false,"messageTitle":"Add Page Level to the website","messageBody":"","fileTypesAndContributionMap":{"docs":{"insertions":23,"deletions":3}}},{"hash":"08131a74b2078115c5d6789b0b919fc4f229fda0","isMergeCommit":false,"messageTitle":"Update website ordering","messageBody":"","fileTypesAndContributionMap":{"docs":{"insertions":10,"deletions":4}}},{"hash":"3c6fa49038d3009a95f06308c9e4a7fb8858a010","isMergeCommit":false,"messageTitle":"Fix nav order for the website","messageBody":"","fileTypesAndContributionMap":{"docs":{"insertions":0,"deletions":1}}},{"hash":"56af01d5ee730d9539679cba797ae8a1119209a9","isMergeCommit":false,"messageTitle":"Revert Changes","messageBody":"","fileTypesAndContributionMap":{"docs":{"insertions":6,"deletions":5}}},{"hash":"459d6ddc4b2cd6d42713185aac91f5c34d1b86fe","isMergeCommit":false,"messageTitle":"Update Config file","messageBody":"","fileTypesAndContributionMap":{"other":{"insertions":22,"deletions":1}}},{"hash":"b218c22c254927e04d7d038982880713cb8b0915","isMergeCommit":false,"messageTitle":"Revert Changes","messageBody":"","fileTypesAndContributionMap":{"docs":{"insertions":10,"deletions":10}}},{"hash":"cfae510ef1c41d9ad6e46135b5ba7fbf9d3bdc25","isMergeCommit":false,"messageTitle":"Update nav bar","messageBody":"","fileTypesAndContributionMap":{"docs":{"insertions":3,"deletions":7}}},{"hash":"33fc25b4613cf5300e630fc9c9b2bd5fa7165f0b","isMergeCommit":false,"messageTitle":"Update Nav Bar","messageBody":"","fileTypesAndContributionMap":{"docs":{"insertions":4,"deletions":4}}},{"hash":"e95c114f67b6422576404f294e88dc4ac38c9bf9","isMergeCommit":false,"messageTitle":"Update Nav Bar","messageBody":"","fileTypesAndContributionMap":{"docs":{"insertions":6,"deletions":6}}},{"hash":"11927a0d0f1be621efa656393d3bc1e2de10af50","isMergeCommit":false,"messageTitle":"Enable search","messageBody":"","fileTypesAndContributionMap":{"other":{"insertions":8,"deletions":10}}},{"hash":"b0acea986e88ca5e12a53c3f7bf25a5ac275007b","isMergeCommit":false,"messageTitle":"Update page layout and TOC","messageBody":"","fileTypesAndContributionMap":{"docs":{"insertions":5,"deletions":5}}},{"hash":"dbe4c6a79739c03703ff944407cda589e3402660","isMergeCommit":false,"messageTitle":"Add Dark Mode","messageBody":"","fileTypesAndContributionMap":{"other":{"insertions":2,"deletions":0}}},{"hash":"dc8d9922a90642de5772402fa2cbc9a3ed297d88","isMergeCommit":false,"messageTitle":"Add my PPP","messageBody":"","fileTypesAndContributionMap":{"docs":{"insertions":1,"deletions":1}}},{"hash":"1e4bf35d2033275b65c1e11673b17114903e153f","isMergeCommit":false,"messageTitle":"Add parent to docs team","messageBody":"","fileTypesAndContributionMap":{"docs":{"insertions":26,"deletions":2}}},{"hash":"0bf04c210ae088f021f10c49a397c23e18d5588f","isMergeCommit":false,"messageTitle":"Add javadoc to StageManager","messageBody":"","fileTypesAndContributionMap":{"functional-code":{"insertions":51,"deletions":1}}},{"hash":"9160ad71632712b3069b45ba20c32e49330c3245","isMergeCommit":false,"messageTitle":"Update PPP","messageBody":"","fileTypesAndContributionMap":{"docs":{"insertions":52,"deletions":3}}},{"hash":"883fe8c4be0e53d6a89d614d140a34c5924b18df","isMergeCommit":false,"messageTitle":"Minor Cleanup","messageBody":"","fileTypesAndContributionMap":{"docs":{"insertions":1,"deletions":1}}},{"hash":"5cccd6624af3bac67bccabba5a0f252f28967a60","isMergeCommit":false,"messageTitle":"Remove website dark theme","messageBody":"","fileTypesAndContributionMap":{"other":{"insertions":1,"deletions":1}}},{"hash":"8237abd54a28827b0ed89168fe603e31fba5ac28","isMergeCommit":true,"messageTitle":"Merge pull request #109 from AjayShanker-geek/ajay/JavaDoc-UG-Update","messageBody":"Add JavaDoc to Storage and StateManager \u0026 PPP","fileTypesAndContributionMap":{}}]},{"date":"2024-11-02","commitResults":[{"hash":"d1d7dcbc36c4c216eae7bb4e4598e586e9ac70ff","isMergeCommit":false,"messageTitle":"Update README.md with project\u0027s README.md","messageBody":"","fileTypesAndContributionMap":{"docs":{"insertions":12,"deletions":56}}},{"hash":"921fb277ef6dec2baa78d0a8809c9ae83142f405","isMergeCommit":false,"messageTitle":"Cleanup UserGuide","messageBody":"","fileTypesAndContributionMap":{"docs":{"insertions":65,"deletions":25}}},{"hash":"3515b459842a16ba44b1c000e68fdb74fe21943e","isMergeCommit":false,"messageTitle":"Minor update on portfolio","messageBody":"","fileTypesAndContributionMap":{"docs":{"insertions":2,"deletions":2}}},{"hash":"8b855551f1463f6c79a88b1695e60563dca292d5","isMergeCommit":false,"messageTitle":"Update UG","messageBody":"- Update Storage Class Diagram\n- Fix minor issue table view in markdown\n","fileTypesAndContributionMap":{"docs":{"insertions":29,"deletions":18}}},{"hash":"ecbbaf57d5eb5a636de310348aac3533f7388999","isMergeCommit":false,"messageTitle":"Minor Fix on callout","messageBody":"","fileTypesAndContributionMap":{"docs":{"insertions":8,"deletions":8}}},{"hash":"6a5699d574b6c4a4bf4ceb142454fcee820df1b3","isMergeCommit":false,"messageTitle":"Add callout function config file","messageBody":"","fileTypesAndContributionMap":{"other":{"insertions":9,"deletions":0}}},{"hash":"f6d406f32d94e708d63fdd19467a105f1fd76663","isMergeCommit":false,"messageTitle":"Fix Config file","messageBody":"","fileTypesAndContributionMap":{"other":{"insertions":6,"deletions":6}}},{"hash":"bf41f61dbf079e1e8b29dab7867b639b6307e0bb","isMergeCommit":false,"messageTitle":"Update Config","messageBody":"","fileTypesAndContributionMap":{"other":{"insertions":5,"deletions":5}}},{"hash":"203b2ebd9fb927dd0e6fab11d0b085cfc8c742b2","isMergeCommit":false,"messageTitle":"Update Callouts","messageBody":"","fileTypesAndContributionMap":{"other":{"insertions":37,"deletions":6}}},{"hash":"eb7f98ec637c5d019c69d10f474645d083bdf25c","isMergeCommit":false,"messageTitle":"Minor Cleanup","messageBody":"","fileTypesAndContributionMap":{"docs":{"insertions":2,"deletions":2}}},{"hash":"93d27d9d619109f4a5d222282a9ae4e55d25e101","isMergeCommit":false,"messageTitle":"Minor cleanup on UG","messageBody":"","fileTypesAndContributionMap":{"docs":{"insertions":1,"deletions":0}}}]},{"date":"2024-11-03","commitResults":[{"hash":"4cbdd78747a9ffd18b3a6e9d35ba296acb9e4171","isMergeCommit":true,"messageTitle":"Merge pull request #111 from AjayShanker-geek/ajay/docs-update","messageBody":"Update DG \u0026 UG","fileTypesAndContributionMap":{}},{"hash":"db8c7aa3884c9e7b00d1bebde47153e0548d14b5","isMergeCommit":true,"messageTitle":"Merge pull request #110 from NCF3535/chee-fong-clean-up1","messageBody":"Enhance Documentation and Structure in Patient and Utility Classes","fileTypesAndContributionMap":{}}]},{"date":"2024-11-06","commitResults":[{"hash":"6bb2d7a14fdd6c62299d7403dd04017d2f31f519","isMergeCommit":true,"messageTitle":"Merge pull request #122 from NCF3535/docs/chee-fong-UG-update","messageBody":"Update clarity of UserGuide.md","fileTypesAndContributionMap":{}},{"hash":"4778d88cb4a11fba377128aa212e0838043b5999","isMergeCommit":true,"messageTitle":"Merge pull request #121 from NCF3535/chee-fong-date-time-fix","messageBody":"Fix exception handling for invalid inputs in DateFormat","fileTypesAndContributionMap":{}},{"hash":"05457379e35727bfc51f21aad4b5711b95e11060","isMergeCommit":true,"messageTitle":"Merge pull request #120 from NCF3535/docs/chee-fong-DG-update3","messageBody":"Add and update diagrams for developer guide","fileTypesAndContributionMap":{}},{"hash":"ebb3ea389fec307466c031740925db9b6b723576","isMergeCommit":false,"messageTitle":"Update Architecture Diagram \u0026 Storage Class Diagram to follow group format","messageBody":"","fileTypesAndContributionMap":{"functional-code":{"insertions":3,"deletions":1},"docs":{"insertions":37,"deletions":16}}},{"hash":"dedfffce4a92626fb6174bf40633a1923acc3dff","isMergeCommit":false,"messageTitle":"Clean up DG","messageBody":"","fileTypesAndContributionMap":{"docs":{"insertions":24,"deletions":15}}}]},{"date":"2024-11-07","commitResults":[{"hash":"59303fc04a74c06b1fc2901c09f653c9cec108e5","isMergeCommit":true,"messageTitle":"Merge pull request #123 from AjayShanker-geek/ajay/fix-diagrams","messageBody":"Update diagrams","fileTypesAndContributionMap":{}}]}],"Metanyu":[{"date":"2024-10-03","commitResults":[{"hash":"6c7d93f44ed83b34cbc7b01100031cf6394443d8","isMergeCommit":false,"messageTitle":"Update the first line","messageBody":"","fileTypesAndContributionMap":{"docs":{"insertions":1,"deletions":5}}},{"hash":"647c2cbc80f6f076adddb77b0530841b5fd49cd2","isMergeCommit":true,"messageTitle":"Merge branch \u0027master\u0027 into lowjunchen-AboutUs","messageBody":"","fileTypesAndContributionMap":{}},{"hash":"f1d225422d93eab96d14d2032251b4ffe5a8480e","isMergeCommit":true,"messageTitle":"Merge pull request #1 from AY2425S1-CS2113-T11-1/lowjunchen-AboutUs","messageBody":"Update the first line of the file","fileTypesAndContributionMap":{}},{"hash":"904c34f417ee73b7d35dc6502f500c4529a2643b","isMergeCommit":true,"messageTitle":"Merge branch \u0027master\u0027 into Thu-AboutUs","messageBody":"","fileTypesAndContributionMap":{}},{"hash":"efc9598d2b25eb9577392b5863a6b75e307633ee","isMergeCommit":true,"messageTitle":"Merge pull request #2 from Metanyu/Thu-AboutUs","messageBody":"Update the first line","fileTypesAndContributionMap":{}}]},{"date":"2024-10-09","commitResults":[{"hash":"70ec59049419be1e30967f79e5a15ebca297cebd","isMergeCommit":false,"messageTitle":"create task and command class with add, delete, list, mark, unmark command","messageBody":"","fileTypesAndContributionMap":{"functional-code":{"insertions":287,"deletions":4},"test-code":{"insertions":32,"deletions":0}}},{"hash":"a5b269f1409d4312d1016fe017ddaecab2d9785d","isMergeCommit":false,"messageTitle":"fix bug list not shown, show marked and unmarked task, correctly define duplicate task, added test for show list and duplicate task","messageBody":"","fileTypesAndContributionMap":{"functional-code":{"insertions":21,"deletions":7},"test-code":{"insertions":43,"deletions":7}}},{"hash":"af578ed43dc3aafc4564c4bbf939ea3875e1a71e","isMergeCommit":false,"messageTitle":"edited code to follow coding convention","messageBody":"","fileTypesAndContributionMap":{"test-code":{"insertions":1,"deletions":1}}},{"hash":"1360d5ac8b43be11be68e5ac24583975432334c9","isMergeCommit":false,"messageTitle":"delete unused code in test and put javadoc in tasklist in correct place","messageBody":"","fileTypesAndContributionMap":{"functional-code":{"insertions":7,"deletions":6},"test-code":{"insertions":0,"deletions":2}}},{"hash":"3ce4479c3af901b4ebdc79641d62ece63ab3166f","isMergeCommit":true,"messageTitle":"Merge pull request #14 from Metanyu/Thu-TaskClass","messageBody":"create task, tasklist and command class with add, delete, list, mark, unmark command","fileTypesAndContributionMap":{}}]},{"date":"2024-10-17","commitResults":[{"hash":"a23c0871a6cf395129844397ef37d04320499356","isMergeCommit":true,"messageTitle":"Merge branch \u0027master\u0027 into lowjunchen-parser","messageBody":"","fileTypesAndContributionMap":{}},{"hash":"02ef0442380fb7e5d5e903254aa650567b88f95e","isMergeCommit":true,"messageTitle":"Merge pull request #45 from lowjunchen/lowjunchen-parser","messageBody":"Update parser to include if..else for different states","fileTypesAndContributionMap":{}},{"hash":"618b306cbd152fb64b083f64f28be09956576b41","isMergeCommit":false,"messageTitle":"integrate taskcommand into main class with setData method","messageBody":"","fileTypesAndContributionMap":{"functional-code":{"insertions":8,"deletions":8}}},{"hash":"05f57f19df1158c645db910aac6988c9042a23a9","isMergeCommit":true,"messageTitle":"integrate taskcommand into main function, delete taskcommand because it has no more use.","messageBody":"","fileTypesAndContributionMap":{}},{"hash":"6b75c38ace5bbd8999d8dde0ca19834bdccaf96b","isMergeCommit":false,"messageTitle":"edit command class to follow convention","messageBody":"","fileTypesAndContributionMap":{"functional-code":{"insertions":2,"deletions":1}}},{"hash":"eac848e5e831f92e794fd79390e6aca38695de52","isMergeCommit":false,"messageTitle":"edit list task message to user","messageBody":"","fileTypesAndContributionMap":{"functional-code":{"insertions":1,"deletions":1}}}]},{"date":"2024-10-18","commitResults":[{"hash":"1b8f26c23a7ee8a527f05a87ecb51f5a80d8a218","isMergeCommit":false,"messageTitle":"correctly pass index number to mark, unmark, delete command for task, add assertion and logging for task command; put setData code into ifelse block to avoid buggy behavior when command is null","messageBody":"","fileTypesAndContributionMap":{"functional-code":{"insertions":63,"deletions":8},"test-code":{"insertions":2,"deletions":1}}}]},{"date":"2024-10-23","commitResults":[{"hash":"a21a49e7e2f68f2b9ca4d138bac802c0196ecae1","isMergeCommit":false,"messageTitle":"Update tasklist class to have completion rate for each object and methods to calculate completion rate after each modification to the list","messageBody":"","fileTypesAndContributionMap":{"functional-code":{"insertions":41,"deletions":0},"test-code":{"insertions":34,"deletions":0}}},{"hash":"a3f4fa35cc516e1e0a16bde937a7b398dd9dd858","isMergeCommit":false,"messageTitle":"update tasklist to handle case tasksize \u003d 0 and show completion rate by percentage","messageBody":"","fileTypesAndContributionMap":{"functional-code":{"insertions":11,"deletions":2},"test-code":{"insertions":4,"deletions":3}}},{"hash":"333d8aec0b25fd4ff031e39221615f1c84fda0fa","isMergeCommit":false,"messageTitle":"fix completion rate \u003d 0 upon creation of tasklist, update a completion rate test with empty tasklist","messageBody":"","fileTypesAndContributionMap":{"functional-code":{"insertions":9,"deletions":10},"test-code":{"insertions":12,"deletions":7}}},{"hash":"263aaf73cca9225eae3276564fbcf064943db31d","isMergeCommit":false,"messageTitle":"minor update to pass CI","messageBody":"","fileTypesAndContributionMap":{"test-code":{"insertions":2,"deletions":2}}},{"hash":"12a8f38a826ce0616caa07eea9517a7b52a68809","isMergeCommit":false,"messageTitle":"add find task by keyword function, add corresponding test and logger for said function","messageBody":"","fileTypesAndContributionMap":{"functional-code":{"insertions":67,"deletions":3},"test-code":{"insertions":16,"deletions":0}}},{"hash":"6a1e92bf7732ef51c55b777226746187859cfd67","isMergeCommit":false,"messageTitle":"add deadline, todo, repeat task type and modify addTaskCommand for new type add logic. added exception for empty task description and missing arguments for task types and corresponding tests","messageBody":"","fileTypesAndContributionMap":{"functional-code":{"insertions":133,"deletions":7},"test-code":{"insertions":30,"deletions":3}}}]},{"date":"2024-10-24","commitResults":[{"hash":"198f0ad601e4fba914a181f288acae3bde821c96","isMergeCommit":false,"messageTitle":"add exception for unknown task type and modified addTaskCommand to handle catch block. add a test to add unknown type.","messageBody":"","fileTypesAndContributionMap":{"functional-code":{"insertions":8,"deletions":3},"test-code":{"insertions":9,"deletions":0}}},{"hash":"25a80e9d3dbee843c6914bc2c5609d415811e39d","isMergeCommit":false,"messageTitle":"minor change to follow indentation rule","messageBody":"","fileTypesAndContributionMap":{"functional-code":{"insertions":9,"deletions":9}}},{"hash":"9d8b62f20b02714462b3cad6385af4cfe1abe32f","isMergeCommit":false,"messageTitle":"style edit in task class","messageBody":"","fileTypesAndContributionMap":{"functional-code":{"insertions":4,"deletions":1}}},{"hash":"38df489262562cb3299b997e0958d70e6c01484d","isMergeCommit":false,"messageTitle":"update missing argument exception to state what is required. update test to keep up with the addition of new task types","messageBody":"","fileTypesAndContributionMap":{"functional-code":{"insertions":24,"deletions":1},"test-code":{"insertions":14,"deletions":10}}},{"hash":"208e9727c9fd05aae2df07d810f3628334f32386","isMergeCommit":false,"messageTitle":"check style edit - line too long fix","messageBody":"","fileTypesAndContributionMap":{"test-code":{"insertions":8,"deletions":3}}},{"hash":"5ecd89aa400cb0e4041d422cb20712ce502bed17","isMergeCommit":false,"messageTitle":"minor check style edit","messageBody":"","fileTypesAndContributionMap":{"functional-code":{"insertions":1,"deletions":2}}},{"hash":"0548d8d79cab328277b9adca0e45bc167fe37e8e","isMergeCommit":false,"messageTitle":"edit tests for task list to match new task type format","messageBody":"","fileTypesAndContributionMap":{"functional-code":{"insertions":4,"deletions":3},"test-code":{"insertions":2,"deletions":2}}},{"hash":"629ba00f7f57929d5f5f08dbc47038d489a2ce05","isMergeCommit":false,"messageTitle":"separate get completion rate method into return double value and return string (percentage)","messageBody":"","fileTypesAndContributionMap":{"functional-code":{"insertions":8,"deletions":3},"test-code":{"insertions":2,"deletions":2}}},{"hash":"84b2f7abf1572e6e847a9341be60483aecf02942","isMergeCommit":true,"messageTitle":"Merge branch \u0027master\u0027 into CompletionRate-TaskUpdate","messageBody":"","fileTypesAndContributionMap":{}}]},{"date":"2024-10-29","commitResults":[{"hash":"672a362261509f73be15d139130ae16a7f2278e2","isMergeCommit":false,"messageTitle":"DG update: additional sequence diagram for task, class diagram for command package and task package","messageBody":"","fileTypesAndContributionMap":{"functional-code":{"insertions":2,"deletions":1},"docs":{"insertions":210,"deletions":60}}},{"hash":"a9cc492ceed4b9d0020f83e85234d9d5c5ca7a78","isMergeCommit":true,"messageTitle":"Merge pull request #99 from Metanyu/DG-Update","messageBody":"DG update: additional sequence diagram for task, class diagram for command and task package","fileTypesAndContributionMap":{}}]},{"date":"2024-11-01","commitResults":[{"hash":"3a40d10c975df728a2e2b90b08c7ca1a3cc9057a","isMergeCommit":false,"messageTitle":"Update PPP","messageBody":"","fileTypesAndContributionMap":{"docs":{"insertions":27,"deletions":0}}},{"hash":"06ff22aad21d288bd1184488939528e386b04d87","isMergeCommit":true,"messageTitle":"Merge pull request #1 from Metanyu/docs/PPP-update","messageBody":"Update PPP","fileTypesAndContributionMap":{}},{"hash":"d6b59e565f119248b4cdaba3d2e053b9a403db2a","isMergeCommit":false,"messageTitle":"minor update in DG - update task classes description and user stories","messageBody":"","fileTypesAndContributionMap":{"docs":{"insertions":16,"deletions":4}}},{"hash":"c4367775eb857088df3d7c9c112410ed036aa6c0","isMergeCommit":true,"messageTitle":"Merge pull request #107 from Metanyu/docs/PPP-update","messageBody":"Update PPP","fileTypesAndContributionMap":{}}]},{"date":"2024-11-05","commitResults":[{"hash":"31dc0ab2e5cad9c2fbd5868b5c10bab8c7b2a1a8","isMergeCommit":true,"messageTitle":"Merge branch \u0027AY2425S1-CS2113-T11-1:master\u0027 into master","messageBody":"","fileTypesAndContributionMap":{}},{"hash":"f5e18118393e952675e21276de0a009ec59bb491","isMergeCommit":false,"messageTitle":"Update user guide for task-related features, minor formatting change: split certain features into main state and task state.","messageBody":"","fileTypesAndContributionMap":{"docs":{"insertions":86,"deletions":25}}},{"hash":"7086414234b8152a417683b5e51fc55c12f29ed9","isMergeCommit":true,"messageTitle":"Merge pull request #117 from NCF3535/docs/chee-fong-DG-update2","messageBody":"Developer Guide Updates","fileTypesAndContributionMap":{}},{"hash":"8f4f236a884dc5f43629189ba697900d7369791c","isMergeCommit":true,"messageTitle":"Merge pull request #116 from Metanyu/docs/UG-Update","messageBody":"Update task-related features for UG and minor formatting change","fileTypesAndContributionMap":{}},{"hash":"46268ff9c585a049ef8b5ec04926cd742bd59b8c","isMergeCommit":false,"messageTitle":"Update Diagram","messageBody":"* What changed:\n- Updated sequence diagram for add task feature with standardised coloring. Added activation bars for all classes for consistency.\n- Updated class diagram for Task and Command classes with standardised coloring. Fixed formatting for less clustered view.\n","fileTypesAndContributionMap":{"docs":{"insertions":38,"deletions":21}}}]},{"date":"2024-11-07","commitResults":[{"hash":"4ec8a91b7700c64c95c413e246a6b3a40079c06e","isMergeCommit":true,"messageTitle":"git checkout -b Metanyu-docs/Diagram-Update master merge branch \u0027Metanyu-docs/Diagram-Update\u0027 \tUpdate sequence diagram according to TA\u0027s feedback add colons. \tAdditional activation bars for all classes for consistency. \tChanged coloring to meet standard.","messageBody":"\tUpdate class diagram for Task and Command classes with\n\tstandardised coloring. Fixed formatting for less clustered view.\n","fileTypesAndContributionMap":{}},{"hash":"1a35401859d960f5c8ac317203562b74dde7042b","isMergeCommit":true,"messageTitle":"Resolve conflicts by taking newer version from fork","messageBody":"","fileTypesAndContributionMap":{}},{"hash":"e43e970a796b625e1fbe2d86d6071606bb323cc5","isMergeCommit":true,"messageTitle":"Merge pull request #3 from Metanyu/master","messageBody":"Resolve conflicts","fileTypesAndContributionMap":{}},{"hash":"076e65e2fa71efba6895cd44dd42d547b641b7d2","isMergeCommit":true,"messageTitle":"Merge pull request #118 from Metanyu/docs/Diagram-Update","messageBody":"Update Diagram","fileTypesAndContributionMap":{}}]}],"lowjunchen":[{"date":"2024-10-02","commitResults":[{"hash":"7c0e517e808bc2abd5d9ffe64fe6603aabced170","isMergeCommit":false,"messageTitle":"Fix README bugs","messageBody":"","fileTypesAndContributionMap":{"docs":{"insertions":1,"deletions":1}}}]},{"date":"2024-10-03","commitResults":[{"hash":"38b299fef6cac5ba7e853da85a699386796220de","isMergeCommit":false,"messageTitle":"Update the first line of the file","messageBody":"","fileTypesAndContributionMap":{"docs":{"insertions":3,"deletions":7}}},{"hash":"479b5e098f97767805b3572f1bd3abcdae5736b4","isMergeCommit":true,"messageTitle":"Merge branch \u0027master\u0027 into ajay-AboutUs","messageBody":"","fileTypesAndContributionMap":{}},{"hash":"9505a8f619bc39f4b422854aaa70fb05263d55c4","isMergeCommit":true,"messageTitle":"Merge branch \u0027master\u0027 into ajay-AboutUs","messageBody":"","fileTypesAndContributionMap":{}},{"hash":"0d467e723636ad4f3ff96e3935b1e30d0464f94f","isMergeCommit":true,"messageTitle":"Merge branch \u0027master\u0027 into kenneth-AboutUs","messageBody":"","fileTypesAndContributionMap":{}},{"hash":"fdfe7a4861230aeaab4fe2b9e9e84378d7617b9e","isMergeCommit":true,"messageTitle":"Merge pull request #4 from AjayShanker-geek/ajay-AboutUs","messageBody":"Add Team (Ajay)","fileTypesAndContributionMap":{}},{"hash":"e203b030f313509b6dc4247dec358b3cc6eeb052","isMergeCommit":true,"messageTitle":"Merge branch \u0027master\u0027 into kenneth-AboutUs","messageBody":"","fileTypesAndContributionMap":{}},{"hash":"485983d504e3d8f4ffd3edb4541965810b8ddff9","isMergeCommit":true,"messageTitle":"Merge pull request #5 from kennethszj/kenneth-AboutUs","messageBody":"Add kenneth name","fileTypesAndContributionMap":{}}]},{"date":"2024-10-05","commitResults":[{"hash":"43674d8372135e7555cf7aed0229dd78567d90e4","isMergeCommit":false,"messageTitle":"Packages the project into its skeleton files and classes","messageBody":"","fileTypesAndContributionMap":{"functional-code":{"insertions":21,"deletions":0},"other":{"insertions":1,"deletions":1}}}]},{"date":"2024-10-06","commitResults":[{"hash":"fbbbd5019cfeadd6f407f45372bcfcd68090f7fb","isMergeCommit":false,"messageTitle":"Handles different keywords of commands in Parser class","messageBody":"","fileTypesAndContributionMap":{"functional-code":{"insertions":90,"deletions":0},"other":{"insertions":1,"deletions":1}}}]},{"date":"2024-10-08","commitResults":[{"hash":"4f752498f82aeed73c7c577b355a5608c9b209c6","isMergeCommit":true,"messageTitle":"Merge pull request #10 from lowjunchen/lowjunchen-PackagesSkeleton","messageBody":"Handle different keywords of commands in Parser class","fileTypesAndContributionMap":{}}]},{"date":"2024-10-11","commitResults":[{"hash":"5cd32e4f96899f145d3cd198940eede7dfa26bf0","isMergeCommit":false,"messageTitle":"Include Unit Tests to ensure workability of program","messageBody":"","fileTypesAndContributionMap":{"functional-code":{"insertions":19,"deletions":66},"test-code":{"insertions":45,"deletions":0}}}]},{"date":"2024-10-15","commitResults":[{"hash":"e3bd4fc23af79f9e347a2747a605436048b32ece","isMergeCommit":false,"messageTitle":"Merge Command return data type","messageBody":"","fileTypesAndContributionMap":{"functional-code":{"insertions":43,"deletions":13},"test-code":{"insertions":0,"deletions":21}}}]},{"date":"2024-10-16","commitResults":[{"hash":"a55e387554fefe69482a24ebf0c37cba132c39ea","isMergeCommit":false,"messageTitle":"Update unit tests, add logging and add assertions","messageBody":"Unit tests includes all methods in Parser class\nAdd logging for error lines in Parser class\nAdd assertions for \u0027status\u0027 member in Parser class\n","fileTypesAndContributionMap":{"functional-code":{"insertions":25,"deletions":3},"test-code":{"insertions":55,"deletions":4}}},{"hash":"76b7dc58aaed715b419a840e92d2234fc0736ae1","isMergeCommit":true,"messageTitle":"Merge pull request #38 from lowjunchen/lowjunchen-PackagesSkeleton","messageBody":"Update unit tests, add logging and add assertions","fileTypesAndContributionMap":{}},{"hash":"7af8799b626d5ecf028a44e8c2d631c0541c35da","isMergeCommit":true,"messageTitle":"Merge branch \u0027master\u0027 into integrate_v.1","messageBody":"","fileTypesAndContributionMap":{}}]},{"date":"2024-10-17","commitResults":[{"hash":"f062a5b67c9500b96e661464022684a27c4c19cb","isMergeCommit":true,"messageTitle":"Merge pull request #40 from AjayShanker-geek/ajayshanker-assertions","messageBody":"Add Assertions in StorageFile and JsonUtil","fileTypesAndContributionMap":{}},{"hash":"57b95873f1947769ef5eb656af97e1cf1beaaeb6","isMergeCommit":false,"messageTitle":"Update parser to include if..else for different states","messageBody":"","fileTypesAndContributionMap":{"functional-code":{"insertions":32,"deletions":16}}}]},{"date":"2024-10-18","commitResults":[{"hash":"bc20889accf77c93b440cb859de11ae364515660","isMergeCommit":true,"messageTitle":"Merge pull request #50 from Metanyu/master","messageBody":"correctly pass index number to mark, unmark, delete command for task","fileTypesAndContributionMap":{}},{"hash":"a7e449f3579539fd77b45ae4e3cb8eeff84a3579","isMergeCommit":false,"messageTitle":"Solve issue 1.0 of allowing userName and taskName to be multiple words","messageBody":"","fileTypesAndContributionMap":{"functional-code":{"insertions":4,"deletions":2}}}]},{"date":"2024-10-24","commitResults":[{"hash":"c8c7e6dec84bb1fa11898d8c27bb2d67954d3afc","isMergeCommit":false,"messageTitle":"Refactor Parser code to call Parse class\u0027s parseCommand method. This method filters input to call relevant commands. Place all commands in separate files to implement interface in oop style","messageBody":"","fileTypesAndContributionMap":{"functional-code":{"insertions":209,"deletions":92},"docs":{"insertions":141,"deletions":1},"test-code":{"insertions":86,"deletions":86}}},{"hash":"feb2948ccce9c527a6e51e4eb4dcfe25de75de18","isMergeCommit":false,"messageTitle":"Fix the checkstyle errors","messageBody":"","fileTypesAndContributionMap":{"functional-code":{"insertions":12,"deletions":25}}},{"hash":"cc1746e90714c1dbd56d71921dae19e0421147ae","isMergeCommit":false,"messageTitle":"Introduce adding new tasks via \"Deadline\", \"Todo\", \"Repeat\" command. Also parse relevant keywords such as \u0027/\u0027 Introduce new functions for finding patientName and taskName, via \"find\"command Edit the JUnit test to include reflected changes","messageBody":"","fileTypesAndContributionMap":{"functional-code":{"insertions":107,"deletions":19},"test-code":{"insertions":89,"deletions":86}}},{"hash":"d8d03f9b44776325cda98bf57391164bc4e506cb","isMergeCommit":false,"messageTitle":"Include logging","messageBody":"","fileTypesAndContributionMap":{"functional-code":{"insertions":19,"deletions":0}}}]},{"date":"2024-10-26","commitResults":[{"hash":"745e766293550d1484fed4a62420aae829fb0dbe","isMergeCommit":true,"messageTitle":"Merge pull request #76 from kennethszj/modify-dg","messageBody":"Update Developer Guide","fileTypesAndContributionMap":{}},{"hash":"85db25d4e01078f17721ed84f69eeeeaea13eff5","isMergeCommit":true,"messageTitle":"Merge pull request #77 from kennethszj/tag-feature","messageBody":"implement tagging feature for patients","fileTypesAndContributionMap":{}}]},{"date":"2024-10-27","commitResults":[{"hash":"c665f0b5276a538b0f84b00844fcf0cda96f67c5","isMergeCommit":true,"messageTitle":"Merge pull request #82 from AjayShanker-geek/ajay/code-clean-up","messageBody":"Add Stage Manager \u0026 Fix Storage to support tag feature","fileTypesAndContributionMap":{}},{"hash":"b80bfa5282d6bbeae166200c1669c4a3016458f3","isMergeCommit":false,"messageTitle":"First, create an OOP structure for Parser. This is in ParserUtils package. Second, integrate for the new commands such as \"repeat\", \"deadline\" and \"find\" Last, remove \"edit\" command","messageBody":"","fileTypesAndContributionMap":{"functional-code":{"insertions":192,"deletions":117}}},{"hash":"c0c98f0948e920c514f492600a4ed4bd1cbe157a","isMergeCommit":false,"messageTitle":"Solve checkstyle and test errors","messageBody":"","fileTypesAndContributionMap":{"functional-code":{"insertions":15,"deletions":18},"other":{"insertions":7,"deletions":7},"test-code":{"insertions":1,"deletions":1}}},{"hash":"046cc2ed16c915f0753e145ecae07ab1a45be522","isMergeCommit":false,"messageTitle":"Update ParserTests to include the newly added commands","messageBody":"","fileTypesAndContributionMap":{"test-code":{"insertions":87,"deletions":1}}},{"hash":"6e0e7dd8d13ef078ba43a27a54088adf1c4955e1","isMergeCommit":false,"messageTitle":"Update DeveloperGuide for AddTodoTask, AddDeadlineTask, AddRepeatTask Also FindTask and FindPatient","messageBody":"","fileTypesAndContributionMap":{"docs":{"insertions":160,"deletions":145}}}]},{"date":"2024-10-28","commitResults":[{"hash":"8d0e9a35df6cc54e2d2937b40a219392324a324c","isMergeCommit":true,"messageTitle":"Merge pull request #88 from lowjunchen/Merge-Commands-for-2.0","messageBody":"Update DeveloperGuide for AddTodoTask, AddDeadlineTask, AddRepeatTask","fileTypesAndContributionMap":{}},{"hash":"8b3e228a1ffaa6f420df33b73fa0df5bcbd9cce4","isMergeCommit":false,"messageTitle":"Run coverage tests for Parser to achieve at least 100%, and optimize code","messageBody":"","fileTypesAndContributionMap":{"functional-code":{"insertions":8,"deletions":30},"test-code":{"insertions":114,"deletions":7}}},{"hash":"8ebf0da3ff9510d25c88a1f385de4e116f6a9c3b","isMergeCommit":false,"messageTitle":"Pass checkstyle tests by removing the capital letter of Parser to parser","messageBody":"","fileTypesAndContributionMap":{"test-code":{"insertions":1,"deletions":1}}},{"hash":"e239c65648fb9985b9937de65a6e5b0b3776e970","isMergeCommit":true,"messageTitle":"Merge branch \u0027master\u0027 into Merge-Commands-for-2.0","messageBody":"","fileTypesAndContributionMap":{}},{"hash":"32cf411d7a4ebb4f26eae6efe6fa827f4686ba81","isMergeCommit":false,"messageTitle":"Update DeveloperGuide for AddTodoTask, AddDeadlineTask, AddRepeatTask Also FindTask and FindPatient","messageBody":"","fileTypesAndContributionMap":{"docs":{"insertions":160,"deletions":145}}},{"hash":"86802586a679b25d91a0efdb879cda69ead9b249","isMergeCommit":false,"messageTitle":"Run coverage tests for Parser to achieve at least 100%, and optimize code","messageBody":"","fileTypesAndContributionMap":{"functional-code":{"insertions":8,"deletions":30},"test-code":{"insertions":114,"deletions":7}}},{"hash":"ae2764b000a5d55d7bcd9ec8d298ec138fbd1553","isMergeCommit":false,"messageTitle":"Pass checkstyle tests by removing the capital letter of Parser to parser","messageBody":"","fileTypesAndContributionMap":{"test-code":{"insertions":1,"deletions":1}}},{"hash":"e10d61e2987a348e8e5298bda763358e0dbcb760","isMergeCommit":false,"messageTitle":"Edit failing parser to include time in deadline","messageBody":"","fileTypesAndContributionMap":{"test-code":{"insertions":2,"deletions":2}}},{"hash":"dd25591a40a1c916bb00ae66dfdf810222cc99bc","isMergeCommit":false,"messageTitle":"Edit failing parser to include time in deadline","messageBody":"","fileTypesAndContributionMap":{"test-code":{"insertions":1,"deletions":1}}},{"hash":"0e8c2811ce1c43c0ec5d1ed382d9893a191f0d1b","isMergeCommit":false,"messageTitle":"Add JavDoc comments","messageBody":"","fileTypesAndContributionMap":{"functional-code":{"insertions":236,"deletions":21},"test-code":{"insertions":78,"deletions":0}}}]},{"date":"2024-10-29","commitResults":[{"hash":"211f01cf89f1bb65a42873e7d4a317279635b858","isMergeCommit":true,"messageTitle":"Merge branch \u0027AY2425S1-CS2113-T11-1:master\u0027 into master","messageBody":"","fileTypesAndContributionMap":{}},{"hash":"a51b8eefc3c1e2ac9591d77d8d08c62e998482d7","isMergeCommit":false,"messageTitle":"Update DG","messageBody":"","fileTypesAndContributionMap":{"docs":{"insertions":147,"deletions":100}}},{"hash":"aa4b7a74f8c57c2302d87f1221b20be77903b4d5","isMergeCommit":false,"messageTitle":"Add JavDoc comments","messageBody":"","fileTypesAndContributionMap":{"functional-code":{"insertions":236,"deletions":21},"test-code":{"insertions":78,"deletions":0}}},{"hash":"616a697960741201006b1aba52cbbee4da13ae94","isMergeCommit":true,"messageTitle":"Merge pull request #92 from lowjunchen/Merge-Commands-for-2.0","messageBody":"Update Coverage Tests, Include JavaDoc","fileTypesAndContributionMap":{}}]},{"date":"2024-11-01","commitResults":[{"hash":"11dbcab38814effac7d53eba3f6bb5f7f64f1ac1","isMergeCommit":true,"messageTitle":"Merge branch \u0027AY2425S1-CS2113-T11-1:master\u0027 into master","messageBody":"","fileTypesAndContributionMap":{}},{"hash":"6ac3885c032be911892bb646c6a0326b35b481d0","isMergeCommit":false,"messageTitle":"Include PPP for my role","messageBody":"","fileTypesAndContributionMap":{"docs":{"insertions":60,"deletions":0}}},{"hash":"01ac1e0d0b12d35508ae4575d51fa37a3c630ed8","isMergeCommit":true,"messageTitle":"Merge pull request #106 from lowjunchen/PPP","messageBody":"Update ppp","fileTypesAndContributionMap":{}}]},{"date":"2024-11-05","commitResults":[{"hash":"4b0e61d9c1b48e82966c7487b42627e8ee6f3d10","isMergeCommit":false,"messageTitle":"Change class diagram to integrate color scheme of the group","messageBody":"","fileTypesAndContributionMap":{"functional-code":{"insertions":14,"deletions":11},"docs":{"insertions":47,"deletions":19}}},{"hash":"510a383d9830fa21c56fde508ba9452021a37dca","isMergeCommit":false,"messageTitle":"Change FIXME to TODO to pass Gradle checks","messageBody":"","fileTypesAndContributionMap":{"functional-code":{"insertions":1,"deletions":1}}},{"hash":"94d2a7d7c89af22990e490544f46ce8da53cecef","isMergeCommit":true,"messageTitle":"Merge branch \u0027master\u0027 into colorscheme","messageBody":"","fileTypesAndContributionMap":{}},{"hash":"288ac0f3ab10c564c866ed468e811df80ca4a325","isMergeCommit":true,"messageTitle":"Merge pull request #114 from lowjunchen/colorscheme","messageBody":"Change class diagram to integrate color scheme of the group","fileTypesAndContributionMap":{}}]},{"date":"2024-11-07","commitResults":[{"hash":"26b9ad04d3cb3b305c3f76ff956fa4d2ab2795ca","isMergeCommit":false,"messageTitle":"Resolve Issue #126","messageBody":"","fileTypesAndContributionMap":{"docs":{"insertions":29,"deletions":11}}},{"hash":"f92c53c9af948429e312f6771407457e9bf32015","isMergeCommit":true,"messageTitle":"Merge pull request #128 from lowjunchen/bugfix","messageBody":"Resolve Issue #126","fileTypesAndContributionMap":{}}]}],"NCF3535":[{"date":"2024-10-03","commitResults":[{"hash":"03a4232416f032cccabb6cd1290274598e3c8c06","isMergeCommit":false,"messageTitle":"Update AboutUs.md","messageBody":"","fileTypesAndContributionMap":{"docs":{"insertions":4,"deletions":7}}},{"hash":"63b1097b490542e217e72a05c6b171abd9c0821e","isMergeCommit":true,"messageTitle":"Merge pull request #3 from NCF3535/CheeFong-AboutUs","messageBody":"Update AboutUs.md","fileTypesAndContributionMap":{}}]},{"date":"2024-10-08","commitResults":[{"hash":"3400d154e9fec18d3ddffc65e22b500eaad30f9b","isMergeCommit":false,"messageTitle":"Create Patient class and commands","messageBody":"The Patient class was created to represent individual patients.\n\nChanges made:\n* Added `name` and `index` attributes to the Patient class.\n* Implemented getters and setters for `name` and `index`.\n* Created `AddPatientCommand` to add new patients.\n* Created `DelPatientCommand` to delete patients by index.\n* Created `ListPatientCommand` to list all patients.\n* Created `SelectPatientCommand` to select a specific patient.\n\nThese changes establish the structure for patient management and\nprovide basic functionality for handling patients in the system.\n","fileTypesAndContributionMap":{"functional-code":{"insertions":113,"deletions":0},"test-code":{"insertions":73,"deletions":0}}},{"hash":"046d52be6dbd6ddf6dc7a19d14c7f792fc3175f2","isMergeCommit":false,"messageTitle":"Ensure commands end with a new line","messageBody":"Updated all patient-related commands to ensure that they end with a\nnew line character for proper formatting.\n\nChanges made:\n* Added a new line at the end of `AddPatientCommand`.\n* Added a new line at the end of `DelPatientCommand`.\n* Added a new line at the end of `ListPatientCommand`.\n* Added a new line at the end of `SelectPatientCommand`.\n\nThese changes ensure that the code conforms to standard formatting\npractices, improving readability and preventing potential issues.\n","fileTypesAndContributionMap":{"functional-code":{"insertions":4,"deletions":5}}},{"hash":"f6a34214001b5573ab7dfd792bf953826b0ae420","isMergeCommit":false,"messageTitle":"Comment out and remove unused imports","messageBody":"Updated the code by commenting out or removing unused imports to\nensure it fulfills checkstyle requirements.\n\nChanges made:\n* Removed unused imports across all patient-related commands.\n* Removed unused imports in `Patient` class and `PatientTest`.\n\nThese changes help maintain a clean codebase and meet checkstyle\nrequirements.\n","fileTypesAndContributionMap":{"functional-code":{"insertions":5,"deletions":2},"test-code":{"insertions":2,"deletions":2}}}]},{"date":"2024-10-09","commitResults":[{"hash":"fd99fe071e3a151b25ea2015f246d5926c65f7bb","isMergeCommit":true,"messageTitle":"Merge pull request #13 from NCF3535/CheeFong-PatientClass","messageBody":"Create Patient class and commands","fileTypesAndContributionMap":{}}]},{"date":"2024-10-14","commitResults":[{"hash":"dfc0cc42a6060f9e7fe485ae2f1c4e82d61ca054","isMergeCommit":false,"messageTitle":"Create Hospital class and refactor commands","messageBody":"The Hospital class was added to manage patients and their respective\ntasks, consolidating patient-related data and actions in one place.\n\nChanges made:\n* Created Hospital class to manage patient data and maintain a list\n  of patients, each with a unique TaskList.\n* Updated AddPatientCommand, DeletePatientCommand, ListPatientCommand,\n  and SelectPatientCommand to work seamlessly with the Hospital class.\n* Enhanced consistency in naming conventions to align with Java coding\n  standards.\n* Moved patient management functionality to the Hospital class.\n\nThese changes ensure that the hospital management system is modular\nand readable for better scalability and maintenance.\n","fileTypesAndContributionMap":{"functional-code":{"insertions":179,"deletions":102},"test-code":{"insertions":42,"deletions":45}}},{"hash":"6a17efd2a8b6098710f6ebeeea027811b0ae0342","isMergeCommit":false,"messageTitle":"Fix Checkstyle errors","messageBody":"Resolved Checkstyle issues in AddPatientCommand.java,\nDeletePatientCommand.java, and Patient.java to ensure consistency\nwith Java coding standards.\n\nChanges made:\n* Moved static variable declarations above instance variables in all\n  affected classes to comply with DeclarationOrder rule.\n* Added newline at the end of files to meet NewlineAtEndOfFile\n  requirement.\n\nThese changes improve code readability and maintain consistency with\nstyle guidelines across the project.\n","fileTypesAndContributionMap":{"functional-code":{"insertions":6,"deletions":5}}}]},{"date":"2024-10-15","commitResults":[{"hash":"b6d9c9cdbda2d583ef1a0bdd8a0a38517703e137","isMergeCommit":true,"messageTitle":"Merge pull request #26 from lowjunchen/lowjunchen-PackagesSkeleton","messageBody":"Merge Command return data type","fileTypesAndContributionMap":{}},{"hash":"7f3c6e279e719cf2fb205abccfe3065645b484db","isMergeCommit":false,"messageTitle":"Add State class and StateType enum for system management","messageBody":"MediTask lacked a way to track current state, making it hard to\nhandle state transitions and state-specific command logic.\n\nChanges made:\n*Created State class to hold and manage the current state of the\n  system.\n*Added StateType enum to represent different states: MAIN_STATE and\n  TASK_STATE.\n*Provides a flexible way to handle state transitions and state-\n  specific command logic.\n\nThis change lays the foundation for better command validation based\non the system state.\n","fileTypesAndContributionMap":{"functional-code":{"insertions":24,"deletions":0}}},{"hash":"536af92cdc440763394bfca9a8f93ec07f3fef69","isMergeCommit":true,"messageTitle":"Merge pull request #27 from NCF3535/heads/CheeFong-StateClass","messageBody":"Add State class and StateType enum for system management","fileTypesAndContributionMap":{}},{"hash":"0fbd4dead08a097cd9cba374630cdc4035ee8afa","isMergeCommit":false,"messageTitle":"Refactor State class to use StateType enum for clarity","messageBody":"The State class previously used an int to represent state, which\nlimited type safety and made it less clear what each state value\nrepresented.\n\nChanges made:\n* Replaced int-based state representation with StateType enum.\n* Updated constructor, getter, and setter methods to use StateType.\n\nThese changes improve readability, type safety, and alignment with\nthe intended use of enumerations for representing different states.\n","fileTypesAndContributionMap":{"functional-code":{"insertions":7,"deletions":6}}},{"hash":"1e0f0ed94ad0d12b9a51a08de0201e1fc6c76ed9","isMergeCommit":true,"messageTitle":"Merge pull request #29 from NCF3535/heads/CheeFong-StateClass","messageBody":"Refactor State class to use StateType enum for clarity","fileTypesAndContributionMap":{}}]},{"date":"2024-10-16","commitResults":[{"hash":"06fb3bc37aa15775ac36d99724ae2a7ff3abd8be","isMergeCommit":false,"messageTitle":"Update Parser to interact with new StateType enum","messageBody":"The Parser was designed to handle states using an int representation,\nwhich is incompatible with the new State class using the StateType\nenum.\n\nChanges made:\n* Modified Parser logic to parse and convert input into StateType.\n* Updated state handling logic to work with the new StateType enum.\n\nThese changes ensure that the Parser integrates seamlessly with\nthe StateType enum, enhancing type safety and improving state\nmanagement expressiveness.\n","fileTypesAndContributionMap":{"functional-code":{"insertions":7,"deletions":1},"test-code":{"insertions":29,"deletions":18}}},{"hash":"5da1b0b778b07d237a2a10ab213751b26fa5bd3c","isMergeCommit":true,"messageTitle":"Merge pull request #41 from NCF3535/heads/CheeFong-Fix-Parser","messageBody":"Update Parser to interact with new StateType enum","fileTypesAndContributionMap":{}},{"hash":"3bfceb962f0994ffe28112081c8f7f7dfeed6037","isMergeCommit":false,"messageTitle":"Add logging and assertions to patient commands","messageBody":"Changes made:\n* Added logging for severe issues in DeletePatientCommand,\n  SelectPatientCommand, BackCommand, and others.\n* Introduced assertions to ensure non-negative indices and\n  non-null objects to improve reliability.\n* Standardized public static messages like COMMAND_WORD, success\n  messages, and error messages for consistency.\n* Added logger warnings to enhance robustness where necessary.\n\nThese changes improve error handling, consistency, and robustness\nacross patient-related commands.\n","fileTypesAndContributionMap":{"functional-code":{"insertions":157,"deletions":25},"test-code":{"insertions":2,"deletions":2}}},{"hash":"30fc6fea2ef11733df9ce7ed258e0e6dfa724b86","isMergeCommit":false,"messageTitle":"Fix UiTest by updating expected welcome message","messageBody":"Changes made:\n* Updated the expected output in showWelcome_displaysWelcomeMessage_\n  correctly test to include the exclamation mark after \"Welcome to\n  Meditask\".\n* Ensured the expected output matches the actual printed message\n  format.\n\nThese changes resolve the UiTest failure by aligning the expected\noutput with the current program behavior.\n","fileTypesAndContributionMap":{"test-code":{"insertions":1,"deletions":2}}},{"hash":"2bf23e90527ef0ead233f28ea2f309cc193161aa","isMergeCommit":true,"messageTitle":"Merge pull request #42 from NCF3535/CheeFong-Patient-Command-Enhancement","messageBody":"Add logging and assertions to patient commands","tags":["v1.0"],"fileTypesAndContributionMap":{}}]},{"date":"2024-10-18","commitResults":[{"hash":"1f2d3acf9e2309b4d47e86d6ae20bc82bfaa7298","isMergeCommit":true,"messageTitle":"Merge pull request #46 from Metanyu/master","messageBody":"Integrate task command into main function ","fileTypesAndContributionMap":{}}]},{"date":"2024-10-20","commitResults":[{"hash":"4d4a53de99e27171a808ea11c0d89e8e4649aaec","isMergeCommit":false,"messageTitle":"Enable assertions in Gradle build configuration","messageBody":"Previously, the project did not explicitly enable assertions in the\nJVM, which could lead to missed assertion checks during runtime.\n\nChanges Made:\n- Added enableAssertions \u003d true to ensure that assertions are enabled\n  by default.\n- Updated jvmArgs to include the \"-ea\" flag, explicitly enabling\n  assertions in the JVM.\n\nThese changes ensure that assertion checks are active, improving\nruntime validation for debugging and correctness.\n","fileTypesAndContributionMap":{"other":{"insertions":3,"deletions":1}}},{"hash":"beafe42584337bfd652e332df3e986e79d91e4a1","isMergeCommit":true,"messageTitle":"Merge pull request #61 from NCF3535/feature/chee-fong-enable-assertions","messageBody":"Enable assertions in Gradle build configuration","fileTypesAndContributionMap":{}},{"hash":"b144debca6cdcebbb148204c1f54f7c970107cc0","isMergeCommit":true,"messageTitle":"Merge pull request #60 from NCF3535/CheeFong-add-manifest-for-jar","messageBody":"Add MANIFEST.MF file for JAR creation","fileTypesAndContributionMap":{}}]},{"date":"2024-10-24","commitResults":[{"hash":"75babe701b90b3af5bed399b6cf963479c77df01","isMergeCommit":false,"messageTitle":"Update Developer Guide","messageBody":"Changes made:\n* Added  implementation for AddPatientCommand, including\n  execution steps and a sequence diagram.\n* Updated v1.0 user stories to include task management functionalities\n  for nurses, such as adding, deleting, marking, and unmarking tasks.\n* Included AddPatientCommand sequence diagram (docs/images/\n  AddPatientSequenceDiagram.png).\n\nThese updates enhance documentation by providing clarity on the\nimplementation details of key commands and improving the overall\nusability of the guide.\n","fileTypesAndContributionMap":{"docs":{"insertions":64,"deletions":7}}},{"hash":"e731f415ee0e57ab9e0d03f76012bb228608853e","isMergeCommit":false,"messageTitle":"Add activation bars to AddPatientCommand sequence diagram","messageBody":"Changes made:\n* Updated AddPatientCommand sequence diagram to include activation\n  bars, improving accuracy and readability.\n* Replaced the old diagram with the updated version (docs/images/\n  AddPatientSequenceDiagram.png).\n\nThese changes provide a clearer representation of the method calls\nand lifetimes involved in the AddPatientCommand sequence, ensuring\nbetter understanding for developers.\n","fileTypesAndContributionMap":{"docs":{"insertions":28,"deletions":11}}},{"hash":"b7a8baed29b0c8d9f237c76870f2fc7869ac3455","isMergeCommit":true,"messageTitle":"Merge pull request #70 from NCF3535/docs/chee-fong-addpatient-command-implementation","messageBody":"Update Developer Guide","fileTypesAndContributionMap":{}}]},{"date":"2024-10-25","commitResults":[{"hash":"fbd5715d74cf08cb9032f2986ae55117f273a96d","isMergeCommit":false,"messageTitle":"Add FindPatientCommand to support patient search","messageBody":"Changes made:\n* Implemented FindPatientCommand to allow users to search for\n  patients by name.\n* Added corresponding unit tests for FindPatientCommand to ensure\n  functionality is working as intended.\n\nThese changes enhance the application by providing an easy way to\nsearch for patients, improving usability and user experience.\n","fileTypesAndContributionMap":{"functional-code":{"insertions":68,"deletions":0},"test-code":{"insertions":55,"deletions":0}}},{"hash":"a7eae52728b0cca51925e5d3b0ecdd3f17416a47","isMergeCommit":true,"messageTitle":"Merge pull request #78 from NCF3535/feature/chee-fong-find-patient","messageBody":"Add FindPatientCommand to support patient search","fileTypesAndContributionMap":{}}]},{"date":"2024-10-26","commitResults":[{"hash":"2e27f4ac1d1646c1c0e6abbe8498181f1da02c85","isMergeCommit":false,"messageTitle":"Add comprehensive unit tests for patient commands","messageBody":"Changes made:\n* Added unit tests for AddPatientCommand, DeletePatientCommand,\n  ListPatientCommand, and SelectPatientCommand to ensure proper\n  functionality and reliability.\n* Included tests for various scenarios such as adding duplicates,\n  handling invalid indices, ensuring state transitions, and testing\n  assertions for invalid inputs.\n* Covered edge cases like empty hospital lists and handling of\n  out-of-bounds indices.\n\nThese changes improve the robustness of patient commands by ensuring\nproper behavior across multiple use cases and validating that error\nhandling and assertions are working correctly.\n","fileTypesAndContributionMap":{"test-code":{"insertions":199,"deletions":2}}},{"hash":"1ad077effb1e5a324973c29cdeef18b27596c716","isMergeCommit":false,"messageTitle":"Amend patient command tests for new tagging system","messageBody":"Changes made:\n* Added tags to test cases.\n\nThese changes ensure the tests align with the new tagging system,\nimproving clarity and version tracking for patient command features.\n","fileTypesAndContributionMap":{"test-code":{"insertions":23,"deletions":23}}}]},{"date":"2024-10-27","commitResults":[{"hash":"70bd73dc6ace7744e9cf7df068e7ba9c135f4e84","isMergeCommit":true,"messageTitle":"Merge pull request #85 from NCF3535/test/Chee-Fong-Patient-Command-Test","messageBody":"Add comprehensive unit tests for patient commands","fileTypesAndContributionMap":{}}]},{"date":"2024-10-28","commitResults":[{"hash":"54694295268d521e1bc94d07243cdb6319d046d3","isMergeCommit":false,"messageTitle":"Add DateFormat and enums for date-time parsing","messageBody":"Previously, AddDeadlineParser handled dates as raw strings, without\nstandardized parsing, validation, or format enforcement, increasing\nthe risk of inconsistencies and input errors.\n\nChanges made:\n* Created DateFormat class to manage all date, time, and date-time\n  parsing, formatting, and validation centrally.\n* Added DateFormats, TimeFormats, and DateTimeFormats enums to support\n  a wide range of input formats and simplify parsing logic.\n* Replaced string-based handling in AddDeadlineParser with calls to\n  DateFormat, ensuring deadlines are validated and formatted\n  consistently.\n\nThese changes centralize date-time logic, enhancing input consistency\nand reducing redundancy across the application.\n","fileTypesAndContributionMap":{"functional-code":{"insertions":357,"deletions":0},"test-code":{"insertions":78,"deletions":1}}},{"hash":"b64f567ed4e112a9a880716a180f3a0bc79ff9e7","isMergeCommit":false,"messageTitle":"Fix validDayName() test case in DateFormat class","messageBody":"Changes made:\n* Corrected the validDayName() test to properly validate day names.\n\nThese changes ensure the validDayName() function correctly identifies\nthe expected day.\n","fileTypesAndContributionMap":{"functional-code":{"insertions":1,"deletions":1},"test-code":{"insertions":8,"deletions":2}}}]},{"date":"2024-10-30","commitResults":[{"hash":"53e4f85175af1a164efb436f5118c2cb82489027","isMergeCommit":false,"messageTitle":"Update AddPatientCommand section in DG","messageBody":"Changes made:\n* Updated the documentation for AddPatientCommand feature\n\nThese changes improve clarity on how AddPatientCommand operates and\nassist in better understanding the system’s patient management\nfunctionality.\n","fileTypesAndContributionMap":{"docs":{"insertions":53,"deletions":35}}},{"hash":"479b75ca527388dbb00228d8776814b54dd34a0a","isMergeCommit":false,"messageTitle":"Add DeletePatientCommand section to DG","messageBody":"Changes made:\n* Added the documentation for DeletePatientCommand feature\n* Overview of the command\u0027s functionality for deleting patients\n* Key steps in command parsing, execution, and storage update\n* Sequence diagram illustrating command execution flow\n* Implementation considerations such as error handling and logging\n\nThese changes provide clarity on how DeletePatientCommand operates and\nassist in understanding the system’s patient management functionality.\n","fileTypesAndContributionMap":{"docs":{"insertions":70,"deletions":0}}},{"hash":"3ee892878ec6e384cd5ba5157b4e31ee0c446e6b","isMergeCommit":false,"messageTitle":"Add Hospital class diagram to DG","messageBody":"Changes made:\n* Added the class diagram for Hospital class\n* Illustrate the structure and relationships in Hospital class\n\nThese changes provide clarity on the role of the Hospital class and\nassist in understanding the data management aspects of the system.\n","fileTypesAndContributionMap":{"docs":{"insertions":92,"deletions":0}}},{"hash":"a95a79a02f7a03649126947f023aeeba2e071275","isMergeCommit":false,"messageTitle":"Add StateManager class diagrams to DG","messageBody":"Changes made:\n* Illustrate the structure and attributes of State class\n* Added the class diagram for StateManager class\n* Illustrate the structure and relationships in StateManager class\n\nThese changes provide clarity on the roles of the State and StateManager\nclasses, assisting in understanding the application\u0027s state management.\n","fileTypesAndContributionMap":{"docs":{"insertions":78,"deletions":2}}},{"hash":"2eb9a0e39a8f6696a8aebcc4fcf06d93a47c0185","isMergeCommit":true,"messageTitle":"Merge pull request #101 from NCF3535/docs/chee-fong-developer-guide","messageBody":"DG update: added sequence diagrams for AddPatient and DeletePatient, class diagrams for Hospital, State, and StateManager","fileTypesAndContributionMap":{}}]},{"date":"2024-10-31","commitResults":[{"hash":"20245ce0275575edb2054378914a52ee04a6ca87","isMergeCommit":false,"messageTitle":"Fix hospital diagram type and broken links in DG","messageBody":"Changes made:\n* Updated hospital to a class diagram instead of a sequence diagram.\n* Fixed broken links for addTaskCommand in the Developer Guide.\n\nThese changes ensure the Developer Guide is accurate and all links\nwork properly, improving clarity and usability.\n","fileTypesAndContributionMap":{"docs":{"insertions":3,"deletions":3}}},{"hash":"364a4f8b1b363561af2deeef8c3134774ad76bc8","isMergeCommit":false,"messageTitle":"Fix missing elements in Add/DeletePatientCommands","messageBody":"Changes made:\n* Fixed missing elements in AddPatientCommand\n* Fixed missing elements in DeletePatientCommand\n\nThese changes ensure the sequence diagrams for\nAdd/DeletePatientCommands in theDeveloper Guide\nis accurate.\n","fileTypesAndContributionMap":{"docs":{"insertions":3,"deletions":0}}},{"hash":"d042c6fdab63c4a65c94889718d1fa79bbe6a774","isMergeCommit":false,"messageTitle":"Add instructions for manual testing","messageBody":"Changes made:\n* Added a getting started section so developers could\ntest the application for development\n\nThese changes help enhance the developer guide for developers\nto test the application.\n","fileTypesAndContributionMap":{"docs":{"insertions":32,"deletions":1}}},{"hash":"c2d112fbfd41d47957d53e420a777a8c64957879","isMergeCommit":false,"messageTitle":"Add v2.0 user stories to the User Stories section","messageBody":"Changes made\n* Added user stories for v2.0 to the User Stories section\n\nThese changes outline new features in version 2.0, adding context to\nthe new functionalities and addressing user needs.\n","fileTypesAndContributionMap":{"docs":{"insertions":10,"deletions":9}}},{"hash":"9696de9ad35cde311c9be388ee20d7c02ef04fd1","isMergeCommit":true,"messageTitle":"Merge pull request #102 from NCF3535/docs/chee-fong-DG-update","messageBody":"Developer Guide Update","fileTypesAndContributionMap":{}},{"hash":"aa824d2afefda4010167c5b7b0ff9eea7cdc6551","isMergeCommit":false,"messageTitle":"Create Project Portfolio Page","messageBody":"Changes made:\n* Documented contributions, including Hospital and Patient\n  classes, and Patient management commands (Add, Delete, List,\n  Find, Select).\n* Included enhancements like Parser update with DateTime for\n  better validation and formatting.\n* Added community contributions, including non-trivial PR\n  reviews and feedback on logic and error handling.\n\nThis commit adds a comprehensive Project Portfolio Page,\nhighlighting key contributions and community involvement.\n","fileTypesAndContributionMap":{"docs":{"insertions":40,"deletions":0}}},{"hash":"30057355c06638c290220221ce70919e7e4d8596","isMergeCommit":false,"messageTitle":"Improve User Guide","messageBody":"Changes made:\n* Added Table of Contents to improve navigation.\n* Documented patient management commands: Add, Delete, Find,\n  List, and Select, with examples for each command.\n* Enhanced explanations for command formats and usage notes.\n\nThis commit enhances the User Guide with structured navigation\nand detailed documentation on patient management features.\n","fileTypesAndContributionMap":{"docs":{"insertions":84,"deletions":20}}},{"hash":"cee2f8340022cf1a39f713bfecb5b48c1fd4fba7","isMergeCommit":true,"messageTitle":"Merge pull request #104 from NCF3535/docs/chee-fong-user-guide","messageBody":"Improve User Guide","fileTypesAndContributionMap":{}},{"hash":"7db488b8a351afad09ff59541c45d77801ed385e","isMergeCommit":true,"messageTitle":"Merge pull request #103 from NCF3535/docs/chee-fong-ppp","messageBody":"Create Project Portfolio Page","fileTypesAndContributionMap":{}}]},{"date":"2024-11-01","commitResults":[{"hash":"1ce337dea9d73c969e1e435d9ab0d9b72c3b4f2c","isMergeCommit":false,"messageTitle":"Add Javadoc for patient commands","messageBody":"Changes made:\n* Added Javadoc for `AddPatientCommand` class and methods\n* Added Javadoc for `DeletePatientCommand` class and methods\n* Added Javadoc for `ListPatientCommand` class and methods\n* Added Javadoc for `FindPatientCommand` class and methods\n* Added Javadoc for `SelectPatientCommand` class and methods\n\nThese changes enhance documentation consistency and provide clear\ndescriptions of each patient command\u0027s purpose and usage.\n","fileTypesAndContributionMap":{"functional-code":{"insertions":78,"deletions":5}}},{"hash":"44ca88fb741ccc86a588fe963c5fa38de93f0b64","isMergeCommit":false,"messageTitle":"Add Javadoc for date, time, and date-time enums","messageBody":"Changes made:\n* Added Javadoc for `DateFormats` enum\n* Added Javadoc for `DateTimeFormats` enum\n* Added Javadoc for `TimeFormats` enum\n\nThese updates improve documentation clarity, providing explanations for\neach format and facilitating understanding of the enums\u0027 usage.\n","fileTypesAndContributionMap":{"functional-code":{"insertions":100,"deletions":18}}},{"hash":"a50fbb981d718b87a8a62ae15482cd640a05bef3","isMergeCommit":false,"messageTitle":"Refactor PatientTest.java into patient folder","messageBody":"Changes made:\n* Moved `PatientTest.java` to `seedu.duke.patient`\n* Updated package declaration accordingly\n\nThis refactor organizes test files within their respective folders,\nensuring a consistent project structure.\n","fileTypesAndContributionMap":{"other":{"insertions":1,"deletions":1}}}]},{"date":"2024-11-05","commitResults":[{"hash":"c57bff494c6e5ab03ef019a4efe55045fee48569","isMergeCommit":false,"messageTitle":"Update Sequence Diagrams","messageBody":"Changes made:\n* Updated sequence diagrams to follow Adressbook3 standards\n\nThese changes allow for increased clarity on the sequence\n diagrams.\n","fileTypesAndContributionMap":{"docs":{"insertions":24,"deletions":18}}},{"hash":"114c087cec7d52a1b97dcfff6ccc72a1a724e8de","isMergeCommit":false,"messageTitle":"Update Sequence Diagrams","messageBody":"Changes made:\n* Updated style.puml for standardisation of sequence diagram\ncolors\n\nThese changes allow for increased clarity for developer guide\ndiagrams.\n","fileTypesAndContributionMap":{"docs":{"insertions":10,"deletions":2}}},{"hash":"9ec88ed53b417374b2323ca5d19bef506bbee90c","isMergeCommit":false,"messageTitle":"Update Class Diagrams","messageBody":"Changes made:\n* Updated class diagrams to follow Adressbook3 standards\n\nThese changes allow for increased clarity on the class\ndiagrams.\n","fileTypesAndContributionMap":{"docs":{"insertions":10,"deletions":5}}}]},{"date":"2024-11-06","commitResults":[{"hash":"9a1c8f2be7406f1019da4af0bb7dcfbc54aa9c92","isMergeCommit":false,"messageTitle":"Add and update diagrams for developer guide","messageBody":"Changes made:\n* Added updated `.puml` files for HospitalClassDiagram and\n  StateManagerClassDiagram.\n* Updated corresponding `.png` files in docs/images directory for\n  Hospital, StateManager, AddPatient, and DeletePatient diagrams.\n\nThese changes improve the documentation by ensuring the diagrams are\naccurate and reflect the current system structure.\n","fileTypesAndContributionMap":{"docs":{"insertions":9,"deletions":7}}},{"hash":"4df595819fc767c8d21b1dfaf25a3ea9f438aacb","isMergeCommit":false,"messageTitle":"Fix exception handling for invalid inputs in DateFormat","messageBody":"Changes made:\n* Updated methods in DateFormat to properly throw exceptions for\n  invalid inputs using `showToUserException`.\n\nThese changes ensure that all invalid inputs are correctly handled,\nproviding appropriate feedback to the user.\n","fileTypesAndContributionMap":{"functional-code":{"insertions":9,"deletions":0}}},{"hash":"4af98f81a2a513ac1b46a203dc892c1d93a07ac0","isMergeCommit":false,"messageTitle":"Update clarity of UserGuide.md","messageBody":"Changes made:\n* Updated notes to list supported date and time formats for deadlines.\n* Updated notes to inform users of supported relative terms (e.g., today).\n* Refined command summary layout and examples for clearer alignment\n  with AddressBook-Level3 format.\n\nThese changes improve usability by matching AddressBook-Level3 style,\nmaking command references in the User Guide more intuitive.\n","fileTypesAndContributionMap":{"docs":{"insertions":69,"deletions":46}}},{"hash":"ca02841267da930755f12207eaf1c80d4a377a3a","isMergeCommit":false,"messageTitle":"Refactor class diagrams for improved readability","messageBody":"Changes made:\n* Removed exceptions from the state diagrams.\n* Updated enumerations to match standard UML notation for consistency.\n* Standardized diagram elements for easier interpretation across all\n  components.\n\nThese updates enhance readability and compliance with UML standards,\nmaking the diagrams more intuitive and aligned with common notation.\n","fileTypesAndContributionMap":{"docs":{"insertions":48,"deletions":49}}}]},{"date":"2024-11-07","commitResults":[{"hash":"a680149468fc244e0ffac1930ace6340e12a87c9","isMergeCommit":true,"messageTitle":"Merge pull request #125 from NCF3535/docs/chee-fong-DG-update4","messageBody":"Refactor class diagrams for improved readability","tags":["v2.0"],"fileTypesAndContributionMap":{}}]}],"kennethszj":[{"date":"2024-10-03","commitResults":[{"hash":"9db9097a651fd57ad50b41500fe52101685f9702","isMergeCommit":false,"messageTitle":"Add kenneth name","messageBody":"","fileTypesAndContributionMap":{"docs":{"insertions":1,"deletions":5}}}]},{"date":"2024-10-11","commitResults":[{"hash":"cddf03ade5eaceec4001d018f777cc99b71cc8de","isMergeCommit":false,"messageTitle":"Add Ui class and methods","messageBody":"","fileTypesAndContributionMap":{"functional-code":{"insertions":44,"deletions":0}}},{"hash":"6f18efb09523a142adfe2692b2508e75c8299328","isMergeCommit":false,"messageTitle":"Add closeScanner() method to ui class","messageBody":"","fileTypesAndContributionMap":{"functional-code":{"insertions":8,"deletions":0}}},{"hash":"ebb0946aefba43213de0dc6dc2208b71dc8fa860","isMergeCommit":false,"messageTitle":"Remove unused package","messageBody":"","fileTypesAndContributionMap":{"functional-code":{"insertions":0,"deletions":1}}}]},{"date":"2024-10-13","commitResults":[{"hash":"008c22600983d9bfe7b64622b3feca417132ef89","isMergeCommit":true,"messageTitle":"Merge branch \u0027master\u0027 of https://github.com/AY2425S1-CS2113-T11-1/tp into add-v1.0","messageBody":"","fileTypesAndContributionMap":{}},{"hash":"089b8b76970c6cd4c6dc6a1725ce4c240eae629b","isMergeCommit":false,"messageTitle":"Add JUnit Tests for ui","messageBody":"","fileTypesAndContributionMap":{"test-code":{"insertions":78,"deletions":0}}},{"hash":"dd839c881acfe3cfe7eb0e1d879960ff4978e145","isMergeCommit":false,"messageTitle":"remove wildcard imports","messageBody":"","fileTypesAndContributionMap":{"test-code":{"insertions":3,"deletions":1}}}]},{"date":"2024-10-15","commitResults":[{"hash":"c16d074a7927ae9747f403bfe8da233cba453ebf","isMergeCommit":false,"messageTitle":"Integrate code and implement state switching feature.","messageBody":"Implement BackCommand Class\n\nrefactor parser and selectPatientCommand to use StateType enum\n\nintegrate ui to reflect state changes\n","fileTypesAndContributionMap":{"functional-code":{"insertions":124,"deletions":25}}}]},{"date":"2024-10-16","commitResults":[{"hash":"7d7f4b50fc2fea9bdd7a5391b2ec707c7790fa8a","isMergeCommit":false,"messageTitle":"Integrate code and implement state switching feature.","messageBody":"Implement BackCommand Class\n\nrefactor parser and selectPatientCommand to use StateType enum\n\nintegrate ui to reflect state changes\n","fileTypesAndContributionMap":{"functional-code":{"insertions":2,"deletions":2}}},{"hash":"bb4d3b20147dd12a2e95a44181df52bcf6494165","isMergeCommit":true,"messageTitle":"Merge branch \u0027master\u0027 into integrate_v.1","messageBody":"","fileTypesAndContributionMap":{}},{"hash":"f6d4e8105f39c0765e1f3e995cc5bd85bb644a34","isMergeCommit":false,"messageTitle":"fix checkstyle errors","messageBody":"","fileTypesAndContributionMap":{"functional-code":{"insertions":19,"deletions":15}}},{"hash":"3a777ea9b40ba8b4d765564ec279362fe3323290","isMergeCommit":true,"messageTitle":"Merge branch \u0027integrate_v.1\u0027 of https://github.com/kennethszj/tp into integrate_v.1","messageBody":"","fileTypesAndContributionMap":{}},{"hash":"7bdf4f0b0f8c5ac335fac275afe900fe846db574","isMergeCommit":false,"messageTitle":"fix checkstyle error","messageBody":"","fileTypesAndContributionMap":{"functional-code":{"insertions":5,"deletions":6}}},{"hash":"1956a241959274b918e261f0f3cf679ebef82cc3","isMergeCommit":false,"messageTitle":"fix checkstyle error","messageBody":"","fileTypesAndContributionMap":{"functional-code":{"insertions":1,"deletions":0}}},{"hash":"7e535075190ee3112cdb2ab24739ff04142c3c7b","isMergeCommit":false,"messageTitle":"remove message class","messageBody":"","fileTypesAndContributionMap":{"functional-code":{"insertions":0,"deletions":10}}},{"hash":"18112660f68f671519c9a842df10c0cbc57c23ab","isMergeCommit":false,"messageTitle":"Fix NoSuchElementException in Ui.readCommand() by checking for input availability","messageBody":"","fileTypesAndContributionMap":{"functional-code":{"insertions":1,"deletions":1}}},{"hash":"33b901a310d76f10e5525cf117dbef9a0b677c03","isMergeCommit":false,"messageTitle":"revert to previous commit","messageBody":"","fileTypesAndContributionMap":{"functional-code":{"insertions":1,"deletions":1}}},{"hash":"625b38ecf40670b984c77319949ac89380073796","isMergeCommit":false,"messageTitle":"fix checkstyle","messageBody":"","fileTypesAndContributionMap":{"functional-code":{"insertions":6,"deletions":1}}},{"hash":"2714259e385d6298fc4e3f8e2afc0cb9beb1780e","isMergeCommit":false,"messageTitle":"fix checkstyle error","messageBody":"","fileTypesAndContributionMap":{"functional-code":{"insertions":1,"deletions":1}}},{"hash":"6591d17d64a0408fee4e253742e9d3b1d8f78d86","isMergeCommit":false,"messageTitle":"Add error handling in parser class for null input","messageBody":"","fileTypesAndContributionMap":{"functional-code":{"insertions":4,"deletions":0}}},{"hash":"eea58f870dc69e1923812d1ff888afc058ea937c","isMergeCommit":false,"messageTitle":"Modify INPUT.txt","messageBody":"","fileTypesAndContributionMap":{"functional-code":{"insertions":5,"deletions":0}}},{"hash":"43bd1cf87367d1767f78a65fcf1ac38e22b7d237","isMergeCommit":true,"messageTitle":"Merge pull request #36 from kennethszj/integrate_v.1","messageBody":"Integrate code and implement state switching feature","fileTypesAndContributionMap":{}}]},{"date":"2024-10-17","commitResults":[{"hash":"7e1d6fdfc0e65ed183c992f54f788b4bd48b3fac","isMergeCommit":false,"messageTitle":"Add assertions for main and ui classes.","messageBody":"Modify patient index calculation\n","fileTypesAndContributionMap":{"functional-code":{"insertions":6,"deletions":5}}},{"hash":"2d15d232dd2644d5301699e5f88cf9994732dfad","isMergeCommit":true,"messageTitle":"Merge pull request #44 from kennethszj/Add-assertion","messageBody":"Add assertions for main and ui classes, and modify patient index calculation in main","fileTypesAndContributionMap":{}}]},{"date":"2024-10-24","commitResults":[{"hash":"35763c5cdff72c290c7ce7664e242ead9c1dbee5","isMergeCommit":true,"messageTitle":"Merge pull request #66 from Metanyu/CompletionRate-TaskUpdate","messageBody":"Update tasklist class to have completion rate var","fileTypesAndContributionMap":{}},{"hash":"920f18c423ff78844f2d40306f10b0a0ac2d0d11","isMergeCommit":true,"messageTitle":"Merge pull request #72 from AjayShanker-geek/ajay/feature-classdiagram-storage","messageBody":"Feature Class Diagram Storage","fileTypesAndContributionMap":{}},{"hash":"5d97e00da09a0243346304bf8de339c41a2f8ed2","isMergeCommit":true,"messageTitle":"Merge pull request #73 from lowjunchen/master","messageBody":"Refactor Parser code to call Parse class\u0027s parseCommand method.","fileTypesAndContributionMap":{}},{"hash":"2ddb212f48d7f5db98909352a47e7101c70376de","isMergeCommit":true,"messageTitle":"Merge pull request #75 from lowjunchen/NewCommands-for2.0","messageBody":"New commands for 2.0","fileTypesAndContributionMap":{}},{"hash":"3bc01d0a6b69addc5e8c64cd8d2481467be66c90","isMergeCommit":false,"messageTitle":"modify developer guide","messageBody":"","fileTypesAndContributionMap":{"docs":{"insertions":31,"deletions":0}}},{"hash":"8079456ea3da4dba52f320b6cb342bdb18b228f5","isMergeCommit":false,"messageTitle":"modify developer guide","messageBody":"","fileTypesAndContributionMap":{"docs":{"insertions":22,"deletions":0}}}]},{"date":"2024-10-25","commitResults":[{"hash":"d6df7a4a8396c5bd659d0a1eaa7aa2a8342531c5","isMergeCommit":false,"messageTitle":"implement tagging feature for patients","messageBody":"","fileTypesAndContributionMap":{"functional-code":{"insertions":62,"deletions":10}}},{"hash":"9a728ea040cfe7831b0b41daf7ad2d2797d5fa75","isMergeCommit":false,"messageTitle":"Add edit tag feature","messageBody":"","fileTypesAndContributionMap":{"functional-code":{"insertions":91,"deletions":2}}},{"hash":"4fd837840858de785f13a9437a4be68c9b0c51c5","isMergeCommit":false,"messageTitle":"optimize code related to patient tag","messageBody":"","fileTypesAndContributionMap":{"functional-code":{"insertions":13,"deletions":17}}}]},{"date":"2024-10-26","commitResults":[{"hash":"79487ac334616b172c855417a5ef964d66a471cb","isMergeCommit":true,"messageTitle":"Merge branch \u0027master\u0027 into tag-feature","messageBody":"","fileTypesAndContributionMap":{}}]},{"date":"2024-10-28","commitResults":[{"hash":"0e7204be5ecdf757adf8f6d77cb0c3ebed302218","isMergeCommit":true,"messageTitle":"Merge pull request #89 from NCF3535/feature/chee-fong-date-time","messageBody":"Add DateFormat and enums for date-time parsing","fileTypesAndContributionMap":{}}]},{"date":"2024-10-29","commitResults":[{"hash":"91b925e4aa8e0f2522a9cac1ee4fce4ebe974bb2","isMergeCommit":true,"messageTitle":"Merge pull request #93 from AjayShanker-geek/ajay/storage-exception","messageBody":"Update Storage with new features","fileTypesAndContributionMap":{}},{"hash":"cabf0a985e83c7fea07c0b756bc5f54ca2aff48b","isMergeCommit":true,"messageTitle":"Merge pull request #97 from AjayShanker-geek/master","messageBody":"Update to DG (Partial)","fileTypesAndContributionMap":{}},{"hash":"320057a80e54812163248d0998061aa4d0284f52","isMergeCommit":false,"messageTitle":"fix: ensure state switching is reflected on ui","messageBody":"","fileTypesAndContributionMap":{"functional-code":{"insertions":6,"deletions":1}}},{"hash":"57639ed2c4b295a34cc2e73d4503dfd6948d04bd","isMergeCommit":false,"messageTitle":"implement completion rate feature","messageBody":"","fileTypesAndContributionMap":{"functional-code":{"insertions":84,"deletions":3}}},{"hash":"4ea621e8dcd4c76062b45b01154b7c0985b7a0a7","isMergeCommit":false,"messageTitle":"fix checkstyle error","messageBody":"","fileTypesAndContributionMap":{"functional-code":{"insertions":8,"deletions":11}}},{"hash":"0eb345329eda3db9fff292453f0b6d796631b11a","isMergeCommit":false,"messageTitle":"add dg for tag and completion rate feature","messageBody":"","fileTypesAndContributionMap":{"docs":{"insertions":115,"deletions":0}}},{"hash":"d05219d96164e137e76324202e540981e757ffd6","isMergeCommit":false,"messageTitle":"remove 1 testcase due to new implementation","messageBody":"","fileTypesAndContributionMap":{"test-code":{"insertions":2,"deletions":14}}},{"hash":"aa892026460085055a2905d663d10f1971c93804","isMergeCommit":false,"messageTitle":"remove unused import","messageBody":"","fileTypesAndContributionMap":{"test-code":{"insertions":0,"deletions":2}}}]},{"date":"2024-10-30","commitResults":[{"hash":"47a6a05b241a9daeaffa16c6f94024fc410bd45b","isMergeCommit":true,"messageTitle":"Merge pull request #100 from AjayShanker-geek/ajay/update-UG","messageBody":"Add Help Command \u0026 Update UG","fileTypesAndContributionMap":{}}]},{"date":"2024-11-01","commitResults":[{"hash":"11c7f9474855b5223e0e96b62f8889ec13bbfb52","isMergeCommit":false,"messageTitle":"implement tagging for tasks and update ug","messageBody":"","fileTypesAndContributionMap":{"functional-code":{"insertions":51,"deletions":13},"docs":{"insertions":24,"deletions":1}}},{"hash":"9374bb25e754d4fc43c08e54bef6aea88d5b3d28","isMergeCommit":false,"messageTitle":"Update ppp","messageBody":"","fileTypesAndContributionMap":{"docs":{"insertions":66,"deletions":0}}},{"hash":"6f578dd6a313b11d0fb6494334ee5e416f3682db","isMergeCommit":true,"messageTitle":"Merge pull request #105 from kennethszj/update-ug","messageBody":"implement tagging for tasks, Update User Guide and Add Project Portfolio Page","fileTypesAndContributionMap":{}}]},{"date":"2024-11-06","commitResults":[{"hash":"9bd7bdfdc1ccda8b524ca2f56a7ecdd92af405c1","isMergeCommit":false,"messageTitle":"update diagrams based on teacher feedback","messageBody":"","fileTypesAndContributionMap":{"docs":{"insertions":16,"deletions":14}}},{"hash":"68d7c0911aab1f11ff3888d1a174d2c999e39595","isMergeCommit":false,"messageTitle":"change diagrams to follow team","messageBody":"","fileTypesAndContributionMap":{"docs":{"insertions":23,"deletions":17}}},{"hash":"a4af00ecc157a1d59f91fe82cc089eb86510ed6a","isMergeCommit":false,"messageTitle":"change diagram to have dotted line for return","messageBody":"","fileTypesAndContributionMap":{"docs":{"insertions":2,"deletions":2}}}]},{"date":"2024-11-07","commitResults":[{"hash":"424b56808ea18c2523f28084ab01436f396c98dc","isMergeCommit":true,"messageTitle":"Merge pull request #124 from kennethszj/update-diagrams","messageBody":"update diagrams based on teacher feedback","fileTypesAndContributionMap":{}}]}]},"authorFileTypeContributionMap":{"AjayShanker-geek":{"docs":517,"functional-code":1098,"test-code":474,"other":163},"Metanyu":{"docs":324,"functional-code":625,"test-code":153},"lowjunchen":{"docs":249,"functional-code":681,"test-code":360,"other":1},"NCF3535":{"docs":482,"functional-code":838,"test-code":405,"other":2},"kennethszj":{"docs":236,"functional-code":311,"test-code":52}},"authorContributionVariance":{"AjayShanker-geek":35689.594,"Metanyu":8415.17,"lowjunchen":51494.855,"NCF3535":12714.499,"kennethszj":2949.02},"authorDisplayNameMap":{"AjayShanker-geek":"CS2113-T11-1 AJAY..NKER","Metanyu":"CS2113-T11-1 VU N.. THU","lowjunchen":"CS2113-T11-1 LOW ..CHEN","NCF3535":"CS2113-T11-1 NG C..FONG","kennethszj":"CS2113-T11-1 SEAH..NETH"}}
