{"authorDailyContributionsMap":{"rharwo":[{"date":"2024-10-02","commitResults":[{"hash":"ecea9a9c1521291f750f0bf7a2f356ee83cd9022","isMergeCommit":false,"messageTitle":"Added my name to AboutUs.md","messageBody":"","fileTypesAndContributionMap":{"docs":{"insertions":3,"deletions":7}}},{"hash":"f037f8fc8c9c4e1afc8bfb2854c1ad56e3110803","isMergeCommit":true,"messageTitle":"Merge branch \u0027rharwo-ryanHarwood-AboutUs\u0027","messageBody":"","fileTypesAndContributionMap":{}},{"hash":"7ecde03bee5fb036945e5361164ecccaaeb456c6","isMergeCommit":true,"messageTitle":"fixed merge conflicts","messageBody":"","fileTypesAndContributionMap":{}},{"hash":"89a9a6fd08fa1316a2b2a5024ac217f385a8940a","isMergeCommit":false,"messageTitle":"added name","messageBody":"","fileTypesAndContributionMap":{"docs":{"insertions":2,"deletions":2}}}]},{"date":"2024-10-06","commitResults":[{"hash":"0ac311ae3e5fa30e2c92314a5e5bdacf83a3224c","isMergeCommit":false,"messageTitle":"Added ListCommand functionality","messageBody":"","fileTypesAndContributionMap":{"functional-code":{"insertions":28,"deletions":1}}},{"hash":"8997588598aef6cf5dc2294596bc264e5e85f2bf","isMergeCommit":false,"messageTitle":"Fixed unused imports","messageBody":"","fileTypesAndContributionMap":{"functional-code":{"insertions":2,"deletions":5}}},{"hash":"ec8176db50c4244d86339f0214211f602286bd8a","isMergeCommit":false,"messageTitle":"Fixed AddCommand bug, added list to text-ui-testing","messageBody":"","fileTypesAndContributionMap":{"functional-code":{"insertions":40,"deletions":13}}},{"hash":"c865a3b5dbe49a35a6023b894e9fef6c71605ade","isMergeCommit":false,"messageTitle":"fixed formatting","messageBody":"","fileTypesAndContributionMap":{"functional-code":{"insertions":5,"deletions":3}}}]},{"date":"2024-10-15","commitResults":[{"hash":"043f3f43a90d5aaa4c223172e325b845e775db61","isMergeCommit":true,"messageTitle":"Merge branch \u0027master\u0027 of https://github.com/rharwo/tp","messageBody":"","fileTypesAndContributionMap":{}},{"hash":"34c66d048178d08f353d612e86b9d836ae038762","isMergeCommit":true,"messageTitle":"Merge https://github.com/AY2425S1-CS2113-W14-1/tp","messageBody":"","fileTypesAndContributionMap":{}},{"hash":"0081565c648b0c1d659bbc831028a8672f4c68bb","isMergeCommit":false,"messageTitle":"Add EditCommand functionality","messageBody":"","fileTypesAndContributionMap":{"functional-code":{"insertions":83,"deletions":2}}},{"hash":"9b99e6b7d229f67a3f5e7203b8c55f79ee275f67","isMergeCommit":true,"messageTitle":"Fix merge conflicts","messageBody":"","fileTypesAndContributionMap":{}},{"hash":"0276207d20e83c9f02db96b09b8e1c59df07c638","isMergeCommit":true,"messageTitle":"Merge pull request #33 from wx-03/delete-command-JUnit-test","messageBody":"Add JUnit tests for delete command","fileTypesAndContributionMap":{}}]}],"NigelYeoTW":[{"date":"2024-09-26","commitResults":[{"hash":"aff6e933afd45bcb585c6e865da0cae2108a530d","isMergeCommit":true,"messageTitle":"Merge pull request #7 from TPH777/master","messageBody":"Add income and expenditure class","fileTypesAndContributionMap":{}},{"hash":"5e62a9f35499bed2b4e7d16dbe94448ededce8d6","isMergeCommit":true,"messageTitle":"Merge pull request #9 from TPH777/master","messageBody":"Solve previous merging issues caused by revert","fileTypesAndContributionMap":{}}]},{"date":"2024-09-27","commitResults":[{"hash":"ef66840d4ece15b65e25d90bc979f1be059b767a","isMergeCommit":false,"messageTitle":"Add entry function for tracker","messageBody":"Currently, the tracker does not allow users to track input.\n\nA add entry function is created to allow users to track their incomes as\nwell as spendings. The function call is ivoked with \u0027add\u0027 keyword. The\nformat is of add[add type][amount][description]. Add type can be of\n\u0027income\u0027 or \u0027spending\u0027 types right now.\n","fileTypesAndContributionMap":{"functional-code":{"insertions":76,"deletions":8}}},{"hash":"e71be749864eebc4fbaf656d0308fe77d2a50a95","isMergeCommit":false,"messageTitle":"Remove unused imports","messageBody":"","fileTypesAndContributionMap":{"functional-code":{"insertions":16,"deletions":17}}}]},{"date":"2024-09-30","commitResults":[{"hash":"690271fb0b9913a9ece5bd52330b72b6d6657d13","isMergeCommit":true,"messageTitle":"Merge pull request #11 from wongwh2002/master","messageBody":"Create Welcome and Bye, improve general printing and update test cases","fileTypesAndContributionMap":{}}]},{"date":"2024-10-02","commitResults":[{"hash":"5a9323d4c2ef779b43819dd3ec80014b31d28d1e","isMergeCommit":true,"messageTitle":"Merge pull request #12 from wongwh2002/master","messageBody":"add aboutus","fileTypesAndContributionMap":{}},{"hash":"1ac7d4637847cff862af525bef431bbc792becaa","isMergeCommit":false,"messageTitle":"Add AboutUs for Nigel Yeo","messageBody":"","fileTypesAndContributionMap":{"docs":{"insertions":7,"deletions":7}}},{"hash":"5fdbec23d1a83bcea82ad94baf02789950880695","isMergeCommit":true,"messageTitle":"Merge branch \u0027master\u0027 of https://github.com/AY2425S1-CS2113-W14-1/tp into nigelYeo-AboutUs","messageBody":"","fileTypesAndContributionMap":{}},{"hash":"686159787db66554078a124157433986edf4c46e","isMergeCommit":false,"messageTitle":"Add about us for Nigel","messageBody":"","fileTypesAndContributionMap":{"docs":{"insertions":7,"deletions":7}}}]},{"date":"2024-10-04","commitResults":[{"hash":"1815282d1a2c14d9b0307d32f0df85055ac0fa71","isMergeCommit":false,"messageTitle":"Add login feature to the bot","messageBody":"Currently, the bot is unable to secure the information of the user and\nwith income as one of the storage for the bot, there needs to have a\nlogin system to secure these information for the user.\n\nThe bot implements a simple password verification at the start to ensure\nthe user is the one using the bot.\n","fileTypesAndContributionMap":{"functional-code":{"insertions":89,"deletions":0}}},{"hash":"fa1922cf01bc45a699681538930492116988dde2","isMergeCommit":false,"messageTitle":"Remove unused import","messageBody":"","fileTypesAndContributionMap":{"functional-code":{"insertions":0,"deletions":2}}},{"hash":"f9945039b51b450aadac62935030ce54eea0c0ed","isMergeCommit":false,"messageTitle":"Update input, expected and actual files","messageBody":"","fileTypesAndContributionMap":{"functional-code":{"insertions":8,"deletions":9}}},{"hash":"8abbb0f386a636d638af682e1a38d1ae24172500","isMergeCommit":false,"messageTitle":"Change constants name","messageBody":"","fileTypesAndContributionMap":{"functional-code":{"insertions":1,"deletions":3}}},{"hash":"9b050dfd5c990dc29485c1a22ed81d8c38fec2a0","isMergeCommit":false,"messageTitle":"Change variable order","messageBody":"","fileTypesAndContributionMap":{"functional-code":{"insertions":1,"deletions":1}}},{"hash":"f9b85b5e9e2a71061aecea04cb7ed4c37194244d","isMergeCommit":true,"messageTitle":"Merge pull request #26 from wx-03/delete-command","messageBody":"Add delete command","fileTypesAndContributionMap":{}},{"hash":"74428a7c55322c4deb69d69ed01e48ff5b5452b2","isMergeCommit":true,"messageTitle":"Merge branch \u0027master\u0027 of https://github.com/AY2425S1-CS2113-W14-1/tp into branch-login","messageBody":"","fileTypesAndContributionMap":{}}]},{"date":"2024-10-05","commitResults":[{"hash":"bf0b0936605558184586a076b43f9d493cd7f933","isMergeCommit":false,"messageTitle":"Add guard clause for new user initialisation","messageBody":"","fileTypesAndContributionMap":{"functional-code":{"insertions":11,"deletions":9}}}]},{"date":"2024-10-07","commitResults":[{"hash":"32c6b3d87c8d1b63d27d28b2fe2b84398e20a2ad","isMergeCommit":true,"messageTitle":"Merge pull request #27 from rharwo/list-command","messageBody":"Add ListCommand functionality","fileTypesAndContributionMap":{}}]},{"date":"2024-10-14","commitResults":[{"hash":"0c4d4ce634a36a6cc0e9c8d51070f4f5e6920dd0","isMergeCommit":true,"messageTitle":"Merge pull request #31 from TPH777/storage","messageBody":"Implement storage for IncomeList and SpendingList","fileTypesAndContributionMap":{}}]},{"date":"2024-10-15","commitResults":[{"hash":"3b8dafbc791bc0b28e43cd529c0bca75fae0a6e4","isMergeCommit":true,"messageTitle":"Merge pull request #32 from wongwh2002/master","messageBody":"Created List Commands to Individually List Incomes and Spendings","fileTypesAndContributionMap":{}},{"hash":"1ae3841bf264b0865402190c9656a2a396e52a3e","isMergeCommit":false,"messageTitle":"Added Junit test for Add Command and Login","messageBody":"","fileTypesAndContributionMap":{"test-code":{"insertions":89,"deletions":0}}},{"hash":"5c846d420c62043a59728391823f2d42a43dab62","isMergeCommit":false,"messageTitle":"Fix bug with LoginStorageTest","messageBody":"","fileTypesAndContributionMap":{"test-code":{"insertions":2,"deletions":2}}},{"hash":"78fe8f445e477baa3cece0ef9ab5dbd0eccd5792","isMergeCommit":true,"messageTitle":"Merge pull request #41 from wx-03/refactor-clean-code","messageBody":"Refactor and clean up code","fileTypesAndContributionMap":{}}]}],"wongwh2002":[{"date":"2024-09-30","commitResults":[{"hash":"544c2617bae88d2bede73fb2dcdba227835dd2a0","isMergeCommit":false,"messageTitle":"Created Welcome, Bye commands, improved printing for error handling, and created more classes and packages","messageBody":"","tags":["Welcome-Bye"],"fileTypesAndContributionMap":{"functional-code":{"insertions":82,"deletions":22}}},{"hash":"694682ad9c8cb69d6dc39c092b1563111168329e","isMergeCommit":true,"messageTitle":"Merge pull request #1 from wongwh2002/WelcomeAndBye","messageBody":"Created Welcome, Bye commands, improved printing for error handling, …","fileTypesAndContributionMap":{}},{"hash":"3ee8d2edc961fab6338442e76d1c5b1f59f1584a","isMergeCommit":false,"messageTitle":"Handled gradle/CI errors","messageBody":"","fileTypesAndContributionMap":{"functional-code":{"insertions":2,"deletions":2}}},{"hash":"afd2fa37170ad9b25e940642d934e1ffb33ae16d","isMergeCommit":false,"messageTitle":"Handled gradle/CI errors","messageBody":"","fileTypesAndContributionMap":{"functional-code":{"insertions":2,"deletions":2}}},{"hash":"94559fbfe0c2052deed6225b17ea2e2aecedcd7e","isMergeCommit":false,"messageTitle":"Handled gradle/CI errors","messageBody":"","fileTypesAndContributionMap":{"functional-code":{"insertions":0,"deletions":1}}},{"hash":"96a4ddb7c220447a56aa31daa300a24440f34a1e","isMergeCommit":true,"messageTitle":"Merge remote-tracking branch \u0027origin/master\u0027","messageBody":"","fileTypesAndContributionMap":{}},{"hash":"1fc34d6c7ad9782ca292dc2e185580a228cdaee4","isMergeCommit":false,"messageTitle":"Test files to Handle gradle/CI errors","messageBody":"","fileTypesAndContributionMap":{"functional-code":{"insertions":5,"deletions":5},"other":{"insertions":6,"deletions":6}}}]},{"date":"2024-10-02","commitResults":[{"hash":"979e8cf143c2f82df384cd76979b238afe607aa5","isMergeCommit":false,"messageTitle":"add aboutus","messageBody":"","fileTypesAndContributionMap":{"docs":{"insertions":8,"deletions":1}}},{"hash":"ef63553b9c33096cf934fb40d9f18791a00f95b4","isMergeCommit":true,"messageTitle":"Merge pull request #15 from TPH777/tanPingHui-AboutUs","messageBody":"Update about me page for Tan Ping Hui","fileTypesAndContributionMap":{}},{"hash":"340cbdb94932eab787e2633b7634621d002aec8b","isMergeCommit":false,"messageTitle":"add aboutus for weng","messageBody":"","fileTypesAndContributionMap":{"docs":{"insertions":1,"deletions":1}}}]},{"date":"2024-10-15","commitResults":[{"hash":"15f6798016ea6c2e3809253b75ea087966b3e0b8","isMergeCommit":false,"messageTitle":"backup for commands","messageBody":"","fileTypesAndContributionMap":{"functional-code":{"insertions":47,"deletions":11},"test-code":{"insertions":3,"deletions":0}}},{"hash":"66ff26ab6dd78fe01c014454c6d219e0c7ec35a1","isMergeCommit":false,"messageTitle":"Finalised listing commands","messageBody":"","fileTypesAndContributionMap":{"functional-code":{"insertions":13,"deletions":2},"other":{"insertions":2,"deletions":1},"test-code":{"insertions":38,"deletions":2}}},{"hash":"a289c1da6fb62d02cc614d9d3205ef8e4949a44b","isMergeCommit":false,"messageTitle":"Tried to do Junittest, not sure how to do it","messageBody":"","fileTypesAndContributionMap":{"functional-code":{"insertions":1,"deletions":1},"test-code":{"insertions":43,"deletions":22}}},{"hash":"ce73d62607a8aefcb53006970335c90a7e784b2f","isMergeCommit":false,"messageTitle":"added javadoc","messageBody":"","fileTypesAndContributionMap":{"functional-code":{"insertions":7,"deletions":0}}},{"hash":"9fc400ff8e41907006c4cd43ab0b7285807f213a","isMergeCommit":false,"messageTitle":"edited based on junittest","messageBody":"","fileTypesAndContributionMap":{"functional-code":{"insertions":12,"deletions":10},"test-code":{"insertions":17,"deletions":17}}},{"hash":"36e76dd896cd1b40f91ebc580a93a7353092c65a","isMergeCommit":false,"messageTitle":"edited based on junittest","messageBody":"","fileTypesAndContributionMap":{"functional-code":{"insertions":3,"deletions":4}}},{"hash":"6adf7fa2c510d4595ec263d1c8454354b47e32a8","isMergeCommit":false,"messageTitle":"edited based on junittest","messageBody":"","fileTypesAndContributionMap":{"functional-code":{"insertions":1,"deletions":1}}},{"hash":"6f5be6b41aff5b12107a0d6b86e0672a301e968b","isMergeCommit":false,"messageTitle":"edited based on junittest","messageBody":"","fileTypesAndContributionMap":{"functional-code":{"insertions":2,"deletions":4},"test-code":{"insertions":17,"deletions":16}}},{"hash":"abeb9d0331b4019210567ac7bdeedd29ff01e28b","isMergeCommit":false,"messageTitle":"edited based on junittest","messageBody":"","fileTypesAndContributionMap":{"test-code":{"insertions":4,"deletions":4}}},{"hash":"cac5b8be84dc6c80901c143e997ee105dea350cc","isMergeCommit":false,"messageTitle":"edited based on junittest","messageBody":"","fileTypesAndContributionMap":{"functional-code":{"insertions":1,"deletions":4},"test-code":{"insertions":0,"deletions":33}}},{"hash":"c17e382917bcb57ce33717e7358c95c9ce7dea36","isMergeCommit":false,"messageTitle":"edited based on junittest","messageBody":"","fileTypesAndContributionMap":{"functional-code":{"insertions":2,"deletions":1}}},{"hash":"1e75138d7f15f1dc9be19744084333abb40ba4a9","isMergeCommit":true,"messageTitle":"Merge pull request #36 from rharwo/edit-command","messageBody":"Edit command","fileTypesAndContributionMap":{}},{"hash":"df637f87fc20c2e4d5b179de96788b76b2b5d9f8","isMergeCommit":false,"messageTitle":"Finished junittest for ListCommands","messageBody":"","fileTypesAndContributionMap":{"functional-code":{"insertions":3,"deletions":5},"test-code":{"insertions":92,"deletions":25}}},{"hash":"e050b22d0cab9cf762f6f24f6f7231a20a7e3a65","isMergeCommit":true,"messageTitle":"Merge branch \u0027List-Branch\u0027","messageBody":"# Conflicts:\n#\tsrc/main/java/seedu/commands/ListCommand.java\n#\tsrc/test/java/seedu/commands/ListCommandTest.java\n","fileTypesAndContributionMap":{}}]}],"TPH777":[{"date":"2024-09-26","commitResults":[{"hash":"312ccd340a2bf122e793221b1d07d6fcd66ed1f4","isMergeCommit":false,"messageTitle":"Add income and spending class","messageBody":"By having individual classes, more informations can be added in the\nfuture versions such as description and date\n","fileTypesAndContributionMap":{"functional-code":{"insertions":38,"deletions":9}}},{"hash":"6313f036932edd7d3d24df182f625526a5fdc980","isMergeCommit":false,"messageTitle":"Add skeleton code for commands","messageBody":"Used a while loop to retrieve and execute user input till bye is\ncommanded\n","fileTypesAndContributionMap":{"other":{"insertions":22,"deletions":1}}},{"hash":"7ebb13dd77c4d8697bc68aa7298d2f9f9f4828e3","isMergeCommit":true,"messageTitle":"Merge pull request #6 from TPH777/master","messageBody":"Add income and expenditure class","fileTypesAndContributionMap":{}},{"hash":"cb404ecbab30b1d59c862ba63b89f284cc6428e1","isMergeCommit":false,"messageTitle":"rename duke to wiagi","messageBody":"","fileTypesAndContributionMap":{"other":{"insertions":6,"deletions":4}}},{"hash":"a1658d782b14adbac5c99d07bff987fff64a57a8","isMergeCommit":false,"messageTitle":"Rename build file path from duke to wiagi","messageBody":"","fileTypesAndContributionMap":{"other":{"insertions":2,"deletions":2}}},{"hash":"52af5c9e8ba40dca0edd1616e877d2bee4b514c0","isMergeCommit":false,"messageTitle":"add try-catch for scanner","messageBody":"Deal with NoSuchElementException\n","fileTypesAndContributionMap":{"functional-code":{"insertions":10,"deletions":1}}},{"hash":"ccc6520593ee0a6763091798f573b246d02cf355","isMergeCommit":true,"messageTitle":"Merge branch \u0027master\u0027 of https://github.com/AY2425S1-CS2113-W14-1/tp","messageBody":"","fileTypesAndContributionMap":{}},{"hash":"d1e5dec0ab3d04662d17ab96241f78963f6adf1b","isMergeCommit":false,"messageTitle":"Revert \"Add income and expenditure class\"","messageBody":"","fileTypesAndContributionMap":{"functional-code":{"insertions":21,"deletions":71}}},{"hash":"4d6f1787d4a90e5b44e5c19cf679f808b34e3faf","isMergeCommit":true,"messageTitle":"Merge pull request #8 from AY2425S1-CS2113-W14-1/revert-6-master","messageBody":"Revert \"Add income and expenditure class\"","fileTypesAndContributionMap":{}},{"hash":"1f5062b943473b3cab5b63682d13c0e13d4ef64f","isMergeCommit":false,"messageTitle":"Edit user input at welcome","messageBody":"Modify test expected output also\n","fileTypesAndContributionMap":{"functional-code":{"insertions":1,"deletions":3}}},{"hash":"5f6277c5c15e787037de48944f3e27ba00910ece","isMergeCommit":true,"messageTitle":"Merge branch \u0027master\u0027 of https://github.com/AY2425S1-CS2113-W14-1/tp","messageBody":"","fileTypesAndContributionMap":{}},{"hash":"d0e861e84a161a94af3f2ff34753f41fd560b20d","isMergeCommit":false,"messageTitle":"Solve previous merging issues","messageBody":"","fileTypesAndContributionMap":{"functional-code":{"insertions":20,"deletions":23}}}]},{"date":"2024-09-29","commitResults":[{"hash":"a82c2a65d7dd148adc8ae6adcf3a519c523bceb3","isMergeCommit":true,"messageTitle":"Merge pull request #10 from NigelYeoTW/master","messageBody":"Add entry function for tracker","fileTypesAndContributionMap":{}}]},{"date":"2024-10-02","commitResults":[{"hash":"d1bf9c439169ed37b07f39e85f0ce58abc28ec07","isMergeCommit":false,"messageTitle":"Update about me page","messageBody":"","fileTypesAndContributionMap":{"docs":{"insertions":15,"deletions":13}}},{"hash":"973f0ec730c82ffb0d6232019bea1cbb2da910cc","isMergeCommit":true,"messageTitle":"Merge pull request #17 from NigelYeoTW/master","messageBody":"Add about us for Nigel","fileTypesAndContributionMap":{}},{"hash":"b6ec3d7b1ada7fc0a82af1d62b88a0f2c6fce501","isMergeCommit":true,"messageTitle":"Merge pull request #13 from rharwo/ryanHarwood-AboutUs","messageBody":"Added my name to AboutUs.md","fileTypesAndContributionMap":{}},{"hash":"e075221e7c3a58458478aad6545af23d8301ca6a","isMergeCommit":true,"messageTitle":"Merge pull request #18 from wongwh2002/master","messageBody":"add aboutus for weng","fileTypesAndContributionMap":{}},{"hash":"a8d659c5c4943a7eaa6d83da79f9d8df8f757250","isMergeCommit":false,"messageTitle":"Refactor code to classes","messageBody":"Implemented an abstract class \"Command\" with execute method, which\ndifferent commands will override to give different functionality.\n\nRefactor array list of incomes and spendings to IncomeList and\nSpendingsList which extends ArrayList\n\nTaking in user input will be taken care by Ui instead of main\n\nProcessing user input will be taken care by Paraer instead of main\n","fileTypesAndContributionMap":{"functional-code":{"insertions":204,"deletions":115}}},{"hash":"efcb47b5a5d0ffd282de3d0e6d597d8b2156ca3d","isMergeCommit":false,"messageTitle":"Remove unused import in Parser","messageBody":"","fileTypesAndContributionMap":{"functional-code":{"insertions":0,"deletions":1}}}]},{"date":"2024-10-07","commitResults":[{"hash":"5932b807fb166c2fcd579fab29c3243be8ecd78d","isMergeCommit":true,"messageTitle":"Merge pull request #25 from NigelYeoTW/branch-login","messageBody":"Add login feature to the bot closes #25 ","fileTypesAndContributionMap":{}}]},{"date":"2024-10-10","commitResults":[{"hash":"c55415ed19c6e6bf8073aae60b608ded216bc089","isMergeCommit":false,"messageTitle":"Refactor Income and Spending to extend Type","messageBody":"Income and Spending works in a similar fashion, so by having a Type\nparent class, the implementation will be cleaner and easier to manage\nwhen more functionalites are added in the future\n","fileTypesAndContributionMap":{"functional-code":{"insertions":113,"deletions":88},"other":{"insertions":7,"deletions":0}}},{"hash":"9e3bcb192f3c874f451dc76c6182efb0593787db","isMergeCommit":false,"messageTitle":"Remove redeundant toString","messageBody":"","fileTypesAndContributionMap":{"functional-code":{"insertions":2,"deletions":2}}},{"hash":"b6e5cd36f143b3e682f79db3313dc11cd4558b50","isMergeCommit":false,"messageTitle":"Add separator in readCommand and printFancyWiagi","messageBody":"To reduce calls of separator in main\n","fileTypesAndContributionMap":{"functional-code":{"insertions":4,"deletions":1}}},{"hash":"b44b1fb0c3194df260c88fac90583ab91476ffdd","isMergeCommit":false,"messageTitle":"Implement storage for IncomeList and SpendingList","messageBody":"During initialisation of storage in main, Storage will initialise\nincomes, spendings and password to restore data\n\nBoth IncomeListStorage and SpendingListStorage will serialise when\nload (at the start) and deserialise when save (at the end).\n- It is not implemented as one class due to the complexity of the data\n  type, for example, IncomeList extends ArrayList\u003cIncome\u003e and Income extends\n  type. This means that 2 generics have to be used.\n  * Unless IncomeList and SpendingList is extends ArrayList\u003cType\u003e, but\n    this may cause bugs like accidentally adding income to SpendingList.\n- LoginStorage will take the hashed password at the password.txt file if\n  it exist, else it will call createNewUser and create a new file for\n  the newly set hashed password.\n-EEXPECTED.txt is updated accordingly\n","fileTypesAndContributionMap":{"functional-code":{"insertions":114,"deletions":78}}}]},{"date":"2024-10-12","commitResults":[{"hash":"c524968818a96a559e7d8cd9ce606b4a5b9d89d0","isMergeCommit":false,"messageTitle":"Modify access to attributes and methods in storage","messageBody":"Change access to package private for variables in Storage, so other classes within\nthe package can access it without passing it through a method.\n\nThe method for other classes in the package like load and save are also changed to package\nprivate, to restrict access to other classes.\n","fileTypesAndContributionMap":{"functional-code":{"insertions":21,"deletions":25}}}]}],"wx-03":[{"date":"2024-09-22","commitResults":[{"hash":"fed58ffaa4baec5204403fbab926f7e89e94ffb9","isMergeCommit":false,"messageTitle":"Update README.md","messageBody":"","fileTypesAndContributionMap":{"docs":{"insertions":1,"deletions":1}}}]},{"date":"2024-10-02","commitResults":[{"hash":"673f2820e6cd33b46cd14f8b49a90c9b2e1fe1a1","isMergeCommit":false,"messageTitle":"Update AboutUs.md","messageBody":"","fileTypesAndContributionMap":{"docs":{"insertions":13,"deletions":7}}},{"hash":"4d2e2e2ed9d516813e2513cd07bf90a473922ff3","isMergeCommit":true,"messageTitle":"Merge pull request #14 from NigelYeoTW/nigelYeo-AboutUs","messageBody":"Add About Us for Nigel Yeo","fileTypesAndContributionMap":{}},{"hash":"d04d5efcb86451cc0c30401863edf2a68ec54b13","isMergeCommit":true,"messageTitle":"Merge branch \u0027master\u0027 of https://github.com/AY2425S1-CS2113-W14-1/tp into wenxi-AboutUs","messageBody":"","fileTypesAndContributionMap":{}},{"hash":"137d5a44773ee999c50813656a161d57772c92fa","isMergeCommit":true,"messageTitle":"Merge branch \u0027master\u0027 of https://github.com/AY2425S1-CS2113-W14-1/tp into wenxi-AboutUs","messageBody":"# Conflicts:\n#\tdocs/AboutUs.md\n","fileTypesAndContributionMap":{}},{"hash":"272e730692897cd2599c25a6e17f6106863152b3","isMergeCommit":true,"messageTitle":"Merge pull request #16 from wx-03/wenxi-AboutUs","messageBody":"Update AboutUs.md","fileTypesAndContributionMap":{}}]},{"date":"2024-10-03","commitResults":[{"hash":"86ca045b04761f94af77ffa8810bdc9022402c35","isMergeCommit":true,"messageTitle":"Merge pull request #24 from TPH777/oop","messageBody":"Refactor code to classes","fileTypesAndContributionMap":{}}]},{"date":"2024-10-04","commitResults":[{"hash":"33fad890eb6a044b774219d26cd984aa521b9e09","isMergeCommit":false,"messageTitle":"Add delete command","messageBody":"","fileTypesAndContributionMap":{"functional-code":{"insertions":47,"deletions":2}}}]},{"date":"2024-10-15","commitResults":[{"hash":"e6b470fcc4cf64e6f0381bd47a1276e967ea48f9","isMergeCommit":false,"messageTitle":"Add JUnit tests for delete command","messageBody":"","fileTypesAndContributionMap":{"functional-code":{"insertions":10,"deletions":0},"test-code":{"insertions":69,"deletions":0}}},{"hash":"d255f0731eab92892b7fd03f0f7cc82fbdc56977","isMergeCommit":true,"messageTitle":"Merge branch \u0027master\u0027 into delete-command-JUnit-test","messageBody":"# Conflicts:\n#\tsrc/main/java/seedu/type/Income.java\n#\tsrc/main/java/seedu/type/Spending.java\n","fileTypesAndContributionMap":{}},{"hash":"116e9ca4db7e5dd871a1109cb0a2b27c44abcb39","isMergeCommit":false,"messageTitle":"Update files to pass checkstyleTest","messageBody":"","fileTypesAndContributionMap":{"functional-code":{"insertions":3,"deletions":3},"test-code":{"insertions":1,"deletions":1}}},{"hash":"5ee083d029d0bb0691198a35ca156d587835fda6","isMergeCommit":false,"messageTitle":"Standardize variable names across Add and Delete commands","messageBody":"","fileTypesAndContributionMap":{"functional-code":{"insertions":8,"deletions":8}}},{"hash":"055070aa33e7dcad8bd8923a2e4a7ce1a5b6dff2","isMergeCommit":false,"messageTitle":"Use generics to extract delete method for income and spending","messageBody":"","fileTypesAndContributionMap":{"functional-code":{"insertions":13,"deletions":14}}},{"hash":"94d7965cf68a8d932bb286587e9b58ac696310b4","isMergeCommit":true,"messageTitle":"Merge branch \u0027master\u0027 into refactor-clean-code","messageBody":"","fileTypesAndContributionMap":{}},{"hash":"c39251b86aaa722aa7e53c3332fde0e401444707","isMergeCommit":true,"messageTitle":"Merge pull request #40 from wongwh2002/master","messageBody":"Created JUnitTests for ListCommands","fileTypesAndContributionMap":{}},{"hash":"d3ba8cb66b6cfeaaa8bb5477c462dcfa4b509bc6","isMergeCommit":true,"messageTitle":"Merge branch \u0027master\u0027 of https://github.com/AY2425S1-CS2113-W14-1/tp into refactor-clean-code","messageBody":"","fileTypesAndContributionMap":{}},{"hash":"d93ec740228092bc7595df8153c114e71e8ee219","isMergeCommit":true,"messageTitle":"Merge pull request #38 from NigelYeoTW/JunitTest_AddCommand_Login","messageBody":"Junit test add command login","tags":["v1.0"],"fileTypesAndContributionMap":{}}]}]},"authorFileTypeContributionMap":{"rharwo":{"docs":1,"functional-code":125,"test-code":0},"NigelYeoTW":{"docs":2,"functional-code":29,"test-code":89},"wongwh2002":{"docs":7,"functional-code":81,"test-code":128,"other":2},"TPH777":{"docs":10,"functional-code":389,"test-code":2,"other":2},"wx-03":{"docs":3,"functional-code":61,"test-code":69}},"authorContributionVariance":{"rharwo":590.47925,"NigelYeoTW":1199.8286,"wongwh2002":8674.8125,"TPH777":11688.333,"wx-03":698.1199},"authorDisplayNameMap":{"rharwo":"CS2113-W14-1 HARW..DREW","NigelYeoTW":"CS2113-W14-1 NIGE.. WEI","wongwh2002":"CS2113-W14-1 WONG..HONG","TPH777":"CS2113-W14-1 TAN .. HUI","wx-03":"CS2113-W14-1 TNG ..N XI"}}
