{"authorDailyContributionsMap":{"angelinawong1210":[{"date":"2024-10-03","commitResults":[{"hash":"89ad0d43dc2893f853633d6fa04dc3f2e7581ac4","isMergeCommit":false,"messageTitle":"Update AboutUs.md","messageBody":"","fileTypesAndContributionMap":{"docs":{"insertions":1,"deletions":5}}},{"hash":"9b2d289d6735a6071f29aa77413d7b44a4b3da48","isMergeCommit":true,"messageTitle":"Merge branch \u0027master\u0027 into Angelina-AboutUs","messageBody":"","fileTypesAndContributionMap":{}},{"hash":"a3ff2897cbdde8153df4bfa0c22307291843600d","isMergeCommit":true,"messageTitle":"Merge pull request #7 from angelinawong1210/Angelina-AboutUs","messageBody":"Update AboutUs.md","fileTypesAndContributionMap":{}}]},{"date":"2024-10-17","commitResults":[{"hash":"ad54f36c595e13bcefc6ffbf8f30bc12453cafa6","isMergeCommit":false,"messageTitle":"Update the View function","messageBody":"","fileTypesAndContributionMap":{"functional-code":{"insertions":16,"deletions":4}}},{"hash":"047bc2ea56f10f8100835aca7bfd52f1af6fa562","isMergeCommit":true,"messageTitle":"Merge pull request #28 from angelinawong1210/master","messageBody":"Update the View function","fileTypesAndContributionMap":{}}]},{"date":"2024-10-21","commitResults":[{"hash":"2877e1838d8a832352e9a5bf04c00d413708940a","isMergeCommit":false,"messageTitle":"Update the test for main Flashbang","messageBody":"","fileTypesAndContributionMap":{"other":{"insertions":2,"deletions":2}}},{"hash":"9c18bf3f439c5aa2f484fe118842a2f5780babc3","isMergeCommit":true,"messageTitle":"Merge pull request #34 from angelinawong1210/master","messageBody":"Update the test for main Flashbang","fileTypesAndContributionMap":{}}]},{"date":"2024-10-23","commitResults":[{"hash":"724707a113fa4ae91a6f468dabd08f684bd1fed1","isMergeCommit":true,"messageTitle":"Merge pull request #42 from mikolajed/master","messageBody":"Add JUnit tests for Parser","fileTypesAndContributionMap":{}}]},{"date":"2024-10-24","commitResults":[{"hash":"161fafbad6b32236e1ba7da774930aced7625c55","isMergeCommit":true,"messageTitle":"Merge pull request #35 from Paulifyer/master","messageBody":"Fix bug where Scanner not closed after files are read","fileTypesAndContributionMap":{}},{"hash":"fbad178391a9ed5ed943448bff18fd16a941f9e5","isMergeCommit":true,"messageTitle":"Merge pull request #45 from raneeng/refactor-flashbang-command","messageBody":"Refactored code in FlashbangCommand to follow code structure of other command classes","fileTypesAndContributionMap":{}}]},{"date":"2024-10-26","commitResults":[{"hash":"f487334d60f7001c6cf4d4a8f7bc703f066eb0f7","isMergeCommit":false,"messageTitle":"Update the View command","messageBody":"","fileTypesAndContributionMap":{"functional-code":{"insertions":2,"deletions":2}}},{"hash":"16b7f815095e51f279891a3d79e4b1ce75d6f320","isMergeCommit":true,"messageTitle":"Merge branch \u0027master\u0027 into master","messageBody":"","fileTypesAndContributionMap":{}},{"hash":"bf37a3cb466f54dfe7ca44f674aaa812cc3be78f","isMergeCommit":false,"messageTitle":"Update the View Command and add the JUnit tests for it","messageBody":"","fileTypesAndContributionMap":{"functional-code":{"insertions":2,"deletions":2},"test-code":{"insertions":26,"deletions":0}}},{"hash":"b1efc1c6b861a49dc537cb9d91b35d1776328975","isMergeCommit":true,"messageTitle":"Merge branch \u0027master\u0027 of https://github.com/angelinawong1210/tp","messageBody":"","fileTypesAndContributionMap":{}},{"hash":"b0557ef797748dea6039d368c49b2d1031a1741d","isMergeCommit":true,"messageTitle":"Merge pull request #49 from angelinawong1210/master","messageBody":"Update the View command","fileTypesAndContributionMap":{}},{"hash":"3312b967be678efe17bea23f71fb2f2851737e9d","isMergeCommit":false,"messageTitle":"Update the UI with welcome message and available commands display","messageBody":"","fileTypesAndContributionMap":{"functional-code":{"insertions":33,"deletions":0}}},{"hash":"ba3fdc7ab9c48131a7d8239a5b08506d12b18fb5","isMergeCommit":true,"messageTitle":"Merge pull request #48 from Paulifyer/ByTopics","messageBody":"Added Topics class attribute and additional unit tests for AddCommand and Storage","fileTypesAndContributionMap":{}}]},{"date":"2024-10-27","commitResults":[{"hash":"42e2fad8d4e38fca7368759070395c89faafa5eb","isMergeCommit":false,"messageTitle":"Update the Javadoc","messageBody":"","fileTypesAndContributionMap":{"functional-code":{"insertions":144,"deletions":5},"test-code":{"insertions":1,"deletions":1}}},{"hash":"ae9823a7490ea82a9326d7cd65d1e59236c3f0d3","isMergeCommit":true,"messageTitle":"Merge branch \u0027master\u0027 into master","messageBody":"","fileTypesAndContributionMap":{}},{"hash":"8b828f02ccd9a42a96b7aea025735ea27ab5b1c6","isMergeCommit":true,"messageTitle":"Merge pull request #51 from angelinawong1210/master","messageBody":"Update the Javadoc","fileTypesAndContributionMap":{}}]},{"date":"2024-10-31","commitResults":[{"hash":"bf4628dda6335c249cf7cbc18405e05ad3915011","isMergeCommit":false,"messageTitle":"Update Ui diagram","messageBody":"","fileTypesAndContributionMap":{"docs":{"insertions":53,"deletions":0}}},{"hash":"6557ebff004c010cc4cfd9c3baa055d7dd5b9c12","isMergeCommit":true,"messageTitle":"Merge branch \u0027AY2425S1-CS2113-T11-2:master\u0027 into master","messageBody":"","fileTypesAndContributionMap":{}},{"hash":"d59b43c03ef39d1db826d0f2ba596a523a366adc","isMergeCommit":true,"messageTitle":"Merge pull request #65 from raneeng/edit-command-tests","messageBody":"Added unit testing for EditCommand","fileTypesAndContributionMap":{}},{"hash":"6ea3c171f522b2d185b8bed8e2bcdc9084fd1d73","isMergeCommit":true,"messageTitle":"Merge pull request #54 from raneeng/fix-delete-offset","messageBody":"Fixed index offset for delete command ","fileTypesAndContributionMap":{}},{"hash":"60a287ac507b68866e1157b35617a9f3d94778e9","isMergeCommit":true,"messageTitle":"Merge pull request #58 from raneeng/developer-guide","messageBody":"Updated developer\u0027s guide Parser component section and Acknowledgemen…","fileTypesAndContributionMap":{}},{"hash":"23477bdaaf0e25b82a59b0f0346d5962a13ce6f8","isMergeCommit":true,"messageTitle":"Merge branch \u0027AY2425S1-CS2113-T11-2:master\u0027 into master","messageBody":"","fileTypesAndContributionMap":{}}]},{"date":"2024-11-03","commitResults":[{"hash":"52db029aa12e9a1ef426f41d46d77e9207fffc91","isMergeCommit":false,"messageTitle":"Update the Ui in DG","messageBody":"","fileTypesAndContributionMap":{"docs":{"insertions":15,"deletions":0}}}]},{"date":"2024-11-08","commitResults":[{"hash":"f3dfef6179d5b4185337d6346b51ff60ea407eee","isMergeCommit":true,"messageTitle":"Merge pull request #79 from mikolajed/master","messageBody":"Add implementation of ViewAllCommand","fileTypesAndContributionMap":{}},{"hash":"10942f5ce72027109a6d6d3636939234fd2a7cbc","isMergeCommit":true,"messageTitle":"Merge pull request #76 from raneeng/fix-command-testing","messageBody":"Fixed mistakes in command testing","fileTypesAndContributionMap":{}},{"hash":"c2917966ecc89e8192fd11867d589609481435eb","isMergeCommit":true,"messageTitle":"Merge pull request #53 from frederickemerson/fix/merge-conflict","messageBody":"Added Timer Component","fileTypesAndContributionMap":{}}]},{"date":"2024-11-10","commitResults":[{"hash":"1f428351e385912b6678df6823060b0b606987bf","isMergeCommit":false,"messageTitle":"Update UserGuide.md","messageBody":"","fileTypesAndContributionMap":{"docs":{"insertions":28,"deletions":3}}}]},{"date":"2024-11-11","commitResults":[{"hash":"54faff90cd5b1d2394c7336cd52bc6b0505045b6","isMergeCommit":true,"messageTitle":"Merge pull request #84 from Paulifyer/BugFix","messageBody":"Fix bug where there are 2 executes in Flashbang","fileTypesAndContributionMap":{}},{"hash":"56cf1c292c12dc0f90e63704429ef18692702f12","isMergeCommit":false,"messageTitle":"Update the UI\u0027s class diagram","messageBody":"","fileTypesAndContributionMap":{"docs":{"insertions":2,"deletions":1}}},{"hash":"808d5d4b280455cabcf46ae4425c3de27dd271a1","isMergeCommit":true,"messageTitle":"Merge pull request #161 from raneeng/master","messageBody":"Fixed errors in unit testing for commands","fileTypesAndContributionMap":{}},{"hash":"2481206c308c629735bcd65a60c3ac992f7efc36","isMergeCommit":true,"messageTitle":"Merge branch \u0027AY2425S1-CS2113-T11-2:master\u0027 into master","messageBody":"","fileTypesAndContributionMap":{}},{"hash":"b67528afc5fd71c9e2b5cd6db0144ab014b8027c","isMergeCommit":false,"messageTitle":"Create PPP - angelinawong1210.md","messageBody":"","fileTypesAndContributionMap":{"docs":{"insertions":17,"deletions":0}}},{"hash":"f6f9cbffc90d66bdd889507fce9e176cdb676da4","isMergeCommit":true,"messageTitle":"Merge pull request #174 from raneeng/parser-class-puml","messageBody":"Made puml for ParserPartialClassDiagram","fileTypesAndContributionMap":{}},{"hash":"a94cf30a4148b7b3238a6538b2b1125485b871a5","isMergeCommit":true,"messageTitle":"Merge pull request #175 from raneeng/debug-oob-index-crash","messageBody":"Fixed bug: crashing of programme by OOB index for edit and delete commands","fileTypesAndContributionMap":{}},{"hash":"24c37e11064737d6a9d5da4d1bbea5429a65f65d","isMergeCommit":true,"messageTitle":"Merge pull request #177 from raneeng/debug-quit-command","messageBody":"Fixed and cleaned up QuitCommandTest and ParserTest","fileTypesAndContributionMap":{}}]}],"raneeng":[{"date":"2024-10-02","commitResults":[{"hash":"6aea7ff9547b2d9c7d18ea31fee9a2a59de32cbe","isMergeCommit":false,"messageTitle":"Initial setup of command classes for flashcard management","messageBody":"","fileTypesAndContributionMap":{"functional-code":{"insertions":90,"deletions":0}}},{"hash":"e6ec5b0cd48b90b34836e0423c45b1e654ae4fb9","isMergeCommit":true,"messageTitle":"Merge pull request #4 from raneeng/branch-command-setup","messageBody":"Initial setup of command classes for flashcard management","fileTypesAndContributionMap":{}}]},{"date":"2024-10-03","commitResults":[{"hash":"502305edfc1d3d330ec6d495c8acda040df66b24","isMergeCommit":false,"messageTitle":"Update about us","messageBody":"","fileTypesAndContributionMap":{"docs":{"insertions":3,"deletions":7}}},{"hash":"6b27d055572742c97b191d7a762fe89eb7afd36a","isMergeCommit":true,"messageTitle":"Merge pull request #5 from raneeng/ranee-AboutUs","messageBody":"Update about us","fileTypesAndContributionMap":{}}]},{"date":"2024-10-09","commitResults":[{"hash":"a0f7fae07f547584a4a11b8d29e7607636fa7384","isMergeCommit":false,"messageTitle":"Updated AddCommand.java","messageBody":"","fileTypesAndContributionMap":{"functional-code":{"insertions":44,"deletions":31},"other":{"insertions":7,"deletions":7}}},{"hash":"0b4ca2f702ead81fda280f43d1a302f72a7de543","isMergeCommit":false,"messageTitle":"Updated AddCommand.java","messageBody":"","fileTypesAndContributionMap":{"functional-code":{"insertions":13,"deletions":3}}},{"hash":"c229a06fee5e3612d66668a88a68194d7531e043","isMergeCommit":false,"messageTitle":"Updated CommandResult.java","messageBody":"","fileTypesAndContributionMap":{"functional-code":{"insertions":38,"deletions":5}}},{"hash":"1ca4a4d1d86c303d5c18f044e1e27e4f6fb796a4","isMergeCommit":true,"messageTitle":"Merge pull request #12 from raneeng/branch-command-setup","messageBody":"Branch command setup","fileTypesAndContributionMap":{}}]},{"date":"2024-10-10","commitResults":[{"hash":"50f53aaaf5cc7dd4e5bc9055d910e5140a934e2d","isMergeCommit":false,"messageTitle":"Updated DeleteCommand.java","messageBody":"","fileTypesAndContributionMap":{"functional-code":{"insertions":41,"deletions":8}}},{"hash":"ada6d7de9f5db9f4177abcaf2a35601f77c079d7","isMergeCommit":false,"messageTitle":"Updated ViewCommand.java","messageBody":"","fileTypesAndContributionMap":{"functional-code":{"insertions":18,"deletions":0}}},{"hash":"7bdf3825c9f49065a5bad7f83ba9e20ce1f6a86e","isMergeCommit":true,"messageTitle":"Merge pull request #13 from raneeng/branch-command-setup","messageBody":"Branch command setup: set up basic AddCommand, DeleteCommand, ViewCommand","fileTypesAndContributionMap":{}}]},{"date":"2024-10-16","commitResults":[{"hash":"cd3ccd705447ea1ffbce3eaa6ce9303409725a1c","isMergeCommit":false,"messageTitle":"fixed typos in success messages","messageBody":"","fileTypesAndContributionMap":{"functional-code":{"insertions":3,"deletions":3}}},{"hash":"08a70cab5bf10c2c0ef8f863e4269c530287d021","isMergeCommit":false,"messageTitle":"Added basic tests for AddCommand","messageBody":"","fileTypesAndContributionMap":{"functional-code":{"insertions":8,"deletions":0},"test-code":{"insertions":25,"deletions":0}}},{"hash":"a5faf8b2d2759782ee325d3deb8b11afa85d4990","isMergeCommit":true,"messageTitle":"Merge pull request #24 from raneeng/add-command-test","messageBody":"AddCommandTest.java","fileTypesAndContributionMap":{}}]},{"date":"2024-10-24","commitResults":[{"hash":"ba4cedafe84b01f34f07f9c755dfbbd186be71fd","isMergeCommit":false,"messageTitle":"Refactored code in FlashbangCommand to follow code structure of the rest of the commands","messageBody":"","fileTypesAndContributionMap":{"functional-code":{"insertions":24,"deletions":14}}}]},{"date":"2024-10-30","commitResults":[{"hash":"8c3a62b8e8753d8dd90fdc0cab287dcae47a945b","isMergeCommit":false,"messageTitle":"Implemented FlashBang correct percentage feature and fixed logic errors of previous iteration","messageBody":"","fileTypesAndContributionMap":{"functional-code":{"insertions":30,"deletions":5}}},{"hash":"5ced06f943c0bfb44efe5eb8ad07507c52c5db7e","isMergeCommit":false,"messageTitle":"Fixed logic errors for showing flashbang percentage","messageBody":"","fileTypesAndContributionMap":{"functional-code":{"insertions":17,"deletions":14}}},{"hash":"3be19d55a09154d689a136065709eeb5c8e4444a","isMergeCommit":false,"messageTitle":"Fixed index offset for delete command so that when user inputs \u0027--i 1\u0027 it deletes 0 index","messageBody":"","fileTypesAndContributionMap":{"functional-code":{"insertions":4,"deletions":1}}}]},{"date":"2024-10-31","commitResults":[{"hash":"65f466616ffe17dea63fe5ca4e3fdfe48adb59dd","isMergeCommit":true,"messageTitle":"Merge pull request #56 from Paulifyer/ByTopics","messageBody":"Add non design portions of the Developer guide","fileTypesAndContributionMap":{}},{"hash":"162dab477810b8936655da973292f297a75a2358","isMergeCommit":false,"messageTitle":"Updated developer\u0027s guide Parser component section and Acknowledgements section","messageBody":"","fileTypesAndContributionMap":{"docs":{"insertions":17,"deletions":0}}},{"hash":"2bd73c274c9b729f0532e4d2ba6f8e537bca51a5","isMergeCommit":false,"messageTitle":"Added more unit testing for AddCommand","messageBody":"","fileTypesAndContributionMap":{"functional-code":{"insertions":4,"deletions":0},"test-code":{"insertions":25,"deletions":6}}},{"hash":"00b3589ae21eb5477ec3974fbaf4567a52dfd3f5","isMergeCommit":false,"messageTitle":"Added unit testing for DeleteComand","messageBody":"","fileTypesAndContributionMap":{"test-code":{"insertions":50,"deletions":0}}},{"hash":"17cdd25d896f47f266749d456d8fbec3d136e468","isMergeCommit":false,"messageTitle":"Added unit testing for EditCommand","messageBody":"","fileTypesAndContributionMap":{"functional-code":{"insertions":7,"deletions":0},"test-code":{"insertions":47,"deletions":0}}},{"hash":"38e597fbac141f339cdbfbaddcb1c25c03d74c3e","isMergeCommit":false,"messageTitle":"Added unit testing for FlashbangCommand","messageBody":"","fileTypesAndContributionMap":{"functional-code":{"insertions":30,"deletions":0},"test-code":{"insertions":61,"deletions":0}}},{"hash":"145a91d9404edeeb091845bab80fa6d387799952","isMergeCommit":false,"messageTitle":"Implemented FlashBang correct percentage feature and fixed logic errors of previous iteration","messageBody":"","fileTypesAndContributionMap":{"functional-code":{"insertions":30,"deletions":5}}},{"hash":"91afa30704f90be0af3d5287302fba8c4970b529","isMergeCommit":false,"messageTitle":"Fixed logic errors for showing flashbang percentage","messageBody":"","fileTypesAndContributionMap":{"functional-code":{"insertions":17,"deletions":14}}}]},{"date":"2024-11-04","commitResults":[{"hash":"1199068875dbab4f87aa389e0c288aa16f00409c","isMergeCommit":true,"messageTitle":"Merge branch \u0027master\u0027 into add-storage-dg-1","messageBody":"","fileTypesAndContributionMap":{}},{"hash":"a731f9cb82a1dbe2e9c51bae72937315cb3a3811","isMergeCommit":true,"messageTitle":"Merge pull request #62 from AY2425S1-CS2113-T11-2/add-storage-dg-1","messageBody":"Update DeveloperGuide.md for Storage Component","fileTypesAndContributionMap":{}},{"hash":"3361c7ea496ae8a4f3afbbb222d3ebf095623070","isMergeCommit":false,"messageTitle":"Fixed relative links for Parser diagrams","messageBody":"","fileTypesAndContributionMap":{"docs":{"insertions":2,"deletions":2}}},{"hash":"aefac5152ffa647f702e5ce37c659b25c9e5973f","isMergeCommit":false,"messageTitle":"Fixed relative links for Parser diagrams","messageBody":"","fileTypesAndContributionMap":{"docs":{"insertions":2,"deletions":2}}}]},{"date":"2024-11-06","commitResults":[{"hash":"b35b1d3cdd04224ffbd4f5644ce616f43c7c8411","isMergeCommit":false,"messageTitle":"did parser delete sample sequence diagram in puml","messageBody":"","fileTypesAndContributionMap":{"docs":{"insertions":60,"deletions":0}}},{"hash":"2d3aaf0de71c68bdf82a8abc0884e8c907d7fe9d","isMergeCommit":false,"messageTitle":"edited developer guide to reference parser puml sequence diagram","messageBody":"","fileTypesAndContributionMap":{"docs":{"insertions":1,"deletions":1}}},{"hash":"dc1596ef522671ef640b42762ffea296ac678012","isMergeCommit":false,"messageTitle":"edited developer guide to reference parser puml sequence diagram png","messageBody":"","fileTypesAndContributionMap":{"docs":{"insertions":1,"deletions":1}}},{"hash":"d890cd9869c40f5a737f009c2a0a8c542cdb38dd","isMergeCommit":false,"messageTitle":"edited puml to remove strikeout effect -- --","messageBody":"","fileTypesAndContributionMap":{"docs":{"insertions":1,"deletions":1}}},{"hash":"d6a643a27537abc3b86540295ff52af8a3f5d323","isMergeCommit":false,"messageTitle":"edited puml to remove strikeout effect -- --","messageBody":"","fileTypesAndContributionMap":{"docs":{"insertions":1,"deletions":1}}},{"hash":"aa51114ed9aaa707edd7fc2e67338c297278e88b","isMergeCommit":true,"messageTitle":"Merge branch \u0027master\u0027 into parser-delete-puml","messageBody":"","fileTypesAndContributionMap":{}},{"hash":"88b3398df55def29311d21776e91ec85a850b3b9","isMergeCommit":false,"messageTitle":"Fixed mistakes in command testing","messageBody":"","fileTypesAndContributionMap":{"functional-code":{"insertions":1,"deletions":1},"test-code":{"insertions":12,"deletions":15}}},{"hash":"45748bd3b51394a665ba61e6dd56c1c738f95f81","isMergeCommit":false,"messageTitle":"Implemented viewing of mistakes after flashbang","messageBody":"","fileTypesAndContributionMap":{"functional-code":{"insertions":11,"deletions":1}}}]},{"date":"2024-11-08","commitResults":[{"hash":"9141cd26fdf8e5aefecbf376a6d12e7d2cc1e85d","isMergeCommit":true,"messageTitle":"Merge branch \u0027mikolajed-master\u0027","messageBody":"","fileTypesAndContributionMap":{}},{"hash":"c8a25e147e80bd1c02cd931af82700d47119106f","isMergeCommit":true,"messageTitle":"Merge pull request #146 from mikolajed/master","messageBody":"Fix major command issues","fileTypesAndContributionMap":{}},{"hash":"6b657d3add8cc31a0e21cebee009e3db278f5736","isMergeCommit":false,"messageTitle":"removed printing gof command list from Ui.printResponse()","messageBody":"","fileTypesAndContributionMap":{"functional-code":{"insertions":0,"deletions":1}}}]},{"date":"2024-11-11","commitResults":[{"hash":"43dde6ee70a5885b3fe03bc36f700ef0e49c59e2","isMergeCommit":false,"messageTitle":"Fixed errors in AddCommandTest, DeleteCommandTest, EditCommandTest, QuitCommandTest","messageBody":"","fileTypesAndContributionMap":{"test-code":{"insertions":12,"deletions":16}}},{"hash":"3202cfeea2b0848af79267c38277f31d871a141a","isMergeCommit":true,"messageTitle":"Merge pull request #160 from angelinawong1210/master","messageBody":"Update UserGuide.md and UML diagrams for UI class","fileTypesAndContributionMap":{}},{"hash":"e876d26b1425bbf5f1019bb48629a958f44178e4","isMergeCommit":false,"messageTitle":"Created raneeng.md","messageBody":"","fileTypesAndContributionMap":{"docs":{"insertions":50,"deletions":6}}},{"hash":"e0daf70925beafde9d267d684ba676119791a621","isMergeCommit":false,"messageTitle":"Fixed links in raneeng.md","messageBody":"","fileTypesAndContributionMap":{"docs":{"insertions":8,"deletions":6}}},{"hash":"9d86c91eeca31c12cbfc9f2ed6b3001f6915dca6","isMergeCommit":false,"messageTitle":"Fixed links in raneeng.md","messageBody":"","fileTypesAndContributionMap":{"docs":{"insertions":5,"deletions":5}}},{"hash":"6ff5590fb431655e7f08e37cde49d95c4065814d","isMergeCommit":false,"messageTitle":"Fixed links in raneeng.md","messageBody":"","fileTypesAndContributionMap":{"docs":{"insertions":1,"deletions":1}}},{"hash":"ca7e9d420284674f6aea545f6117f58ae83ff015","isMergeCommit":false,"messageTitle":"Fixed links in raneeng.md","messageBody":"","fileTypesAndContributionMap":{"docs":{"insertions":6,"deletions":6}}},{"hash":"5824461e2e668b5b41e58283438d069aed72dfb0","isMergeCommit":true,"messageTitle":"Merge pull request #164 from raneeng/ranee-PPP","messageBody":"added raneeng.md","fileTypesAndContributionMap":{}},{"hash":"77e420cc4ae1a46fea58d0f8c645b142d3b24d25","isMergeCommit":false,"messageTitle":"Fixed links in raneeng.md","messageBody":"","fileTypesAndContributionMap":{"docs":{"insertions":58,"deletions":27}}},{"hash":"2b7be70e8e0112f3b566246dd656487d727f057b","isMergeCommit":false,"messageTitle":"Fixed formatting","messageBody":"","fileTypesAndContributionMap":{"docs":{"insertions":4,"deletions":3}}},{"hash":"952977c82381fc2c525cc896334034a17e9e067d","isMergeCommit":false,"messageTitle":"Fixed formatting","messageBody":"","fileTypesAndContributionMap":{"docs":{"insertions":2,"deletions":2}}},{"hash":"1db766fcc108129edd07105813bc15e91ba9fbe9","isMergeCommit":true,"messageTitle":"Merge pull request #165 from raneeng/ranee-PPP","messageBody":"updated raneeng.md","fileTypesAndContributionMap":{}},{"hash":"22bebad7c6626fb30c2f4d096f4654b13c889a99","isMergeCommit":false,"messageTitle":"Fixed formatting","messageBody":"","fileTypesAndContributionMap":{"docs":{"insertions":2,"deletions":2}}},{"hash":"4c2cf90aaaba851da7bd5b1dcf3679c78fa61d56","isMergeCommit":false,"messageTitle":"Fixed formatting","messageBody":"","fileTypesAndContributionMap":{"docs":{"insertions":2,"deletions":2}}},{"hash":"f1792b2385747a7efe1c1347b80ff8bc03296d22","isMergeCommit":false,"messageTitle":"Fixed formatting","messageBody":"","fileTypesAndContributionMap":{"docs":{"insertions":2,"deletions":2}}},{"hash":"fcd8345d2667dd91979faa082655c3d7e691c9ea","isMergeCommit":false,"messageTitle":"Fixed formatting","messageBody":"","fileTypesAndContributionMap":{"docs":{"insertions":2,"deletions":2}}},{"hash":"e08369a90f5b801747e0f0d58a58f472355a413a","isMergeCommit":true,"messageTitle":"Merge branch \u0027master\u0027 into ranee-PPP","messageBody":"","fileTypesAndContributionMap":{}},{"hash":"3057d4b885ef1474d75b59483b617e50ba35a007","isMergeCommit":true,"messageTitle":"Merge pull request #167 from raneeng/ranee-PPP","messageBody":"FInalised raneeng.md","fileTypesAndContributionMap":{}},{"hash":"442dc5018582469f16fd44c4e0d7ca55b73526aa","isMergeCommit":false,"messageTitle":"Fixed format for raneeng.md","messageBody":"","fileTypesAndContributionMap":{"docs":{"insertions":2,"deletions":2}}},{"hash":"ce98c65e2bd8bb78642d0d43a580b4382c0600b5","isMergeCommit":false,"messageTitle":"Fixed format for raneeng.md","messageBody":"","fileTypesAndContributionMap":{"docs":{"insertions":2,"deletions":2}}},{"hash":"6eeed85a147902b593dc89bbcfebb03273212fd3","isMergeCommit":true,"messageTitle":"Merge pull request #168 from raneeng/ranee-PPP","messageBody":"Ranee PPP - fix formatting","fileTypesAndContributionMap":{}},{"hash":"1250d92042d17f852d5a623918795dc21f5f4887","isMergeCommit":false,"messageTitle":"Cleaned up raneeng.md","messageBody":"","fileTypesAndContributionMap":{"docs":{"insertions":3,"deletions":17}}},{"hash":"2b9ee607c1637c49754f199c1f484f54243a4b90","isMergeCommit":false,"messageTitle":"Cleaned up raneeng.md","messageBody":"","fileTypesAndContributionMap":{"docs":{"insertions":3,"deletions":5}}},{"hash":"ac92ee7bc7c116b40aa08f11eb3e8a12df64741f","isMergeCommit":true,"messageTitle":"Merge branch \u0027master\u0027 into ranee-PPP","messageBody":"","fileTypesAndContributionMap":{}},{"hash":"21b3815c8fa720649ebd4cf17c182c6eaaa0d615","isMergeCommit":true,"messageTitle":"Merge pull request #169 from raneeng/ranee-PPP","messageBody":"Ranee ppp - clean up","fileTypesAndContributionMap":{}},{"hash":"23ec0dd90e69461a599cfbfbef986612801a8cc7","isMergeCommit":false,"messageTitle":"Fixed failing QuitCommand JUnit tests","messageBody":"","fileTypesAndContributionMap":{"test-code":{"insertions":0,"deletions":9}}},{"hash":"6747fbaf8ff838894686051e9ace965941d0964c","isMergeCommit":false,"messageTitle":"Fixed failing Parser JUnit tests","messageBody":"","fileTypesAndContributionMap":{"test-code":{"insertions":7,"deletions":8}}},{"hash":"645e81195ea4bf5f36f65983d27d4270ed94d187","isMergeCommit":false,"messageTitle":"Converted ParserPartialClassDiagram to PlantUML","messageBody":"","fileTypesAndContributionMap":{"docs":{"insertions":20,"deletions":0}}},{"hash":"50a23269c16cafed0def987bb52869398e873dcb","isMergeCommit":true,"messageTitle":"Merge branch \u0027master\u0027 into parser-class-puml","messageBody":"","fileTypesAndContributionMap":{}},{"hash":"6dc55ad2e25baf5bfb2cfa692855568c9ee83fdd","isMergeCommit":false,"messageTitle":"updated DeveloperGuide with new png","messageBody":"","fileTypesAndContributionMap":{"docs":{"insertions":1,"deletions":1}}},{"hash":"a6098a1321c9a5494c0d96d7d2e3a15aa5206702","isMergeCommit":false,"messageTitle":"fixed index oob bug for delete","messageBody":"","fileTypesAndContributionMap":{"functional-code":{"insertions":22,"deletions":13}}},{"hash":"b5aab1914e9024da08d13b8f7cf8f0413b6e5082","isMergeCommit":false,"messageTitle":"fixed index oob bug for edit","messageBody":"","fileTypesAndContributionMap":{"functional-code":{"insertions":28,"deletions":20}}},{"hash":"bf12525e85a3f226638baa1ee6bfedde4f575f7b","isMergeCommit":true,"messageTitle":"Merge branch \u0027master\u0027 into debug-oob-index-crash","messageBody":"","fileTypesAndContributionMap":{}},{"hash":"deaada9d1f53bceca90ce35fdc80ee386bef0122","isMergeCommit":false,"messageTitle":"Completed missing JavaDoc","messageBody":"","fileTypesAndContributionMap":{"functional-code":{"insertions":9,"deletions":9}}},{"hash":"e561c085893b242e30cdf8fe65f3b5acf3af9182","isMergeCommit":true,"messageTitle":"Merge pull request #170 from raneeng/ranee-PPP","messageBody":"Ranee ppp - added raneeng.pdf","fileTypesAndContributionMap":{}},{"hash":"3f8018c22b6a09defaa7c314cdb51531df7c2797","isMergeCommit":false,"messageTitle":"Cleaned up unused imports and variables","messageBody":"","fileTypesAndContributionMap":{"functional-code":{"insertions":0,"deletions":2},"test-code":{"insertions":3,"deletions":14}}},{"hash":"014f2028e87f92a772aebaeb0ef5ab4a1f5922b2","isMergeCommit":true,"messageTitle":"Merge branch \u0027master\u0027 into debug-quit-command","messageBody":"","fileTypesAndContributionMap":{}}]}],"mikolajed":[{"date":"2024-10-03","commitResults":[{"hash":"85ac177dee378ac7d73256365450ca5a8999e3c5","isMergeCommit":false,"messageTitle":"Update AboutUs.md","messageBody":"","fileTypesAndContributionMap":{"docs":{"insertions":3,"deletions":7}}},{"hash":"4bd423ab5c66561246a4545811696bf873377d14","isMergeCommit":true,"messageTitle":"Merge branch \u0027master\u0027 into Mikolaj-AboutUs","messageBody":"","fileTypesAndContributionMap":{}},{"hash":"592f7404491511d21da76300afd2186ea027384b","isMergeCommit":true,"messageTitle":"Merge pull request #8 from mikolajed/Mikolaj-AboutUs","messageBody":"Update AboutUs.md","fileTypesAndContributionMap":{}}]},{"date":"2024-10-16","commitResults":[{"hash":"4843c9047ce2444a0dad760423cbf2edd45c57b6","isMergeCommit":false,"messageTitle":"Add Ui.java","messageBody":"","fileTypesAndContributionMap":{"functional-code":{"insertions":39,"deletions":0}}},{"hash":"87b8551e62174f95cd030f67eff9a189ee684e80","isMergeCommit":false,"messageTitle":"Major code cleanup","messageBody":"","fileTypesAndContributionMap":{"functional-code":{"insertions":211,"deletions":120}}},{"hash":"c422c024a4c4d50483dcb64abe00fbc65e210a61","isMergeCommit":false,"messageTitle":"Fix switch-case indentation","messageBody":"","fileTypesAndContributionMap":{"functional-code":{"insertions":7,"deletions":7}}},{"hash":"f51e826fdc680b9041097b5fdb7ec51609d0d48d","isMergeCommit":false,"messageTitle":"Fix switch-case indentation","messageBody":"","fileTypesAndContributionMap":{"functional-code":{"insertions":7,"deletions":7}}},{"hash":"5f3a0c8482af52d98e7896189fc5cab78f4489ca","isMergeCommit":false,"messageTitle":"Update code to follow checkstyle","messageBody":"","fileTypesAndContributionMap":{"functional-code":{"insertions":21,"deletions":23}}},{"hash":"567817666ffb136694c20e11ca49227fa93b5065","isMergeCommit":false,"messageTitle":"Update code to follow checkstyle","messageBody":"","fileTypesAndContributionMap":{"functional-code":{"insertions":6,"deletions":2}}},{"hash":"a5091e67e1a54a8f6457b69e8778893c4e9bee40","isMergeCommit":false,"messageTitle":"Update code to follow checkstyle","messageBody":"","fileTypesAndContributionMap":{"functional-code":{"insertions":1,"deletions":1}}},{"hash":"6cd542ce533d69ba6a669eead5e6b02405bbc99e","isMergeCommit":true,"messageTitle":"Merge pull request #22 from mikolajed/master","messageBody":"Major code cleanup","fileTypesAndContributionMap":{}}]},{"date":"2024-10-17","commitResults":[{"hash":"bbc8f08b1ed34a459ac66e0ca9eaa4ee66dd0d09","isMergeCommit":false,"messageTitle":"Implement Flashbang command","messageBody":"","fileTypesAndContributionMap":{"functional-code":{"insertions":25,"deletions":7}}},{"hash":"2bea719adc4f7dde5e1fe339272c7763df7abd73","isMergeCommit":true,"messageTitle":"Merge pull request #29 from mikolajed/master","messageBody":"Implement Flashbang command","fileTypesAndContributionMap":{}}]},{"date":"2024-10-23","commitResults":[{"hash":"555e23351027493a84f5df9f3dfdc2ed305d3eaf","isMergeCommit":false,"messageTitle":"Add JUnit tests for Parser","messageBody":"","fileTypesAndContributionMap":{"functional-code":{"insertions":24,"deletions":1},"test-code":{"insertions":68,"deletions":0}}}]},{"date":"2024-10-30","commitResults":[{"hash":"871372c0c8f64b74de914a344e8800782b08d029","isMergeCommit":false,"messageTitle":"Add Style.puml","messageBody":"","fileTypesAndContributionMap":{"docs":{"insertions":5,"deletions":0}}},{"hash":"b99166d2bc80a10a05b1fd5daf6a32462e449f41","isMergeCommit":true,"messageTitle":"Merge pull request #55 from mikolajed/master","messageBody":"Add Style.puml","fileTypesAndContributionMap":{}}]},{"date":"2024-10-31","commitResults":[{"hash":"11d88250602b6a019432574f5f9cd71fdee8ad89","isMergeCommit":false,"messageTitle":"Update DG","messageBody":"","fileTypesAndContributionMap":{"docs":{"insertions":38,"deletions":0}}},{"hash":"a40c6198a659ffab9b3dc41212742acb48172fba","isMergeCommit":true,"messageTitle":"Merge branch \u0027AY2425S1-CS2113-T11-2:master\u0027 into master","messageBody":"","fileTypesAndContributionMap":{}},{"hash":"ac7fbfe5e5cfa6997c499305a53e6ead9674cfd0","isMergeCommit":false,"messageTitle":"Refactor Parser","messageBody":"","fileTypesAndContributionMap":{"functional-code":{"insertions":87,"deletions":58}}},{"hash":"8f9e59d133c3a38175e92d6b07c829d13623f970","isMergeCommit":true,"messageTitle":"Merge branch \u0027master\u0027 of https://github.com/mikolajed/tp","messageBody":"","fileTypesAndContributionMap":{}},{"hash":"d04664aed6f19a68b1f554d4766346c290dee810","isMergeCommit":false,"messageTitle":"Update DG","messageBody":"","fileTypesAndContributionMap":{"docs":{"insertions":24,"deletions":9}}},{"hash":"98ce0d6ab7db7dcdd4e70805caa970b18c674656","isMergeCommit":true,"messageTitle":"Merge branch \u0027master\u0027 of https://github.com/mikolajed/tp","messageBody":"","fileTypesAndContributionMap":{}},{"hash":"eef8e22db76a5068f21b1a5593ff949a51b1cae1","isMergeCommit":false,"messageTitle":"Revert to old Parser version","messageBody":"","fileTypesAndContributionMap":{"functional-code":{"insertions":58,"deletions":87}}},{"hash":"a07cb619b6a8f7c9b2c558b76254c9ad51656722","isMergeCommit":true,"messageTitle":"Merge pull request #63 from raneeng/add-command-tests","messageBody":"Added more unit testing for AddCommand","fileTypesAndContributionMap":{}},{"hash":"73f17f20e5601bff6b504f0af668753450d141e8","isMergeCommit":true,"messageTitle":"Merge branch \u0027master\u0027 into master","messageBody":"","fileTypesAndContributionMap":{}}]},{"date":"2024-11-06","commitResults":[{"hash":"bf9d1f9cae256feafe884f458e784e8dc7d8237e","isMergeCommit":true,"messageTitle":"Merge branch \u0027master\u0027 into master","messageBody":"","fileTypesAndContributionMap":{}},{"hash":"aea1c93b6ea3dd6c0db4fa18dd737e4f0dd8a324","isMergeCommit":true,"messageTitle":"Merge pull request #75 from raneeng/parser-delete-puml","messageBody":"wrote ParserDeleteSequenceDiagram.puml","fileTypesAndContributionMap":{}},{"hash":"095e988724ef3d2961569fcce3aecdd7617f0fdd","isMergeCommit":true,"messageTitle":"Merge branch \u0027AY2425S1-CS2113-T11-2:master\u0027 into master","messageBody":"","fileTypesAndContributionMap":{}},{"hash":"805653e8086574e2394695d74942d3b38a3d59c5","isMergeCommit":true,"messageTitle":"Merge pull request #59 from mikolajed/master","messageBody":"Add parser component section in the DG","fileTypesAndContributionMap":{}}]},{"date":"2024-11-07","commitResults":[{"hash":"4a5a177446b0988e92559dee15d4acf86b8810d9","isMergeCommit":false,"messageTitle":"Add ViewAllCommand","messageBody":"","fileTypesAndContributionMap":{"functional-code":{"insertions":4,"deletions":0}}},{"hash":"5e2ae0be143bb198c256296e605557a61ac083eb","isMergeCommit":false,"messageTitle":"Implement ViewAllCommand","messageBody":"","fileTypesAndContributionMap":{"functional-code":{"insertions":29,"deletions":11}}}]},{"date":"2024-11-08","commitResults":[{"hash":"695f8adc6ee33133939d372f3670c88bd9c8a037","isMergeCommit":false,"messageTitle":"Update UG","messageBody":"","fileTypesAndContributionMap":{"docs":{"insertions":4,"deletions":2}}},{"hash":"39e6bbab3b8c8da6e239cca3de63ad1e6a008194","isMergeCommit":true,"messageTitle":"Merge branch \u0027master\u0027 into master","messageBody":"","fileTypesAndContributionMap":{}},{"hash":"f122082817b7fadf1e12f505c1b87c870b765cb9","isMergeCommit":true,"messageTitle":"Merge pull request #67 from angelinawong1210/master","messageBody":"Update the Ui in DG","fileTypesAndContributionMap":{}},{"hash":"798bad400b810f505e507a42981ffb483df58e04","isMergeCommit":false,"messageTitle":"Minor fixes","messageBody":"","fileTypesAndContributionMap":{"functional-code":{"insertions":36,"deletions":42}}},{"hash":"0aef72a1f493f05eb3f4da7a1c561e80a8ce3b62","isMergeCommit":false,"messageTitle":"Update list of listed commands","messageBody":"","fileTypesAndContributionMap":{"functional-code":{"insertions":7,"deletions":5}}},{"hash":"8d30e4996a603940f61d37c1e36b0c44e7ed7412","isMergeCommit":true,"messageTitle":"Merge pull request #83 from AY2425S1-CS2113-T11-2/fix/checkstyle-match-parser","messageBody":"Update Parser.java","fileTypesAndContributionMap":{}},{"hash":"ce8715e29fae66ed7515d23262501b02d8d9aaf1","isMergeCommit":true,"messageTitle":"Merge branch \u0027master\u0027 of https://github.com/mikolajed/tp","messageBody":"","fileTypesAndContributionMap":{}},{"hash":"3e3c563f3ee9d715ffa75962bb1ebf0745a1c080","isMergeCommit":false,"messageTitle":"Update ViewAllCommand functionality","messageBody":"","fileTypesAndContributionMap":{"functional-code":{"insertions":5,"deletions":2}}}]}],"frederickemerson":[{"date":"2024-09-30","commitResults":[{"hash":"26e752a44a2bcb760aeac3a91447b30fa2bed95f","isMergeCommit":false,"messageTitle":"Update README.md","messageBody":"","fileTypesAndContributionMap":{"docs":{"insertions":1,"deletions":1}}},{"hash":"d37aeeefd7401cd6129ce6239da1e32f52319e3c","isMergeCommit":false,"messageTitle":"Update README.md","messageBody":"","fileTypesAndContributionMap":{"docs":{"insertions":2,"deletions":2}}},{"hash":"344373ca7e707e7022ec70bfd3fef262662f4791","isMergeCommit":false,"messageTitle":"Update UserGuide.md","messageBody":"","fileTypesAndContributionMap":{"docs":{"insertions":101,"deletions":17}}},{"hash":"5fd8080196419d4ba32c89e4f63e5ae0aac5db25","isMergeCommit":false,"messageTitle":"Update UserGuide.md","messageBody":"","fileTypesAndContributionMap":{"docs":{"insertions":1,"deletions":1}}}]},{"date":"2024-10-01","commitResults":[{"hash":"2a64b4abfa8cacb80c248ab9a1643e0b73eb6559","isMergeCommit":false,"messageTitle":"added basic types","messageBody":"","fileTypesAndContributionMap":{"functional-code":{"insertions":67,"deletions":0}}},{"hash":"81610ab650035df918fdc9cd3c1a68f308840fe3","isMergeCommit":false,"messageTitle":"added loading tasks from file","messageBody":"","fileTypesAndContributionMap":{"functional-code":{"insertions":80,"deletions":4}}},{"hash":"9ac7334e07e63cd0074910a58609ac2ca0f6caec","isMergeCommit":false,"messageTitle":"added reading and writing tasks from file","messageBody":"","fileTypesAndContributionMap":{"functional-code":{"insertions":41,"deletions":2}}}]},{"date":"2024-10-02","commitResults":[{"hash":"dee584cb2d53db1ef388eeab23a4b2859150401e","isMergeCommit":true,"messageTitle":"Merge pull request #3 from frederickemerson/branch-loadFromFile","messageBody":"added loading tasks from file","fileTypesAndContributionMap":{}}]},{"date":"2024-10-03","commitResults":[{"hash":"912e361fa1f12ff1ab5188b8e5b64d6fdf97739e","isMergeCommit":false,"messageTitle":"added about us","messageBody":"","fileTypesAndContributionMap":{"docs":{"insertions":4,"deletions":7}}},{"hash":"8c058422f7cb99d36f800b56240fa6e113fcee61","isMergeCommit":true,"messageTitle":"Merge branch \u0027master\u0027 into frederick-AboutUs","messageBody":"","fileTypesAndContributionMap":{}},{"hash":"26bff2cdc8dbf86920ba3e5726d34a6e93373675","isMergeCommit":true,"messageTitle":"Merge pull request #6 from frederickemerson/frederick-AboutUs","messageBody":"added about us","fileTypesAndContributionMap":{}}]},{"date":"2024-10-17","commitResults":[{"hash":"2d7090da83bd9a9267bf0864e8219d10ba47587f","isMergeCommit":false,"messageTitle":"improved edit command","messageBody":"","fileTypesAndContributionMap":{"functional-code":{"insertions":85,"deletions":4}}},{"hash":"7d5987ed4a4d5654953ee81c93849b7f920ff559","isMergeCommit":true,"messageTitle":"Merge pull request #31 from frederickemerson/fred/editCommand","messageBody":"improved edit command","fileTypesAndContributionMap":{}}]},{"date":"2024-10-24","commitResults":[{"hash":"00e89630ace448389d4d5f12afac3e6b52b95d50","isMergeCommit":false,"messageTitle":"added timer module component to flashbang command","messageBody":"","fileTypesAndContributionMap":{"functional-code":{"insertions":62,"deletions":5}}},{"hash":"1acb49db24655afb68162f2736bcf74144997c44","isMergeCommit":true,"messageTitle":"Merge pull request #1 from frederickemerson/fred/timerModule","messageBody":"added timer module component to flashbang command","fileTypesAndContributionMap":{}}]},{"date":"2024-10-30","commitResults":[{"hash":"a3920a25a6e0433d490b544807b2368747142ac2","isMergeCommit":true,"messageTitle":"Merge branch \u0027master\u0027 into fix/merge-conflict","messageBody":"","fileTypesAndContributionMap":{}}]},{"date":"2024-10-31","commitResults":[{"hash":"2a9a2b24742ed9a3d1a4c0f73107609e83d7934e","isMergeCommit":false,"messageTitle":"Update DeveloperGuide.md","messageBody":"","fileTypesAndContributionMap":{"docs":{"insertions":18,"deletions":0}}},{"hash":"86417a3b1301129c23ee504efb499c69732ea156","isMergeCommit":true,"messageTitle":"Merge pull request #57 from angelinawong1210/master","messageBody":"Update Ui diagram","fileTypesAndContributionMap":{}}]},{"date":"2024-11-05","commitResults":[{"hash":"4fbc0458e16203f02009b7f261871277998a6cbe","isMergeCommit":false,"messageTitle":"Update DeveloperGuide.md","messageBody":"fixed image not getting displayed issue","fileTypesAndContributionMap":{"docs":{"insertions":2,"deletions":2}}},{"hash":"64e82c4dc241ecc5a0d273a4ae361fa7c71f7ee1","isMergeCommit":true,"messageTitle":"Merge branch \u0027master\u0027 into master","messageBody":"","fileTypesAndContributionMap":{}},{"hash":"8d726f88ef26d538065970d53c6cef72e12d588c","isMergeCommit":false,"messageTitle":"Update DeveloperGuide.md","messageBody":"suggesting a potential fix to images not showing up in github pages","fileTypesAndContributionMap":{"docs":{"insertions":4,"deletions":4}}},{"hash":"71bc4758532b182e637fcce46c0614ad26c83cdb","isMergeCommit":true,"messageTitle":"Merge pull request #73 from AY2425S1-CS2113-T11-2/fix/dg-pages-image-issue","messageBody":"Update DeveloperGuide.md","fileTypesAndContributionMap":{}},{"hash":"c34f2290f2575cd825de0f2f122185157ad50792","isMergeCommit":true,"messageTitle":"Merge pull request #74 from Paulifyer/ByTopics","messageBody":"Fix code to be in line with checkstyle configuration","fileTypesAndContributionMap":{}}]},{"date":"2024-11-08","commitResults":[{"hash":"8ea603d53430c8e02615817b16b68df1a679877e","isMergeCommit":true,"messageTitle":"Merge pull request #81 from angelinawong1210/master","messageBody":"Create UserGuide.pdf","fileTypesAndContributionMap":{}},{"hash":"d8878eb47922d02a2e8b02bf3c225f944f948bce","isMergeCommit":true,"messageTitle":"Merge pull request #82 from Paulifyer/master","messageBody":"Add Developer Guide PDF","fileTypesAndContributionMap":{}},{"hash":"04bc538247a6815a715b166edbf31bd534afcb30","isMergeCommit":true,"messageTitle":"Merge branch \u0027master\u0027 into fix/merge-conflict","messageBody":"","fileTypesAndContributionMap":{}},{"hash":"57b0928e615637e7ee4be1935c9d13af21ef05c2","isMergeCommit":false,"messageTitle":"Update Parser.java","messageBody":"fixed implementation as it didnt match checkstyle rules","fileTypesAndContributionMap":{"functional-code":{"insertions":3,"deletions":3}}}]},{"date":"2024-11-09","commitResults":[{"hash":"534dfe0d3d8a92b2c128f410ff5058db6f4a09e2","isMergeCommit":true,"messageTitle":"Merge pull request #159 from raneeng/fix-issue-158","messageBody":"Removed unnecessary printing of command list with every ui response","fileTypesAndContributionMap":{}}]},{"date":"2024-11-11","commitResults":[{"hash":"7253abbad9660fdfcd74e72852011e49d1ba6ce8","isMergeCommit":true,"messageTitle":"Merge pull request #171 from Paulifyer/SearchCommand","messageBody":"Add search command","fileTypesAndContributionMap":{}},{"hash":"173fb77cf30547bbbe1164156206427b0b9b2477","isMergeCommit":true,"messageTitle":"Merge pull request #163 from angelinawong1210/PPP","messageBody":"Create PPP - angelinawong1210.md","fileTypesAndContributionMap":{}}]}],"Paulifyer":[{"date":"2024-10-01","commitResults":[{"hash":"1674bd66419bac41d8aebd1ce1cb209f2995b251","isMergeCommit":false,"messageTitle":"Added a scanner for inputs","messageBody":"","fileTypesAndContributionMap":{"functional-code":{"insertions":13,"deletions":21}}},{"hash":"79cc147c5713d461668f22d4ce19aa54dce7a19f","isMergeCommit":false,"messageTitle":"Added a scanner for inputs","messageBody":"","fileTypesAndContributionMap":{"functional-code":{"insertions":17,"deletions":21}}},{"hash":"b9c4ec8f36e16bc59758e41bab980a1cde326684","isMergeCommit":true,"messageTitle":"Merge branch \u0027input\u0027 of https://github.com/Paulifyer/tp into input","messageBody":"# Conflicts:\n#\tsrc/main/java/seedu/duke/Flashbang.java\n","fileTypesAndContributionMap":{}},{"hash":"ce23516641f3d8cf142a4321304ca23862798985","isMergeCommit":true,"messageTitle":"Merge pull request #1 from frederickemerson/branch-types","messageBody":"added basic types","fileTypesAndContributionMap":{}}]},{"date":"2024-10-03","commitResults":[{"hash":"b0a3fb08fc57e8fc100765db260aa714cbe974b5","isMergeCommit":false,"messageTitle":"Updated AboutUs page with name ethan","messageBody":"","fileTypesAndContributionMap":{"docs":{"insertions":3,"deletions":3}}},{"hash":"b3e9d150acffb50ed6c6013ea0e593598fdec3b3","isMergeCommit":true,"messageTitle":"Merge branch \u0027master\u0027 of https://github.com/AY2425S1-CS2113-T11-2/tp into EthanSoh-AboutUs","messageBody":"# Conflicts:\n#\tdocs/AboutUs.md\n","fileTypesAndContributionMap":{}},{"hash":"7ba27da2fc8a7ec28e0be8c92559e78bc32b992b","isMergeCommit":true,"messageTitle":"Merge branch \u0027master\u0027 of https://github.com/AY2425S1-CS2113-T11-2/tp into EthanSoh-AboutUs","messageBody":"# Conflicts:\n#\tdocs/AboutUs.md\n","fileTypesAndContributionMap":{}},{"hash":"30cfbae7854a6e4ab38d5a8fcd90941f8d6aabb3","isMergeCommit":true,"messageTitle":"Merge pull request #9 from Paulifyer/EthanSoh-AboutUs","messageBody":"Updated AboutUs page with name ethan","fileTypesAndContributionMap":{}},{"hash":"2da20a882e4da99fecc81f51065b9b130e23b178","isMergeCommit":true,"messageTitle":"Merge pull request #2 from Paulifyer/input","messageBody":"Added a scanner for user inputs ","fileTypesAndContributionMap":{}}]},{"date":"2024-10-09","commitResults":[{"hash":"0043619c8bac7581a7f2febf6bf5120825d9ed62","isMergeCommit":false,"messageTitle":"Add Parser and AddCommand functionality","messageBody":"","fileTypesAndContributionMap":{"functional-code":{"insertions":31,"deletions":0}}},{"hash":"d82d66a1dad14b00524a19f3e628deed1ef09caa","isMergeCommit":false,"messageTitle":"Add Parser and AddCommand functionality","messageBody":"","fileTypesAndContributionMap":{"functional-code":{"insertions":58,"deletions":2}}},{"hash":"2ec42e44059b5e923b704d275e35050c10dd4ce4","isMergeCommit":true,"messageTitle":"Amend typo in InvalidCommand","messageBody":"","fileTypesAndContributionMap":{}}]},{"date":"2024-10-13","commitResults":[{"hash":"6c05ee692186279f03611b06e505dbd0a94a7cdc","isMergeCommit":true,"messageTitle":"Merge branch \u0027master\u0027 into Parser-and-addCommand","messageBody":"# Conflicts:\n#\tsrc/main/java/commands/AddCommand.java\n#\tsrc/main/java/commands/Command.java\n#\tsrc/main/java/seedu/duke/flashutils/commands/InvalidCommand.java\n#\tsrc/main/java/seedu/duke/flashutils/types/FlashCard.java\n","fileTypesAndContributionMap":{}},{"hash":"787a456f76cd95d7998461914d097da48d212c20","isMergeCommit":false,"messageTitle":"Change constructor for AddCommand to include the target FlashCardSet","messageBody":"","fileTypesAndContributionMap":{"functional-code":{"insertions":3,"deletions":2}}},{"hash":"d0e5c194d09cad1f79a6f07a9554229184f9b0e5","isMergeCommit":false,"messageTitle":"Add documentation to FlashBook and FlashCardSet classes","messageBody":"","fileTypesAndContributionMap":{"functional-code":{"insertions":15,"deletions":3}}},{"hash":"28cb570f849f1fac8d283a04730490cabf7d3b9c","isMergeCommit":false,"messageTitle":"Add Storage, Parser to main in Flashbang","messageBody":"Flashbang can accept inputs and add the inputs into a Flashbook and respective FlashCardSet\n","fileTypesAndContributionMap":{"functional-code":{"insertions":36,"deletions":9}}},{"hash":"36bfa7a5b6a5135fe0fe96ad62a3a875d03f7da7","isMergeCommit":false,"messageTitle":"Format code to follow checkstyle configuration","messageBody":"","fileTypesAndContributionMap":{"functional-code":{"insertions":14,"deletions":22}}},{"hash":"5e86c5ff751d27b55dd786abff558e1429fc932d","isMergeCommit":true,"messageTitle":"Merge pull request #16 from Paulifyer/Parser-and-addCommand","messageBody":"Skeleton Code for main and Parser","fileTypesAndContributionMap":{}}]},{"date":"2024-10-16","commitResults":[{"hash":"3b79741d93f8a5907870f340b77f2ffcf652a748","isMergeCommit":false,"messageTitle":"Refactor mainClass from Duke to Flashbang","messageBody":"","fileTypesAndContributionMap":{"other":{"insertions":1,"deletions":1}}}]},{"date":"2024-10-17","commitResults":[{"hash":"612f6b8b59ca124008e2bda987f6e7f5d395d066","isMergeCommit":false,"messageTitle":"Fix bug where Flashbook does not create FlashCardSet when Cards are added Add saving FlashCard when Flashbang exits","messageBody":"","fileTypesAndContributionMap":{"functional-code":{"insertions":32,"deletions":13}}},{"hash":"cd36828a9333d8086a188c705c3eda4e14e39bb2","isMergeCommit":false,"messageTitle":"Add JUnit Test for Storage to test reading and writing to a txt file","messageBody":"","fileTypesAndContributionMap":{"test-code":{"insertions":48,"deletions":0}}},{"hash":"0e5e40a924a6406c410afe90e1237ac4152b426b","isMergeCommit":true,"messageTitle":"Merge pull request #25 from Paulifyer/Parser-and-addCommand","messageBody":"Fix bug with adding Cards to FlashBook, Add saving Cards to a txt file and Add JUnit Test for Storage ","fileTypesAndContributionMap":{}},{"hash":"c6ee1c8a558de0597382f98578a6fed8a82cb9f7","isMergeCommit":false,"messageTitle":"fix typo in Ui","messageBody":"","fileTypesAndContributionMap":{"functional-code":{"insertions":1,"deletions":1}}},{"hash":"27ac3ad8b608ce21146e120b11b38b491835efb8","isMergeCommit":true,"messageTitle":"Merge pull request #32 from Paulifyer/Parser-and-addCommand","messageBody":"fix typo in Ui","tags":["Release"],"fileTypesAndContributionMap":{}}]},{"date":"2024-10-21","commitResults":[{"hash":"2ca8c34c4243e7a1419866cf23a9fffb0315106c","isMergeCommit":false,"messageTitle":"Fix bug where scanner for text file is not closed after the file is read","messageBody":"","fileTypesAndContributionMap":{"functional-code":{"insertions":1,"deletions":0},"test-code":{"insertions":9,"deletions":1}}},{"hash":"b2844fd7a424d8c3a03d2c139c0f2af88f70bec8","isMergeCommit":true,"messageTitle":"Merge branch \u0027master\u0027 of https://github.com/Paulifyer/tp","messageBody":"","fileTypesAndContributionMap":{}}]},{"date":"2024-10-22","commitResults":[{"hash":"930bb90deb61faebb79f4a6b44385cd8ca7fddc1","isMergeCommit":false,"messageTitle":"Add topic attribute to Card Type","messageBody":"topic attribute is a string for searching and organisation purposes for users to be able to search flashcards by topics\n","fileTypesAndContributionMap":{"functional-code":{"insertions":39,"deletions":15},"test-code":{"insertions":3,"deletions":3}}}]},{"date":"2024-10-24","commitResults":[{"hash":"b9da4d9753e2b5198789837e8a7eea4a99ca8389","isMergeCommit":true,"messageTitle":"Merge branch \u0027master\u0027 of https://github.com/AY2425S1-CS2113-T11-2/tp into ByTopics","messageBody":"","fileTypesAndContributionMap":{}},{"hash":"2d110f06a1c1908d4037d6301da1e021949e73c2","isMergeCommit":false,"messageTitle":"Add assertions to FlashCardSet, Parser","messageBody":"","fileTypesAndContributionMap":{"functional-code":{"insertions":3,"deletions":0},"test-code":{"insertions":7,"deletions":1}}},{"hash":"58f895115f633d390a83806721e9219a4881b79f","isMergeCommit":true,"messageTitle":"Merge branch \u0027master\u0027 of https://github.com/Paulifyer/tp","messageBody":"# Conflicts:\n#\tsrc/test/java/seedu/duke/flashutils/utils/StorageTest.java\n","fileTypesAndContributionMap":{}}]},{"date":"2024-10-25","commitResults":[{"hash":"01da0c79a4ac08b1943eaff676d8e96e28b231f2","isMergeCommit":true,"messageTitle":"Merge branch \u0027master\u0027 into ByTopics","messageBody":"# Conflicts:\n#\tsrc/main/java/seedu/duke/flashutils/utils/Parser.java\n","fileTypesAndContributionMap":{}},{"hash":"f4a81c046671a4b1d7aee2b71f312eb736db80e7","isMergeCommit":false,"messageTitle":"Change the testFile being deleted in @AfterEach annotation","messageBody":"","fileTypesAndContributionMap":{"test-code":{"insertions":4,"deletions":2}}},{"hash":"5e11b29bfa23e6ff23ba0ceb7e5695055d917698","isMergeCommit":true,"messageTitle":"Merge branch \u0027ByTopics\u0027 of https://github.com/Paulifyer/tp into ByTopics","messageBody":"","fileTypesAndContributionMap":{}},{"hash":"237419afe54eac8fa1087e5ed298ad051f650f61","isMergeCommit":false,"messageTitle":"Add test to StorageTest to test for multiple Cards being added to 1 module","messageBody":"","fileTypesAndContributionMap":{"functional-code":{"insertions":9,"deletions":5},"test-code":{"insertions":34,"deletions":5}}},{"hash":"d43553b63b7b413689560fe987fa1178997ac00b","isMergeCommit":false,"messageTitle":"Add a test for the addcommand to check for invalid commands given","messageBody":"","fileTypesAndContributionMap":{"test-code":{"insertions":12,"deletions":1}}}]},{"date":"2024-10-26","commitResults":[{"hash":"6f1a2f667a2c23f09da8cdec6ae18d19509df79b","isMergeCommit":false,"messageTitle":"Change Code to be more in line with checkstyle configuration","messageBody":"","fileTypesAndContributionMap":{"functional-code":{"insertions":0,"deletions":3},"test-code":{"insertions":0,"deletions":1}}},{"hash":"448e5ec42fc8b3ac0780c63424774f2292d95528","isMergeCommit":true,"messageTitle":"Merge pull request #50 from angelinawong1210/master","messageBody":"Update the UI with welcome message and available commands display","fileTypesAndContributionMap":{}}]},{"date":"2024-10-31","commitResults":[{"hash":"6230141d8b5d6b448d3f9c6e9c5937507a837c54","isMergeCommit":false,"messageTitle":"Add non design portions of the Developer guide","messageBody":"","fileTypesAndContributionMap":{"docs":{"insertions":63,"deletions":10}}},{"hash":"b1c1c969f00c082e363f3c4ac6806ce594b0f353","isMergeCommit":true,"messageTitle":"Merge pull request #52 from raneeng/show-flashbang-percentage","messageBody":"Show flashbang percentage","fileTypesAndContributionMap":{}},{"hash":"84ee0e2f9d2a1767b5aefc48f66de35458de508f","isMergeCommit":false,"messageTitle":"Fix code to match checkstyle config","messageBody":"","fileTypesAndContributionMap":{"functional-code":{"insertions":4,"deletions":1},"test-code":{"insertions":10,"deletions":5}}},{"hash":"464e433da0f4dc77a27547dc3131c2c630e51cc3","isMergeCommit":false,"messageTitle":"Add non design portions of the Developer guide","messageBody":"","fileTypesAndContributionMap":{"docs":{"insertions":63,"deletions":10}}}]},{"date":"2024-11-04","commitResults":[{"hash":"64c61b90eb25a4a72c9f140354264e3126b81550","isMergeCommit":true,"messageTitle":"Merge pull request #66 from raneeng/command-tests","messageBody":"Added unit testing for FlashbangCommand","fileTypesAndContributionMap":{}},{"hash":"3c142b10315344da30e58f9327d743ba81549690","isMergeCommit":true,"messageTitle":"Merge pull request #70 from raneeng/developer-guide-fix-relative-links","messageBody":"Developer guide fix relative links","fileTypesAndContributionMap":{}},{"hash":"27260f6ce1057032b143003ee1f2ac113b6daeb2","isMergeCommit":true,"messageTitle":"Merge pull request #61 from AY2425S1-CS2113-T11-2/add-storage-dg","messageBody":"Added Class and Sequence Diagrams for Storage","fileTypesAndContributionMap":{}},{"hash":"78a67dd92171c59fedc1fc138ff33754f5e5e104","isMergeCommit":false,"messageTitle":"Fix typo with Storage UML Diagram file path","messageBody":"","fileTypesAndContributionMap":{"docs":{"insertions":2,"deletions":2}}},{"hash":"4629bf0244efa6dc73486213693cda07c50ea912","isMergeCommit":true,"messageTitle":"Merge pull request #64 from raneeng/delete-command-tests","messageBody":"Added unit testing for DeleteComand","fileTypesAndContributionMap":{}}]},{"date":"2024-11-05","commitResults":[{"hash":"9c0fdb11489d9688796e3d00b13a7c0f4bd3e6f2","isMergeCommit":true,"messageTitle":"Merge pull request #72 from AY2425S1-CS2113-T11-2/fix/image-issue","messageBody":"Update DeveloperGuide.md","fileTypesAndContributionMap":{}},{"hash":"c4af93324e7b9371c98d9a7df3c8656b877c7117","isMergeCommit":true,"messageTitle":"Merge branch \u0027master\u0027 of https://github.com/Paulifyer/tp into ByTopics Update branch with master","messageBody":"","fileTypesAndContributionMap":{}},{"hash":"e98de9e553322b0e1cd9b76a645052bb6384f03b","isMergeCommit":true,"messageTitle":"Merge branch \u0027master\u0027 of https://github.com/AY2425S1-CS2113-T11-2/tp into ByTopics","messageBody":"","fileTypesAndContributionMap":{}},{"hash":"6761b0a945bebb8e33bb064fc0da01a6dfd0fdb1","isMergeCommit":false,"messageTitle":"Fix FlashbangCommand.java to follow checkstyle config","messageBody":"","fileTypesAndContributionMap":{"functional-code":{"insertions":3,"deletions":37}}},{"hash":"3a8aa1d2adb695808b37a870adeafcfe7c09e494","isMergeCommit":false,"messageTitle":"Fix code to be in line with checkstyle config","messageBody":"","fileTypesAndContributionMap":{"functional-code":{"insertions":9,"deletions":8},"test-code":{"insertions":16,"deletions":12}}}]},{"date":"2024-11-08","commitResults":[{"hash":"75bbf14f40acfb516ffc4227088dd4119e5768ae","isMergeCommit":true,"messageTitle":"Merge pull request #77 from raneeng/view-wrong-questions","messageBody":"Implemented viewing of mistakes after flashbang","tags":["v2.0","v1.0"],"fileTypesAndContributionMap":{}},{"hash":"fe8a2ddc1f60b56c596e2f1ed1cfbe1654cae456","isMergeCommit":false,"messageTitle":"Update DeveloperGuide.md","messageBody":"Fix Typo in Ui UML diagram path","fileTypesAndContributionMap":{"docs":{"insertions":2,"deletions":2}}},{"hash":"db77f9a34acac3f1478e0f4ebcd22e7c4347237b","isMergeCommit":false,"messageTitle":"Add Developer Guide PDF Amend name in ShadowJar to Flashbang","messageBody":"","fileTypesAndContributionMap":{"other":{"insertions":1,"deletions":1}}},{"hash":"66093e08d116baa5fb22e5bcbcca64ae67748cf4","isMergeCommit":false,"messageTitle":"Fix bug where there are 2 executes in Flashbang","messageBody":"Fix by merging the two executes and moving the timer portion into the performFlashbang function\n","fileTypesAndContributionMap":{"functional-code":{"insertions":17,"deletions":37}}},{"hash":"01ed4714972c026377e3d63bac66d728c61719fd","isMergeCommit":false,"messageTitle":"Change displayCommands to be called when users input an invalid command","messageBody":"","fileTypesAndContributionMap":{"functional-code":{"insertions":4,"deletions":2}}}]},{"date":"2024-11-11","commitResults":[{"hash":"f736ece4d733d02106fbb5c99579c2a2bf960a87","isMergeCommit":true,"messageTitle":"Merge branch \u0027master\u0027 of https://github.com/AY2425S1-CS2113-T11-2/tp into BugFix Fit code to checkstyle config","messageBody":"# Conflicts:\n#\tsrc/main/java/seedu/duke/flashutils/commands/FlashbangCommand.java\n#\tsrc/main/java/seedu/duke/flashutils/types/FlashCardSet.java\n","fileTypesAndContributionMap":{}},{"hash":"39812937897fcb577efc0dced35cea27d4ca5904","isMergeCommit":false,"messageTitle":"Fix command input bug where inputs similar to commands are accepted","messageBody":"","fileTypesAndContributionMap":{"functional-code":{"insertions":28,"deletions":4}}},{"hash":"25b83063bbf2741d2f2fa3b41cb0e65e5dc4f204","isMergeCommit":false,"messageTitle":"Add search command","messageBody":"","fileTypesAndContributionMap":{"functional-code":{"insertions":34,"deletions":1}}},{"hash":"56941ede3e2262413b69fd0aaa515badae24a016","isMergeCommit":false,"messageTitle":"Fix bug with searching by topic","messageBody":"Bug is caused by the optional /t field which matches an extra space\n","fileTypesAndContributionMap":{"functional-code":{"insertions":7,"deletions":7},"docs":{"insertions":36,"deletions":0}}}]}]},"authorFileTypeContributionMap":{"angelinawong1210":{"docs":105,"functional-code":173,"test-code":23},"raneeng":{"docs":166,"functional-code":261,"test-code":186},"mikolajed":{"docs":63,"functional-code":309,"test-code":50},"frederickemerson":{"docs":126,"functional-code":274,"test-code":0},"Paulifyer":{"docs":106,"functional-code":209,"test-code":115,"other":2}},"authorContributionVariance":{"angelinawong1210":558.4094,"raneeng":5834.614,"mikolajed":6304.4863,"frederickemerson":1158.2272,"Paulifyer":1464.5905},"authorDisplayNameMap":{"angelinawong1210":"CS2113-T11-2 NGUY..NGOC","raneeng":"CS2113-T11-2 RANE.. YEE","mikolajed":"CS2113-T11-2 JEDR..OLAJ","frederickemerson":"CS2113-T11-2 VASA..RSON","Paulifyer":"CS2113-T11-2 ETHA.. SOH"}}
