{"authorDailyContributionsMap":{"angelinawong1210":[{"date":"2024-10-03","commitResults":[{"hash":"89ad0d43dc2893f853633d6fa04dc3f2e7581ac4","isMergeCommit":false,"messageTitle":"Update AboutUs.md","messageBody":"","fileTypesAndContributionMap":{"docs":{"insertions":1,"deletions":5}}},{"hash":"9b2d289d6735a6071f29aa77413d7b44a4b3da48","isMergeCommit":true,"messageTitle":"Merge branch \u0027master\u0027 into Angelina-AboutUs","messageBody":"","fileTypesAndContributionMap":{}},{"hash":"a3ff2897cbdde8153df4bfa0c22307291843600d","isMergeCommit":true,"messageTitle":"Merge pull request #7 from angelinawong1210/Angelina-AboutUs","messageBody":"Update AboutUs.md","fileTypesAndContributionMap":{}}]},{"date":"2024-10-17","commitResults":[{"hash":"ad54f36c595e13bcefc6ffbf8f30bc12453cafa6","isMergeCommit":false,"messageTitle":"Update the View function","messageBody":"","fileTypesAndContributionMap":{"functional-code":{"insertions":16,"deletions":4}}},{"hash":"047bc2ea56f10f8100835aca7bfd52f1af6fa562","isMergeCommit":true,"messageTitle":"Merge pull request #28 from angelinawong1210/master","messageBody":"Update the View function","fileTypesAndContributionMap":{}}]},{"date":"2024-10-21","commitResults":[{"hash":"2877e1838d8a832352e9a5bf04c00d413708940a","isMergeCommit":false,"messageTitle":"Update the test for main Flashbang","messageBody":"","fileTypesAndContributionMap":{"other":{"insertions":2,"deletions":2}}},{"hash":"9c18bf3f439c5aa2f484fe118842a2f5780babc3","isMergeCommit":true,"messageTitle":"Merge pull request #34 from angelinawong1210/master","messageBody":"Update the test for main Flashbang","fileTypesAndContributionMap":{}}]},{"date":"2024-10-23","commitResults":[{"hash":"724707a113fa4ae91a6f468dabd08f684bd1fed1","isMergeCommit":true,"messageTitle":"Merge pull request #42 from mikolajed/master","messageBody":"Add JUnit tests for Parser","fileTypesAndContributionMap":{}}]},{"date":"2024-10-24","commitResults":[{"hash":"161fafbad6b32236e1ba7da774930aced7625c55","isMergeCommit":true,"messageTitle":"Merge pull request #35 from Paulifyer/master","messageBody":"Fix bug where Scanner not closed after files are read","fileTypesAndContributionMap":{}},{"hash":"fbad178391a9ed5ed943448bff18fd16a941f9e5","isMergeCommit":true,"messageTitle":"Merge pull request #45 from raneeng/refactor-flashbang-command","messageBody":"Refactored code in FlashbangCommand to follow code structure of other command classes","fileTypesAndContributionMap":{}}]},{"date":"2024-10-26","commitResults":[{"hash":"f487334d60f7001c6cf4d4a8f7bc703f066eb0f7","isMergeCommit":false,"messageTitle":"Update the View command","messageBody":"","fileTypesAndContributionMap":{"functional-code":{"insertions":2,"deletions":2}}},{"hash":"16b7f815095e51f279891a3d79e4b1ce75d6f320","isMergeCommit":true,"messageTitle":"Merge branch \u0027master\u0027 into master","messageBody":"","fileTypesAndContributionMap":{}},{"hash":"bf37a3cb466f54dfe7ca44f674aaa812cc3be78f","isMergeCommit":false,"messageTitle":"Update the View Command and add the JUnit tests for it","messageBody":"","fileTypesAndContributionMap":{"functional-code":{"insertions":2,"deletions":2},"test-code":{"insertions":26,"deletions":0}}},{"hash":"b1efc1c6b861a49dc537cb9d91b35d1776328975","isMergeCommit":true,"messageTitle":"Merge branch \u0027master\u0027 of https://github.com/angelinawong1210/tp","messageBody":"","fileTypesAndContributionMap":{}},{"hash":"b0557ef797748dea6039d368c49b2d1031a1741d","isMergeCommit":true,"messageTitle":"Merge pull request #49 from angelinawong1210/master","messageBody":"Update the View command","fileTypesAndContributionMap":{}},{"hash":"3312b967be678efe17bea23f71fb2f2851737e9d","isMergeCommit":false,"messageTitle":"Update the UI with welcome message and available commands display","messageBody":"","fileTypesAndContributionMap":{"functional-code":{"insertions":33,"deletions":0}}},{"hash":"ba3fdc7ab9c48131a7d8239a5b08506d12b18fb5","isMergeCommit":true,"messageTitle":"Merge pull request #48 from Paulifyer/ByTopics","messageBody":"Added Topics class attribute and additional unit tests for AddCommand and Storage","fileTypesAndContributionMap":{}}]},{"date":"2024-10-27","commitResults":[{"hash":"42e2fad8d4e38fca7368759070395c89faafa5eb","isMergeCommit":false,"messageTitle":"Update the Javadoc","messageBody":"","fileTypesAndContributionMap":{"functional-code":{"insertions":144,"deletions":5},"test-code":{"insertions":1,"deletions":1}}},{"hash":"ae9823a7490ea82a9326d7cd65d1e59236c3f0d3","isMergeCommit":true,"messageTitle":"Merge branch \u0027master\u0027 into master","messageBody":"","fileTypesAndContributionMap":{}},{"hash":"8b828f02ccd9a42a96b7aea025735ea27ab5b1c6","isMergeCommit":true,"messageTitle":"Merge pull request #51 from angelinawong1210/master","messageBody":"Update the Javadoc","fileTypesAndContributionMap":{}}]}],"raneeng":[{"date":"2024-10-02","commitResults":[{"hash":"6aea7ff9547b2d9c7d18ea31fee9a2a59de32cbe","isMergeCommit":false,"messageTitle":"Initial setup of command classes for flashcard management","messageBody":"","fileTypesAndContributionMap":{"functional-code":{"insertions":90,"deletions":0}}},{"hash":"e6ec5b0cd48b90b34836e0423c45b1e654ae4fb9","isMergeCommit":true,"messageTitle":"Merge pull request #4 from raneeng/branch-command-setup","messageBody":"Initial setup of command classes for flashcard management","fileTypesAndContributionMap":{}}]},{"date":"2024-10-03","commitResults":[{"hash":"502305edfc1d3d330ec6d495c8acda040df66b24","isMergeCommit":false,"messageTitle":"Update about us","messageBody":"","fileTypesAndContributionMap":{"docs":{"insertions":3,"deletions":7}}},{"hash":"6b27d055572742c97b191d7a762fe89eb7afd36a","isMergeCommit":true,"messageTitle":"Merge pull request #5 from raneeng/ranee-AboutUs","messageBody":"Update about us","fileTypesAndContributionMap":{}}]},{"date":"2024-10-09","commitResults":[{"hash":"a0f7fae07f547584a4a11b8d29e7607636fa7384","isMergeCommit":false,"messageTitle":"Updated AddCommand.java","messageBody":"","fileTypesAndContributionMap":{"functional-code":{"insertions":44,"deletions":31},"other":{"insertions":7,"deletions":7}}},{"hash":"0b4ca2f702ead81fda280f43d1a302f72a7de543","isMergeCommit":false,"messageTitle":"Updated AddCommand.java","messageBody":"","fileTypesAndContributionMap":{"functional-code":{"insertions":13,"deletions":3}}},{"hash":"c229a06fee5e3612d66668a88a68194d7531e043","isMergeCommit":false,"messageTitle":"Updated CommandResult.java","messageBody":"","fileTypesAndContributionMap":{"functional-code":{"insertions":38,"deletions":5}}},{"hash":"1ca4a4d1d86c303d5c18f044e1e27e4f6fb796a4","isMergeCommit":true,"messageTitle":"Merge pull request #12 from raneeng/branch-command-setup","messageBody":"Branch command setup","fileTypesAndContributionMap":{}}]},{"date":"2024-10-10","commitResults":[{"hash":"50f53aaaf5cc7dd4e5bc9055d910e5140a934e2d","isMergeCommit":false,"messageTitle":"Updated DeleteCommand.java","messageBody":"","fileTypesAndContributionMap":{"functional-code":{"insertions":41,"deletions":8}}},{"hash":"ada6d7de9f5db9f4177abcaf2a35601f77c079d7","isMergeCommit":false,"messageTitle":"Updated ViewCommand.java","messageBody":"","fileTypesAndContributionMap":{"functional-code":{"insertions":18,"deletions":0}}},{"hash":"7bdf3825c9f49065a5bad7f83ba9e20ce1f6a86e","isMergeCommit":true,"messageTitle":"Merge pull request #13 from raneeng/branch-command-setup","messageBody":"Branch command setup: set up basic AddCommand, DeleteCommand, ViewCommand","fileTypesAndContributionMap":{}}]},{"date":"2024-10-16","commitResults":[{"hash":"cd3ccd705447ea1ffbce3eaa6ce9303409725a1c","isMergeCommit":false,"messageTitle":"fixed typos in success messages","messageBody":"","fileTypesAndContributionMap":{"functional-code":{"insertions":3,"deletions":3}}},{"hash":"08a70cab5bf10c2c0ef8f863e4269c530287d021","isMergeCommit":false,"messageTitle":"Added basic tests for AddCommand","messageBody":"","fileTypesAndContributionMap":{"functional-code":{"insertions":8,"deletions":0},"test-code":{"insertions":25,"deletions":0}}},{"hash":"a5faf8b2d2759782ee325d3deb8b11afa85d4990","isMergeCommit":true,"messageTitle":"Merge pull request #24 from raneeng/add-command-test","messageBody":"AddCommandTest.java","fileTypesAndContributionMap":{}}]},{"date":"2024-10-24","commitResults":[{"hash":"ba4cedafe84b01f34f07f9c755dfbbd186be71fd","isMergeCommit":false,"messageTitle":"Refactored code in FlashbangCommand to follow code structure of the rest of the commands","messageBody":"","fileTypesAndContributionMap":{"functional-code":{"insertions":24,"deletions":14}}}]}],"mikolajed":[{"date":"2024-10-03","commitResults":[{"hash":"85ac177dee378ac7d73256365450ca5a8999e3c5","isMergeCommit":false,"messageTitle":"Update AboutUs.md","messageBody":"","fileTypesAndContributionMap":{"docs":{"insertions":3,"deletions":7}}},{"hash":"4bd423ab5c66561246a4545811696bf873377d14","isMergeCommit":true,"messageTitle":"Merge branch \u0027master\u0027 into Mikolaj-AboutUs","messageBody":"","fileTypesAndContributionMap":{}},{"hash":"592f7404491511d21da76300afd2186ea027384b","isMergeCommit":true,"messageTitle":"Merge pull request #8 from mikolajed/Mikolaj-AboutUs","messageBody":"Update AboutUs.md","fileTypesAndContributionMap":{}}]},{"date":"2024-10-16","commitResults":[{"hash":"4843c9047ce2444a0dad760423cbf2edd45c57b6","isMergeCommit":false,"messageTitle":"Add Ui.java","messageBody":"","fileTypesAndContributionMap":{"functional-code":{"insertions":39,"deletions":0}}},{"hash":"87b8551e62174f95cd030f67eff9a189ee684e80","isMergeCommit":false,"messageTitle":"Major code cleanup","messageBody":"","fileTypesAndContributionMap":{"functional-code":{"insertions":211,"deletions":120}}},{"hash":"c422c024a4c4d50483dcb64abe00fbc65e210a61","isMergeCommit":false,"messageTitle":"Fix switch-case indentation","messageBody":"","fileTypesAndContributionMap":{"functional-code":{"insertions":7,"deletions":7}}},{"hash":"f51e826fdc680b9041097b5fdb7ec51609d0d48d","isMergeCommit":false,"messageTitle":"Fix switch-case indentation","messageBody":"","fileTypesAndContributionMap":{"functional-code":{"insertions":7,"deletions":7}}},{"hash":"5f3a0c8482af52d98e7896189fc5cab78f4489ca","isMergeCommit":false,"messageTitle":"Update code to follow checkstyle","messageBody":"","fileTypesAndContributionMap":{"functional-code":{"insertions":21,"deletions":23}}},{"hash":"567817666ffb136694c20e11ca49227fa93b5065","isMergeCommit":false,"messageTitle":"Update code to follow checkstyle","messageBody":"","fileTypesAndContributionMap":{"functional-code":{"insertions":6,"deletions":2}}},{"hash":"a5091e67e1a54a8f6457b69e8778893c4e9bee40","isMergeCommit":false,"messageTitle":"Update code to follow checkstyle","messageBody":"","fileTypesAndContributionMap":{"functional-code":{"insertions":1,"deletions":1}}},{"hash":"6cd542ce533d69ba6a669eead5e6b02405bbc99e","isMergeCommit":true,"messageTitle":"Merge pull request #22 from mikolajed/master","messageBody":"Major code cleanup","fileTypesAndContributionMap":{}}]},{"date":"2024-10-17","commitResults":[{"hash":"bbc8f08b1ed34a459ac66e0ca9eaa4ee66dd0d09","isMergeCommit":false,"messageTitle":"Implement Flashbang command","messageBody":"","fileTypesAndContributionMap":{"functional-code":{"insertions":25,"deletions":7}}},{"hash":"2bea719adc4f7dde5e1fe339272c7763df7abd73","isMergeCommit":true,"messageTitle":"Merge pull request #29 from mikolajed/master","messageBody":"Implement Flashbang command","fileTypesAndContributionMap":{}}]},{"date":"2024-10-23","commitResults":[{"hash":"555e23351027493a84f5df9f3dfdc2ed305d3eaf","isMergeCommit":false,"messageTitle":"Add JUnit tests for Parser","messageBody":"","fileTypesAndContributionMap":{"functional-code":{"insertions":24,"deletions":1},"test-code":{"insertions":68,"deletions":0}}}]},{"date":"2024-10-30","commitResults":[{"hash":"871372c0c8f64b74de914a344e8800782b08d029","isMergeCommit":false,"messageTitle":"Add Style.puml","messageBody":"","fileTypesAndContributionMap":{"docs":{"insertions":5,"deletions":0}}},{"hash":"b99166d2bc80a10a05b1fd5daf6a32462e449f41","isMergeCommit":true,"messageTitle":"Merge pull request #55 from mikolajed/master","messageBody":"Add Style.puml","fileTypesAndContributionMap":{}}]}],"frederickemerson":[{"date":"2024-09-30","commitResults":[{"hash":"26e752a44a2bcb760aeac3a91447b30fa2bed95f","isMergeCommit":false,"messageTitle":"Update README.md","messageBody":"","fileTypesAndContributionMap":{"docs":{"insertions":1,"deletions":1}}},{"hash":"d37aeeefd7401cd6129ce6239da1e32f52319e3c","isMergeCommit":false,"messageTitle":"Update README.md","messageBody":"","fileTypesAndContributionMap":{"docs":{"insertions":2,"deletions":2}}},{"hash":"344373ca7e707e7022ec70bfd3fef262662f4791","isMergeCommit":false,"messageTitle":"Update UserGuide.md","messageBody":"","fileTypesAndContributionMap":{"docs":{"insertions":101,"deletions":17}}},{"hash":"5fd8080196419d4ba32c89e4f63e5ae0aac5db25","isMergeCommit":false,"messageTitle":"Update UserGuide.md","messageBody":"","fileTypesAndContributionMap":{"docs":{"insertions":1,"deletions":1}}}]},{"date":"2024-10-01","commitResults":[{"hash":"2a64b4abfa8cacb80c248ab9a1643e0b73eb6559","isMergeCommit":false,"messageTitle":"added basic types","messageBody":"","fileTypesAndContributionMap":{"functional-code":{"insertions":67,"deletions":0}}},{"hash":"81610ab650035df918fdc9cd3c1a68f308840fe3","isMergeCommit":false,"messageTitle":"added loading tasks from file","messageBody":"","fileTypesAndContributionMap":{"functional-code":{"insertions":80,"deletions":4}}},{"hash":"9ac7334e07e63cd0074910a58609ac2ca0f6caec","isMergeCommit":false,"messageTitle":"added reading and writing tasks from file","messageBody":"","fileTypesAndContributionMap":{"functional-code":{"insertions":41,"deletions":2}}}]},{"date":"2024-10-02","commitResults":[{"hash":"dee584cb2d53db1ef388eeab23a4b2859150401e","isMergeCommit":true,"messageTitle":"Merge pull request #3 from frederickemerson/branch-loadFromFile","messageBody":"added loading tasks from file","fileTypesAndContributionMap":{}}]},{"date":"2024-10-03","commitResults":[{"hash":"912e361fa1f12ff1ab5188b8e5b64d6fdf97739e","isMergeCommit":false,"messageTitle":"added about us","messageBody":"","fileTypesAndContributionMap":{"docs":{"insertions":4,"deletions":7}}},{"hash":"8c058422f7cb99d36f800b56240fa6e113fcee61","isMergeCommit":true,"messageTitle":"Merge branch \u0027master\u0027 into frederick-AboutUs","messageBody":"","fileTypesAndContributionMap":{}},{"hash":"26bff2cdc8dbf86920ba3e5726d34a6e93373675","isMergeCommit":true,"messageTitle":"Merge pull request #6 from frederickemerson/frederick-AboutUs","messageBody":"added about us","fileTypesAndContributionMap":{}}]},{"date":"2024-10-17","commitResults":[{"hash":"2d7090da83bd9a9267bf0864e8219d10ba47587f","isMergeCommit":false,"messageTitle":"improved edit command","messageBody":"","fileTypesAndContributionMap":{"functional-code":{"insertions":85,"deletions":4}}},{"hash":"7d5987ed4a4d5654953ee81c93849b7f920ff559","isMergeCommit":true,"messageTitle":"Merge pull request #31 from frederickemerson/fred/editCommand","messageBody":"improved edit command","fileTypesAndContributionMap":{}}]}],"Paulifyer":[{"date":"2024-10-01","commitResults":[{"hash":"1674bd66419bac41d8aebd1ce1cb209f2995b251","isMergeCommit":false,"messageTitle":"Added a scanner for inputs","messageBody":"","fileTypesAndContributionMap":{"functional-code":{"insertions":13,"deletions":21}}},{"hash":"79cc147c5713d461668f22d4ce19aa54dce7a19f","isMergeCommit":false,"messageTitle":"Added a scanner for inputs","messageBody":"","fileTypesAndContributionMap":{"functional-code":{"insertions":17,"deletions":21}}},{"hash":"b9c4ec8f36e16bc59758e41bab980a1cde326684","isMergeCommit":true,"messageTitle":"Merge branch \u0027input\u0027 of https://github.com/Paulifyer/tp into input","messageBody":"# Conflicts:\n#\tsrc/main/java/seedu/duke/Flashbang.java\n","fileTypesAndContributionMap":{}},{"hash":"ce23516641f3d8cf142a4321304ca23862798985","isMergeCommit":true,"messageTitle":"Merge pull request #1 from frederickemerson/branch-types","messageBody":"added basic types","fileTypesAndContributionMap":{}}]},{"date":"2024-10-03","commitResults":[{"hash":"b0a3fb08fc57e8fc100765db260aa714cbe974b5","isMergeCommit":false,"messageTitle":"Updated AboutUs page with name ethan","messageBody":"","fileTypesAndContributionMap":{"docs":{"insertions":3,"deletions":3}}},{"hash":"b3e9d150acffb50ed6c6013ea0e593598fdec3b3","isMergeCommit":true,"messageTitle":"Merge branch \u0027master\u0027 of https://github.com/AY2425S1-CS2113-T11-2/tp into EthanSoh-AboutUs","messageBody":"# Conflicts:\n#\tdocs/AboutUs.md\n","fileTypesAndContributionMap":{}},{"hash":"7ba27da2fc8a7ec28e0be8c92559e78bc32b992b","isMergeCommit":true,"messageTitle":"Merge branch \u0027master\u0027 of https://github.com/AY2425S1-CS2113-T11-2/tp into EthanSoh-AboutUs","messageBody":"# Conflicts:\n#\tdocs/AboutUs.md\n","fileTypesAndContributionMap":{}},{"hash":"30cfbae7854a6e4ab38d5a8fcd90941f8d6aabb3","isMergeCommit":true,"messageTitle":"Merge pull request #9 from Paulifyer/EthanSoh-AboutUs","messageBody":"Updated AboutUs page with name ethan","fileTypesAndContributionMap":{}},{"hash":"2da20a882e4da99fecc81f51065b9b130e23b178","isMergeCommit":true,"messageTitle":"Merge pull request #2 from Paulifyer/input","messageBody":"Added a scanner for user inputs ","fileTypesAndContributionMap":{}}]},{"date":"2024-10-09","commitResults":[{"hash":"0043619c8bac7581a7f2febf6bf5120825d9ed62","isMergeCommit":false,"messageTitle":"Add Parser and AddCommand functionality","messageBody":"","fileTypesAndContributionMap":{"functional-code":{"insertions":31,"deletions":0}}},{"hash":"d82d66a1dad14b00524a19f3e628deed1ef09caa","isMergeCommit":false,"messageTitle":"Add Parser and AddCommand functionality","messageBody":"","fileTypesAndContributionMap":{"functional-code":{"insertions":58,"deletions":2}}},{"hash":"2ec42e44059b5e923b704d275e35050c10dd4ce4","isMergeCommit":true,"messageTitle":"Amend typo in InvalidCommand","messageBody":"","fileTypesAndContributionMap":{}}]},{"date":"2024-10-13","commitResults":[{"hash":"6c05ee692186279f03611b06e505dbd0a94a7cdc","isMergeCommit":true,"messageTitle":"Merge branch \u0027master\u0027 into Parser-and-addCommand","messageBody":"# Conflicts:\n#\tsrc/main/java/commands/AddCommand.java\n#\tsrc/main/java/commands/Command.java\n#\tsrc/main/java/seedu/duke/flashutils/commands/InvalidCommand.java\n#\tsrc/main/java/seedu/duke/flashutils/types/FlashCard.java\n","fileTypesAndContributionMap":{}},{"hash":"787a456f76cd95d7998461914d097da48d212c20","isMergeCommit":false,"messageTitle":"Change constructor for AddCommand to include the target FlashCardSet","messageBody":"","fileTypesAndContributionMap":{"functional-code":{"insertions":3,"deletions":2}}},{"hash":"d0e5c194d09cad1f79a6f07a9554229184f9b0e5","isMergeCommit":false,"messageTitle":"Add documentation to FlashBook and FlashCardSet classes","messageBody":"","fileTypesAndContributionMap":{"functional-code":{"insertions":15,"deletions":3}}},{"hash":"28cb570f849f1fac8d283a04730490cabf7d3b9c","isMergeCommit":false,"messageTitle":"Add Storage, Parser to main in Flashbang","messageBody":"Flashbang can accept inputs and add the inputs into a Flashbook and respective FlashCardSet\n","fileTypesAndContributionMap":{"functional-code":{"insertions":36,"deletions":9}}},{"hash":"36bfa7a5b6a5135fe0fe96ad62a3a875d03f7da7","isMergeCommit":false,"messageTitle":"Format code to follow checkstyle configuration","messageBody":"","fileTypesAndContributionMap":{"functional-code":{"insertions":14,"deletions":22}}},{"hash":"5e86c5ff751d27b55dd786abff558e1429fc932d","isMergeCommit":true,"messageTitle":"Merge pull request #16 from Paulifyer/Parser-and-addCommand","messageBody":"Skeleton Code for main and Parser","fileTypesAndContributionMap":{}}]},{"date":"2024-10-16","commitResults":[{"hash":"3b79741d93f8a5907870f340b77f2ffcf652a748","isMergeCommit":false,"messageTitle":"Refactor mainClass from Duke to Flashbang","messageBody":"","fileTypesAndContributionMap":{"other":{"insertions":1,"deletions":1}}}]},{"date":"2024-10-17","commitResults":[{"hash":"612f6b8b59ca124008e2bda987f6e7f5d395d066","isMergeCommit":false,"messageTitle":"Fix bug where Flashbook does not create FlashCardSet when Cards are added Add saving FlashCard when Flashbang exits","messageBody":"","fileTypesAndContributionMap":{"functional-code":{"insertions":32,"deletions":13}}},{"hash":"cd36828a9333d8086a188c705c3eda4e14e39bb2","isMergeCommit":false,"messageTitle":"Add JUnit Test for Storage to test reading and writing to a txt file","messageBody":"","fileTypesAndContributionMap":{"test-code":{"insertions":48,"deletions":0}}},{"hash":"0e5e40a924a6406c410afe90e1237ac4152b426b","isMergeCommit":true,"messageTitle":"Merge pull request #25 from Paulifyer/Parser-and-addCommand","messageBody":"Fix bug with adding Cards to FlashBook, Add saving Cards to a txt file and Add JUnit Test for Storage ","fileTypesAndContributionMap":{}},{"hash":"c6ee1c8a558de0597382f98578a6fed8a82cb9f7","isMergeCommit":false,"messageTitle":"fix typo in Ui","messageBody":"","fileTypesAndContributionMap":{"functional-code":{"insertions":1,"deletions":1}}},{"hash":"27ac3ad8b608ce21146e120b11b38b491835efb8","isMergeCommit":true,"messageTitle":"Merge pull request #32 from Paulifyer/Parser-and-addCommand","messageBody":"fix typo in Ui","tags":["Release"],"fileTypesAndContributionMap":{}}]},{"date":"2024-10-21","commitResults":[{"hash":"2ca8c34c4243e7a1419866cf23a9fffb0315106c","isMergeCommit":false,"messageTitle":"Fix bug where scanner for text file is not closed after the file is read","messageBody":"","fileTypesAndContributionMap":{"functional-code":{"insertions":1,"deletions":0},"test-code":{"insertions":9,"deletions":1}}},{"hash":"b2844fd7a424d8c3a03d2c139c0f2af88f70bec8","isMergeCommit":true,"messageTitle":"Merge branch \u0027master\u0027 of https://github.com/Paulifyer/tp","messageBody":"","fileTypesAndContributionMap":{}}]},{"date":"2024-10-22","commitResults":[{"hash":"930bb90deb61faebb79f4a6b44385cd8ca7fddc1","isMergeCommit":false,"messageTitle":"Add topic attribute to Card Type","messageBody":"topic attribute is a string for searching and organisation purposes for users to be able to search flashcards by topics\n","fileTypesAndContributionMap":{"functional-code":{"insertions":39,"deletions":15},"test-code":{"insertions":3,"deletions":3}}}]},{"date":"2024-10-24","commitResults":[{"hash":"b9da4d9753e2b5198789837e8a7eea4a99ca8389","isMergeCommit":true,"messageTitle":"Merge branch \u0027master\u0027 of https://github.com/AY2425S1-CS2113-T11-2/tp into ByTopics","messageBody":"","fileTypesAndContributionMap":{}},{"hash":"2d110f06a1c1908d4037d6301da1e021949e73c2","isMergeCommit":false,"messageTitle":"Add assertions to FlashCardSet, Parser","messageBody":"","fileTypesAndContributionMap":{"functional-code":{"insertions":3,"deletions":0},"test-code":{"insertions":7,"deletions":1}}},{"hash":"58f895115f633d390a83806721e9219a4881b79f","isMergeCommit":true,"messageTitle":"Merge branch \u0027master\u0027 of https://github.com/Paulifyer/tp","messageBody":"# Conflicts:\n#\tsrc/test/java/seedu/duke/flashutils/utils/StorageTest.java\n","fileTypesAndContributionMap":{}}]},{"date":"2024-10-25","commitResults":[{"hash":"01da0c79a4ac08b1943eaff676d8e96e28b231f2","isMergeCommit":true,"messageTitle":"Merge branch \u0027master\u0027 into ByTopics","messageBody":"# Conflicts:\n#\tsrc/main/java/seedu/duke/flashutils/utils/Parser.java\n","fileTypesAndContributionMap":{}},{"hash":"f4a81c046671a4b1d7aee2b71f312eb736db80e7","isMergeCommit":false,"messageTitle":"Change the testFile being deleted in @AfterEach annotation","messageBody":"","fileTypesAndContributionMap":{"test-code":{"insertions":4,"deletions":2}}},{"hash":"5e11b29bfa23e6ff23ba0ceb7e5695055d917698","isMergeCommit":true,"messageTitle":"Merge branch \u0027ByTopics\u0027 of https://github.com/Paulifyer/tp into ByTopics","messageBody":"","fileTypesAndContributionMap":{}},{"hash":"237419afe54eac8fa1087e5ed298ad051f650f61","isMergeCommit":false,"messageTitle":"Add test to StorageTest to test for multiple Cards being added to 1 module","messageBody":"","fileTypesAndContributionMap":{"functional-code":{"insertions":9,"deletions":5},"test-code":{"insertions":34,"deletions":5}}},{"hash":"d43553b63b7b413689560fe987fa1178997ac00b","isMergeCommit":false,"messageTitle":"Add a test for the addcommand to check for invalid commands given","messageBody":"","fileTypesAndContributionMap":{"test-code":{"insertions":12,"deletions":1}}}]},{"date":"2024-10-26","commitResults":[{"hash":"6f1a2f667a2c23f09da8cdec6ae18d19509df79b","isMergeCommit":false,"messageTitle":"Change Code to be more in line with checkstyle configuration","messageBody":"","fileTypesAndContributionMap":{"functional-code":{"insertions":0,"deletions":3},"test-code":{"insertions":0,"deletions":1}}},{"hash":"448e5ec42fc8b3ac0780c63424774f2292d95528","isMergeCommit":true,"messageTitle":"Merge pull request #50 from angelinawong1210/master","messageBody":"Update the UI with welcome message and available commands display","fileTypesAndContributionMap":{}}]}]},"authorFileTypeContributionMap":{"angelinawong1210":{"docs":1,"functional-code":191,"test-code":28},"raneeng":{"docs":0,"functional-code":156,"test-code":22},"mikolajed":{"docs":5,"functional-code":276,"test-code":68},"frederickemerson":{"docs":104,"functional-code":230,"test-code":0},"Paulifyer":{"docs":7,"functional-code":140,"test-code":100,"other":1}},"authorContributionVariance":{"angelinawong1210":640.0464,"raneeng":824.63684,"mikolajed":5013.5146,"frederickemerson":1396.3795,"Paulifyer":868.00946},"authorDisplayNameMap":{"angelinawong1210":"CS2113-T11-2 NGUY..NGOC","raneeng":"CS2113-T11-2 RANE.. YEE","mikolajed":"CS2113-T11-2 JEDR..OLAJ","frederickemerson":"CS2113-T11-2 VASA..RSON","Paulifyer":"CS2113-T11-2 ETHA.. SOH"}}
