{"authorDailyContributionsMap":{"paulktham":[{"date":"2024-10-01","commitResults":[{"hash":"f6d3fb249131529df738a1acaf9d3fba3589c8bc","isMergeCommit":false,"messageTitle":"Student and University Package","messageBody":"","fileTypesAndContributionMap":{"functional-code":{"insertions":183,"deletions":0}}}]},{"date":"2024-10-02","commitResults":[{"hash":"13a9d6716ecaa73419200bddefb79c7012d24adb","isMergeCommit":false,"messageTitle":"Revert \"Student and University Package\"","messageBody":"This reverts commit f6d3fb249131529df738a1acaf9d3fba3589c8bc.\n","fileTypesAndContributionMap":{"functional-code":{"insertions":0,"deletions":183}}},{"hash":"de97e12b79d8cdb2039a68513f39d137b79277c7","isMergeCommit":true,"messageTitle":"Merge pull request #17 from ThisisXXZ/AboutUs","messageBody":"About us","fileTypesAndContributionMap":{}},{"hash":"a14495b3bf62f9feacd7f9a6282d82bac55a6a59","isMergeCommit":true,"messageTitle":"Merge branch \u0027master\u0027 of https://github.com/paulktham/tp","messageBody":"","fileTypesAndContributionMap":{}},{"hash":"ee60a3d24f71813c02b283ea0444d8d7f36b9def","isMergeCommit":false,"messageTitle":"AboutUs","messageBody":"","fileTypesAndContributionMap":{"docs":{"insertions":2,"deletions":1}}},{"hash":"9cdc1f4de316f4cd769d89f9be8a9f5b8fc6a902","isMergeCommit":false,"messageTitle":"Add Student and university Package","messageBody":"","fileTypesAndContributionMap":{"functional-code":{"insertions":183,"deletions":0}}},{"hash":"82f52070e1d4b63f6173abd5b51abf24dd272a68","isMergeCommit":false,"messageTitle":"Update University.java","messageBody":"fixed the camelCase issue for spotsLeft","fileTypesAndContributionMap":{"functional-code":{"insertions":4,"deletions":4}}},{"hash":"58c8ebe9e0a1f652a1c9ab61e11477b29cbfca20","isMergeCommit":false,"messageTitle":"java convention naming for variables and functions","messageBody":"","fileTypesAndContributionMap":{"functional-code":{"insertions":13,"deletions":14}}}]},{"date":"2024-10-15","commitResults":[{"hash":"b6f58ea4d92f702f3a18fe67c9314cd3ecd67181","isMergeCommit":false,"messageTitle":"JUnit test done","messageBody":"","fileTypesAndContributionMap":{"test-code":{"insertions":102,"deletions":0}}},{"hash":"96b65fffc63085bd3b6cf28967b430689c9acd4a","isMergeCommit":false,"messageTitle":"Removed Unecessary imports","messageBody":"","fileTypesAndContributionMap":{"test-code":{"insertions":0,"deletions":5}}},{"hash":"92236d231657d328653e471366fcf25c3acb3771","isMergeCommit":true,"messageTitle":"Merge pull request #45 from isaacsaw25/ui_test","messageBody":"Add JUnit testing for UI class","fileTypesAndContributionMap":{}}]},{"date":"2024-10-21","commitResults":[{"hash":"91a9e48955e6bbed82527e7de12bc11cf5cd33ac","isMergeCommit":false,"messageTitle":"First Criteria Iteration","messageBody":"","fileTypesAndContributionMap":{"functional-code":{"insertions":64,"deletions":2},"test-code":{"insertions":20,"deletions":0}}}]},{"date":"2024-10-23","commitResults":[{"hash":"7183f6d6f7850d9fe09dae398dd98e5b1a06de06","isMergeCommit":false,"messageTitle":"criteria iteration 2","messageBody":"","fileTypesAndContributionMap":{"functional-code":{"insertions":13,"deletions":2}}}]},{"date":"2024-10-25","commitResults":[{"hash":"03ac5029edcfea6133773a3882eaea704e6da705","isMergeCommit":true,"messageTitle":"Merge pull request #63 from Holy-An/Find","messageBody":"Add Find Feature ","fileTypesAndContributionMap":{}}]},{"date":"2024-10-26","commitResults":[{"hash":"4f41eb433985a8fdba6eaf2a1a84a1546b216e19","isMergeCommit":true,"messageTitle":"Merge branch \u0027master\u0027 of https://github.com/paulktham/tp","messageBody":"","fileTypesAndContributionMap":{}},{"hash":"e8878e5168468e1143a069bdbacfa2cc32f429f3","isMergeCommit":false,"messageTitle":"DG student and university","messageBody":"","fileTypesAndContributionMap":{"docs":{"insertions":18,"deletions":2}}},{"hash":"d1f243d91349f237bbb284e27455b3acad48d6dd","isMergeCommit":false,"messageTitle":"JavaDoc Comments","messageBody":"","fileTypesAndContributionMap":{"functional-code":{"insertions":98,"deletions":18},"test-code":{"insertions":2,"deletions":2}}},{"hash":"21d18f27c71b68d1b2fa1c91e912c2cdcda8f8c5","isMergeCommit":false,"messageTitle":"architecture","messageBody":"","fileTypesAndContributionMap":{"docs":{"insertions":2,"deletions":0}}}]},{"date":"2024-10-27","commitResults":[{"hash":"1ac3a1c262479dc81f4d60727e79b6c564763a1b","isMergeCommit":false,"messageTitle":"update according to comments","messageBody":"","fileTypesAndContributionMap":{"docs":{"insertions":1,"deletions":1}}}]},{"date":"2024-10-28","commitResults":[{"hash":"7fe9f8b2c64ac824ff1e200432770a396c789020","isMergeCommit":false,"messageTitle":"assertions for student,university and allocator.","messageBody":"","fileTypesAndContributionMap":{"functional-code":{"insertions":19,"deletions":3}}},{"hash":"e8ff09ca138c59384df290d26034830ed99c51a7","isMergeCommit":true,"messageTitle":"Merge branch \u0027master\u0027 into DG-branch","messageBody":"","fileTypesAndContributionMap":{}},{"hash":"b1e460ae2e1fde58925efff0b2af20b12fa6cf35","isMergeCommit":false,"messageTitle":"bug fix","messageBody":"","fileTypesAndContributionMap":{"functional-code":{"insertions":1,"deletions":1}}}]},{"date":"2024-10-29","commitResults":[{"hash":"1b7c889482e97f4d104330f359c70d0169c8911c","isMergeCommit":true,"messageTitle":"Merge branch \u0027DG-branch\u0027 of https://github.com/paulktham/tp into DG-branch","messageBody":"","fileTypesAndContributionMap":{}},{"hash":"d4ba216eacd8a4909aa9176a39b12a19e980c4bf","isMergeCommit":true,"messageTitle":"Merge pull request #84 from ThisisXXZ/ug_ppp_docs","messageBody":"Enable Assertions in build.gradle \u0026 Update UG and PPP","fileTypesAndContributionMap":{}},{"hash":"d0e668432a37214d130735ddb630a96ec2fd5af3","isMergeCommit":false,"messageTitle":"Paul\u0027s contribution to the UG","messageBody":"","fileTypesAndContributionMap":{"docs":{"insertions":21,"deletions":0}}},{"hash":"084d29f0d243665f3761885ab36a878963ebdd62","isMergeCommit":false,"messageTitle":"added PPP","messageBody":"","fileTypesAndContributionMap":{"docs":{"insertions":30,"deletions":0}}},{"hash":"38bd322181676ae3c53d8fc13ea3445ddea07ce4","isMergeCommit":false,"messageTitle":"UG","messageBody":"","fileTypesAndContributionMap":{"docs":{"insertions":13,"deletions":4}}},{"hash":"1cca0be893a6ea8793e67da3ca443b477d02b0f0","isMergeCommit":true,"messageTitle":"Merge pull request #87 from ehz0ah/save","messageBody":"Add save data in JSON \u0026 TXT format","fileTypesAndContributionMap":{}},{"hash":"89e2f82f0b0197499de66978a261d7e7ca328c18","isMergeCommit":false,"messageTitle":"new DG diagrams","messageBody":"","fileTypesAndContributionMap":{"docs":{"insertions":10,"deletions":0}}},{"hash":"3ae87ad1bcb00ac25d79a28f5f29c0c378b333ad","isMergeCommit":false,"messageTitle":"!","messageBody":"","fileTypesAndContributionMap":{"docs":{"insertions":2,"deletions":2}}},{"hash":"03628e50c149b6821df46183fc3a8bf8a3f7fd91","isMergeCommit":false,"messageTitle":"final hopefully","messageBody":"","fileTypesAndContributionMap":{"docs":{"insertions":1,"deletions":1}}},{"hash":"87bff99924f9c213762d3abbecef05d58385eba1","isMergeCommit":true,"messageTitle":"Merge branch \u0027master\u0027 into DG-branch-2","messageBody":"","fileTypesAndContributionMap":{}}]},{"date":"2024-10-30","commitResults":[{"hash":"1fa650fae67c652cbf6e6305bdef6094c45831b2","isMergeCommit":true,"messageTitle":"Merge pull request #94 from Holy-An/UML-Diagram","messageBody":"Add Sequence diagram for find and filter commands","fileTypesAndContributionMap":{}},{"hash":"14b9589e03f774cb6da6cba2d3890a7bddf37ae2","isMergeCommit":false,"messageTitle":"change c to C","messageBody":"","fileTypesAndContributionMap":{"docs":{"insertions":1,"deletions":1}}},{"hash":"e7266ff99388e05cc30684577f0ca77c5757754d","isMergeCommit":false,"messageTitle":"revert and generate","messageBody":"","fileTypesAndContributionMap":{"docs":{"insertions":2,"deletions":2}}},{"hash":"3697b9bb65a2969128c8d46d6fa078b19a08ad8d","isMergeCommit":false,"messageTitle":"Commands","messageBody":"","fileTypesAndContributionMap":{"functional-code":{"insertions":12,"deletions":0}}}]},{"date":"2024-11-04","commitResults":[{"hash":"ff0f2b40d174cc7a6b04118cc3d4715168ccc7da","isMergeCommit":false,"messageTitle":"first iteration","messageBody":"","fileTypesAndContributionMap":{"docs":{"insertions":26,"deletions":15}}}]},{"date":"2024-11-05","commitResults":[{"hash":"e6173f61f3e99e655a6fb550bfdea67f1d80d589","isMergeCommit":false,"messageTitle":"DG done","messageBody":"","fileTypesAndContributionMap":{"docs":{"insertions":4,"deletions":0}}},{"hash":"7520f65e97e8a9a06e908e500811c545ac57ec41","isMergeCommit":false,"messageTitle":"fixing some erorrs","messageBody":"","fileTypesAndContributionMap":{"docs":{"insertions":1,"deletions":1}}}]},{"date":"2024-11-06","commitResults":[{"hash":"88df2e84bba3d91f357ca28d6cfe2c23e78b48ea","isMergeCommit":true,"messageTitle":"Merge pull request #125 from isaacsaw25/master","messageBody":"CriteriaCommand.java: Fix decimal rounding issue","fileTypesAndContributionMap":{}},{"hash":"bb554284718e19df2a73c2b5ec4353b8c50dc245","isMergeCommit":false,"messageTitle":"Update UserGuide.md delete feature","messageBody":"","fileTypesAndContributionMap":{"docs":{"insertions":10,"deletions":0}}}]}],"ThisisXXZ":[{"date":"2024-10-02","commitResults":[{"hash":"f99eaae795f3179b07635532314f4ab693c2f0b7","isMergeCommit":false,"messageTitle":"Edit AboutUs.md","messageBody":"","fileTypesAndContributionMap":{"docs":{"insertions":1,"deletions":5}}},{"hash":"700bcc1fe3507d6dcb7bde4766b82305e61402ad","isMergeCommit":true,"messageTitle":"Merge conflicts","messageBody":"","fileTypesAndContributionMap":{}},{"hash":"b6a691ced788d3220b2af5cad90f19eb54026629","isMergeCommit":true,"messageTitle":"Merge branch \u0027master\u0027 of https://github.com/ThisisXXZ/tp","messageBody":"","fileTypesAndContributionMap":{}},{"hash":"385b2fb14e1416eb5cfd2f110734eb748816f884","isMergeCommit":true,"messageTitle":"Merge pull request #18 from paulktham/Paul-AboutUs","messageBody":"Paul about us","fileTypesAndContributionMap":{}}]},{"date":"2024-10-04","commitResults":[{"hash":"3a46f99b39c4b7f3445ba47c70da01f626e346f0","isMergeCommit":false,"messageTitle":"Add copy constructor and sorting strategies","messageBody":"","fileTypesAndContributionMap":{"functional-code":{"insertions":48,"deletions":1}}},{"hash":"b11b89137e440052947d344e761e9db2be86afc3","isMergeCommit":false,"messageTitle":"Add allocator package with a primary Allocator algorithm","messageBody":"","fileTypesAndContributionMap":{"functional-code":{"insertions":39,"deletions":0}}}]},{"date":"2024-10-06","commitResults":[{"hash":"e57883fc9dde07ca23fb8600cc829eff6c9ea459","isMergeCommit":true,"messageTitle":"Merge branch \u0027master\u0027 into allocator","messageBody":"","fileTypesAndContributionMap":{}},{"hash":"f9a3081fc6b3da91da46f2c9a9251d769b9d421e","isMergeCommit":false,"messageTitle":"Merge conflicts with new ui modifications","messageBody":"","fileTypesAndContributionMap":{"functional-code":{"insertions":3,"deletions":5}}}]},{"date":"2024-10-14","commitResults":[{"hash":"178887907576739996f232a571a28bf2f0b8e9fd","isMergeCommit":false,"messageTitle":"Add JUnit test for Allocator class","messageBody":"","fileTypesAndContributionMap":{"test-code":{"insertions":56,"deletions":0}}},{"hash":"2ab0f448a272f92e15ebea86298a084af1d6c96c","isMergeCommit":true,"messageTitle":"Merge branch \u0027master\u0027 into allocator_test","messageBody":"","fileTypesAndContributionMap":{}},{"hash":"3685d331ed752b4b026648ce60d2690cca0bcab9","isMergeCommit":false,"messageTitle":"Add exception handling in allocator JUnit tester","messageBody":"","fileTypesAndContributionMap":{"test-code":{"insertions":2,"deletions":1}}}]},{"date":"2024-10-21","commitResults":[{"hash":"bd74e379095990d2e5b1ded5a1ad5c7f8a232427","isMergeCommit":false,"messageTitle":"Add stat command to check gpa distribution for some specified uni","messageBody":"","fileTypesAndContributionMap":{"functional-code":{"insertions":108,"deletions":0}}},{"hash":"5595ab19b77307eebd157f26ed930923c7bf05d4","isMergeCommit":false,"messageTitle":"Add viewQuota command to check the current status of some uni","messageBody":"","fileTypesAndContributionMap":{"functional-code":{"insertions":57,"deletions":2}}},{"hash":"025b1dc67452ae83489f79b87c5c96a1ec03895e","isMergeCommit":false,"messageTitle":"Update StatCommand.java to pass style checking","messageBody":"","fileTypesAndContributionMap":{"functional-code":{"insertions":1,"deletions":1}}}]},{"date":"2024-10-22","commitResults":[{"hash":"2fcef014c6e7812c77207792259e1be53fbccc22","isMergeCommit":false,"messageTitle":"Add JUnit tests for newly added commands","messageBody":"","fileTypesAndContributionMap":{"test-code":{"insertions":94,"deletions":0}}}]},{"date":"2024-10-23","commitResults":[{"hash":"aa5b41e14bdb620ba8e3bc6f646a80454db30e48","isMergeCommit":true,"messageTitle":"Merge pull request #57 from isaacsaw25/master","messageBody":"Fix ListCommand logic flaw","fileTypesAndContributionMap":{}},{"hash":"0081242e160a1d2b3a77ccabe9e3d3d5ad2f19a5","isMergeCommit":true,"messageTitle":"Merge branch \u0027AY2425S1-CS2113-W12-2:master\u0027 into master","messageBody":"","fileTypesAndContributionMap":{}},{"hash":"fb8efdefba825ed6419e19916782a51a7cd23559","isMergeCommit":true,"messageTitle":"Merge branch \u0027master\u0027 into v2-newCommands","messageBody":"","fileTypesAndContributionMap":{}},{"hash":"d6cf8b48c5cff0e51c90d10ff5312f79c60cd010","isMergeCommit":true,"messageTitle":"Merge pull request #53 from paulktham/criteria-for-SEP-allocations","messageBody":"First Criteria Iteration","fileTypesAndContributionMap":{}},{"hash":"3f1dfe1dcc9a2be40049d22c331fb4b503280079","isMergeCommit":false,"messageTitle":"Abstract out the gpa computation methods into StudentList.java","messageBody":"","fileTypesAndContributionMap":{"functional-code":{"insertions":59,"deletions":28}}},{"hash":"5e463857e8be59616495b3323412ff23454ef7d3","isMergeCommit":true,"messageTitle":"Merge branch \u0027AY2425S1-CS2113-W12-2:master\u0027 into master","messageBody":"","fileTypesAndContributionMap":{}},{"hash":"bcc0c1c8bb05657937ab90333ccff962efb7445e","isMergeCommit":true,"messageTitle":"Merge new changes into current branch","messageBody":"","fileTypesAndContributionMap":{}},{"hash":"ef7947aa6e50ffe546515f9221243316cca97805","isMergeCommit":false,"messageTitle":"Add JavaDoc for StatCommand and ViewQuotaCommand","messageBody":"","fileTypesAndContributionMap":{"functional-code":{"insertions":53,"deletions":2}}}]},{"date":"2024-10-25","commitResults":[{"hash":"47d32afb3b2f1470fbb19585ba2e98cf93138a6f","isMergeCommit":true,"messageTitle":"Merge pull request #67 from ehz0ah/docs","messageBody":"Update DG for Parser class","fileTypesAndContributionMap":{}}]},{"date":"2024-10-26","commitResults":[{"hash":"c50b25622c04f81a28ba1a30a895aa8c8f269cd4","isMergeCommit":false,"messageTitle":"Remove threads handling in AllocateCommand to fix \u0027invalid command\u0027 bug","messageBody":"","fileTypesAndContributionMap":{"functional-code":{"insertions":26,"deletions":51}}},{"hash":"33f265e86f41bfa0558880478de936631e6544f5","isMergeCommit":false,"messageTitle":"Add allocator design \u0026 implementation in DG","messageBody":"","fileTypesAndContributionMap":{"docs":{"insertions":26,"deletions":2}}},{"hash":"73bf3417e6c3f610e1c7fb249e11223639d1f0e7","isMergeCommit":false,"messageTitle":"Modify AllocateCommand.java to pass style check","messageBody":"","fileTypesAndContributionMap":{"functional-code":{"insertions":1,"deletions":1}}}]},{"date":"2024-10-28","commitResults":[{"hash":"c720d17be762956a73f8c11d2523e3d50b7800e4","isMergeCommit":true,"messageTitle":"Merge pull request #80 from isaacsaw25/dg_ui","messageBody":"DeveloperGuide.md: Add UI features","fileTypesAndContributionMap":{}}]},{"date":"2024-10-29","commitResults":[{"hash":"af44852ec19882ab9fc3735dc899422842d9dd7e","isMergeCommit":false,"messageTitle":"Update UG for stats and viewQuota commands","messageBody":"","fileTypesAndContributionMap":{"docs":{"insertions":45,"deletions":11}}},{"hash":"f9a3c9022e1eaa1c68bb6cab7b2346f2dd5af63c","isMergeCommit":false,"messageTitle":"Add PPP file","messageBody":"","fileTypesAndContributionMap":{"docs":{"insertions":35,"deletions":0}}},{"hash":"e84da859cbe48597e0f24aa1796fede81f02ab02","isMergeCommit":false,"messageTitle":"Enable assertions in build.gradle and add some assertions in stat and viewQuota commands","messageBody":"","fileTypesAndContributionMap":{"functional-code":{"insertions":33,"deletions":7},"other":{"insertions":2,"deletions":1}}},{"hash":"4eaad2a6137d6cb00831d3cd5b6456ee9c0f5669","isMergeCommit":false,"messageTitle":"Update DG for stats and viewQuota commands","messageBody":"","fileTypesAndContributionMap":{"docs":{"insertions":17,"deletions":1}}},{"hash":"519307c89217fea24f719df32ca9901a26cd3ce2","isMergeCommit":false,"messageTitle":"Change problematic backslash symbol in url","messageBody":"","fileTypesAndContributionMap":{"docs":{"insertions":1,"deletions":1}}}]},{"date":"2024-10-30","commitResults":[{"hash":"051bb1abaf74023058d22a84cfe9072fc78fe065","isMergeCommit":true,"messageTitle":"Merge pull request #95 from paulktham/master","messageBody":"Change some small bugs in the DG","fileTypesAndContributionMap":{}},{"hash":"b17b59f0c868d22e30dce54757118451e754b259","isMergeCommit":true,"messageTitle":"Merge pull request #96 from paulktham/master","messageBody":"Commands","fileTypesAndContributionMap":{}}]},{"date":"2024-10-31","commitResults":[{"hash":"1e51dc6a8c068e7d07313949a067bdbf1ee63c6d","isMergeCommit":true,"messageTitle":"Merge pull request #97 from isaacsaw25/master","messageBody":"Update DeveloperGuide.md according to comments","fileTypesAndContributionMap":{}}]},{"date":"2024-11-01","commitResults":[{"hash":"43db8d6e59d09e228cbcee2da6bb456178f8a10d","isMergeCommit":false,"messageTitle":"Rename PPP","messageBody":"","fileTypesAndContributionMap":{"docs":{"insertions":0,"deletions":0}}}]},{"date":"2024-11-03","commitResults":[{"hash":"d74aeb8156da2da12045c66bdb328738fb426914","isMergeCommit":false,"messageTitle":"Fix CriteriaCommand bug","messageBody":"","fileTypesAndContributionMap":{"functional-code":{"insertions":24,"deletions":2}}}]},{"date":"2024-11-04","commitResults":[{"hash":"45fbe0ad036358ea918df5251238154498cca5f7","isMergeCommit":false,"messageTitle":"Fix multiple allocation bug","messageBody":"","fileTypesAndContributionMap":{"functional-code":{"insertions":3,"deletions":0}}}]},{"date":"2024-11-05","commitResults":[{"hash":"cfa2eb3dfa4984e1fd5819420edf8be802606197","isMergeCommit":false,"messageTitle":"Enhance DG","messageBody":"","fileTypesAndContributionMap":{"docs":{"insertions":75,"deletions":17}}},{"hash":"5344e16ca78858a2a520bc020cd2bd3f2e968a8e","isMergeCommit":false,"messageTitle":"Fix some logic errors and modify ToC","messageBody":"","fileTypesAndContributionMap":{"docs":{"insertions":9,"deletions":2}}},{"hash":"d2296d0ee1f40e529f412d5336f16ab671266f19","isMergeCommit":false,"messageTitle":"Add the missing s in ToC","messageBody":"","fileTypesAndContributionMap":{"docs":{"insertions":1,"deletions":1}}}]},{"date":"2024-11-06","commitResults":[{"hash":"bdd4ae79c40c8f8daeb14b20e7880e0e84025275","isMergeCommit":true,"messageTitle":"Merge pull request #124 from AY2425S1-CS2113-W12-2/isaacsaw25-patch-1","messageBody":"UserGuide.md: Fix minor grammar error","fileTypesAndContributionMap":{}},{"hash":"8f8a75b03993704ebb492c0f053bd5787e6939be","isMergeCommit":false,"messageTitle":"Modify AboutUs with profolio and avatar","messageBody":"","fileTypesAndContributionMap":{"docs":{"insertions":3,"deletions":3}}},{"hash":"3864b3f0a515cd2e69399e20a1ddeac16ac7a655","isMergeCommit":false,"messageTitle":"Update DG","messageBody":"","fileTypesAndContributionMap":{"docs":{"insertions":2,"deletions":2}}},{"hash":"e0c113edc08e71054557217776e5576911fc7bbe","isMergeCommit":false,"messageTitle":"Fix Readme","messageBody":"","fileTypesAndContributionMap":{"docs":{"insertions":1,"deletions":3}}},{"hash":"c6451a4b6cf3c262691444254edb12901e560ebc","isMergeCommit":false,"messageTitle":"Add some content for FAQ","messageBody":"","fileTypesAndContributionMap":{"docs":{"insertions":26,"deletions":18}}},{"hash":"ff2214e0e2b828b33801671c262df594dfb21343","isMergeCommit":false,"messageTitle":"Update PPP","messageBody":"","fileTypesAndContributionMap":{"docs":{"insertions":32,"deletions":4}}}]}],"ehz0ah":[{"date":"2024-09-29","commitResults":[{"hash":"3326a1774d4a25630ca287ebd9fcfd36b36109fd","isMergeCommit":true,"messageTitle":"Merge pull request #8 from isaacsaw25/UI","messageBody":"Add basic UI package","fileTypesAndContributionMap":{}}]},{"date":"2024-10-02","commitResults":[{"hash":"8c3d1bdb3785acfd1b821738bc0b468759f8321c","isMergeCommit":false,"messageTitle":"Update AboutUs.md","messageBody":"","fileTypesAndContributionMap":{"docs":{"insertions":4,"deletions":7}}},{"hash":"c4a2c431f8db36532ade871fb0ff2837eba6da12","isMergeCommit":true,"messageTitle":"Merge pull request #13 from ehz0ah/HaoZhe-AboutUs","messageBody":"Update AboutUs.md (Hao Zhe)","fileTypesAndContributionMap":{}},{"hash":"cf4d53996ce39ed84292bbab07317bc17c3f49a0","isMergeCommit":true,"messageTitle":"Merge pull request #12 from isaacsaw25/isaac-AboutUs","messageBody":"Update AboutUs.md (Isaac Saw)","fileTypesAndContributionMap":{}}]},{"date":"2024-10-03","commitResults":[{"hash":"52c4045ec7df3e3673965908283f531645123a97","isMergeCommit":false,"messageTitle":"Add Parser Package and Class","messageBody":"","fileTypesAndContributionMap":{"functional-code":{"insertions":93,"deletions":19},"docs":{"insertions":1,"deletions":1}}},{"hash":"6fa65ff3e431a2d556f686c8d8ff051f07b7bba2","isMergeCommit":true,"messageTitle":"Merge branch \u0027master\u0027 into Command","messageBody":"","fileTypesAndContributionMap":{}},{"hash":"18df4703f8af8afd4256a22c9d65b00872cc1b19","isMergeCommit":false,"messageTitle":"Add Command Package and classes","messageBody":"","fileTypesAndContributionMap":{"functional-code":{"insertions":161,"deletions":7}}},{"hash":"91b15d1066f67bb5aec01a71922792eb0977f06d","isMergeCommit":false,"messageTitle":"Add StudentList Package and Class","messageBody":"","fileTypesAndContributionMap":{"functional-code":{"insertions":243,"deletions":160},"other":{"insertions":8,"deletions":5}}},{"hash":"94e5b1500911b19b971c4a3b7abd35bf6dcf93a5","isMergeCommit":false,"messageTitle":"Clean up and improve code quality","messageBody":"","fileTypesAndContributionMap":{"functional-code":{"insertions":6,"deletions":15},"other":{"insertions":1,"deletions":1}}}]},{"date":"2024-10-04","commitResults":[{"hash":"3c40f5d008e9a8a9924d5b1eeef9b6a8cea73ee2","isMergeCommit":true,"messageTitle":"Merge pull request #29 from isaacsaw25/27-refactor-packages","messageBody":"Refactor seedu.duke package into findoursep","fileTypesAndContributionMap":{}}]},{"date":"2024-10-06","commitResults":[{"hash":"868b8aa7bf755341df2e729f605b2d025c1c4807","isMergeCommit":true,"messageTitle":"Merge pull request #32 from ThisisXXZ/allocator","messageBody":"Allocator: Add sorting strategies, copy constructors, and allocator package","fileTypesAndContributionMap":{}}]},{"date":"2024-10-10","commitResults":[{"hash":"8cc3dba5ec045e479e4a12b0d1eecaebfa713147","isMergeCommit":false,"messageTitle":"Add new unknown command","messageBody":"","fileTypesAndContributionMap":{"functional-code":{"insertions":20,"deletions":8}}},{"hash":"edc62c5fe81b01ff16df1e847ef5e4ce5741c797","isMergeCommit":false,"messageTitle":"Change import wildcard to single imports","messageBody":"","fileTypesAndContributionMap":{"functional-code":{"insertions":8,"deletions":1}}}]},{"date":"2024-10-11","commitResults":[{"hash":"a47f89f87da6cbda8dce6e675da960411eb58d50","isMergeCommit":false,"messageTitle":"Update gradle.yml to ensure JVM use UTF-8","messageBody":"","fileTypesAndContributionMap":{"functional-code":{"insertions":3,"deletions":3},"other":{"insertions":4,"deletions":1}}},{"hash":"8e7af642f4a0bd06cffdf3623326b02eca6b181b","isMergeCommit":false,"messageTitle":"Update gradle.yml file","messageBody":"","fileTypesAndContributionMap":{"other":{"insertions":9,"deletions":2}}},{"hash":"aab82475b132d434493977bf7f382a3455f8af75","isMergeCommit":false,"messageTitle":"Test CI pipelines","messageBody":"","fileTypesAndContributionMap":{"other":{"insertions":5,"deletions":2}}},{"hash":"b891d1c7a80e20d4e713ab3931f44890b255e5b1","isMergeCommit":false,"messageTitle":"Remove unnecessary configurations","messageBody":"","fileTypesAndContributionMap":{"other":{"insertions":0,"deletions":11}}},{"hash":"b23a34412842160453b3f26e30aff4a14254b957","isMergeCommit":false,"messageTitle":"Remove forced encoding on System.out","messageBody":"","fileTypesAndContributionMap":{"functional-code":{"insertions":0,"deletions":4}}}]},{"date":"2024-10-14","commitResults":[{"hash":"dcdc007fb7930fc64f97139e7eaeccc7b6c9378d","isMergeCommit":true,"messageTitle":"Merge pull request #40 from Holy-An/Exceptions","messageBody":"Add Exception Packages and Classes","fileTypesAndContributionMap":{}},{"hash":"82e1fa91f5b1bcfa96b214b99b9e3ab2add6521b","isMergeCommit":false,"messageTitle":"Refactor startup from main","messageBody":"","fileTypesAndContributionMap":{"functional-code":{"insertions":12,"deletions":7}}},{"hash":"725394db106e4555e4fd4680197333cf47df27e2","isMergeCommit":false,"messageTitle":"Add javadoc for start method","messageBody":"","fileTypesAndContributionMap":{"functional-code":{"insertions":5,"deletions":0}}},{"hash":"ca03de9d1aaa6f7dbc07ccfb020377ece7b56233","isMergeCommit":false,"messageTitle":"Add JUnit test for parser class","messageBody":"","fileTypesAndContributionMap":{"functional-code":{"insertions":1,"deletions":1},"test-code":{"insertions":134,"deletions":0}}},{"hash":"2154f486a4b5ed6e1d920365f24995ded4b088b9","isMergeCommit":false,"messageTitle":"Add JUnit test for StudentList class","messageBody":"","fileTypesAndContributionMap":{"functional-code":{"insertions":3,"deletions":8},"test-code":{"insertions":90,"deletions":1}}},{"hash":"67df31b9c47e2d163ea701cb242d19490f4381a0","isMergeCommit":false,"messageTitle":"Update import wildcards to single imports","messageBody":"","fileTypesAndContributionMap":{"test-code":{"insertions":3,"deletions":1}}},{"hash":"bcc4dc547ef19de1ed99b2cb1bf23cf13910906c","isMergeCommit":false,"messageTitle":"Update import wildcards to single imports","messageBody":"","fileTypesAndContributionMap":{"test-code":{"insertions":4,"deletions":1}}},{"hash":"2a4335367ae73a1276b1ff612c3910d098c298e0","isMergeCommit":true,"messageTitle":"Merge pull request #41 from ThisisXXZ/allocator_test","messageBody":"Add Allocator JUnit Test","fileTypesAndContributionMap":{}}]},{"date":"2024-10-15","commitResults":[{"hash":"d2e75339a3a671de8775f879f4b1604ca47f87fc","isMergeCommit":true,"messageTitle":"Merge pull request #49 from Holy-An/JUnit","messageBody":"Add JUnit testing for StudentList class","tags":["v1.0"],"fileTypesAndContributionMap":{}}]},{"date":"2024-10-22","commitResults":[{"hash":"82520a0f16ca205c8734939ec1a73f2a4846de5b","isMergeCommit":false,"messageTitle":"Add dependencies for parsing different file formats","messageBody":"","fileTypesAndContributionMap":{"other":{"insertions":6,"deletions":0}}},{"hash":"e7fa0109c85d2d3c3248ae92e31e93e989673f7a","isMergeCommit":false,"messageTitle":"Add new exceptions to handle storage errors","messageBody":"","fileTypesAndContributionMap":{"functional-code":{"insertions":15,"deletions":0}}},{"hash":"38c58dc9d29cd9fae953b51badf09edc0af4f53b","isMergeCommit":false,"messageTitle":"Add ui messages for reading in files","messageBody":"","fileTypesAndContributionMap":{"functional-code":{"insertions":27,"deletions":2}}},{"hash":"3fe47903ffd0b878e39a2786c617bb3faee1c25e","isMergeCommit":false,"messageTitle":"Add storage class \u0026 ability to parse different file formats","messageBody":"","fileTypesAndContributionMap":{"functional-code":{"insertions":142,"deletions":5}}}]},{"date":"2024-10-23","commitResults":[{"hash":"9f9c3cbfb7cc714aef182c37fbe3c1e317379d14","isMergeCommit":false,"messageTitle":"Add exceptions for rejecting file","messageBody":"","fileTypesAndContributionMap":{"functional-code":{"insertions":35,"deletions":15}}}]},{"date":"2024-10-24","commitResults":[{"hash":"0062cc7d9c2dfb2ca80de860d72107acd33b5d5c","isMergeCommit":false,"messageTitle":"Add parsing .csv functionality","messageBody":"","fileTypesAndContributionMap":{"functional-code":{"insertions":105,"deletions":75}}},{"hash":"41b3abeb62cca8f95685acc24f4757b7c2292803","isMergeCommit":false,"messageTitle":"Add parsing .json file functionality","messageBody":"","fileTypesAndContributionMap":{"functional-code":{"insertions":134,"deletions":31}}},{"hash":"168e20a17c515ed9f2c5c744dcd98bbba9a0b12e","isMergeCommit":false,"messageTitle":"Add parsing .txt file functionality","messageBody":"","fileTypesAndContributionMap":{"functional-code":{"insertions":74,"deletions":24}}},{"hash":"4a94759fa269ef0ec10d06c81a1bad3e60f2b329","isMergeCommit":false,"messageTitle":"Finish up parsing different file functionality","messageBody":"","fileTypesAndContributionMap":{"functional-code":{"insertions":70,"deletions":31}}},{"hash":"da6e2510849e3e0de1469a82b43dc4663c0504d5","isMergeCommit":true,"messageTitle":"Merge branch remote \u0027master\u0027 to local branch","messageBody":"","fileTypesAndContributionMap":{}},{"hash":"3ebf423d1782f1a2357cfb98a27781c1e29a4d67","isMergeCommit":true,"messageTitle":"Handle merge conflicts","messageBody":"","fileTypesAndContributionMap":{}},{"hash":"b6ad635d0082cd2d45e232436e1cfa4f3998c645","isMergeCommit":false,"messageTitle":"Remove unused imports","messageBody":"","fileTypesAndContributionMap":{"functional-code":{"insertions":0,"deletions":2}}},{"hash":"33c90f8a3331c925ee849ad6978e848bcc584e66","isMergeCommit":false,"messageTitle":"Remove redundant codes","messageBody":"","fileTypesAndContributionMap":{"functional-code":{"insertions":0,"deletions":18}}},{"hash":"69f81a1e6094f0e47be14254dd263c6747b36ca9","isMergeCommit":false,"messageTitle":"Add javadoc comments","messageBody":"","fileTypesAndContributionMap":{"functional-code":{"insertions":150,"deletions":4}}},{"hash":"892b0d34defb732e5334390b1ece66f0ccbc1297","isMergeCommit":false,"messageTitle":"Handle checkstyle errors","messageBody":"","fileTypesAndContributionMap":{"functional-code":{"insertions":2,"deletions":2}}},{"hash":"46c7d7ff1cde20d5e3c3dcbe2e32f11fa1e277ee","isMergeCommit":false,"messageTitle":"Set up DG docs","messageBody":"","fileTypesAndContributionMap":{"docs":{"insertions":41,"deletions":1}}},{"hash":"98826a5e1cd46a5cbce077b37a98b595f2de0e39","isMergeCommit":false,"messageTitle":"Fix nits based on review","messageBody":"","fileTypesAndContributionMap":{"functional-code":{"insertions":8,"deletions":13}}}]},{"date":"2024-10-25","commitResults":[{"hash":"df0d756dbe30716cd606aa05cd184add9c0ae4d4","isMergeCommit":false,"messageTitle":"Replace commands with an enum","messageBody":"","fileTypesAndContributionMap":{"functional-code":{"insertions":28,"deletions":25}}},{"hash":"f311149925bbf16474fe296479b2af8d6ab756c9","isMergeCommit":true,"messageTitle":"Handle merge conflicts","messageBody":"","fileTypesAndContributionMap":{}},{"hash":"c80e8df92082079d82176ddfc470c296c0a4eb2d","isMergeCommit":false,"messageTitle":"Replace all commands to enum","messageBody":"","fileTypesAndContributionMap":{"functional-code":{"insertions":4,"deletions":4}}},{"hash":"f7798969a442f50e60409dad0d8ff8e7dfbb74b5","isMergeCommit":false,"messageTitle":"Update DG for Parser class","messageBody":"","fileTypesAndContributionMap":{"docs":{"insertions":54,"deletions":3}}}]},{"date":"2024-10-27","commitResults":[{"hash":"d231b2efda5e80c54294a6f29d984e7d958e9bea","isMergeCommit":true,"messageTitle":"Merge pull request #76 from isaacsaw25/revert-command","messageBody":"Add revert command","fileTypesAndContributionMap":{}},{"hash":"4735dbb89841ea5bb6ffedc2c4918c30bf991781","isMergeCommit":false,"messageTitle":"Refactor to improve code quality","messageBody":"","fileTypesAndContributionMap":{"functional-code":{"insertions":55,"deletions":31},"other":{"insertions":15,"deletions":13}}},{"hash":"f3171052c9b876fbde97c22a2034b970a9ec8650","isMergeCommit":false,"messageTitle":"Check parsing of .JSON file","messageBody":"","fileTypesAndContributionMap":{"functional-code":{"insertions":1,"deletions":2}}},{"hash":"63732cf8aeac662a0a47ad7bc02a094f3b73812c","isMergeCommit":false,"messageTitle":"Check parsing of .TXT file","messageBody":"","fileTypesAndContributionMap":{"functional-code":{"insertions":35,"deletions":35}}}]},{"date":"2024-10-28","commitResults":[{"hash":"b8c7b90771b8f3e827b04d0a1a9a3ccc2ee88a77","isMergeCommit":false,"messageTitle":"Set up pipeline for saving data","messageBody":"","fileTypesAndContributionMap":{"functional-code":{"insertions":47,"deletions":3}}},{"hash":"71b7669bc6efe6e589fd7ee2a30f97c88febc2b3","isMergeCommit":false,"messageTitle":"Fix bug and update IO test","messageBody":"","fileTypesAndContributionMap":{"functional-code":{"insertions":7,"deletions":2}}},{"hash":"ed0c03ffce10e7509d57f12cc3c475f21f4f2afa","isMergeCommit":false,"messageTitle":"Clean up unused imports and JUnit tests","messageBody":"","fileTypesAndContributionMap":{"functional-code":{"insertions":2,"deletions":3},"test-code":{"insertions":2,"deletions":2}}}]},{"date":"2024-10-29","commitResults":[{"hash":"5b967981c13cda73de0fdd8417a650faff061b29","isMergeCommit":true,"messageTitle":"Merge pull request #70 from paulktham/DG-branch","messageBody":"Add Student, StudentList, University and UniversityRepository for DG","fileTypesAndContributionMap":{}},{"hash":"cd7be83eced1c10f2aec6b1635007825b3dc5782","isMergeCommit":false,"messageTitle":"Add saving to .JSON file feature","messageBody":"","fileTypesAndContributionMap":{"functional-code":{"insertions":32,"deletions":4}}},{"hash":"564563726144274781139d5862b6d520075efcb6","isMergeCommit":false,"messageTitle":"Add saving to .TXT file feature","messageBody":"","fileTypesAndContributionMap":{"functional-code":{"insertions":25,"deletions":0}}},{"hash":"c2c4f08e518b1816aa08e37670c7a36062b5246d","isMergeCommit":false,"messageTitle":"Remove unused imports","messageBody":"","fileTypesAndContributionMap":{"functional-code":{"insertions":6,"deletions":4}}},{"hash":"5ec2e245dbc82eade6a2d2767e31a137c991696d","isMergeCommit":false,"messageTitle":"Add javadoc comments","messageBody":"","fileTypesAndContributionMap":{"functional-code":{"insertions":26,"deletions":0}}},{"hash":"fa2f35ac7df07c591cb70b8d465868d6d1eb41f1","isMergeCommit":false,"messageTitle":"Fix bug in javadoc comments","messageBody":"","fileTypesAndContributionMap":{"functional-code":{"insertions":1,"deletions":1}}},{"hash":"238a8015cdefdc854e2b544d0a70e8c81c537e6d","isMergeCommit":true,"messageTitle":"Merge pull request #85 from paulktham/UG-2.0","messageBody":"Add Paul\u0027s contribution to the UG","fileTypesAndContributionMap":{}},{"hash":"bb9b901cbaa022fe6b1b4d578fa38874b92c6226","isMergeCommit":false,"messageTitle":"Add input and exit feature to user guide","messageBody":"","fileTypesAndContributionMap":{"functional-code":{"insertions":5,"deletions":3},"docs":{"insertions":109,"deletions":12}}},{"hash":"b0d61ae8c3b68a0ae2ce7bd0584483847eb39b8d","isMergeCommit":true,"messageTitle":"Merge pull request #86 from isaacsaw25/master","messageBody":"Add JavaDoc comments, refactor isaacsaw25.md","fileTypesAndContributionMap":{}},{"hash":"17e52975413c9462fc77028c1ec74c497ad8c5e8","isMergeCommit":false,"messageTitle":"Add skeleton to personal ppp","messageBody":"","fileTypesAndContributionMap":{"docs":{"insertions":29,"deletions":13}}},{"hash":"dab7a6f3d661fa53000b45e5ab7caa0c1f52face","isMergeCommit":false,"messageTitle":"Handle exit bug","messageBody":"","fileTypesAndContributionMap":{"functional-code":{"insertions":4,"deletions":0}}}]},{"date":"2024-10-31","commitResults":[{"hash":"bf0824203abd90f27e3f1016bcbf080ddcf80d33","isMergeCommit":false,"messageTitle":"Add sequence diagram for the Exit Command","messageBody":"","fileTypesAndContributionMap":{"functional-code":{"insertions":7,"deletions":8},"docs":{"insertions":91,"deletions":71}}},{"hash":"c92eee7af85659d3fcc4d1880361e733f82013c3","isMergeCommit":true,"messageTitle":"Handle merge conflicts","messageBody":"","fileTypesAndContributionMap":{}},{"hash":"25bbffe962af5c4a8d3643b8617bfb8aef7a6b28","isMergeCommit":false,"messageTitle":"Add help/exit/unknown commands into DG","messageBody":"","fileTypesAndContributionMap":{"docs":{"insertions":45,"deletions":72}}},{"hash":"0da562cac0cb7f95040d75fea3729dab063175e6","isMergeCommit":false,"messageTitle":"Fix small bus in DG","messageBody":"","fileTypesAndContributionMap":{"docs":{"insertions":3,"deletions":0}}},{"hash":"17b8b8fa2f05c37dfe9690b49330ee9176a2e26c","isMergeCommit":false,"messageTitle":"Add sequence diagram for filehandler component","messageBody":"","fileTypesAndContributionMap":{"functional-code":{"insertions":7,"deletions":9},"docs":{"insertions":8,"deletions":0}}},{"hash":"47276bdd522a24adafa73b90d3425a3d9b1b1c18","isMergeCommit":true,"messageTitle":"Merge branch \u0027master\u0027 into ppp","messageBody":"","fileTypesAndContributionMap":{}},{"hash":"92152d2ef57b020fe0067b28663047bc71f198f6","isMergeCommit":true,"messageTitle":"Merge pull request #100 from Holy-An/csv","messageBody":"Add save CSV Feature","fileTypesAndContributionMap":{}},{"hash":"1ab484e18b5f68ceea16fd877ff0aba1ad32e604","isMergeCommit":true,"messageTitle":"Merge branch \u0027master\u0027 into ppp","messageBody":"","fileTypesAndContributionMap":{}}]},{"date":"2024-11-01","commitResults":[{"hash":"131585bcb6334359cefc52c79143ced8f9e360f2","isMergeCommit":false,"messageTitle":"Update project portfolio page for ehz0ah","messageBody":"","fileTypesAndContributionMap":{"docs":{"insertions":65,"deletions":5}}},{"hash":"aa7526b1f4ad03824cc66e274bce62055cf98abd","isMergeCommit":false,"messageTitle":"Update ppp with PRs link","messageBody":"","fileTypesAndContributionMap":{"docs":{"insertions":6,"deletions":10}}},{"hash":"d41375165b5c17a3cddab3e420f7df0677140a4b","isMergeCommit":false,"messageTitle":"Add JUnit test for reading in files","messageBody":"","fileTypesAndContributionMap":{"other":{"insertions":23,"deletions":0},"test-code":{"insertions":93,"deletions":0}}},{"hash":"6dfeb3929e503288340e9a0bb9be9abef0ec0072","isMergeCommit":false,"messageTitle":"Fix invalid file path bug","messageBody":"","fileTypesAndContributionMap":{"functional-code":{"insertions":19,"deletions":2}}},{"hash":"3311f25cedcf38a4b5a37a85c19332d1cdda93a6","isMergeCommit":false,"messageTitle":"Add JUnit test for saving to external file","messageBody":"","fileTypesAndContributionMap":{"test-code":{"insertions":44,"deletions":10}}}]},{"date":"2024-11-02","commitResults":[{"hash":"cad578bc7a2758d0e18e98178a8a423a421c7392","isMergeCommit":false,"messageTitle":"Fix syntax errors","messageBody":"","fileTypesAndContributionMap":{"test-code":{"insertions":5,"deletions":4}}},{"hash":"2266638ad60e62cb5207f5e1cd38a2a8237cde2c","isMergeCommit":false,"messageTitle":"Rearrange static variables","messageBody":"","fileTypesAndContributionMap":{"test-code":{"insertions":7,"deletions":7}}}]},{"date":"2024-11-05","commitResults":[{"hash":"f183cf70bc591df0f5499b540c4cc7310fd40a47","isMergeCommit":false,"messageTitle":"Add tags to table of contents","messageBody":"","fileTypesAndContributionMap":{"docs":{"insertions":21,"deletions":14}}},{"hash":"a212633e4e098ab66f0753335ff9209d38eb564a","isMergeCommit":false,"messageTitle":"Add NFRs to DG","messageBody":"","fileTypesAndContributionMap":{"docs":{"insertions":11,"deletions":1}}},{"hash":"86a370c1d19d585768f320c49b36eba7fea6b8e5","isMergeCommit":false,"messageTitle":"Add instructions for manual testing","messageBody":"","fileTypesAndContributionMap":{"docs":{"insertions":5,"deletions":3}}},{"hash":"1092a5fe5d5a6f4e0dbae93163ed70691cef0906","isMergeCommit":true,"messageTitle":"Merge pull request #120 from ThisisXXZ/DG_enhance","messageBody":"Add Developer Guide Enhancements","fileTypesAndContributionMap":{}},{"hash":"72bdd35028b2b410924173d64c3d1b0a62417b01","isMergeCommit":false,"messageTitle":"Update DG","messageBody":"","fileTypesAndContributionMap":{"docs":{"insertions":1,"deletions":5}}},{"hash":"15a1dacd302a34fe0f82a8071228126235ad77db","isMergeCommit":true,"messageTitle":"Handle merge conflicts","messageBody":"","fileTypesAndContributionMap":{}},{"hash":"a6d54e506e1e6b3ed91285a53d5ff2a6c4233026","isMergeCommit":false,"messageTitle":"Add FAQ to UG","messageBody":"","fileTypesAndContributionMap":{"docs":{"insertions":19,"deletions":4}}},{"hash":"c0d3b6b24dd048b910d5ac78504e222285dc38e2","isMergeCommit":false,"messageTitle":"Add test files to UG","messageBody":"","fileTypesAndContributionMap":{"docs":{"insertions":19,"deletions":2}}},{"hash":"50d1aa6024d9833e072e114516582d8953fb1334","isMergeCommit":true,"messageTitle":"Merge pull request #121 from isaacsaw25/DG-userstories","messageBody":"Add FAQ and User Stories to DG","fileTypesAndContributionMap":{}},{"hash":"30c1f8b537cac436dad68a0c803bafc2c1abe42c","isMergeCommit":true,"messageTitle":"Merge pull request #119 from paulktham/DG-branch-3","messageBody":"Add updates to DG","fileTypesAndContributionMap":{}},{"hash":"bacc72b82df3846753d43f50de83bd5e601c2af0","isMergeCommit":false,"messageTitle":"Clean up UG","messageBody":"","fileTypesAndContributionMap":{"functional-code":{"insertions":1,"deletions":1},"docs":{"insertions":11,"deletions":8}}},{"hash":"539bebff653b08dab1af89c1b5b839c3f3fa9617","isMergeCommit":true,"messageTitle":"Handle merge conflicts","messageBody":"","fileTypesAndContributionMap":{}},{"hash":"52982b610ce47c969edfdedaca313b72ff91b62a","isMergeCommit":false,"messageTitle":"Clean up UG","messageBody":"","fileTypesAndContributionMap":{"docs":{"insertions":0,"deletions":2}}},{"hash":"b3e4cdaae3c3e6f7733a40b8289cc167b5570c71","isMergeCommit":false,"messageTitle":"Update user profile and value proposition","messageBody":"","fileTypesAndContributionMap":{"docs":{"insertions":14,"deletions":4}}},{"hash":"a9151b2302815b828eca0d9dce67a1bc3fc42c8f","isMergeCommit":false,"messageTitle":"Update UI greetings","messageBody":"","fileTypesAndContributionMap":{"functional-code":{"insertions":3,"deletions":3},"docs":{"insertions":2,"deletions":2}}},{"hash":"b2a2c90467168e5f18f3f6c44aad53c42daa0ce4","isMergeCommit":false,"messageTitle":"Add tags for accpeted file format","messageBody":"","fileTypesAndContributionMap":{"docs":{"insertions":1,"deletions":1}}},{"hash":"58c808129ab446fa3c7f42be5478a965c77de60e","isMergeCommit":false,"messageTitle":"Update About Us","messageBody":"","fileTypesAndContributionMap":{"docs":{"insertions":1,"deletions":1}}},{"hash":"047d3c1d63c39b6a528608d07ff8e02037d5b606","isMergeCommit":false,"messageTitle":"Update sequence diagram","messageBody":"","fileTypesAndContributionMap":{"docs":{"insertions":1,"deletions":1}}},{"hash":"457c20b6574a0e9889677259eb7f0e133404be84","isMergeCommit":true,"messageTitle":"Merge branch \u0027master\u0027 into moredocs","messageBody":"","fileTypesAndContributionMap":{}},{"hash":"60dfe97eae8bea664f4b66b0c0a8f5affc6e33ba","isMergeCommit":false,"messageTitle":"Update readme","messageBody":"","fileTypesAndContributionMap":{"docs":{"insertions":6,"deletions":1}}}]},{"date":"2024-11-06","commitResults":[{"hash":"1a74870f5e2976726981a05f5aba4d8c43f0d05d","isMergeCommit":false,"messageTitle":"Update codebase based on testing","messageBody":"","fileTypesAndContributionMap":{"functional-code":{"insertions":2,"deletions":2},"docs":{"insertions":3,"deletions":2}}},{"hash":"fee9a6cd74a01c4e2e12673468f06b9fef545ed8","isMergeCommit":true,"messageTitle":"Handle merge conflicts","messageBody":"","fileTypesAndContributionMap":{}},{"hash":"03148db30004b5bd0506d24c42ef3b715c6a052f","isMergeCommit":false,"messageTitle":"Handle checkstyle errors","messageBody":"","fileTypesAndContributionMap":{"functional-code":{"insertions":2,"deletions":1}}},{"hash":"9b50602060b4baec0c064d1b7060c4224d3b69bf","isMergeCommit":false,"messageTitle":"Update UG","messageBody":"","fileTypesAndContributionMap":{"docs":{"insertions":2,"deletions":1}}},{"hash":"94b2244f2526fa14444b93b3618d8372cdbc0760","isMergeCommit":false,"messageTitle":"Update JUnit test","messageBody":"","fileTypesAndContributionMap":{"test-code":{"insertions":1,"deletions":1}}},{"hash":"2dfb024aa1e75dc5f6e20db90573fc9eb56f3cb5","isMergeCommit":false,"messageTitle":"Handle checkstyle","messageBody":"","fileTypesAndContributionMap":{"test-code":{"insertions":2,"deletions":1}}}]},{"date":"2024-11-07","commitResults":[{"hash":"facfbc1eccb4cdb8db3ba08624cc198f0f498083","isMergeCommit":true,"messageTitle":"Merge pull request #130 from ThisisXXZ/stat_fix","messageBody":"Update UG, PPP, and AboutUs","fileTypesAndContributionMap":{}},{"hash":"2a77be3c98a66fdd60129e08fcda3e959a440d17","isMergeCommit":true,"messageTitle":"Merge pull request #131 from isaacsaw25/master","messageBody":"DeveloperGuide.md: Add ListCommand","fileTypesAndContributionMap":{}},{"hash":"040e00b68baa71685316ec1001bd0e7751fce085","isMergeCommit":true,"messageTitle":"Merge pull request #133 from Holy-An/DG-Update","messageBody":"Add enhancements to DG","fileTypesAndContributionMap":{}},{"hash":"545c03a4f00082bb20bab7ead67c50b8675f7280","isMergeCommit":false,"messageTitle":"Update code to match UG","messageBody":"","fileTypesAndContributionMap":{"functional-code":{"insertions":1,"deletions":1},"docs":{"insertions":2,"deletions":0}}},{"hash":"afa2802d47e6060e7984b7b9127442aa5e5ca219","isMergeCommit":false,"messageTitle":"Update help message to follow UG order","messageBody":"","fileTypesAndContributionMap":{"functional-code":{"insertions":6,"deletions":4}}},{"hash":"b32e3528db83be7e790b35b1226fd5b0e0c21032","isMergeCommit":false,"messageTitle":"Update table of contents","messageBody":"","fileTypesAndContributionMap":{"docs":{"insertions":7,"deletions":1}}},{"hash":"58b164758e45c7552744a38b034f6cccd7b3b2f5","isMergeCommit":false,"messageTitle":"Clean up","messageBody":"","fileTypesAndContributionMap":{"docs":{"insertions":1,"deletions":1}}},{"hash":"e8457737dcd34cc1d24bc2e405e29cc17bcf53a6","isMergeCommit":true,"messageTitle":"Merge branch \u0027master\u0027 into inputtest","messageBody":"","fileTypesAndContributionMap":{}},{"hash":"240f548c63f8074c3b7fb57a4a524f050ff36f9f","isMergeCommit":true,"messageTitle":"Merge pull request #138 from isaacsaw25/master","messageBody":"Add Paul Display Picture in About Us","fileTypesAndContributionMap":{}}]},{"date":"2024-11-10","commitResults":[{"hash":"1ed506556a55260a30cc01db102809740057cb89","isMergeCommit":true,"messageTitle":"Merge pull request #173 from isaacsaw25/bugfix","messageBody":"Fix bugs from PE-D","fileTypesAndContributionMap":{}},{"hash":"95fd3241a5b185e3de5f09aea0e3405b53e49029","isMergeCommit":false,"messageTitle":"Update UG to be more robust","messageBody":"","fileTypesAndContributionMap":{"docs":{"insertions":21,"deletions":2}}},{"hash":"ce47c7ff70ad787f0a6db989f044445164cebaf9","isMergeCommit":false,"messageTitle":"Update initialisation protocol","messageBody":"","fileTypesAndContributionMap":{"functional-code":{"insertions":3,"deletions":2}}},{"hash":"cb95dd5761ec8f9f3c3639f15728669f2be7cf9e","isMergeCommit":false,"messageTitle":"Update UI for file handling","messageBody":"","fileTypesAndContributionMap":{"functional-code":{"insertions":9,"deletions":4},"docs":{"insertions":12,"deletions":5}}},{"hash":"a33132cd22d9d598025b83ba80c50f2a1926eb6c","isMergeCommit":false,"messageTitle":"Fix small indentations issues","messageBody":"","fileTypesAndContributionMap":{"docs":{"insertions":3,"deletions":4}}}]}],"Holy-An":[{"date":"2024-10-02","commitResults":[{"hash":"71cceb59d915b7b8dc61de3e5a699cca5dbe56d8","isMergeCommit":false,"messageTitle":"Refactor AboutUs.md","messageBody":"","fileTypesAndContributionMap":{"docs":{"insertions":1,"deletions":0}}}]},{"date":"2024-10-05","commitResults":[{"hash":"3fa86534f19153d3e28e701e3968440808c97ab8","isMergeCommit":true,"messageTitle":"Merge pull request #30 from isaacsaw25/28-ui-table-msgs","messageBody":"UI: Implement print tables and messages","fileTypesAndContributionMap":{}}]},{"date":"2024-10-09","commitResults":[{"hash":"1e45b2882de78dd4e4c9704ca1a0c3b15baf9266","isMergeCommit":true,"messageTitle":"Merge pull request #35 from isaacsaw25/allocator","messageBody":"Integrate allocate algorithm into allocate command","fileTypesAndContributionMap":{}}]},{"date":"2024-10-10","commitResults":[{"hash":"5f82d838993509811d2dd976b0defbb977ca161c","isMergeCommit":true,"messageTitle":"Merge pull request #37 from ehz0ah/NewCommand","messageBody":"Add new unknown command","fileTypesAndContributionMap":{}}]},{"date":"2024-10-12","commitResults":[{"hash":"c0573d9e30a5846c6ed46e92d45bae2f0cfdf3da","isMergeCommit":true,"messageTitle":"Merge pull request #38 from ehz0ah/EncodingBug","messageBody":"Update gradle.yml to ensure JVM use UTF-8","fileTypesAndContributionMap":{}},{"hash":"5a59fc81535341747a88525029b151ddc14ca603","isMergeCommit":false,"messageTitle":"Add exception packages and classes Refactor add and delete commands, make and delete student in StudentList.java Refactor printStudentList in UI.java","messageBody":"","fileTypesAndContributionMap":{"functional-code":{"insertions":229,"deletions":34}}},{"hash":"9e0ceffca48f0094bb0fe7d916769d8a256cbc05","isMergeCommit":true,"messageTitle":"Resolve merge conflicts","messageBody":"","fileTypesAndContributionMap":{}},{"hash":"632ad82179f5c6382c6b6b54ac06054836397e35","isMergeCommit":false,"messageTitle":"Add JavadDoc comments enforce GPA format with 2 decimal places and student addition ordering","messageBody":"","fileTypesAndContributionMap":{"functional-code":{"insertions":136,"deletions":17}}},{"hash":"33e1c05158674058e4d5bf47ba63ce6552030bf7","isMergeCommit":false,"messageTitle":"Add empty exception for generate","messageBody":"","fileTypesAndContributionMap":{"functional-code":{"insertions":10,"deletions":3}}},{"hash":"4daf9a35ecc69abeff4ebc5bc03492994545aecb","isMergeCommit":false,"messageTitle":"Refactor JavaDocs comment for generateReport in UI.Java","messageBody":"","fileTypesAndContributionMap":{"functional-code":{"insertions":2,"deletions":0}}},{"hash":"956de5b374f6397a7a180fc6dd1fa3fb5b217f2f","isMergeCommit":false,"messageTitle":"Refactor UI.Java and StudentList.java","messageBody":"","fileTypesAndContributionMap":{"functional-code":{"insertions":2,"deletions":2}}},{"hash":"34b2ab7ee36a8a80c0d8e3b373287b8b0dc94a55","isMergeCommit":false,"messageTitle":"Refactor StudentList.java and EXPECTED.TXT","messageBody":"","fileTypesAndContributionMap":{"functional-code":{"insertions":2,"deletions":2}}}]},{"date":"2024-10-13","commitResults":[{"hash":"02429ef386015c5d54f427dbfcfc8639c98a8368","isMergeCommit":false,"messageTitle":"Refactor StudentList.java and UI.java","messageBody":"","fileTypesAndContributionMap":{"functional-code":{"insertions":14,"deletions":15}}},{"hash":"4693750e15e506d2fb8ec912d488320a73ed5a7d","isMergeCommit":false,"messageTitle":"Refactor StudentList.java","messageBody":"","fileTypesAndContributionMap":{"functional-code":{"insertions":3,"deletions":2}}}]},{"date":"2024-10-14","commitResults":[{"hash":"5fc0594c372bcdb8f086f90c0af055d8ec766c72","isMergeCommit":true,"messageTitle":"Merge pull request #43 from ehz0ah/JUnit","messageBody":"Add JUnit testing for Parser and StudentList Classes","fileTypesAndContributionMap":{}}]},{"date":"2024-10-15","commitResults":[{"hash":"075922c296fbf14037caf95387f9992b3735fcb2","isMergeCommit":false,"messageTitle":"Add JUnit testing for StudentList class","messageBody":"","fileTypesAndContributionMap":{"test-code":{"insertions":78,"deletions":0}}},{"hash":"ed8c8f4a5d7b655dbdbfbedaf950825e168f0a08","isMergeCommit":true,"messageTitle":"Merge pull request #47 from paulktham/JUnit-test-for-Student-and-University","messageBody":"Add JUnit test for Student and University package","fileTypesAndContributionMap":{}},{"hash":"72be8e8c2baa547cc0ea51b5fe45485856bea051","isMergeCommit":false,"messageTitle":"Refactor JUnit testing for StudentList class","messageBody":"","fileTypesAndContributionMap":{"test-code":{"insertions":10,"deletions":10}}}]},{"date":"2024-10-24","commitResults":[{"hash":"29824f0f6db9ed93dba959e4b01e7b4d023b5a1d","isMergeCommit":true,"messageTitle":"Merge pull request #55 from ThisisXXZ/v2-newCommands","messageBody":"Add New Commands stats and viewQuota ","fileTypesAndContributionMap":{}},{"hash":"d91f03f66dcd2cef9a2f390408ba54f92b50baa9","isMergeCommit":false,"messageTitle":"Refactor JUnit testing for StudentList class","messageBody":"","fileTypesAndContributionMap":{"functional-code":{"insertions":62,"deletions":1}}},{"hash":"5bfcaa135676cce2d05591f12243027506df032e","isMergeCommit":true,"messageTitle":"Merge conflicts","messageBody":"","fileTypesAndContributionMap":{}},{"hash":"fbff3d996a7519ccdaa46f2f50905f353c23c8b5","isMergeCommit":false,"messageTitle":"Add Find Feature","messageBody":"","fileTypesAndContributionMap":{"functional-code":{"insertions":39,"deletions":12}}},{"hash":"189fecacb30c1f7231cd0ab88c63fd0307c9cd24","isMergeCommit":true,"messageTitle":"Merge pull request #61 from ehz0ah/storage","messageBody":"Add reading in different file type feature","fileTypesAndContributionMap":{}}]},{"date":"2024-10-25","commitResults":[{"hash":"3c61b5fe297c93e0cd4f165e90217733dae329ee","isMergeCommit":true,"messageTitle":"Resolve Merge Conflicts","messageBody":"","fileTypesAndContributionMap":{}},{"hash":"055bdb135ee0fd3aff2541802af8cf3f2ab721c9","isMergeCommit":false,"messageTitle":"Resolve Merge Conflicts","messageBody":"","fileTypesAndContributionMap":{"functional-code":{"insertions":14,"deletions":2}}},{"hash":"eac39ca0a980a3b8b8983d82913cf43660c9cba5","isMergeCommit":false,"messageTitle":"Resolve Merge Conflicts","messageBody":"","fileTypesAndContributionMap":{"test-code":{"insertions":2,"deletions":2}}},{"hash":"e18c680531d826c3c730e2e836913eeca97751dd","isMergeCommit":false,"messageTitle":"Add JavaDocs comment","messageBody":"","fileTypesAndContributionMap":{"functional-code":{"insertions":7,"deletions":1}}},{"hash":"ed31d61d114a46c2213bac84946f606ac2e8ae6c","isMergeCommit":false,"messageTitle":"Add JavaDocs comment","messageBody":"","fileTypesAndContributionMap":{"functional-code":{"insertions":1,"deletions":1}}},{"hash":"65a9c452f2f363ae027b64526d6186c118e471e5","isMergeCommit":false,"messageTitle":"Refactor exceptions","messageBody":"","fileTypesAndContributionMap":{"functional-code":{"insertions":31,"deletions":44}}},{"hash":"10e1b556925bc7b389f9a1a7cea15f289e3d0e81","isMergeCommit":false,"messageTitle":"Refactor exceptions","messageBody":"","fileTypesAndContributionMap":{"functional-code":{"insertions":5,"deletions":2}}},{"hash":"2a2daeabebb236fe952e701f35c63606d97c5726","isMergeCommit":false,"messageTitle":"Add Filter Feature","messageBody":"","fileTypesAndContributionMap":{"functional-code":{"insertions":192,"deletions":29},"test-code":{"insertions":4,"deletions":4}}},{"hash":"b6fef65e5e55c298fb02766f9e476f1d02ddecc9","isMergeCommit":false,"messageTitle":"Refactor filter feature","messageBody":"","fileTypesAndContributionMap":{"functional-code":{"insertions":2,"deletions":2}}},{"hash":"81f09a1e338fc9fbb88dc225e767096ed485deef","isMergeCommit":true,"messageTitle":"Merge pull request #65 from ehz0ah/enhancement","messageBody":"Enhancement: Replace commands with Enum","fileTypesAndContributionMap":{}},{"hash":"d271d56036146e9f45f6a1185f6ba61f48379d5f","isMergeCommit":true,"messageTitle":"Refactor filter feature","messageBody":"","fileTypesAndContributionMap":{}},{"hash":"dcf3070999bb7ccee72ffd48511f109bace9922b","isMergeCommit":true,"messageTitle":"Resolve Merge Conflicts","messageBody":"","fileTypesAndContributionMap":{}},{"hash":"3575458f97c628a7311f676af1c3b272189b32f7","isMergeCommit":false,"messageTitle":"Resolve Merge Conflicts Add JavaDocs comments","messageBody":"","fileTypesAndContributionMap":{"functional-code":{"insertions":87,"deletions":54}}},{"hash":"07fedc14d1367e4401f51d774535ed5539c5f93a","isMergeCommit":true,"messageTitle":"Resolve merge conflicts","messageBody":"","fileTypesAndContributionMap":{}}]},{"date":"2024-10-26","commitResults":[{"hash":"92a001634393e3061c6ed51edf7073a97dda7c0d","isMergeCommit":false,"messageTitle":"Add JUnit testing","messageBody":"","fileTypesAndContributionMap":{"test-code":{"insertions":39,"deletions":8}}},{"hash":"7103c61173760f8c73455737c67c6b6c8ac68cce","isMergeCommit":false,"messageTitle":"Add JavaDocs comments","messageBody":"","fileTypesAndContributionMap":{"functional-code":{"insertions":21,"deletions":0}}}]},{"date":"2024-10-27","commitResults":[{"hash":"f4965815cf121484de59fe420e82004e6cfda324","isMergeCommit":false,"messageTitle":"Update DeveloperGuide.md","messageBody":"","fileTypesAndContributionMap":{"docs":{"insertions":2,"deletions":0}}},{"hash":"c4d4796005fc1bce215672b59cd0a1684010aa85","isMergeCommit":true,"messageTitle":"Handle merge conflicts","messageBody":"","fileTypesAndContributionMap":{}}]},{"date":"2024-10-28","commitResults":[{"hash":"68fa5647b627292b99e7b19a144e53f16bff944d","isMergeCommit":true,"messageTitle":"Merge branch \u0027AY2425S1-CS2113-W12-2:master\u0027 into UML-Diagram","messageBody":"","fileTypesAndContributionMap":{}},{"hash":"d39d7826226eb24899cd4afe0f65db447c8ecb38","isMergeCommit":true,"messageTitle":"Handle merge conflicts","messageBody":"","fileTypesAndContributionMap":{}},{"hash":"7a32dd771a09fca75c19d261b7728657a66f3297","isMergeCommit":true,"messageTitle":"Merge remote-tracking branch \u0027origin/UML-Diagram\u0027 into UML-Diagram","messageBody":"","fileTypesAndContributionMap":{}}]},{"date":"2024-10-29","commitResults":[{"hash":"87455d7065191e7050a2d7b3fd2482661ea456d0","isMergeCommit":true,"messageTitle":"Handle merge conflicts","messageBody":"","fileTypesAndContributionMap":{}}]},{"date":"2024-10-30","commitResults":[{"hash":"54195d604773703c8e6728315eb1418256463419","isMergeCommit":false,"messageTitle":"Update DeveloperGuide.md","messageBody":"","fileTypesAndContributionMap":{"docs":{"insertions":2,"deletions":0}}},{"hash":"fc26c64780fd40ca25454bdcd2b06b74345a0eb9","isMergeCommit":true,"messageTitle":"Handle Merge Conflicts","messageBody":"","fileTypesAndContributionMap":{}}]},{"date":"2024-10-31","commitResults":[{"hash":"14a2723fe5c724cb1a75a0e6cf058f269a5b6b1e","isMergeCommit":true,"messageTitle":"Merge pull request #99 from ehz0ah/dg","messageBody":"UML diagrams for DG (Exit, Help \u0026 Unknown Commands)","fileTypesAndContributionMap":{}},{"hash":"c5ba30412961a38753be456ad3641bfe525a98e2","isMergeCommit":false,"messageTitle":"Add save CSV Feature","messageBody":"","fileTypesAndContributionMap":{"functional-code":{"insertions":38,"deletions":4}}},{"hash":"470ee524b8d3858e8438d82e2571993436708314","isMergeCommit":false,"messageTitle":"Refactor printFileLoadSuccessMessage()","messageBody":"","fileTypesAndContributionMap":{"functional-code":{"insertions":3,"deletions":3}}},{"hash":"1d3b0211a7158b059c2b57bba3e4d7213c27d620","isMergeCommit":false,"messageTitle":"Add savetoCSV javadoc comments","messageBody":"","fileTypesAndContributionMap":{"functional-code":{"insertions":8,"deletions":0}}},{"hash":"4f8c0b7812962b526c6e9039a6bdc97dd82cd2d7","isMergeCommit":false,"messageTitle":"Refactor filter comments","messageBody":"","fileTypesAndContributionMap":{"functional-code":{"insertions":10,"deletions":2}}},{"hash":"205c4c0fafaa89eb0be4feddc6f257e1d6fcd4c0","isMergeCommit":false,"messageTitle":"Refactor Ui.java","messageBody":"","fileTypesAndContributionMap":{"functional-code":{"insertions":1,"deletions":1}}}]},{"date":"2024-11-01","commitResults":[{"hash":"e542181caed62bed6ac7a48332adc629252f35e6","isMergeCommit":false,"messageTitle":"Add find and filter to DG","messageBody":"","fileTypesAndContributionMap":{"docs":{"insertions":123,"deletions":7}}},{"hash":"f0b7d45c16356c96f4b24928af34afeba2bfdb22","isMergeCommit":false,"messageTitle":"Add find and filter to UG Update PPP","messageBody":"","fileTypesAndContributionMap":{"functional-code":{"insertions":2,"deletions":4},"docs":{"insertions":72,"deletions":16}}},{"hash":"c9d5a16fac04edc36867b474ad797a67c9ecf2f7","isMergeCommit":true,"messageTitle":"Handle merge conflicts","messageBody":"","fileTypesAndContributionMap":{}},{"hash":"fd7f2308146eeea20128f3c3e7fc28229aacfb7c","isMergeCommit":false,"messageTitle":"Update PPP","messageBody":"","fileTypesAndContributionMap":{"docs":{"insertions":9,"deletions":9}}},{"hash":"f7221a9e987fe00e83463dca5ac82511a1a7e81a","isMergeCommit":false,"messageTitle":"Fix filter command","messageBody":"","fileTypesAndContributionMap":{"functional-code":{"insertions":7,"deletions":2}}},{"hash":"71f5e92631bea26e4aae47654654eb2c38827b8a","isMergeCommit":true,"messageTitle":"Merge branch \u0027AY2425S1-CS2113-W12-2:master\u0027 into filter-fix","messageBody":"","fileTypesAndContributionMap":{}},{"hash":"7370cb151b4e543968bf3df960c72f0e52a6c6f8","isMergeCommit":true,"messageTitle":"Handle merge conflicts","messageBody":"","fileTypesAndContributionMap":{}},{"hash":"305f4dd5fcd22ac24ebbc01df93ad8e5756e7dd9","isMergeCommit":true,"messageTitle":"Merge pull request #114 from isaacsaw25/master","messageBody":"Fix RevertCommand bugs","fileTypesAndContributionMap":{}}]},{"date":"2024-11-05","commitResults":[{"hash":"12d673e860f5367439595bb667a2fb813b619e60","isMergeCommit":false,"messageTitle":"Update DeveloperGuide.md","messageBody":"","fileTypesAndContributionMap":{"docs":{"insertions":31,"deletions":2}}},{"hash":"1cbae782acf235ba12abef622890ec8b3da057f5","isMergeCommit":true,"messageTitle":"Handle merge conflicts","messageBody":"","fileTypesAndContributionMap":{}},{"hash":"2298e857ce4ff1cea8275709e6887c28aa1a6e21","isMergeCommit":true,"messageTitle":"Merge pull request #123 from ehz0ah/moredocs","messageBody":"Update Developer Guide","fileTypesAndContributionMap":{}},{"hash":"a01933e05ae8d9b6e712766ea424354a4c07e0c8","isMergeCommit":false,"messageTitle":"Add saveAllocationResults in DG","messageBody":"","fileTypesAndContributionMap":{"docs":{"insertions":4,"deletions":0}}},{"hash":"69ed44bac1f63b90f9ba22581d550c6b28eb063e","isMergeCommit":true,"messageTitle":"Handle Merge Conflicts","messageBody":"","fileTypesAndContributionMap":{}}]},{"date":"2024-11-06","commitResults":[{"hash":"0ddbad591803e836f77ac60a1e5c844da5878612","isMergeCommit":true,"messageTitle":"Handle Merge Conflicts","messageBody":"","fileTypesAndContributionMap":{}}]},{"date":"2024-11-07","commitResults":[{"hash":"301345bf11a5b4f84093815a13de0ff2f46c55f9","isMergeCommit":true,"messageTitle":"Handle Merge Conflicts, add FindOurSEP in DG","messageBody":"","fileTypesAndContributionMap":{}},{"hash":"7e0d590d996fc73ffd12ae8437f4e39540c1bc61","isMergeCommit":false,"messageTitle":"Update holy-an.md","messageBody":"","fileTypesAndContributionMap":{"docs":{"insertions":1,"deletions":1}}},{"hash":"590a11d667a0101ec14bcbd339ebfa09bbc638f9","isMergeCommit":false,"messageTitle":"Add Find and Filter class diagrams to DG","messageBody":"","fileTypesAndContributionMap":{"docs":{"insertions":9,"deletions":1}}},{"hash":"0204e7fa83033017bd720e1d9776a2e709704080","isMergeCommit":false,"messageTitle":"Update AboutUs.md","messageBody":"","fileTypesAndContributionMap":{"docs":{"insertions":1,"deletions":1}}},{"hash":"6ffcc4e7ba682cc4d5c746f1529fd13679d047d0","isMergeCommit":false,"messageTitle":"Update FindOurSEP component DG","messageBody":"","fileTypesAndContributionMap":{"docs":{"insertions":28,"deletions":24}}},{"hash":"7153adedf2ce989f5821706179b302df171d43e8","isMergeCommit":true,"messageTitle":"Merge pull request #134 from ehz0ah/addug","messageBody":"Update User Guide","fileTypesAndContributionMap":{}},{"hash":"47928cdfc32adb5ea9687e1002f322fc1244fbcb","isMergeCommit":true,"messageTitle":"Merge pull request #135 from isaacsaw25/master","messageBody":"Update UserGuide.md","tags":["v2.0"],"fileTypesAndContributionMap":{}}]},{"date":"2024-11-10","commitResults":[{"hash":"dacd3388497c0448191662e01af6c6b4d5e5bd4c","isMergeCommit":true,"messageTitle":"Merge pull request #174 from ehz0ah/pebugs","messageBody":"Fix bugs from Dry PE","fileTypesAndContributionMap":{}}]}],"isaacsaw25":[{"date":"2024-09-28","commitResults":[{"hash":"3121d620291c9281c291bf00a330e766fbf8811b","isMergeCommit":false,"messageTitle":"Add basic UI package","messageBody":"","fileTypesAndContributionMap":{"functional-code":{"insertions":90,"deletions":10},"other":{"insertions":4,"deletions":0}}},{"hash":"ca5372992853b343531fb1428c825cbea775bfeb","isMergeCommit":false,"messageTitle":"Update IO redirection test files","messageBody":"","fileTypesAndContributionMap":{"functional-code":{"insertions":1,"deletions":1}}}]},{"date":"2024-09-29","commitResults":[{"hash":"5f697fa3a43ff922c5f2a79dca2c2d2e2a185e1d","isMergeCommit":false,"messageTitle":"Fixed IO redirection format","messageBody":"","fileTypesAndContributionMap":{"functional-code":{"insertions":4,"deletions":0}}}]},{"date":"2024-10-02","commitResults":[{"hash":"9a3bcfbfa51e7bfd26553d08367e8d16ac9cf838","isMergeCommit":false,"messageTitle":"AboutUs.md: Refactor for tutorial activity","messageBody":"","fileTypesAndContributionMap":{"docs":{"insertions":4,"deletions":8}}},{"hash":"d608e7acbbc4c7119387e77e9a5ac21c9a427559","isMergeCommit":true,"messageTitle":"Merge branch \u0027master\u0027 into isaac-AboutUs","messageBody":"","fileTypesAndContributionMap":{}},{"hash":"bdf38ce48364dfb1024f3627ce057d16e56f9355","isMergeCommit":true,"messageTitle":"Merge pull request #19 from Holy-An/About-Us","messageBody":"Refactor AboutUs.md (Anderson)","fileTypesAndContributionMap":{}}]},{"date":"2024-10-03","commitResults":[{"hash":"a9960bd5f358d44980b439a9621e30ed4383bd99","isMergeCommit":true,"messageTitle":"Merge pull request #22 from ehz0ah/Parser","messageBody":"Add Parser Package and Class","fileTypesAndContributionMap":{}},{"hash":"e451cbeb5ad3ad6fc786723cb09091407ccb3157","isMergeCommit":true,"messageTitle":"Merge pull request #20 from paulktham/Add-Student-and-University-Package","messageBody":"Add Student and University Package","fileTypesAndContributionMap":{}},{"hash":"e1f7f903ae77df5976b5fbeff48284d4bada4dce","isMergeCommit":true,"messageTitle":"Merge pull request #23 from ehz0ah/Command","messageBody":"Add Command Package and Classes","fileTypesAndContributionMap":{}},{"hash":"6cd4fa9162a88a8a02a9f2f71d00dbd853f57c37","isMergeCommit":true,"messageTitle":"Merge pull request #26 from ehz0ah/StudentList","messageBody":"Add StudentList Package and Class","fileTypesAndContributionMap":{}},{"hash":"3820d1d13982ff28608715ece1abcca343264c6f","isMergeCommit":false,"messageTitle":"Refactor seedu.duke packages into findoursep","messageBody":"","fileTypesAndContributionMap":{"other":{"insertions":4,"deletions":4}}}]},{"date":"2024-10-04","commitResults":[{"hash":"5262142be8f94b0d005d0e8da3d03f2545e34f4c","isMergeCommit":false,"messageTitle":"Implement print student list function","messageBody":"","fileTypesAndContributionMap":{"functional-code":{"insertions":107,"deletions":50}}},{"hash":"22ffab3792e8902eb51c1a31bd757fe4078b41bb","isMergeCommit":false,"messageTitle":"UI: Implement print tables and messages","messageBody":"","fileTypesAndContributionMap":{"functional-code":{"insertions":96,"deletions":61}}},{"hash":"25c2ae1d4c36a8c4badeefb8a7dacb19504d0630","isMergeCommit":false,"messageTitle":"UI: Format table output, fixed IO redirection","messageBody":"","fileTypesAndContributionMap":{"functional-code":{"insertions":13,"deletions":4},"other":{"insertions":1,"deletions":1}}}]},{"date":"2024-10-06","commitResults":[{"hash":"4d0183f4aa3fc512ec26ddde40ab77bd3fe0cbd6","isMergeCommit":false,"messageTitle":"Integrate allocate algorithm into allocate command","messageBody":"","fileTypesAndContributionMap":{"functional-code":{"insertions":58,"deletions":12}}},{"hash":"b4f14cca427e44f812fda30a112b33cb7222f042","isMergeCommit":false,"messageTitle":"Fixed encoding bug for UI","messageBody":"","fileTypesAndContributionMap":{"functional-code":{"insertions":5,"deletions":2}}},{"hash":"c4219964047010b57208ea9c51108041440ce9f2","isMergeCommit":false,"messageTitle":"B Revert \"Fixed encoding bug for UI\"","messageBody":"This reverts commit b4f14cca427e44f812fda30a112b33cb7222f042.\n","fileTypesAndContributionMap":{"functional-code":{"insertions":2,"deletions":5}}}]},{"date":"2024-10-14","commitResults":[{"hash":"8ce55d720803e700d9834ea184faabfe174aab12","isMergeCommit":false,"messageTitle":"Refactor: Fix error in comment, add v1.0 doc folder","messageBody":"","fileTypesAndContributionMap":{"functional-code":{"insertions":2,"deletions":2},"test-code":{"insertions":9,"deletions":0}}},{"hash":"27d2ff24b8135b60dadb9d7b7810e23938ea99d8","isMergeCommit":false,"messageTitle":"Implement UI unit test","messageBody":"","fileTypesAndContributionMap":{"test-code":{"insertions":141,"deletions":1}}},{"hash":"2f9b60e91a88c9c7530efb4b99783c8833d9a1b3","isMergeCommit":false,"messageTitle":"Remove table tests","messageBody":"","fileTypesAndContributionMap":{"test-code":{"insertions":0,"deletions":46}}}]},{"date":"2024-10-15","commitResults":[{"hash":"1914ecfb3fddfe59b13fdab05ea68a8572874e2d","isMergeCommit":false,"messageTitle":"UITest.java: Refactor test names","messageBody":"","fileTypesAndContributionMap":{"test-code":{"insertions":9,"deletions":9}}}]},{"date":"2024-10-22","commitResults":[{"hash":"0065a85b4f1817b879587f7e1294daeb9ad9b59d","isMergeCommit":false,"messageTitle":"Fix ListCommand logic flaw","messageBody":"","fileTypesAndContributionMap":{"functional-code":{"insertions":12,"deletions":11}}}]},{"date":"2024-10-27","commitResults":[{"hash":"d932d32133a1215e84372bdcbc50219f90e7e97a","isMergeCommit":true,"messageTitle":"Merge pull request #69 from Holy-An/Filter","messageBody":"Add Filter Feature","fileTypesAndContributionMap":{}},{"hash":"644416f9eae91ac6c6d7fefcc331c0e4adb432d1","isMergeCommit":true,"messageTitle":"Merge pull request #72 from paulktham/Minor-Changes-to-MinimumGPA","messageBody":"Modify CriteriaAllocation","fileTypesAndContributionMap":{}},{"hash":"a9aff166924108026a8a97351764ca80145977c0","isMergeCommit":true,"messageTitle":"Merge pull request #75 from ThisisXXZ/master","messageBody":"Update DG for Allocator class","fileTypesAndContributionMap":{}},{"hash":"a6fee346e8a149a18a5caa6ee9d61cd34449f941","isMergeCommit":false,"messageTitle":"Initialise skeletal functions for revert command","messageBody":"","fileTypesAndContributionMap":{"functional-code":{"insertions":23,"deletions":1},"test-code":{"insertions":13,"deletions":0}}},{"hash":"c9340e37fb55c8c7ec6a7da934a25808a19198b3","isMergeCommit":false,"messageTitle":"Implement revert command logic","messageBody":"","fileTypesAndContributionMap":{"functional-code":{"insertions":39,"deletions":1},"test-code":{"insertions":25,"deletions":2}}},{"hash":"40c1c904d99813e6fcbf49cfaa1770bc713c3f67","isMergeCommit":false,"messageTitle":"Add assertions and logging to revert command","messageBody":"","fileTypesAndContributionMap":{"functional-code":{"insertions":15,"deletions":1}}},{"hash":"dbb865488a5442b198d4b0f1e4c78bbad82071a8","isMergeCommit":false,"messageTitle":"Fix static variable error in checkstylemain","messageBody":"","fileTypesAndContributionMap":{"functional-code":{"insertions":2,"deletions":1}}},{"hash":"aef1e006437834606b751916a868b9713439d384","isMergeCommit":false,"messageTitle":"Add Isaac self-documentation","messageBody":"","fileTypesAndContributionMap":{"docs":{"insertions":22,"deletions":3}}},{"hash":"8f8999edfc999d42c0c616aec4820a9333db024a","isMergeCommit":true,"messageTitle":"Merge pull request #79 from ehz0ah/fixParser","messageBody":"Refactor to improve code quality","fileTypesAndContributionMap":{}},{"hash":"b60e6e373e0c38fc2f168f8a3bf096a7c193a68b","isMergeCommit":false,"messageTitle":"DeveloperGuide.md: Append UI features","messageBody":"","fileTypesAndContributionMap":{"docs":{"insertions":63,"deletions":0}}}]},{"date":"2024-10-28","commitResults":[{"hash":"d29a6e4c23943ccfdf34d40325bd82f34c26a6f6","isMergeCommit":false,"messageTitle":"isaacsaw.md: Include reposense link","messageBody":"","fileTypesAndContributionMap":{"docs":{"insertions":19,"deletions":8}}},{"hash":"66d2ae047d019422ce4b1b953a97208c0706390e","isMergeCommit":false,"messageTitle":"UserGuide.md: Refactor and add information","messageBody":"","fileTypesAndContributionMap":{"docs":{"insertions":49,"deletions":22}}},{"hash":"cea5236e03fb8dea22e26311931d38ebdf586fc6","isMergeCommit":true,"messageTitle":"Merge pull request #81 from paulktham/Assertions","messageBody":"Assertions for Student, University and Allocator.","fileTypesAndContributionMap":{}},{"hash":"7b33f0875f63ffb6a97a1fa7388691f0e993738e","isMergeCommit":true,"messageTitle":"Merge pull request #83 from ehz0ah/save","messageBody":"Set up saving of data pipeline","fileTypesAndContributionMap":{}}]},{"date":"2024-10-29","commitResults":[{"hash":"686804c1ca57d1dfbac46bf04c08d2fb05f508aa","isMergeCommit":false,"messageTitle":"UI.java: Refactor printConfigMessage","messageBody":"","fileTypesAndContributionMap":{"functional-code":{"insertions":8,"deletions":7}}},{"hash":"dfc63d4f5e7f8e8136078ea1bd68a1130f53ccc6","isMergeCommit":false,"messageTitle":"UI.java: Add JavaDoc comments for storage functions","messageBody":"","fileTypesAndContributionMap":{"functional-code":{"insertions":38,"deletions":1}}},{"hash":"8d839355c0ed2960f345be4c6cadb51a54728f6e","isMergeCommit":false,"messageTitle":"Refactor isaacsaw.md to isaacsaw25.md","messageBody":"","fileTypesAndContributionMap":{"docs":{"insertions":1,"deletions":1}}},{"hash":"52e4ff830522182b35ebd50d5c05d3bc70389f2c","isMergeCommit":true,"messageTitle":"Merged master and resolved conflicts","messageBody":"","fileTypesAndContributionMap":{}},{"hash":"f39f75f36896baa3a7c391edff9edc48bd722520","isMergeCommit":false,"messageTitle":"Fix missing endline characters in printConfigMessage","messageBody":"","fileTypesAndContributionMap":{"functional-code":{"insertions":24,"deletions":6}}},{"hash":"30a1b7d53627a5d880f8caa727353c0e9a16e0cb","isMergeCommit":false,"messageTitle":"Append accidental deletion","messageBody":"","fileTypesAndContributionMap":{"functional-code":{"insertions":6,"deletions":0}}},{"hash":"7c4ddbafb7a2f2d22216de96997920ff1e19c734","isMergeCommit":false,"messageTitle":"README.md: Refactor introduction and name","messageBody":"","fileTypesAndContributionMap":{"docs":{"insertions":5,"deletions":3}}},{"hash":"64dfc87d30571f15ac76affb832cd8136d143783","isMergeCommit":false,"messageTitle":"Add RevertCommand sequence diagram and explanation","messageBody":"","fileTypesAndContributionMap":{"docs":{"insertions":7,"deletions":0}}},{"hash":"2f9a8efc60af70afb673d18d4cd1e67f35aa731f","isMergeCommit":false,"messageTitle":"StudentList.java: Add JavaDoc comment for generateReport","messageBody":"","fileTypesAndContributionMap":{"functional-code":{"insertions":3,"deletions":0}}},{"hash":"c665f674352e9a04ed2dd2b9c252831adefc7c4c","isMergeCommit":false,"messageTitle":"Add GenerateCommand sequence diagram and explanation","messageBody":"","fileTypesAndContributionMap":{"docs":{"insertions":5,"deletions":0}}},{"hash":"742b36c1db4a0905bd4f8e60418b5dc4b2adb369","isMergeCommit":true,"messageTitle":"Merge pull request #90 from ehz0ah/userguide","messageBody":"Add input and exit feature to user guide","fileTypesAndContributionMap":{}},{"hash":"9a901a899f045a8f59bb288a7d26aca4638d6419","isMergeCommit":true,"messageTitle":"Merge branch \u0027master\u0027 into master","messageBody":"","fileTypesAndContributionMap":{}},{"hash":"e617fe7b37181ee60c2bfd5d6bba436c97638077","isMergeCommit":true,"messageTitle":"Merge remote-tracking branch \u0027origin/master\u0027","messageBody":"","fileTypesAndContributionMap":{}}]},{"date":"2024-10-30","commitResults":[{"hash":"aac7d97b4c5fca6b82b9c571133104e0ac2a43c9","isMergeCommit":true,"messageTitle":"Merge pull request #88 from paulktham/DG-branch-2","messageBody":"Sequence Diagrams for Criteria Command and Delete Command","fileTypesAndContributionMap":{}},{"hash":"5d5630c00343d8140d3243c6e4e7763121de8054","isMergeCommit":true,"messageTitle":"Merge pull request #91 from ThisisXXZ/master","messageBody":"Add Sequence Diagram for Stats, Allocate, and ViewQuota Commands","fileTypesAndContributionMap":{}}]},{"date":"2024-10-31","commitResults":[{"hash":"840135cb17688d94900d3cee1ac8b94985202a77","isMergeCommit":false,"messageTitle":"DeveloperGuide.md: Refactor UI class explanation","messageBody":"","fileTypesAndContributionMap":{"docs":{"insertions":2,"deletions":1}}},{"hash":"d0f8fe80dc90bc4fd7c821fa753300e34053616e","isMergeCommit":false,"messageTitle":"Refactor DeleteCommand.drawio.svg","messageBody":"","fileTypesAndContributionMap":{"docs":{"insertions":1,"deletions":1}}}]},{"date":"2024-11-01","commitResults":[{"hash":"0ee0e6512242bf2ac3a12292325873cf5734e4a3","isMergeCommit":true,"messageTitle":"Merge pull request #101 from ehz0ah/ppp","messageBody":"Update personal portfolio page for ehz0ah","fileTypesAndContributionMap":{}},{"hash":"64e349d535569a18026d8d659730d01459b342b4","isMergeCommit":true,"messageTitle":"Merge pull request #102 from Holy-An/DG","messageBody":"Add Find and Filter commands to DG and UG, Update PPP","fileTypesAndContributionMap":{}},{"hash":"9aea85f311d3dd0d45eb76e6981ee97a2c571e0d","isMergeCommit":true,"messageTitle":"Merge pull request #106 from ThisisXXZ/master","messageBody":"Changes to Diagrams According to the Comments","fileTypesAndContributionMap":{}},{"hash":"2a7c81b05b8b4de35f8d18d3cf86c0ce21f94f9d","isMergeCommit":true,"messageTitle":"Merge branch \u0027master\u0027 of https://github.com/AY2425S1-CS2113-W12-2/tp","messageBody":"","fileTypesAndContributionMap":{}},{"hash":"0734bf0e76bd81135b5eab0ccf838f4209439435","isMergeCommit":false,"messageTitle":"Fix RevertCommand bug","messageBody":"","fileTypesAndContributionMap":{"functional-code":{"insertions":16,"deletions":5}}},{"hash":"6a5d6da90301245243f6ea88f0357f0daff89679","isMergeCommit":false,"messageTitle":"RevertCommand.java: Fix logging level","messageBody":"","fileTypesAndContributionMap":{"functional-code":{"insertions":2,"deletions":2}}},{"hash":"2930749279617d91d052a1a8e7d61fa9181ff1f9","isMergeCommit":true,"messageTitle":"Merge remote-tracking branch \u0027origin/master\u0027","messageBody":"","fileTypesAndContributionMap":{}},{"hash":"54fe49a171cf917a79503fc6eae442cf4a6423a1","isMergeCommit":true,"messageTitle":"Merge pull request #113 from Holy-An/filter-fix","messageBody":"Refactor filter student report ","fileTypesAndContributionMap":{}},{"hash":"76bfbfc827eada701a65e6a336b6a91934b5a4bd","isMergeCommit":true,"messageTitle":"Merge branch \u0027master\u0027 of https://github.com/AY2425S1-CS2113-W12-2/tp","messageBody":"","fileTypesAndContributionMap":{}}]},{"date":"2024-11-02","commitResults":[{"hash":"64737a0041cb6411bd0c793013b8dea73fe49552","isMergeCommit":true,"messageTitle":"Merge pull request #115 from ehz0ah/test","messageBody":"Add JUnit test for FileHandler Class","fileTypesAndContributionMap":{}}]},{"date":"2024-11-03","commitResults":[{"hash":"ec2aefd6a9795045ecb8c29635f78b83f918ce7e","isMergeCommit":true,"messageTitle":"Merge pull request #116 from ThisisXXZ/criteria_fix","messageBody":"Fix CriteriaCommand bug","fileTypesAndContributionMap":{}}]},{"date":"2024-11-04","commitResults":[{"hash":"65784e2a7da47027946bfd79184387cece260e54","isMergeCommit":true,"messageTitle":"Merge pull request #118 from ThisisXXZ/master","messageBody":"Fix Multiple Allocation Bug","fileTypesAndContributionMap":{}}]},{"date":"2024-11-05","commitResults":[{"hash":"65e40c1c91aa9f0a071f713178d39484dc050a2f","isMergeCommit":false,"messageTitle":"DeveloperGuide.md: Add user stories for v1 and v2","messageBody":"","fileTypesAndContributionMap":{"docs":{"insertions":17,"deletions":5}}},{"hash":"07c620fea6c6453e4768e5128debb1fc49ececed","isMergeCommit":false,"messageTitle":"UserGuide.md: Add FAQ","messageBody":"","fileTypesAndContributionMap":{"docs":{"insertions":6,"deletions":2}}},{"hash":"380a6d1eadfe8d5982fe9038f8f6ac440ef04b11","isMergeCommit":true,"messageTitle":"Merge branch \u0027master\u0027 of https://github.com/AY2425S1-CS2113-W12-2/tp into DG-userstories","messageBody":"","fileTypesAndContributionMap":{}},{"hash":"0ff56788ce54a1ac11a3019061994d04bb1090ab","isMergeCommit":true,"messageTitle":"Merge branch \u0027master\u0027 of https://github.com/AY2425S1-CS2113-W12-2/tp into DG-userstories","messageBody":"","fileTypesAndContributionMap":{}},{"hash":"4e8f273de9edcddbc8d1e4e532f9472cd1763cf1","isMergeCommit":true,"messageTitle":"Merge branch \u0027master\u0027 of https://github.com/AY2425S1-CS2113-W12-2/tp","messageBody":"","fileTypesAndContributionMap":{}},{"hash":"5a6910be85fbd7100bef67457d2dc97e964c6b6d","isMergeCommit":true,"messageTitle":"Merge branch \u0027master\u0027 into DG-branch-3","messageBody":"","fileTypesAndContributionMap":{}},{"hash":"84b485fb2b4e6cf915408455402bc5ef46ead36b","isMergeCommit":true,"messageTitle":"Merge pull request #122 from ehz0ah/moredocs","messageBody":"Update to UG and DG","fileTypesAndContributionMap":{}}]},{"date":"2024-11-06","commitResults":[{"hash":"39409847c3c3c093e0c7bbee5dcab16185d1e817","isMergeCommit":false,"messageTitle":"UserGuide.md: Fix minor grammar error","messageBody":"Changed \"Down\" to \"Download\"","fileTypesAndContributionMap":{"docs":{"insertions":1,"deletions":1}}},{"hash":"31872e5d5747ce3d25adef93b1f8f299b69f2ccb","isMergeCommit":true,"messageTitle":"Merge branch \u0027master\u0027 of https://github.com/AY2425S1-CS2113-W12-2/tp","messageBody":"","fileTypesAndContributionMap":{}},{"hash":"1a52460018e77634d895830899070d9793d573c8","isMergeCommit":false,"messageTitle":"CriteriaCommand.java: Fix decimal rounding issue","messageBody":"","fileTypesAndContributionMap":{"functional-code":{"insertions":5,"deletions":1}}},{"hash":"5b01f8ebe339c2c75ddd02a224fa9c6b783eb8de","isMergeCommit":true,"messageTitle":"Merge pull request #126 from AY2425S1-CS2113-W12-2/paulktham-patch-1","messageBody":"Update UserGuide.md delete feature","fileTypesAndContributionMap":{}},{"hash":"f0bc2f417a4475b458f3093c078e76196f2db74c","isMergeCommit":false,"messageTitle":"UI.java: Improved format for generated report table","messageBody":"","fileTypesAndContributionMap":{"functional-code":{"insertions":5,"deletions":0}}},{"hash":"1448a12f2bbe9f44521ee5283054b98265b29800","isMergeCommit":true,"messageTitle":"Merge pull request #128 from isaacsaw25/master","messageBody":"Improve table format and add test cases","fileTypesAndContributionMap":{}},{"hash":"f790a40e573a5d09c8dc740e028ab29bb93c6200","isMergeCommit":true,"messageTitle":"Merge pull request #127 from ehz0ah/moredocs","messageBody":"Update codebase","fileTypesAndContributionMap":{}},{"hash":"e387892dfba487a595e2045e00edce2ef9a667ab","isMergeCommit":false,"messageTitle":"Add ListCommand seq diag and explanation","messageBody":"","fileTypesAndContributionMap":{"docs":{"insertions":11,"deletions":0}}},{"hash":"2f575c21262275ce12aa15ea67fabee61ffd1c45","isMergeCommit":false,"messageTitle":"Refactor \"FindMySEP\" to \"FindOurSEP\"","messageBody":"","fileTypesAndContributionMap":{"docs":{"insertions":4,"deletions":4}}}]},{"date":"2024-11-07","commitResults":[{"hash":"5214ee19256ee765faf3a9a0b4bbb39fbea03624","isMergeCommit":false,"messageTitle":"Update generate command and example outputs","messageBody":"","fileTypesAndContributionMap":{"docs":{"insertions":89,"deletions":12}}},{"hash":"67b6bf1eaec9f04c40afa13fd0a45740ffedb120","isMergeCommit":false,"messageTitle":"Append AboutUs.md missing information","messageBody":"","fileTypesAndContributionMap":{"docs":{"insertions":4,"deletions":4}}},{"hash":"d766704ba974db8a2c35fb07c566eba4c4797194","isMergeCommit":false,"messageTitle":"Fix formatting issues","messageBody":"","fileTypesAndContributionMap":{"docs":{"insertions":3,"deletions":3}}},{"hash":"aeb4b9162e66cb46ec982c78070b359f222c33f6","isMergeCommit":true,"messageTitle":"Merge pull request #136 from isaacsaw25/master","messageBody":"Fix formatting issues for UG and DG","fileTypesAndContributionMap":{}},{"hash":"1fd9418fa400702a557bb715f4ff805064d760d1","isMergeCommit":true,"messageTitle":"Merge pull request #137 from ehz0ah/inputtest","messageBody":"Increase test files input size","fileTypesAndContributionMap":{}},{"hash":"a56f6420a971621d9fa25160df772c229fb9cffa","isMergeCommit":false,"messageTitle":"Add Paul Display picture","messageBody":"","fileTypesAndContributionMap":{"docs":{"insertions":1,"deletions":1}}}]},{"date":"2024-11-08","commitResults":[{"hash":"2328a81ab86f949c2222538491bbe52d0136cbf3","isMergeCommit":false,"messageTitle":"Fix display error for viewQuota format exception #142","messageBody":"","fileTypesAndContributionMap":{"functional-code":{"insertions":1,"deletions":1}}}]},{"date":"2024-11-09","commitResults":[{"hash":"82f09514d84f635e52ff704697494b5ba0d94248","isMergeCommit":false,"messageTitle":"Fix able to revert when empty #155","messageBody":"","fileTypesAndContributionMap":{"functional-code":{"insertions":20,"deletions":5}}},{"hash":"d9d7127d94f71bca290e7fe6097bde7318aebf38","isMergeCommit":false,"messageTitle":"Fix able to revert when empty #155","messageBody":"","fileTypesAndContributionMap":{"functional-code":{"insertions":36,"deletions":12},"test-code":{"insertions":52,"deletions":15}}}]}]},"authorFileTypeContributionMap":{"paulktham":{"docs":81,"functional-code":343,"test-code":117},"ThisisXXZ":{"docs":196,"functional-code":373,"test-code":147,"other":1},"ehz0ah":{"docs":460,"functional-code":987,"test-code":347,"other":33},"Holy-An":{"docs":222,"functional-code":772,"test-code":136},"isaacsaw25":{"docs":251,"functional-code":431,"test-code":181,"other":5}},"authorContributionVariance":{"paulktham":4259.743,"ThisisXXZ":1984.4752,"ehz0ah":25750.125,"Holy-An":9181.303,"isaacsaw25":4362.226},"authorDisplayNameMap":{"paulktham":"CS2113-W12-2 PAUL..G LE","ThisisXXZ":"CS2113-W12-2 XION..UANG","ehz0ah":"CS2113-W12-2 LEE .. ZHE","Holy-An":"CS2113-W12-2 ANDE..HENG","isaacsaw25":"CS2113-W12-2 SAW ..SAAC"}}
