{"authorDailyContributionsMap":{"paulktham":[{"date":"2024-10-01","commitResults":[{"hash":"f6d3fb249131529df738a1acaf9d3fba3589c8bc","isMergeCommit":false,"messageTitle":"Student and University Package","messageBody":"","fileTypesAndContributionMap":{"functional-code":{"insertions":183,"deletions":0}}}]},{"date":"2024-10-02","commitResults":[{"hash":"13a9d6716ecaa73419200bddefb79c7012d24adb","isMergeCommit":false,"messageTitle":"Revert \"Student and University Package\"","messageBody":"This reverts commit f6d3fb249131529df738a1acaf9d3fba3589c8bc.\n","fileTypesAndContributionMap":{"functional-code":{"insertions":0,"deletions":183}}},{"hash":"de97e12b79d8cdb2039a68513f39d137b79277c7","isMergeCommit":true,"messageTitle":"Merge pull request #17 from ThisisXXZ/AboutUs","messageBody":"About us","fileTypesAndContributionMap":{}},{"hash":"a14495b3bf62f9feacd7f9a6282d82bac55a6a59","isMergeCommit":true,"messageTitle":"Merge branch \u0027master\u0027 of https://github.com/paulktham/tp","messageBody":"","fileTypesAndContributionMap":{}},{"hash":"ee60a3d24f71813c02b283ea0444d8d7f36b9def","isMergeCommit":false,"messageTitle":"AboutUs","messageBody":"","fileTypesAndContributionMap":{"docs":{"insertions":2,"deletions":1}}},{"hash":"9cdc1f4de316f4cd769d89f9be8a9f5b8fc6a902","isMergeCommit":false,"messageTitle":"Add Student and university Package","messageBody":"","fileTypesAndContributionMap":{"functional-code":{"insertions":183,"deletions":0}}},{"hash":"82f52070e1d4b63f6173abd5b51abf24dd272a68","isMergeCommit":false,"messageTitle":"Update University.java","messageBody":"fixed the camelCase issue for spotsLeft","fileTypesAndContributionMap":{"functional-code":{"insertions":4,"deletions":4}}},{"hash":"58c8ebe9e0a1f652a1c9ab61e11477b29cbfca20","isMergeCommit":false,"messageTitle":"java convention naming for variables and functions","messageBody":"","fileTypesAndContributionMap":{"functional-code":{"insertions":13,"deletions":14}}}]},{"date":"2024-10-15","commitResults":[{"hash":"b6f58ea4d92f702f3a18fe67c9314cd3ecd67181","isMergeCommit":false,"messageTitle":"JUnit test done","messageBody":"","fileTypesAndContributionMap":{"test-code":{"insertions":102,"deletions":0}}},{"hash":"96b65fffc63085bd3b6cf28967b430689c9acd4a","isMergeCommit":false,"messageTitle":"Removed Unecessary imports","messageBody":"","fileTypesAndContributionMap":{"test-code":{"insertions":0,"deletions":5}}},{"hash":"92236d231657d328653e471366fcf25c3acb3771","isMergeCommit":true,"messageTitle":"Merge pull request #45 from isaacsaw25/ui_test","messageBody":"Add JUnit testing for UI class","fileTypesAndContributionMap":{}}]}],"ThisisXXZ":[{"date":"2024-10-02","commitResults":[{"hash":"f99eaae795f3179b07635532314f4ab693c2f0b7","isMergeCommit":false,"messageTitle":"Edit AboutUs.md","messageBody":"","fileTypesAndContributionMap":{"docs":{"insertions":1,"deletions":5}}},{"hash":"700bcc1fe3507d6dcb7bde4766b82305e61402ad","isMergeCommit":true,"messageTitle":"Merge conflicts","messageBody":"","fileTypesAndContributionMap":{}},{"hash":"b6a691ced788d3220b2af5cad90f19eb54026629","isMergeCommit":true,"messageTitle":"Merge branch \u0027master\u0027 of https://github.com/ThisisXXZ/tp","messageBody":"","fileTypesAndContributionMap":{}},{"hash":"385b2fb14e1416eb5cfd2f110734eb748816f884","isMergeCommit":true,"messageTitle":"Merge pull request #18 from paulktham/Paul-AboutUs","messageBody":"Paul about us","fileTypesAndContributionMap":{}}]},{"date":"2024-10-04","commitResults":[{"hash":"3a46f99b39c4b7f3445ba47c70da01f626e346f0","isMergeCommit":false,"messageTitle":"Add copy constructor and sorting strategies","messageBody":"","fileTypesAndContributionMap":{"functional-code":{"insertions":48,"deletions":1}}},{"hash":"b11b89137e440052947d344e761e9db2be86afc3","isMergeCommit":false,"messageTitle":"Add allocator package with a primary Allocator algorithm","messageBody":"","fileTypesAndContributionMap":{"functional-code":{"insertions":39,"deletions":0}}}]},{"date":"2024-10-06","commitResults":[{"hash":"e57883fc9dde07ca23fb8600cc829eff6c9ea459","isMergeCommit":true,"messageTitle":"Merge branch \u0027master\u0027 into allocator","messageBody":"","fileTypesAndContributionMap":{}},{"hash":"f9a3081fc6b3da91da46f2c9a9251d769b9d421e","isMergeCommit":false,"messageTitle":"Merge conflicts with new ui modifications","messageBody":"","fileTypesAndContributionMap":{"functional-code":{"insertions":3,"deletions":5}}}]},{"date":"2024-10-14","commitResults":[{"hash":"178887907576739996f232a571a28bf2f0b8e9fd","isMergeCommit":false,"messageTitle":"Add JUnit test for Allocator class","messageBody":"","fileTypesAndContributionMap":{"test-code":{"insertions":56,"deletions":0}}},{"hash":"2ab0f448a272f92e15ebea86298a084af1d6c96c","isMergeCommit":true,"messageTitle":"Merge branch \u0027master\u0027 into allocator_test","messageBody":"","fileTypesAndContributionMap":{}},{"hash":"3685d331ed752b4b026648ce60d2690cca0bcab9","isMergeCommit":false,"messageTitle":"Add exception handling in allocator JUnit tester","messageBody":"","fileTypesAndContributionMap":{"test-code":{"insertions":2,"deletions":1}}}]}],"ehz0ah":[{"date":"2024-09-29","commitResults":[{"hash":"3326a1774d4a25630ca287ebd9fcfd36b36109fd","isMergeCommit":true,"messageTitle":"Merge pull request #8 from isaacsaw25/UI","messageBody":"Add basic UI package","fileTypesAndContributionMap":{}}]},{"date":"2024-10-02","commitResults":[{"hash":"8c3d1bdb3785acfd1b821738bc0b468759f8321c","isMergeCommit":false,"messageTitle":"Update AboutUs.md","messageBody":"","fileTypesAndContributionMap":{"docs":{"insertions":4,"deletions":7}}},{"hash":"c4a2c431f8db36532ade871fb0ff2837eba6da12","isMergeCommit":true,"messageTitle":"Merge pull request #13 from ehz0ah/HaoZhe-AboutUs","messageBody":"Update AboutUs.md (Hao Zhe)","fileTypesAndContributionMap":{}},{"hash":"cf4d53996ce39ed84292bbab07317bc17c3f49a0","isMergeCommit":true,"messageTitle":"Merge pull request #12 from isaacsaw25/isaac-AboutUs","messageBody":"Update AboutUs.md (Isaac Saw)","fileTypesAndContributionMap":{}}]},{"date":"2024-10-03","commitResults":[{"hash":"52c4045ec7df3e3673965908283f531645123a97","isMergeCommit":false,"messageTitle":"Add Parser Package and Class","messageBody":"","fileTypesAndContributionMap":{"functional-code":{"insertions":93,"deletions":19},"docs":{"insertions":1,"deletions":1}}},{"hash":"6fa65ff3e431a2d556f686c8d8ff051f07b7bba2","isMergeCommit":true,"messageTitle":"Merge branch \u0027master\u0027 into Command","messageBody":"","fileTypesAndContributionMap":{}},{"hash":"18df4703f8af8afd4256a22c9d65b00872cc1b19","isMergeCommit":false,"messageTitle":"Add Command Package and classes","messageBody":"","fileTypesAndContributionMap":{"functional-code":{"insertions":161,"deletions":7}}},{"hash":"91b15d1066f67bb5aec01a71922792eb0977f06d","isMergeCommit":false,"messageTitle":"Add StudentList Package and Class","messageBody":"","fileTypesAndContributionMap":{"functional-code":{"insertions":243,"deletions":160},"other":{"insertions":8,"deletions":5}}},{"hash":"94e5b1500911b19b971c4a3b7abd35bf6dcf93a5","isMergeCommit":false,"messageTitle":"Clean up and improve code quality","messageBody":"","fileTypesAndContributionMap":{"functional-code":{"insertions":6,"deletions":15},"other":{"insertions":1,"deletions":1}}}]},{"date":"2024-10-04","commitResults":[{"hash":"3c40f5d008e9a8a9924d5b1eeef9b6a8cea73ee2","isMergeCommit":true,"messageTitle":"Merge pull request #29 from isaacsaw25/27-refactor-packages","messageBody":"Refactor seedu.duke package into findoursep","fileTypesAndContributionMap":{}}]},{"date":"2024-10-06","commitResults":[{"hash":"868b8aa7bf755341df2e729f605b2d025c1c4807","isMergeCommit":true,"messageTitle":"Merge pull request #32 from ThisisXXZ/allocator","messageBody":"Allocator: Add sorting strategies, copy constructors, and allocator package","fileTypesAndContributionMap":{}}]},{"date":"2024-10-10","commitResults":[{"hash":"8cc3dba5ec045e479e4a12b0d1eecaebfa713147","isMergeCommit":false,"messageTitle":"Add new unknown command","messageBody":"","fileTypesAndContributionMap":{"functional-code":{"insertions":20,"deletions":8}}},{"hash":"edc62c5fe81b01ff16df1e847ef5e4ce5741c797","isMergeCommit":false,"messageTitle":"Change import wildcard to single imports","messageBody":"","fileTypesAndContributionMap":{"functional-code":{"insertions":8,"deletions":1}}}]},{"date":"2024-10-11","commitResults":[{"hash":"a47f89f87da6cbda8dce6e675da960411eb58d50","isMergeCommit":false,"messageTitle":"Update gradle.yml to ensure JVM use UTF-8","messageBody":"","fileTypesAndContributionMap":{"functional-code":{"insertions":3,"deletions":3},"other":{"insertions":4,"deletions":1}}},{"hash":"8e7af642f4a0bd06cffdf3623326b02eca6b181b","isMergeCommit":false,"messageTitle":"Update gradle.yml file","messageBody":"","fileTypesAndContributionMap":{"other":{"insertions":9,"deletions":2}}},{"hash":"aab82475b132d434493977bf7f382a3455f8af75","isMergeCommit":false,"messageTitle":"Test CI pipelines","messageBody":"","fileTypesAndContributionMap":{"other":{"insertions":5,"deletions":2}}},{"hash":"b891d1c7a80e20d4e713ab3931f44890b255e5b1","isMergeCommit":false,"messageTitle":"Remove unnecessary configurations","messageBody":"","fileTypesAndContributionMap":{"other":{"insertions":0,"deletions":11}}},{"hash":"b23a34412842160453b3f26e30aff4a14254b957","isMergeCommit":false,"messageTitle":"Remove forced encoding on System.out","messageBody":"","fileTypesAndContributionMap":{"functional-code":{"insertions":0,"deletions":4}}}]},{"date":"2024-10-14","commitResults":[{"hash":"dcdc007fb7930fc64f97139e7eaeccc7b6c9378d","isMergeCommit":true,"messageTitle":"Merge pull request #40 from Holy-An/Exceptions","messageBody":"Add Exception Packages and Classes","fileTypesAndContributionMap":{}},{"hash":"82e1fa91f5b1bcfa96b214b99b9e3ab2add6521b","isMergeCommit":false,"messageTitle":"Refactor startup from main","messageBody":"","fileTypesAndContributionMap":{"functional-code":{"insertions":12,"deletions":7}}},{"hash":"725394db106e4555e4fd4680197333cf47df27e2","isMergeCommit":false,"messageTitle":"Add javadoc for start method","messageBody":"","fileTypesAndContributionMap":{"functional-code":{"insertions":5,"deletions":0}}},{"hash":"ca03de9d1aaa6f7dbc07ccfb020377ece7b56233","isMergeCommit":false,"messageTitle":"Add JUnit test for parser class","messageBody":"","fileTypesAndContributionMap":{"functional-code":{"insertions":1,"deletions":1},"test-code":{"insertions":134,"deletions":0}}},{"hash":"2154f486a4b5ed6e1d920365f24995ded4b088b9","isMergeCommit":false,"messageTitle":"Add JUnit test for StudentList class","messageBody":"","fileTypesAndContributionMap":{"functional-code":{"insertions":3,"deletions":8},"test-code":{"insertions":90,"deletions":1}}},{"hash":"67df31b9c47e2d163ea701cb242d19490f4381a0","isMergeCommit":false,"messageTitle":"Update import wildcards to single imports","messageBody":"","fileTypesAndContributionMap":{"test-code":{"insertions":3,"deletions":1}}},{"hash":"bcc4dc547ef19de1ed99b2cb1bf23cf13910906c","isMergeCommit":false,"messageTitle":"Update import wildcards to single imports","messageBody":"","fileTypesAndContributionMap":{"test-code":{"insertions":4,"deletions":1}}},{"hash":"2a4335367ae73a1276b1ff612c3910d098c298e0","isMergeCommit":true,"messageTitle":"Merge pull request #41 from ThisisXXZ/allocator_test","messageBody":"Add Allocator JUnit Test","fileTypesAndContributionMap":{}}]},{"date":"2024-10-15","commitResults":[{"hash":"d2e75339a3a671de8775f879f4b1604ca47f87fc","isMergeCommit":true,"messageTitle":"Merge pull request #49 from Holy-An/JUnit","messageBody":"Add JUnit testing for StudentList class","tags":["v1.0"],"fileTypesAndContributionMap":{}}]}],"Holy-An":[{"date":"2024-10-02","commitResults":[{"hash":"71cceb59d915b7b8dc61de3e5a699cca5dbe56d8","isMergeCommit":false,"messageTitle":"Refactor AboutUs.md","messageBody":"","fileTypesAndContributionMap":{"docs":{"insertions":1,"deletions":0}}}]},{"date":"2024-10-05","commitResults":[{"hash":"3fa86534f19153d3e28e701e3968440808c97ab8","isMergeCommit":true,"messageTitle":"Merge pull request #30 from isaacsaw25/28-ui-table-msgs","messageBody":"UI: Implement print tables and messages","fileTypesAndContributionMap":{}}]},{"date":"2024-10-09","commitResults":[{"hash":"1e45b2882de78dd4e4c9704ca1a0c3b15baf9266","isMergeCommit":true,"messageTitle":"Merge pull request #35 from isaacsaw25/allocator","messageBody":"Integrate allocate algorithm into allocate command","fileTypesAndContributionMap":{}}]},{"date":"2024-10-10","commitResults":[{"hash":"5f82d838993509811d2dd976b0defbb977ca161c","isMergeCommit":true,"messageTitle":"Merge pull request #37 from ehz0ah/NewCommand","messageBody":"Add new unknown command","fileTypesAndContributionMap":{}}]},{"date":"2024-10-12","commitResults":[{"hash":"c0573d9e30a5846c6ed46e92d45bae2f0cfdf3da","isMergeCommit":true,"messageTitle":"Merge pull request #38 from ehz0ah/EncodingBug","messageBody":"Update gradle.yml to ensure JVM use UTF-8","fileTypesAndContributionMap":{}},{"hash":"5a59fc81535341747a88525029b151ddc14ca603","isMergeCommit":false,"messageTitle":"Add exception packages and classes Refactor add and delete commands, make and delete student in StudentList.java Refactor printStudentList in UI.java","messageBody":"","fileTypesAndContributionMap":{"functional-code":{"insertions":229,"deletions":34}}},{"hash":"9e0ceffca48f0094bb0fe7d916769d8a256cbc05","isMergeCommit":true,"messageTitle":"Resolve merge conflicts","messageBody":"","fileTypesAndContributionMap":{}},{"hash":"632ad82179f5c6382c6b6b54ac06054836397e35","isMergeCommit":false,"messageTitle":"Add JavadDoc comments enforce GPA format with 2 decimal places and student addition ordering","messageBody":"","fileTypesAndContributionMap":{"functional-code":{"insertions":136,"deletions":17}}},{"hash":"33e1c05158674058e4d5bf47ba63ce6552030bf7","isMergeCommit":false,"messageTitle":"Add empty exception for generate","messageBody":"","fileTypesAndContributionMap":{"functional-code":{"insertions":10,"deletions":3}}},{"hash":"4daf9a35ecc69abeff4ebc5bc03492994545aecb","isMergeCommit":false,"messageTitle":"Refactor JavaDocs comment for generateReport in UI.Java","messageBody":"","fileTypesAndContributionMap":{"functional-code":{"insertions":2,"deletions":0}}},{"hash":"956de5b374f6397a7a180fc6dd1fa3fb5b217f2f","isMergeCommit":false,"messageTitle":"Refactor UI.Java and StudentList.java","messageBody":"","fileTypesAndContributionMap":{"functional-code":{"insertions":2,"deletions":2}}},{"hash":"34b2ab7ee36a8a80c0d8e3b373287b8b0dc94a55","isMergeCommit":false,"messageTitle":"Refactor StudentList.java and EXPECTED.TXT","messageBody":"","fileTypesAndContributionMap":{"functional-code":{"insertions":2,"deletions":2}}}]},{"date":"2024-10-13","commitResults":[{"hash":"02429ef386015c5d54f427dbfcfc8639c98a8368","isMergeCommit":false,"messageTitle":"Refactor StudentList.java and UI.java","messageBody":"","fileTypesAndContributionMap":{"functional-code":{"insertions":14,"deletions":15}}},{"hash":"4693750e15e506d2fb8ec912d488320a73ed5a7d","isMergeCommit":false,"messageTitle":"Refactor StudentList.java","messageBody":"","fileTypesAndContributionMap":{"functional-code":{"insertions":3,"deletions":2}}}]},{"date":"2024-10-14","commitResults":[{"hash":"5fc0594c372bcdb8f086f90c0af055d8ec766c72","isMergeCommit":true,"messageTitle":"Merge pull request #43 from ehz0ah/JUnit","messageBody":"Add JUnit testing for Parser and StudentList Classes","fileTypesAndContributionMap":{}}]},{"date":"2024-10-15","commitResults":[{"hash":"075922c296fbf14037caf95387f9992b3735fcb2","isMergeCommit":false,"messageTitle":"Add JUnit testing for StudentList class","messageBody":"","fileTypesAndContributionMap":{"test-code":{"insertions":78,"deletions":0}}},{"hash":"ed8c8f4a5d7b655dbdbfbedaf950825e168f0a08","isMergeCommit":true,"messageTitle":"Merge pull request #47 from paulktham/JUnit-test-for-Student-and-University","messageBody":"Add JUnit test for Student and University package","fileTypesAndContributionMap":{}},{"hash":"72be8e8c2baa547cc0ea51b5fe45485856bea051","isMergeCommit":false,"messageTitle":"Refactor JUnit testing for StudentList class","messageBody":"","fileTypesAndContributionMap":{"test-code":{"insertions":10,"deletions":10}}}]}],"isaacsaw25":[{"date":"2024-09-28","commitResults":[{"hash":"3121d620291c9281c291bf00a330e766fbf8811b","isMergeCommit":false,"messageTitle":"Add basic UI package","messageBody":"","fileTypesAndContributionMap":{"functional-code":{"insertions":90,"deletions":10},"other":{"insertions":4,"deletions":0}}},{"hash":"ca5372992853b343531fb1428c825cbea775bfeb","isMergeCommit":false,"messageTitle":"Update IO redirection test files","messageBody":"","fileTypesAndContributionMap":{"functional-code":{"insertions":1,"deletions":1}}}]},{"date":"2024-09-29","commitResults":[{"hash":"5f697fa3a43ff922c5f2a79dca2c2d2e2a185e1d","isMergeCommit":false,"messageTitle":"Fixed IO redirection format","messageBody":"","fileTypesAndContributionMap":{"functional-code":{"insertions":4,"deletions":0}}}]},{"date":"2024-10-02","commitResults":[{"hash":"9a3bcfbfa51e7bfd26553d08367e8d16ac9cf838","isMergeCommit":false,"messageTitle":"AboutUs.md: Refactor for tutorial activity","messageBody":"","fileTypesAndContributionMap":{"docs":{"insertions":4,"deletions":8}}},{"hash":"d608e7acbbc4c7119387e77e9a5ac21c9a427559","isMergeCommit":true,"messageTitle":"Merge branch \u0027master\u0027 into isaac-AboutUs","messageBody":"","fileTypesAndContributionMap":{}},{"hash":"bdf38ce48364dfb1024f3627ce057d16e56f9355","isMergeCommit":true,"messageTitle":"Merge pull request #19 from Holy-An/About-Us","messageBody":"Refactor AboutUs.md (Anderson)","fileTypesAndContributionMap":{}}]},{"date":"2024-10-03","commitResults":[{"hash":"a9960bd5f358d44980b439a9621e30ed4383bd99","isMergeCommit":true,"messageTitle":"Merge pull request #22 from ehz0ah/Parser","messageBody":"Add Parser Package and Class","fileTypesAndContributionMap":{}},{"hash":"e451cbeb5ad3ad6fc786723cb09091407ccb3157","isMergeCommit":true,"messageTitle":"Merge pull request #20 from paulktham/Add-Student-and-University-Package","messageBody":"Add Student and University Package","fileTypesAndContributionMap":{}},{"hash":"e1f7f903ae77df5976b5fbeff48284d4bada4dce","isMergeCommit":true,"messageTitle":"Merge pull request #23 from ehz0ah/Command","messageBody":"Add Command Package and Classes","fileTypesAndContributionMap":{}},{"hash":"6cd4fa9162a88a8a02a9f2f71d00dbd853f57c37","isMergeCommit":true,"messageTitle":"Merge pull request #26 from ehz0ah/StudentList","messageBody":"Add StudentList Package and Class","fileTypesAndContributionMap":{}},{"hash":"3820d1d13982ff28608715ece1abcca343264c6f","isMergeCommit":false,"messageTitle":"Refactor seedu.duke packages into findoursep","messageBody":"","fileTypesAndContributionMap":{"other":{"insertions":4,"deletions":4}}}]},{"date":"2024-10-04","commitResults":[{"hash":"5262142be8f94b0d005d0e8da3d03f2545e34f4c","isMergeCommit":false,"messageTitle":"Implement print student list function","messageBody":"","fileTypesAndContributionMap":{"functional-code":{"insertions":107,"deletions":50}}},{"hash":"22ffab3792e8902eb51c1a31bd757fe4078b41bb","isMergeCommit":false,"messageTitle":"UI: Implement print tables and messages","messageBody":"","fileTypesAndContributionMap":{"functional-code":{"insertions":96,"deletions":61}}},{"hash":"25c2ae1d4c36a8c4badeefb8a7dacb19504d0630","isMergeCommit":false,"messageTitle":"UI: Format table output, fixed IO redirection","messageBody":"","fileTypesAndContributionMap":{"functional-code":{"insertions":13,"deletions":4},"other":{"insertions":1,"deletions":1}}}]},{"date":"2024-10-06","commitResults":[{"hash":"4d0183f4aa3fc512ec26ddde40ab77bd3fe0cbd6","isMergeCommit":false,"messageTitle":"Integrate allocate algorithm into allocate command","messageBody":"","fileTypesAndContributionMap":{"functional-code":{"insertions":58,"deletions":12}}},{"hash":"b4f14cca427e44f812fda30a112b33cb7222f042","isMergeCommit":false,"messageTitle":"Fixed encoding bug for UI","messageBody":"","fileTypesAndContributionMap":{"functional-code":{"insertions":5,"deletions":2}}},{"hash":"c4219964047010b57208ea9c51108041440ce9f2","isMergeCommit":false,"messageTitle":"B Revert \"Fixed encoding bug for UI\"","messageBody":"This reverts commit b4f14cca427e44f812fda30a112b33cb7222f042.\n","fileTypesAndContributionMap":{"functional-code":{"insertions":2,"deletions":5}}}]},{"date":"2024-10-14","commitResults":[{"hash":"8ce55d720803e700d9834ea184faabfe174aab12","isMergeCommit":false,"messageTitle":"Refactor: Fix error in comment, add v1.0 doc folder","messageBody":"","fileTypesAndContributionMap":{"functional-code":{"insertions":2,"deletions":2},"test-code":{"insertions":9,"deletions":0}}},{"hash":"27d2ff24b8135b60dadb9d7b7810e23938ea99d8","isMergeCommit":false,"messageTitle":"Implement UI unit test","messageBody":"","fileTypesAndContributionMap":{"test-code":{"insertions":141,"deletions":1}}},{"hash":"2f9b60e91a88c9c7530efb4b99783c8833d9a1b3","isMergeCommit":false,"messageTitle":"Remove table tests","messageBody":"","fileTypesAndContributionMap":{"test-code":{"insertions":0,"deletions":46}}}]},{"date":"2024-10-15","commitResults":[{"hash":"1914ecfb3fddfe59b13fdab05ea68a8572874e2d","isMergeCommit":false,"messageTitle":"UITest.java: Refactor test names","messageBody":"","fileTypesAndContributionMap":{"test-code":{"insertions":9,"deletions":9}}}]}]},"authorFileTypeContributionMap":{"paulktham":{"docs":2,"functional-code":170,"test-code":97},"ThisisXXZ":{"docs":0,"functional-code":75,"test-code":57},"ehz0ah":{"docs":2,"functional-code":297,"test-code":228,"other":4},"Holy-An":{"docs":1,"functional-code":355,"test-code":78},"isaacsaw25":{"docs":2,"functional-code":262,"test-code":105,"other":5}},"authorContributionVariance":{"paulktham":7293.446,"ThisisXXZ":397.23227,"ehz0ah":21212.059,"Holy-An":7342.231,"isaacsaw25":5675.4795},"authorDisplayNameMap":{"paulktham":"CS2113-W12-2 PAUL..G LE","ThisisXXZ":"CS2113-W12-2 XION..UANG","ehz0ah":"CS2113-W12-2 LEE .. ZHE","Holy-An":"CS2113-W12-2 ANDE..HENG","isaacsaw25":"CS2113-W12-2 SAW ..SAAC"}}
