{"authorDailyContributionsMap":{"xenthm":[{"date":"2024-10-03","commitResults":[{"hash":"3ac7e0919470c3dc32c190514f741762674ee608","isMergeCommit":false,"messageTitle":"Add Donovan to AboutUs.md","messageBody":"","fileTypesAndContributionMap":{"docs":{"insertions":3,"deletions":7}}},{"hash":"c389a15720b73cbc55cb71a14f6756961d81c8c0","isMergeCommit":true,"messageTitle":"Merge pull request #5 from averageandyyy/Andy-AboutUs","messageBody":"Update AboutUs.md","fileTypesAndContributionMap":{}}]},{"date":"2024-10-05","commitResults":[{"hash":"82949e63152340db29d7e3197f119149ad0b8d6c","isMergeCommit":false,"messageTitle":"Change Parser method name","messageBody":"Deconflict with methods from Author and Manga with same name.\n","fileTypesAndContributionMap":{"functional-code":{"insertions":5,"deletions":5}}},{"hash":"4e4a722be1227cfeee1b59dba77ea4aa4ddef7af","isMergeCommit":false,"messageTitle":"Implement view authors command","messageBody":"","fileTypesAndContributionMap":{"functional-code":{"insertions":37,"deletions":5}}},{"hash":"c7eaa1bb35460286577cc45c8ef309aa6e2d39b3","isMergeCommit":false,"messageTitle":"Expand * import statement in Parser","messageBody":"","fileTypesAndContributionMap":{"functional-code":{"insertions":5,"deletions":1}}}]},{"date":"2024-10-06","commitResults":[{"hash":"1cccfb0b91a1ed118457033f48a7fd1e351a3cc8","isMergeCommit":false,"messageTitle":"Add JUnit tests for print() and parser for \"view\"","messageBody":"","fileTypesAndContributionMap":{"test-code":{"insertions":65,"deletions":0}}},{"hash":"30d14374e6a91b40797d204b64c9f957770198cd","isMergeCommit":false,"messageTitle":"Remove Duke from JUnit test","messageBody":"","fileTypesAndContributionMap":{"test-code":{"insertions":0,"deletions":12}}},{"hash":"ef5f96afb90e2fe363fa7b6625b1d53855096d0d","isMergeCommit":true,"messageTitle":"Merge pull request #14 from sarahchow03/branch-deleteMangaAuthor","messageBody":"Implement delete functionality for manga and author","fileTypesAndContributionMap":{}}]},{"date":"2024-10-07","commitResults":[{"hash":"b4a90a8ca2a2c006e3704a6d6617ab8ca6028a24","isMergeCommit":true,"messageTitle":"Merge pull request #17 from averageandyyy/branch-FixInputCommandFormat","messageBody":"Branch fix input command format","fileTypesAndContributionMap":{}},{"hash":"cd36829a5d4384f0baafbb83dc57c03c959f0303","isMergeCommit":false,"messageTitle":"Merge remote-tracking branch \u0027upstream/master\u0027 into branch-view-authors","messageBody":"","fileTypesAndContributionMap":{"functional-code":{"insertions":266,"deletions":14}}},{"hash":"922aecab003bc4546538df120753e15b0bd8a1ce","isMergeCommit":true,"messageTitle":"Merge branch \u0027master\u0027 into branch-view-authors","messageBody":"","fileTypesAndContributionMap":{}},{"hash":"f07ba2d911657adb34caff49b52e7a7205a7a4ea","isMergeCommit":true,"messageTitle":"Merge pull request #15 from xenthm/branch-view-authors","messageBody":"Implement view authors command","fileTypesAndContributionMap":{}}]}],"averageandyyy":[{"date":"2024-09-24","commitResults":[{"hash":"186f367f8dc09243aae0bb5828bc60da75af5c8d","isMergeCommit":false,"messageTitle":"Implement add author and add manga command - Usage: `add -a [AUTHOR_NAME]` to add author \t `add -a [AUTHOR_NAME] -m [MANGA_NAME]` to add manga to author - Added basic classes to get us started   - See `exceptions` package for `TantouException`   - See `commands` package for viable `Command`s.   - See `author` package for `Author` and `AuthorList`   - See `manga` package for `Manga`   - See `parser` package for `Parser`. Handles command processing with Apache CLI   - See `constants` package for basic constants to get us started. To expand and add more as we develop.   - See `ui` package for `Ui`. Responsible for getting user input and displaying messages to user.","messageBody":"","fileTypesAndContributionMap":{"functional-code":{"insertions":279,"deletions":86}}}]},{"date":"2024-10-03","commitResults":[{"hash":"65403780ae0e22f599c4907902e54f46dd2b7143","isMergeCommit":false,"messageTitle":"Update AboutUs.md","messageBody":"","fileTypesAndContributionMap":{"docs":{"insertions":3,"deletions":7}}},{"hash":"3b37ccb9e28f8ec13002c2900a8bea41d6a4a994","isMergeCommit":true,"messageTitle":"Merge pull request #3 from xenthm/Donovan-AboutUs","messageBody":"Add Donovan to AboutUs.md","fileTypesAndContributionMap":{}},{"hash":"2e255f1d4bb569d7f2605ab7f4870b2e6b0f5356","isMergeCommit":true,"messageTitle":"Merge branch \u0027master\u0027 into master","messageBody":"","fileTypesAndContributionMap":{}},{"hash":"316962929e84f4829045d1a4ed67cc2c9430f0d6","isMergeCommit":true,"messageTitle":"Merge pull request #4 from iaso1774/master","messageBody":"Update AboutUs.md (Ian Soukup)","fileTypesAndContributionMap":{}},{"hash":"f39eea9ac71f1a515396da229a85dd7bb2a23044","isMergeCommit":true,"messageTitle":"Fix merge conflict","messageBody":"","fileTypesAndContributionMap":{}}]},{"date":"2024-10-06","commitResults":[{"hash":"241fc18f20fd395f14ad2323e009dfb9ad67b610","isMergeCommit":false,"messageTitle":"Update Parser to only take in arguments enclosed in double quotes - Parser will check the argument following each option to be enclosed in double quotes and will throw an exception otherwise - Introduce Options class to streamline addition of future options - Introduce initalizeOptions method in Parser to iteratively add options to Parser","messageBody":"","fileTypesAndContributionMap":{"functional-code":{"insertions":122,"deletions":8}}},{"hash":"18b59342c113af28b69e2ce9afbe25ceb454042e","isMergeCommit":false,"messageTitle":"Update code to comply with checkstyle","messageBody":"","fileTypesAndContributionMap":{"functional-code":{"insertions":0,"deletions":1}}},{"hash":"89c0b225427cdc7e8cd1809da523625f099539c6","isMergeCommit":false,"messageTitle":"Refactor code to minimize arrowhead code","messageBody":"","fileTypesAndContributionMap":{"functional-code":{"insertions":30,"deletions":6}}}]}],"sarahchow03":[{"date":"2024-10-03","commitResults":[{"hash":"926612ba8c684b7eec2d3b97b0f27be26a194a37","isMergeCommit":false,"messageTitle":"Update AboutUs.md","messageBody":"","fileTypesAndContributionMap":{"docs":{"insertions":3,"deletions":7}}},{"hash":"482673a32228f3a9778281d49bc68475ebf8b1f1","isMergeCommit":true,"messageTitle":"Merge branch \u0027master\u0027 of https://github.com/AY2425S1-CS2113-T10-3/tp into sarah-AboutUs","messageBody":"# Conflicts:\n#\tdocs/AboutUs.md\n","fileTypesAndContributionMap":{}}]},{"date":"2024-10-05","commitResults":[{"hash":"7a480f823bf7df5cf7b2fff0027fe7a85b9cf6e4","isMergeCommit":false,"messageTitle":"Refactor isValidMangaCommand","messageBody":"Rename the isValidAddMangaCommand method to isValidMangaComand to work\nfor deletion of manga.\n","fileTypesAndContributionMap":{"functional-code":{"insertions":3,"deletions":2}}},{"hash":"f1259dabf4013c746dbccd46c5c54c53b8fab2e1","isMergeCommit":false,"messageTitle":"Refactor isValidAuthorCommand","messageBody":"","fileTypesAndContributionMap":{"functional-code":{"insertions":3,"deletions":0}}},{"hash":"61c40053e05c889e61c3adffb997ec745e657370","isMergeCommit":false,"messageTitle":"Implement deletion of Manga","messageBody":"Allows user to delete existing Manga from an Author.\n","fileTypesAndContributionMap":{"functional-code":{"insertions":61,"deletions":4}}},{"hash":"42a9eaca3a9c622e83d729e4b9b462e201b90549","isMergeCommit":false,"messageTitle":"Implement deletion of Author","messageBody":"Allows user to delete an Author in the authorList.\n","fileTypesAndContributionMap":{"functional-code":{"insertions":53,"deletions":1}}}]},{"date":"2024-10-06","commitResults":[{"hash":"aba9677aa12f76da25ca7fc5fc2bc0abdc70ae75","isMergeCommit":false,"messageTitle":"Add spaces to conform to coding standards","messageBody":"","fileTypesAndContributionMap":{"functional-code":{"insertions":2,"deletions":0}}}]}],"iaso1774":[{"date":"2024-10-03","commitResults":[{"hash":"445547c5d0bcd8cf4d1f39d103ab482b8a571585","isMergeCommit":false,"messageTitle":"Update AboutUs.md","messageBody":"","fileTypesAndContributionMap":{"docs":{"insertions":1,"deletions":5}}},{"hash":"42760ab9d756dba663d4426cc9498a0bf00afb55","isMergeCommit":true,"messageTitle":"Merge pull request #6 from sarahchow03/sarah-AboutUs","messageBody":"Update AboutUs.md","fileTypesAndContributionMap":{}},{"hash":"968c4fe971a2ce9685dd9395102a3e1575144f20","isMergeCommit":true,"messageTitle":"Merge pull request #2 from averageandyyy/branch-add-apache-gradle","messageBody":"Base implementation of Tantou with Apache CLI","fileTypesAndContributionMap":{}}]}]},"authorFileTypeContributionMap":{"xenthm":{"docs":1,"functional-code":276,"test-code":65},"averageandyyy":{"docs":2,"functional-code":284,"test-code":0},"sarahchow03":{"docs":1,"functional-code":4,"test-code":0},"iaso1774":{"docs":1,"functional-code":0,"test-code":0}},"authorContributionVariance":{"xenthm":4319.9043,"averageandyyy":8049.654,"sarahchow03":842.2006,"iaso1774":1.8888887},"authorDisplayNameMap":{"xenthm":"CS2113-T10-3 DONO.. JIE","averageandyyy":"CS2113-T10-3 CHEN..ANDY","sarahchow03":"CS2113-T10-3 SARA..XUAN","iaso1774":"CS2113-T10-3 SOUK..SEPH"}}
