{"authorDailyContributionsMap":{"xenthm":[{"date":"2024-10-03","commitResults":[{"hash":"3ac7e0919470c3dc32c190514f741762674ee608","isMergeCommit":false,"messageTitle":"Add Donovan to AboutUs.md","messageBody":"","fileTypesAndContributionMap":{"docs":{"insertions":3,"deletions":7}}},{"hash":"c389a15720b73cbc55cb71a14f6756961d81c8c0","isMergeCommit":true,"messageTitle":"Merge pull request #5 from averageandyyy/Andy-AboutUs","messageBody":"Update AboutUs.md","fileTypesAndContributionMap":{}}]},{"date":"2024-10-05","commitResults":[{"hash":"82949e63152340db29d7e3197f119149ad0b8d6c","isMergeCommit":false,"messageTitle":"Change Parser method name","messageBody":"Deconflict with methods from Author and Manga with same name.\n","fileTypesAndContributionMap":{"functional-code":{"insertions":5,"deletions":5}}},{"hash":"4e4a722be1227cfeee1b59dba77ea4aa4ddef7af","isMergeCommit":false,"messageTitle":"Implement view authors command","messageBody":"","fileTypesAndContributionMap":{"functional-code":{"insertions":37,"deletions":5}}},{"hash":"c7eaa1bb35460286577cc45c8ef309aa6e2d39b3","isMergeCommit":false,"messageTitle":"Expand * import statement in Parser","messageBody":"","fileTypesAndContributionMap":{"functional-code":{"insertions":5,"deletions":1}}}]},{"date":"2024-10-06","commitResults":[{"hash":"1cccfb0b91a1ed118457033f48a7fd1e351a3cc8","isMergeCommit":false,"messageTitle":"Add JUnit tests for print() and parser for \"view\"","messageBody":"","fileTypesAndContributionMap":{"test-code":{"insertions":65,"deletions":0}}},{"hash":"30d14374e6a91b40797d204b64c9f957770198cd","isMergeCommit":false,"messageTitle":"Remove Duke from JUnit test","messageBody":"","fileTypesAndContributionMap":{"test-code":{"insertions":0,"deletions":12}}},{"hash":"ef5f96afb90e2fe363fa7b6625b1d53855096d0d","isMergeCommit":true,"messageTitle":"Merge pull request #14 from sarahchow03/branch-deleteMangaAuthor","messageBody":"Implement delete functionality for manga and author","fileTypesAndContributionMap":{}}]},{"date":"2024-10-07","commitResults":[{"hash":"b4a90a8ca2a2c006e3704a6d6617ab8ca6028a24","isMergeCommit":true,"messageTitle":"Merge pull request #17 from averageandyyy/branch-FixInputCommandFormat","messageBody":"Branch fix input command format","fileTypesAndContributionMap":{}},{"hash":"cd36829a5d4384f0baafbb83dc57c03c959f0303","isMergeCommit":false,"messageTitle":"Merge remote-tracking branch \u0027upstream/master\u0027 into branch-view-authors","messageBody":"","fileTypesAndContributionMap":{"functional-code":{"insertions":266,"deletions":14}}},{"hash":"2cea2bb12c63c8c436b2bcca1f9369e1ee548d30","isMergeCommit":false,"messageTitle":"Refactor Parser.java for formatting","messageBody":"- Meet hard wrap at 120 character requirements\n- Replace \"a\" and \"m\" with their respective constants from the constants\n  package\n","fileTypesAndContributionMap":{"functional-code":{"insertions":27,"deletions":35}}},{"hash":"a9d270aa86cf7f567a97d5814f0c7748a94589df","isMergeCommit":false,"messageTitle":"Create MangaList class and refactor","messageBody":"- The MangaList class has method to print each entry in a list\n- Refactor Author.java to make use of MangaList\n","fileTypesAndContributionMap":{"functional-code":{"insertions":15,"deletions":4}}},{"hash":"922aecab003bc4546538df120753e15b0bd8a1ce","isMergeCommit":true,"messageTitle":"Merge branch \u0027master\u0027 into branch-view-authors","messageBody":"","fileTypesAndContributionMap":{}},{"hash":"f07ba2d911657adb34caff49b52e7a7205a7a4ea","isMergeCommit":true,"messageTitle":"Merge pull request #15 from xenthm/branch-view-authors","messageBody":"Implement view authors command","fileTypesAndContributionMap":{}},{"hash":"84db32d86f6a4ca744a4b53190ad71c9613ebdef","isMergeCommit":false,"messageTitle":"Overload methods in Author","messageBody":"","fileTypesAndContributionMap":{"functional-code":{"insertions":14,"deletions":1}}},{"hash":"469f9f079f364409cd7c922e8847effcef8e16b2","isMergeCommit":false,"messageTitle":"Add method to print MangaList in Author","messageBody":"","fileTypesAndContributionMap":{"functional-code":{"insertions":4,"deletions":0}}},{"hash":"a57c38398d428c86f0444ecd811b834f9f431b93","isMergeCommit":false,"messageTitle":"Implement view mangas command","messageBody":"","fileTypesAndContributionMap":{"functional-code":{"insertions":62,"deletions":3}}},{"hash":"73dfb54121a8b65ffd2fa772349c925a34605798","isMergeCommit":false,"messageTitle":"Add JUnit tests","messageBody":"- Author printMangaList()\n- MangaList print()\n- Parser getUserCommand for view mangas command\n","fileTypesAndContributionMap":{"test-code":{"insertions":82,"deletions":2}}}]},{"date":"2024-10-15","commitResults":[{"hash":"bae4e3c7e32a9f677b389fa1f781cd01283b3181","isMergeCommit":false,"messageTitle":"Refactor AuthorList and ViewMangasCommand","messageBody":"","fileTypesAndContributionMap":{"functional-code":{"insertions":5,"deletions":5}}},{"hash":"a71ac84de39504e2f377bd594f9bdb694a945d97","isMergeCommit":false,"messageTitle":"Add assertions","messageBody":"","fileTypesAndContributionMap":{"functional-code":{"insertions":15,"deletions":3}}},{"hash":"e53816221b8fecf6ab7ea92afa656dde2c547bb5","isMergeCommit":false,"messageTitle":"Add logging to view commands","messageBody":"","fileTypesAndContributionMap":{"functional-code":{"insertions":5,"deletions":0}}}]}],"averageandyyy":[{"date":"2024-09-24","commitResults":[{"hash":"186f367f8dc09243aae0bb5828bc60da75af5c8d","isMergeCommit":false,"messageTitle":"Implement add author and add manga command - Usage: `add -a [AUTHOR_NAME]` to add author \t `add -a [AUTHOR_NAME] -m [MANGA_NAME]` to add manga to author - Added basic classes to get us started   - See `exceptions` package for `TantouException`   - See `commands` package for viable `Command`s.   - See `author` package for `Author` and `AuthorList`   - See `manga` package for `Manga`   - See `parser` package for `Parser`. Handles command processing with Apache CLI   - See `constants` package for basic constants to get us started. To expand and add more as we develop.   - See `ui` package for `Ui`. Responsible for getting user input and displaying messages to user.","messageBody":"","fileTypesAndContributionMap":{"functional-code":{"insertions":279,"deletions":86}}}]},{"date":"2024-10-03","commitResults":[{"hash":"65403780ae0e22f599c4907902e54f46dd2b7143","isMergeCommit":false,"messageTitle":"Update AboutUs.md","messageBody":"","fileTypesAndContributionMap":{"docs":{"insertions":3,"deletions":7}}},{"hash":"3b37ccb9e28f8ec13002c2900a8bea41d6a4a994","isMergeCommit":true,"messageTitle":"Merge pull request #3 from xenthm/Donovan-AboutUs","messageBody":"Add Donovan to AboutUs.md","fileTypesAndContributionMap":{}},{"hash":"2e255f1d4bb569d7f2605ab7f4870b2e6b0f5356","isMergeCommit":true,"messageTitle":"Merge branch \u0027master\u0027 into master","messageBody":"","fileTypesAndContributionMap":{}},{"hash":"316962929e84f4829045d1a4ed67cc2c9430f0d6","isMergeCommit":true,"messageTitle":"Merge pull request #4 from iaso1774/master","messageBody":"Update AboutUs.md (Ian Soukup)","fileTypesAndContributionMap":{}},{"hash":"f39eea9ac71f1a515396da229a85dd7bb2a23044","isMergeCommit":true,"messageTitle":"Fix merge conflict","messageBody":"","fileTypesAndContributionMap":{}}]},{"date":"2024-10-06","commitResults":[{"hash":"241fc18f20fd395f14ad2323e009dfb9ad67b610","isMergeCommit":false,"messageTitle":"Update Parser to only take in arguments enclosed in double quotes - Parser will check the argument following each option to be enclosed in double quotes and will throw an exception otherwise - Introduce Options class to streamline addition of future options - Introduce initalizeOptions method in Parser to iteratively add options to Parser","messageBody":"","fileTypesAndContributionMap":{"functional-code":{"insertions":122,"deletions":8}}},{"hash":"18b59342c113af28b69e2ce9afbe25ceb454042e","isMergeCommit":false,"messageTitle":"Update code to comply with checkstyle","messageBody":"","fileTypesAndContributionMap":{"functional-code":{"insertions":0,"deletions":1}}},{"hash":"89c0b225427cdc7e8cd1809da523625f099539c6","isMergeCommit":false,"messageTitle":"Refactor code to minimize arrowhead code","messageBody":"","fileTypesAndContributionMap":{"functional-code":{"insertions":30,"deletions":6}}}]},{"date":"2024-10-08","commitResults":[{"hash":"c130f6a93916d80b77e9fa1793107766a2108ab6","isMergeCommit":true,"messageTitle":"Merge pull request #21 from sarahchow03/branch-deleteTest","messageBody":"JUnit Tests for delete functionality","fileTypesAndContributionMap":{}}]},{"date":"2024-10-09","commitResults":[{"hash":"c71413ab7fee847a4a73bb306dc6778d2bc67d18","isMergeCommit":false,"messageTitle":"Implement JUnit tests for AddAuthorCommand - Tests involve the addition of a new author and the addition of a duplicate author, which   will result in an exception being thrown - Parsing test to ensure that the correct command is being generated also included","messageBody":"","fileTypesAndContributionMap":{"test-code":{"insertions":66,"deletions":0}}},{"hash":"490dab654c8c6a9e663da36410e57362b14c3889","isMergeCommit":false,"messageTitle":"Update code to comply with checkstyle","messageBody":"","fileTypesAndContributionMap":{"test-code":{"insertions":0,"deletions":1}}},{"hash":"527bfa0d4f976be7dc81f759548936fa16d223f1","isMergeCommit":false,"messageTitle":"Implement JUnit tests for AddMangaCommand - Tests involve the addition of a new manga and the addition of a duplicate manga   which will result in an exception being thrown - Parser test also updated to check that the correct Command is being generated","messageBody":"","fileTypesAndContributionMap":{"test-code":{"insertions":63,"deletions":1}}},{"hash":"4b2088259020fe035ea188d41e3d87033d539d17","isMergeCommit":false,"messageTitle":"Fix typo in test function signature","messageBody":"","fileTypesAndContributionMap":{"test-code":{"insertions":1,"deletions":1}}},{"hash":"54495f922b0107703904e99eeec507e78faf8f38","isMergeCommit":false,"messageTitle":"Fix typo in function signature","messageBody":"","fileTypesAndContributionMap":{"test-code":{"insertions":1,"deletions":0}}},{"hash":"39637e224b11c2401de663a85d6b537e066cba71","isMergeCommit":true,"messageTitle":"Merge pull request #24 from averageandyyy/branch-AddJUnitAddAuthorCommand","messageBody":"Implement JUnit tests for AddAuthorCommand","fileTypesAndContributionMap":{}},{"hash":"318650964d5c202104d24453c036b4e7af04c0e0","isMergeCommit":false,"messageTitle":"Update command argument to adhere to the other tests","messageBody":"","fileTypesAndContributionMap":{"test-code":{"insertions":2,"deletions":2}}},{"hash":"6fe5d022819c3e90a6b497a6bf79d7476e413601","isMergeCommit":true,"messageTitle":"Merge github.com:AY2425S1-CS2113-T10-3/tp into branch-AddJUnitAddMangaCommand","messageBody":"","fileTypesAndContributionMap":{}}]},{"date":"2024-10-10","commitResults":[{"hash":"590dcb1bae19ce60e02db8ba4fa448c5bf09eaf8","isMergeCommit":false,"messageTitle":"Update test method signatures to follow naming conventions","messageBody":"","fileTypesAndContributionMap":{"test-code":{"insertions":4,"deletions":4}}},{"hash":"b9f3eacbc7ead6d975504b4cedf2f97520e22ec2","isMergeCommit":false,"messageTitle":"Update code to comply with checkstyle","messageBody":"","fileTypesAndContributionMap":{"test-code":{"insertions":4,"deletions":4}}}]},{"date":"2024-10-14","commitResults":[{"hash":"613404164b10280ebb030eb6dbdaee5f0f0fc549","isMergeCommit":true,"messageTitle":"Merge pull request #32 from sarahchow03/branch-assertLog","messageBody":"Add assertions and logs for deleteManga and deleteAuthor","fileTypesAndContributionMap":{}},{"hash":"e63dea54d85b17de0e860c78d78da3d9fd25425c","isMergeCommit":false,"messageTitle":"Introduce assertions and logging for AddAuthorCommand - Assert that userInput is not empty during execute method as that   should be caught at the parser level - Assertions to ensure that the incoming author was properly added - Info and warning logs to inform of existing user and no author provided   respectively - Introduce logger at the Command level, downstream classes will inherit the logger   instance - Fix bug in Parser where in would accept arguments in single quote e.g. add -a \"","messageBody":"","fileTypesAndContributionMap":{"functional-code":{"insertions":20,"deletions":5},"other":{"insertions":1,"deletions":1}}},{"hash":"14198fb1b984d0323862201d2a6de27ea07571b1","isMergeCommit":false,"messageTitle":"Introduce assert to verify correct recognization of same authors","messageBody":"","fileTypesAndContributionMap":{"functional-code":{"insertions":4,"deletions":0}}},{"hash":"bc57b1c65d808bff24e9fa96d65143fcad42f9bc","isMergeCommit":false,"messageTitle":"Add assertions and logging for AddMangaCommand - Assertions include ensuring that userInput is not empty and   that mangas are added successfully to their corresponding authors","messageBody":"","fileTypesAndContributionMap":{"functional-code":{"insertions":11,"deletions":0}}},{"hash":"133887e9ee8c8fecb6c3fa858fa15a1f2f51808a","isMergeCommit":false,"messageTitle":"Enable assertions on gradle","messageBody":"","fileTypesAndContributionMap":{"other":{"insertions":1,"deletions":0}}},{"hash":"ab6f90f94a9ed1056af90311a4fd5d9b78cee0a0","isMergeCommit":false,"messageTitle":"Enable assertions on gradle","messageBody":"","fileTypesAndContributionMap":{"other":{"insertions":1,"deletions":0}}}]}],"sarahchow03":[{"date":"2024-10-03","commitResults":[{"hash":"926612ba8c684b7eec2d3b97b0f27be26a194a37","isMergeCommit":false,"messageTitle":"Update AboutUs.md","messageBody":"","fileTypesAndContributionMap":{"docs":{"insertions":3,"deletions":7}}},{"hash":"482673a32228f3a9778281d49bc68475ebf8b1f1","isMergeCommit":true,"messageTitle":"Merge branch \u0027master\u0027 of https://github.com/AY2425S1-CS2113-T10-3/tp into sarah-AboutUs","messageBody":"# Conflicts:\n#\tdocs/AboutUs.md\n","fileTypesAndContributionMap":{}}]},{"date":"2024-10-05","commitResults":[{"hash":"7a480f823bf7df5cf7b2fff0027fe7a85b9cf6e4","isMergeCommit":false,"messageTitle":"Refactor isValidMangaCommand","messageBody":"Rename the isValidAddMangaCommand method to isValidMangaComand to work\nfor deletion of manga.\n","fileTypesAndContributionMap":{"functional-code":{"insertions":3,"deletions":2}}},{"hash":"f1259dabf4013c746dbccd46c5c54c53b8fab2e1","isMergeCommit":false,"messageTitle":"Refactor isValidAuthorCommand","messageBody":"","fileTypesAndContributionMap":{"functional-code":{"insertions":3,"deletions":0}}},{"hash":"61c40053e05c889e61c3adffb997ec745e657370","isMergeCommit":false,"messageTitle":"Implement deletion of Manga","messageBody":"Allows user to delete existing Manga from an Author.\n","fileTypesAndContributionMap":{"functional-code":{"insertions":61,"deletions":4}}},{"hash":"42a9eaca3a9c622e83d729e4b9b462e201b90549","isMergeCommit":false,"messageTitle":"Implement deletion of Author","messageBody":"Allows user to delete an Author in the authorList.\n","fileTypesAndContributionMap":{"functional-code":{"insertions":53,"deletions":1}}}]},{"date":"2024-10-06","commitResults":[{"hash":"aba9677aa12f76da25ca7fc5fc2bc0abdc70ae75","isMergeCommit":false,"messageTitle":"Add spaces to conform to coding standards","messageBody":"","fileTypesAndContributionMap":{"functional-code":{"insertions":2,"deletions":0}}}]},{"date":"2024-10-07","commitResults":[{"hash":"e70eab1de12390ec776ba0b871bf0801958fcf86","isMergeCommit":true,"messageTitle":"Merge pull request #19 from xenthm/branch-view-mangas","messageBody":"Implement view mangas command","fileTypesAndContributionMap":{}}]},{"date":"2024-10-08","commitResults":[{"hash":"9be4d52dfb0fc8f78a42ac77f6424dec03813d9b","isMergeCommit":true,"messageTitle":"Merge remote-tracking branch \u0027upstream/master\u0027","messageBody":"","fileTypesAndContributionMap":{}},{"hash":"e9511e4886027d5040f567819c8d82a0652494ad","isMergeCommit":false,"messageTitle":"Create JUnit test for deleteManga function","messageBody":"","fileTypesAndContributionMap":{"test-code":{"insertions":34,"deletions":0}}},{"hash":"d3fd94af9db79de13e82271826fc17cfdbbe56a8","isMergeCommit":false,"messageTitle":"Create JUnit test for deleteAuthor function","messageBody":"","fileTypesAndContributionMap":{"test-code":{"insertions":39,"deletions":0}}}]},{"date":"2024-10-13","commitResults":[{"hash":"0e82881e1aebd79431c6628bde9fb9fc9ec7bef4","isMergeCommit":true,"messageTitle":"Merge pull request #29 from iaso1774/deadline","messageBody":"Added functionality to add, view, and delete deadlines","fileTypesAndContributionMap":{}},{"hash":"9c0a1cc52344a316b176ece493221128b8d554bc","isMergeCommit":false,"messageTitle":"Update cosmetic changes on deleteAuthor output","messageBody":"","fileTypesAndContributionMap":{"functional-code":{"insertions":1,"deletions":1}}},{"hash":"56667f10270a9e597ab043d6c26d0997d34efbfb","isMergeCommit":false,"messageTitle":"Update DeleteAuthorCommandTest","messageBody":"","fileTypesAndContributionMap":{"test-code":{"insertions":36,"deletions":6}}},{"hash":"6020e491d21603343a85b253a99b052da9b3c3d2","isMergeCommit":false,"messageTitle":"Update DeleteMangaCommandTest","messageBody":"","fileTypesAndContributionMap":{"test-code":{"insertions":44,"deletions":6}}},{"hash":"a6a0be7a9fee9ce661d546ae66b278eb84bfc792","isMergeCommit":false,"messageTitle":"Assertions for deleteManga and deleteAuthor","messageBody":"","fileTypesAndContributionMap":{"functional-code":{"insertions":4,"deletions":0}}},{"hash":"53268833dde74ad214614277081855e63b93810f","isMergeCommit":false,"messageTitle":"Add logging to deleteAuthor","messageBody":"","fileTypesAndContributionMap":{"functional-code":{"insertions":6,"deletions":0}}},{"hash":"2f1847f9448733e098515155f9ca14eeaccc0c29","isMergeCommit":false,"messageTitle":"Add logging to deleteManga","messageBody":"","fileTypesAndContributionMap":{"functional-code":{"insertions":10,"deletions":0}}},{"hash":"abe531016d256ead58c34db97d8b07f146d28b21","isMergeCommit":false,"messageTitle":"Update code to follow checkStyle convention","messageBody":"","fileTypesAndContributionMap":{"functional-code":{"insertions":9,"deletions":5}}},{"hash":"31453a558a0a3b2dc6534e6f45e1dd7e643661b9","isMergeCommit":true,"messageTitle":"Merge pull request #31 from sarahchow03/branch-deleteTest","messageBody":"Amendments to JUnit Tests for deleteManga and deleteAuthor","fileTypesAndContributionMap":{}}]}],"iaso1774":[{"date":"2024-10-03","commitResults":[{"hash":"445547c5d0bcd8cf4d1f39d103ab482b8a571585","isMergeCommit":false,"messageTitle":"Update AboutUs.md","messageBody":"","fileTypesAndContributionMap":{"docs":{"insertions":1,"deletions":5}}},{"hash":"42760ab9d756dba663d4426cc9498a0bf00afb55","isMergeCommit":true,"messageTitle":"Merge pull request #6 from sarahchow03/sarah-AboutUs","messageBody":"Update AboutUs.md","fileTypesAndContributionMap":{}},{"hash":"968c4fe971a2ce9685dd9395102a3e1575144f20","isMergeCommit":true,"messageTitle":"Merge pull request #2 from averageandyyy/branch-add-apache-gradle","messageBody":"Base implementation of Tantou with Apache CLI","fileTypesAndContributionMap":{}}]},{"date":"2024-10-10","commitResults":[{"hash":"1a585c73567dae37dffe6a54d9ee3b00d14115ab","isMergeCommit":true,"messageTitle":"Merge pull request #25 from averageandyyy/branch-AddJUnitAddMangaCommand","messageBody":"Implement JUnit tests for AddMangaCommand","fileTypesAndContributionMap":{}},{"hash":"5f7a3426b836a9afa7c3b8e83d8de10218bc84cb","isMergeCommit":false,"messageTitle":"Added functionality to add and view deadlines","messageBody":"","fileTypesAndContributionMap":{"functional-code":{"insertions":111,"deletions":17}}},{"hash":"053bebd7eda0850add1719e9061357758deb1df5","isMergeCommit":false,"messageTitle":"Added delete deadline functionality, also changed add deadline to check for both manga and author","messageBody":"","fileTypesAndContributionMap":{"functional-code":{"insertions":85,"deletions":2}}},{"hash":"ef1752fb4f67be6fa26b7786038cb4088f5f70dd","isMergeCommit":false,"messageTitle":"Corrected style errors","messageBody":"","fileTypesAndContributionMap":{"functional-code":{"insertions":19,"deletions":8}}},{"hash":"5d5bd4f9098473ac311aa124594921477f0053df","isMergeCommit":false,"messageTitle":"Corrected style error in Manga, updated MangaListTest to match with the new view format.","messageBody":"","fileTypesAndContributionMap":{"functional-code":{"insertions":3,"deletions":1},"test-code":{"insertions":1,"deletions":1}}},{"hash":"8c443cb014282ad1544d9500e857bb5746b93dbd","isMergeCommit":false,"messageTitle":"Removed user confirmation in delete deadline","messageBody":"","fileTypesAndContributionMap":{"functional-code":{"insertions":3,"deletions":17}}},{"hash":"793472a8d9f501f9958d266f277edd295b72cc62","isMergeCommit":false,"messageTitle":"Removed the deadline being necessary for mangas to be equivalent.","messageBody":"","fileTypesAndContributionMap":{"functional-code":{"insertions":1,"deletions":2}}}]},{"date":"2024-10-11","commitResults":[{"hash":"c72f0721482d8afdefa6c7fa592e3e200e254b21","isMergeCommit":false,"messageTitle":"Changed AddDeadline and DeleteDeadline so they follow the format add/delete -a -m -d","messageBody":"","fileTypesAndContributionMap":{"functional-code":{"insertions":24,"deletions":50},"test-code":{"insertions":2,"deletions":1}}},{"hash":"d7a2d7dc644fa6567972d6a8fb8505d3240b6094","isMergeCommit":false,"messageTitle":"Fixed indentation and AuthorTest","messageBody":"","fileTypesAndContributionMap":{"functional-code":{"insertions":1,"deletions":1},"test-code":{"insertions":2,"deletions":1}}},{"hash":"2742d2af33a980a7ad85bc03b911c725b4c97213","isMergeCommit":false,"messageTitle":"Added some tests","messageBody":"","fileTypesAndContributionMap":{"test-code":{"insertions":108,"deletions":0}}},{"hash":"7f9be7fa51d4f76899761e855aab35631c540b78","isMergeCommit":false,"messageTitle":"Fixed style error with the imports","messageBody":"","fileTypesAndContributionMap":{"test-code":{"insertions":5,"deletions":2}}}]},{"date":"2024-10-15","commitResults":[{"hash":"17fdd88e281d33fa7394eac9cc47b835e34030dd","isMergeCommit":true,"messageTitle":"Merge pull request #38 from averageandyyy/branch-AssertionAndLoggingAddMangaCommand","messageBody":"Branch assertion and logging add manga command","fileTypesAndContributionMap":{}},{"hash":"c952dddb9b74cca40ed57125564890cba490f5fd","isMergeCommit":true,"messageTitle":"Merge pull request #36 from averageandyyy/branch-AssertionAndLoggingAddAuthorCommand","messageBody":"Branch assertion and logging add author command","fileTypesAndContributionMap":{}}]},{"date":"2024-10-16","commitResults":[{"hash":"9eac4653dae00d6c5fd845e5e33585f0735636de","isMergeCommit":true,"messageTitle":"Merge pull request #37 from xenthm/branch-view-assert-log","messageBody":" Add Assertions and Logging for View commands","fileTypesAndContributionMap":{}}]}]},"authorFileTypeContributionMap":{"xenthm":{"docs":1,"functional-code":370,"test-code":143},"averageandyyy":{"docs":2,"functional-code":304,"test-code":128,"other":2},"sarahchow03":{"docs":1,"functional-code":20,"test-code":141},"iaso1774":{"docs":1,"functional-code":163,"test-code":115}},"authorContributionVariance":{"xenthm":10067.037,"averageandyyy":6006.2417,"sarahchow03":1246.8342,"iaso1774":3850.5425},"authorDisplayNameMap":{"xenthm":"CS2113-T10-3 DONO.. JIE","averageandyyy":"CS2113-T10-3 CHEN..ANDY","sarahchow03":"CS2113-T10-3 SARA..XUAN","iaso1774":"CS2113-T10-3 SOUK..SEPH"}}
