[{"path":"README.md","fileType":"docs","lines":[{"lineNumber":1,"author":{"gitId":"tayjerom"},"content":"# Inventra","lastModifiedDate":"2024-09-27","isFullCredit":false},{"lineNumber":2,"author":{"gitId":"-"},"content":"","lastModifiedDate":"2020-05-25","isFullCredit":false},{"lineNumber":3,"author":{"gitId":"-"},"content":"This is a project template for a greenfield Java project. It\u0027s named after the Java mascot _Duke_. Given below are instructions on how to use it.","lastModifiedDate":"2020-05-25","isFullCredit":false},{"lineNumber":4,"author":{"gitId":"-"},"content":"","lastModifiedDate":"2020-05-25","isFullCredit":false},{"lineNumber":5,"author":{"gitId":"-"},"content":"## Setting up in Intellij","lastModifiedDate":"2020-05-25","isFullCredit":false},{"lineNumber":6,"author":{"gitId":"-"},"content":"","lastModifiedDate":"2020-05-25","isFullCredit":false},{"lineNumber":7,"author":{"gitId":"-"},"content":"Prerequisites: JDK 17 (use the exact version), update Intellij to the most recent version.","lastModifiedDate":"2020-05-24","isFullCredit":false},{"lineNumber":8,"author":{"gitId":"-"},"content":"","lastModifiedDate":"2020-05-24","isFullCredit":false},{"lineNumber":9,"author":{"gitId":"-"},"content":"1. **Ensure Intellij JDK 17 is defined as an SDK**, as described [here](https://www.jetbrains.com/help/idea/sdk.html#set-up-jdk) -- this step is not needed if you have used JDK 17 in a previous Intellij project.","lastModifiedDate":"2020-05-24","isFullCredit":false},{"lineNumber":10,"author":{"gitId":"-"},"content":"1. **Import the project _as a Gradle project_**, as described [here](https://se-education.org/guides/tutorials/intellijImportGradleProject.html).","lastModifiedDate":"2020-05-24","isFullCredit":false},{"lineNumber":11,"author":{"gitId":"-"},"content":"1. **Verify the setup**: After the importing is complete, locate the `src/main/java/seedu/duke/Duke.java` file, right-click it, and choose `Run Duke.main()`. If the setup is correct, you should see something like the below:","lastModifiedDate":"2020-05-24","isFullCredit":false},{"lineNumber":12,"author":{"gitId":"-"},"content":"   ```","lastModifiedDate":"2020-05-25","isFullCredit":false},{"lineNumber":13,"author":{"gitId":"-"},"content":"   \u003e Task :compileJava","lastModifiedDate":"2020-05-24","isFullCredit":false},{"lineNumber":14,"author":{"gitId":"-"},"content":"   \u003e Task :processResources NO-SOURCE","lastModifiedDate":"2020-05-24","isFullCredit":false},{"lineNumber":15,"author":{"gitId":"-"},"content":"   \u003e Task :classes","lastModifiedDate":"2020-05-24","isFullCredit":false},{"lineNumber":16,"author":{"gitId":"-"},"content":"   ","lastModifiedDate":"2020-05-24","isFullCredit":false},{"lineNumber":17,"author":{"gitId":"-"},"content":"   \u003e Task :Duke.main()","lastModifiedDate":"2020-05-24","isFullCredit":false},{"lineNumber":18,"author":{"gitId":"-"},"content":"   Hello from","lastModifiedDate":"2020-05-25","isFullCredit":false},{"lineNumber":19,"author":{"gitId":"-"},"content":"    ____        _        ","lastModifiedDate":"2020-05-25","isFullCredit":false},{"lineNumber":20,"author":{"gitId":"-"},"content":"   |  _ \\ _   _| | _____ ","lastModifiedDate":"2020-05-25","isFullCredit":false},{"lineNumber":21,"author":{"gitId":"-"},"content":"   | | | | | | | |/ / _ \\","lastModifiedDate":"2020-05-25","isFullCredit":false},{"lineNumber":22,"author":{"gitId":"-"},"content":"   | |_| | |_| |   \u003c  __/","lastModifiedDate":"2020-05-25","isFullCredit":false},{"lineNumber":23,"author":{"gitId":"-"},"content":"   |____/ \\__,_|_|\\_\\___|","lastModifiedDate":"2020-05-25","isFullCredit":false},{"lineNumber":24,"author":{"gitId":"-"},"content":"   ","lastModifiedDate":"2020-05-24","isFullCredit":false},{"lineNumber":25,"author":{"gitId":"-"},"content":"   What is your name?","lastModifiedDate":"2020-05-24","isFullCredit":false},{"lineNumber":26,"author":{"gitId":"-"},"content":"   ```","lastModifiedDate":"2020-05-25","isFullCredit":false},{"lineNumber":27,"author":{"gitId":"-"},"content":"   Type some word and press enter to let the execution proceed to the end.","lastModifiedDate":"2020-05-24","isFullCredit":false},{"lineNumber":28,"author":{"gitId":"-"},"content":"","lastModifiedDate":"2020-05-24","isFullCredit":false},{"lineNumber":29,"author":{"gitId":"-"},"content":"## Build automation using Gradle","lastModifiedDate":"2020-05-24","isFullCredit":false},{"lineNumber":30,"author":{"gitId":"-"},"content":"","lastModifiedDate":"2020-05-24","isFullCredit":false},{"lineNumber":31,"author":{"gitId":"-"},"content":"* This project uses Gradle for build automation and dependency management. It includes a basic build script as well (i.e. the `build.gradle` file).","lastModifiedDate":"2020-05-24","isFullCredit":false},{"lineNumber":32,"author":{"gitId":"-"},"content":"* If you are new to Gradle, refer to the [Gradle Tutorial at se-education.org/guides](https://se-education.org/guides/tutorials/gradle.html).","lastModifiedDate":"2020-05-24","isFullCredit":false},{"lineNumber":33,"author":{"gitId":"-"},"content":"","lastModifiedDate":"2020-05-24","isFullCredit":false},{"lineNumber":34,"author":{"gitId":"-"},"content":"## Testing","lastModifiedDate":"2020-05-24","isFullCredit":false},{"lineNumber":35,"author":{"gitId":"-"},"content":"","lastModifiedDate":"2020-05-24","isFullCredit":false},{"lineNumber":36,"author":{"gitId":"-"},"content":"### I/O redirection tests","lastModifiedDate":"2020-05-24","isFullCredit":false},{"lineNumber":37,"author":{"gitId":"-"},"content":"","lastModifiedDate":"2020-05-24","isFullCredit":false},{"lineNumber":38,"author":{"gitId":"-"},"content":"* To run _I/O redirection_ tests (aka _Text UI tests_), navigate to the `text-ui-test` and run the `runtest(.bat/.sh)` script.","lastModifiedDate":"2020-05-24","isFullCredit":false},{"lineNumber":39,"author":{"gitId":"-"},"content":"","lastModifiedDate":"2020-05-24","isFullCredit":false},{"lineNumber":40,"author":{"gitId":"-"},"content":"### JUnit tests","lastModifiedDate":"2020-05-24","isFullCredit":false},{"lineNumber":41,"author":{"gitId":"-"},"content":"","lastModifiedDate":"2020-05-24","isFullCredit":false},{"lineNumber":42,"author":{"gitId":"-"},"content":"* A skeleton JUnit test (`src/test/java/seedu/duke/DukeTest.java`) is provided with this project template. ","lastModifiedDate":"2020-05-24","isFullCredit":false},{"lineNumber":43,"author":{"gitId":"-"},"content":"* If you are new to JUnit, refer to the [JUnit Tutorial at se-education.org/guides](https://se-education.org/guides/tutorials/junit.html).","lastModifiedDate":"2020-05-24","isFullCredit":false},{"lineNumber":44,"author":{"gitId":"-"},"content":"","lastModifiedDate":"2020-05-24","isFullCredit":false},{"lineNumber":45,"author":{"gitId":"-"},"content":"## Checkstyle","lastModifiedDate":"2020-05-24","isFullCredit":false},{"lineNumber":46,"author":{"gitId":"-"},"content":"","lastModifiedDate":"2020-05-24","isFullCredit":false},{"lineNumber":47,"author":{"gitId":"-"},"content":"* A sample CheckStyle rule configuration is provided in this project.","lastModifiedDate":"2020-05-24","isFullCredit":false},{"lineNumber":48,"author":{"gitId":"-"},"content":"* If you are new to Checkstyle, refer to the [Checkstyle Tutorial at se-education.org/guides](https://se-education.org/guides/tutorials/checkstyle.html).","lastModifiedDate":"2020-05-24","isFullCredit":false},{"lineNumber":49,"author":{"gitId":"-"},"content":"","lastModifiedDate":"2020-05-24","isFullCredit":false},{"lineNumber":50,"author":{"gitId":"-"},"content":"## CI using GitHub Actions","lastModifiedDate":"2020-05-24","isFullCredit":false},{"lineNumber":51,"author":{"gitId":"-"},"content":"","lastModifiedDate":"2020-05-24","isFullCredit":false},{"lineNumber":52,"author":{"gitId":"-"},"content":"The project uses [GitHub actions](https://github.com/features/actions) for CI. When you push a commit to this repo or PR against it, GitHub actions will run automatically to build and verify the code as updated by the commit/PR.","lastModifiedDate":"2020-05-24","isFullCredit":false},{"lineNumber":53,"author":{"gitId":"-"},"content":"","lastModifiedDate":"2020-05-24","isFullCredit":false},{"lineNumber":54,"author":{"gitId":"-"},"content":"## Documentation","lastModifiedDate":"2020-05-24","isFullCredit":false},{"lineNumber":55,"author":{"gitId":"-"},"content":"","lastModifiedDate":"2020-05-24","isFullCredit":false},{"lineNumber":56,"author":{"gitId":"-"},"content":"`/docs` folder contains a skeleton version of the project documentation.","lastModifiedDate":"2020-05-24","isFullCredit":false},{"lineNumber":57,"author":{"gitId":"-"},"content":"","lastModifiedDate":"2020-05-24","isFullCredit":false},{"lineNumber":58,"author":{"gitId":"-"},"content":"Steps for publishing documentation to the public: ","lastModifiedDate":"2020-05-24","isFullCredit":false},{"lineNumber":59,"author":{"gitId":"-"},"content":"1. If you are using this project template for an individual project, go your fork on GitHub.\u003cbr\u003e","lastModifiedDate":"2020-05-24","isFullCredit":false},{"lineNumber":60,"author":{"gitId":"-"},"content":"   If you are using this project template for a team project, go to the team fork on GitHub.","lastModifiedDate":"2020-05-24","isFullCredit":false},{"lineNumber":61,"author":{"gitId":"-"},"content":"1. Click on the `settings` tab.","lastModifiedDate":"2020-05-24","isFullCredit":false},{"lineNumber":62,"author":{"gitId":"-"},"content":"1. Scroll down to the `GitHub Pages` section.","lastModifiedDate":"2020-05-24","isFullCredit":false},{"lineNumber":63,"author":{"gitId":"-"},"content":"1. Set the `source` as `master branch /docs folder`.","lastModifiedDate":"2020-05-24","isFullCredit":false},{"lineNumber":64,"author":{"gitId":"-"},"content":"1. Optionally, use the `choose a theme` button to choose a theme for your documentation.","lastModifiedDate":"2020-05-24","isFullCredit":false}],"authorContributionMap":{"tayjerom":1,"-":63}},{"path":"build.gradle","fileType":"other","lines":[{"lineNumber":1,"author":{"gitId":"-"},"content":"plugins {","lastModifiedDate":"2020-05-25","isFullCredit":false},{"lineNumber":2,"author":{"gitId":"-"},"content":"    id \u0027java\u0027","lastModifiedDate":"2020-05-25","isFullCredit":false},{"lineNumber":3,"author":{"gitId":"-"},"content":"    id \u0027application\u0027","lastModifiedDate":"2020-05-25","isFullCredit":false},{"lineNumber":4,"author":{"gitId":"-"},"content":"    id \u0027checkstyle\u0027","lastModifiedDate":"2020-05-25","isFullCredit":false},{"lineNumber":5,"author":{"gitId":"-"},"content":"    id \u0027com.github.johnrengelman.shadow\u0027 version \u00277.1.2\u0027","lastModifiedDate":"2022-06-17","isFullCredit":false},{"lineNumber":6,"author":{"gitId":"-"},"content":"}","lastModifiedDate":"2020-05-25","isFullCredit":false},{"lineNumber":7,"author":{"gitId":"-"},"content":"","lastModifiedDate":"2020-05-25","isFullCredit":false},{"lineNumber":8,"author":{"gitId":"-"},"content":"repositories {","lastModifiedDate":"2020-05-25","isFullCredit":false},{"lineNumber":9,"author":{"gitId":"-"},"content":"    mavenCentral()","lastModifiedDate":"2020-05-25","isFullCredit":false},{"lineNumber":10,"author":{"gitId":"-"},"content":"}","lastModifiedDate":"2020-05-25","isFullCredit":false},{"lineNumber":11,"author":{"gitId":"-"},"content":"","lastModifiedDate":"2020-05-25","isFullCredit":false},{"lineNumber":12,"author":{"gitId":"-"},"content":"dependencies {","lastModifiedDate":"2020-05-25","isFullCredit":false},{"lineNumber":13,"author":{"gitId":"-"},"content":"    testImplementation group: \u0027org.junit.jupiter\u0027, name: \u0027junit-jupiter-api\u0027, version: \u00275.10.0\u0027","lastModifiedDate":"2023-08-05","isFullCredit":false},{"lineNumber":14,"author":{"gitId":"-"},"content":"    testRuntimeOnly group: \u0027org.junit.jupiter\u0027, name: \u0027junit-jupiter-engine\u0027, version: \u00275.10.0\u0027","lastModifiedDate":"2023-08-05","isFullCredit":false},{"lineNumber":15,"author":{"gitId":"-"},"content":"}","lastModifiedDate":"2020-05-25","isFullCredit":false},{"lineNumber":16,"author":{"gitId":"-"},"content":"","lastModifiedDate":"2020-05-25","isFullCredit":false},{"lineNumber":17,"author":{"gitId":"-"},"content":"test {","lastModifiedDate":"2020-05-25","isFullCredit":false},{"lineNumber":18,"author":{"gitId":"-"},"content":"    useJUnitPlatform()","lastModifiedDate":"2020-05-25","isFullCredit":false},{"lineNumber":19,"author":{"gitId":"-"},"content":"","lastModifiedDate":"2020-05-25","isFullCredit":false},{"lineNumber":20,"author":{"gitId":"-"},"content":"    testLogging {","lastModifiedDate":"2020-05-25","isFullCredit":false},{"lineNumber":21,"author":{"gitId":"-"},"content":"        events \"passed\", \"skipped\", \"failed\"","lastModifiedDate":"2020-05-25","isFullCredit":false},{"lineNumber":22,"author":{"gitId":"-"},"content":"","lastModifiedDate":"2020-05-25","isFullCredit":false},{"lineNumber":23,"author":{"gitId":"-"},"content":"        showExceptions true","lastModifiedDate":"2020-05-25","isFullCredit":false},{"lineNumber":24,"author":{"gitId":"-"},"content":"        exceptionFormat \"full\"","lastModifiedDate":"2020-05-25","isFullCredit":false},{"lineNumber":25,"author":{"gitId":"-"},"content":"        showCauses true","lastModifiedDate":"2020-05-25","isFullCredit":false},{"lineNumber":26,"author":{"gitId":"-"},"content":"        showStackTraces true","lastModifiedDate":"2020-05-25","isFullCredit":false},{"lineNumber":27,"author":{"gitId":"-"},"content":"        showStandardStreams \u003d false","lastModifiedDate":"2020-05-25","isFullCredit":false},{"lineNumber":28,"author":{"gitId":"-"},"content":"    }","lastModifiedDate":"2020-05-25","isFullCredit":false},{"lineNumber":29,"author":{"gitId":"-"},"content":"}","lastModifiedDate":"2020-05-25","isFullCredit":false},{"lineNumber":30,"author":{"gitId":"-"},"content":"","lastModifiedDate":"2020-05-25","isFullCredit":false},{"lineNumber":31,"author":{"gitId":"-"},"content":"application {","lastModifiedDate":"2020-05-25","isFullCredit":false},{"lineNumber":32,"author":{"gitId":"danusan-s"},"content":"    mainClass.set(\"seedu.inventra.Inventra\")","lastModifiedDate":"2024-10-09","isFullCredit":false},{"lineNumber":33,"author":{"gitId":"-"},"content":"}","lastModifiedDate":"2020-05-25","isFullCredit":false},{"lineNumber":34,"author":{"gitId":"-"},"content":"","lastModifiedDate":"2020-05-25","isFullCredit":false},{"lineNumber":35,"author":{"gitId":"-"},"content":"shadowJar {","lastModifiedDate":"2020-05-25","isFullCredit":false},{"lineNumber":36,"author":{"gitId":"danusan-s"},"content":"    archiveBaseName.set(\"inventra\")","lastModifiedDate":"2024-10-09","isFullCredit":false},{"lineNumber":37,"author":{"gitId":"-"},"content":"    archiveClassifier.set(\"\")","lastModifiedDate":"2023-09-24","isFullCredit":false},{"lineNumber":38,"author":{"gitId":"-"},"content":"}","lastModifiedDate":"2020-05-25","isFullCredit":false},{"lineNumber":39,"author":{"gitId":"-"},"content":"","lastModifiedDate":"2020-05-25","isFullCredit":false},{"lineNumber":40,"author":{"gitId":"-"},"content":"checkstyle {","lastModifiedDate":"2020-05-25","isFullCredit":false},{"lineNumber":41,"author":{"gitId":"-"},"content":"    toolVersion \u003d \u002710.2\u0027","lastModifiedDate":"2022-04-29","isFullCredit":false},{"lineNumber":42,"author":{"gitId":"-"},"content":"}","lastModifiedDate":"2020-05-25","isFullCredit":false},{"lineNumber":43,"author":{"gitId":"-"},"content":"","lastModifiedDate":"2020-05-25","isFullCredit":false},{"lineNumber":44,"author":{"gitId":"-"},"content":"run{","lastModifiedDate":"2020-05-25","isFullCredit":false},{"lineNumber":45,"author":{"gitId":"-"},"content":"    standardInput \u003d System.in","lastModifiedDate":"2020-05-25","isFullCredit":false},{"lineNumber":46,"author":{"gitId":"-"},"content":"}","lastModifiedDate":"2020-05-25","isFullCredit":false}],"authorContributionMap":{"danusan-s":2,"-":44}},{"path":"docs/AboutUs.md","fileType":"docs","lines":[{"lineNumber":1,"author":{"gitId":"-"},"content":"# About us","lastModifiedDate":"2020-05-24","isFullCredit":false},{"lineNumber":2,"author":{"gitId":"-"},"content":"","lastModifiedDate":"2020-05-24","isFullCredit":false},{"lineNumber":3,"author":{"gitId":"-"},"content":"Display | Name | Github Profile | Portfolio ","lastModifiedDate":"2020-05-24","isFullCredit":false},{"lineNumber":4,"author":{"gitId":"-"},"content":"--------|:----:|:--------------:|:---------:","lastModifiedDate":"2020-05-24","isFullCredit":false},{"lineNumber":5,"author":{"gitId":"danusan-s"},"content":"![](https://via.placeholder.com/100.png?text\u003dPhoto) | Sugumar Danusan | [Github](https://github.com/danusan-s) | [Portfolio](danusan-s)","lastModifiedDate":"2024-10-03","isFullCredit":false},{"lineNumber":6,"author":{"gitId":"DucPhong135"},"content":"![](https://via.placeholder.com/100.png?text\u003dPhoto) | Nguyen Duc Phong | [Github](https://github.com/DucPhong135) | [Portfolio](ducphong135)","lastModifiedDate":"2024-10-03","isFullCredit":false},{"lineNumber":7,"author":{"gitId":"lucas-sc0"},"content":"![](https://via.placeholder.com/100.png?text\u003dPhoto) | Lucas Spencer Chan | [Github](https://github.com/lucas-sc0) | [Portfolio](lucas-sc0)","lastModifiedDate":"2024-10-04","isFullCredit":false}],"authorContributionMap":{"DucPhong135":1,"danusan-s":1,"-":4,"lucas-sc0":1}},{"path":"src/main/java/seedu/command/AddCommand.java","fileType":"functional-code","lines":[{"lineNumber":1,"author":{"gitId":"lucas-sc0"},"content":"package seedu.command;","lastModifiedDate":"2024-10-08","isFullCredit":false},{"lineNumber":2,"author":{"gitId":"lucas-sc0"},"content":"","lastModifiedDate":"2024-10-08","isFullCredit":false},{"lineNumber":3,"author":{"gitId":"lucas-sc0"},"content":"import seedu.model.Inventory;","lastModifiedDate":"2024-10-08","isFullCredit":false},{"lineNumber":4,"author":{"gitId":"lucas-sc0"},"content":"import seedu.ui.Ui;","lastModifiedDate":"2024-10-08","isFullCredit":false},{"lineNumber":5,"author":{"gitId":"lucas-sc0"},"content":"","lastModifiedDate":"2024-10-08","isFullCredit":false},{"lineNumber":6,"author":{"gitId":"lucas-sc0"},"content":"import java.util.HashMap;","lastModifiedDate":"2024-10-08","isFullCredit":false},{"lineNumber":7,"author":{"gitId":"lucas-sc0"},"content":"import java.util.Map;","lastModifiedDate":"2024-10-08","isFullCredit":false},{"lineNumber":8,"author":{"gitId":"lucas-sc0"},"content":"","lastModifiedDate":"2024-10-08","isFullCredit":false},{"lineNumber":9,"author":{"gitId":"lucas-sc0"},"content":"public class AddCommand {","lastModifiedDate":"2024-10-08","isFullCredit":false},{"lineNumber":10,"author":{"gitId":"lucas-sc0"},"content":"    private Inventory inventory;","lastModifiedDate":"2024-10-08","isFullCredit":false},{"lineNumber":11,"author":{"gitId":"lucas-sc0"},"content":"    private Ui ui;","lastModifiedDate":"2024-10-08","isFullCredit":false},{"lineNumber":12,"author":{"gitId":"lucas-sc0"},"content":"","lastModifiedDate":"2024-10-08","isFullCredit":false},{"lineNumber":13,"author":{"gitId":"lucas-sc0"},"content":"    public AddCommand(Inventory inventory, Ui ui) {","lastModifiedDate":"2024-10-08","isFullCredit":false},{"lineNumber":14,"author":{"gitId":"lucas-sc0"},"content":"        this.inventory \u003d inventory;","lastModifiedDate":"2024-10-08","isFullCredit":false},{"lineNumber":15,"author":{"gitId":"lucas-sc0"},"content":"        this.ui \u003d ui;","lastModifiedDate":"2024-10-08","isFullCredit":false},{"lineNumber":16,"author":{"gitId":"lucas-sc0"},"content":"    }","lastModifiedDate":"2024-10-08","isFullCredit":false},{"lineNumber":17,"author":{"gitId":"lucas-sc0"},"content":"","lastModifiedDate":"2024-10-08","isFullCredit":false},{"lineNumber":18,"author":{"gitId":"lucas-sc0"},"content":"    public void execute(String[] args) {","lastModifiedDate":"2024-10-08","isFullCredit":false},{"lineNumber":19,"author":{"gitId":"lucas-sc0"},"content":"        if (args.length \u003c 2) {","lastModifiedDate":"2024-10-08","isFullCredit":false},{"lineNumber":20,"author":{"gitId":"lucas-sc0"},"content":"            ui.showErrorInvalidCommand();","lastModifiedDate":"2024-10-08","isFullCredit":false},{"lineNumber":21,"author":{"gitId":"lucas-sc0"},"content":"            return;","lastModifiedDate":"2024-10-08","isFullCredit":false},{"lineNumber":22,"author":{"gitId":"lucas-sc0"},"content":"        }","lastModifiedDate":"2024-10-08","isFullCredit":false},{"lineNumber":23,"author":{"gitId":"lucas-sc0"},"content":"","lastModifiedDate":"2024-10-08","isFullCredit":false},{"lineNumber":24,"author":{"gitId":"lucas-sc0"},"content":"        String flag \u003d args[1];","lastModifiedDate":"2024-10-08","isFullCredit":false},{"lineNumber":25,"author":{"gitId":"lucas-sc0"},"content":"","lastModifiedDate":"2024-10-08","isFullCredit":false},{"lineNumber":26,"author":{"gitId":"lucas-sc0"},"content":"        switch (flag) {","lastModifiedDate":"2024-10-08","isFullCredit":false},{"lineNumber":27,"author":{"gitId":"lucas-sc0"},"content":"        case \"-h\":","lastModifiedDate":"2024-10-08","isFullCredit":false},{"lineNumber":28,"author":{"gitId":"lucas-sc0"},"content":"            if (args.length \u003c 3) {","lastModifiedDate":"2024-10-08","isFullCredit":false},{"lineNumber":29,"author":{"gitId":"lucas-sc0"},"content":"                ui.showErrorNoFields();","lastModifiedDate":"2024-10-08","isFullCredit":false},{"lineNumber":30,"author":{"gitId":"lucas-sc0"},"content":"                return;","lastModifiedDate":"2024-10-08","isFullCredit":false},{"lineNumber":31,"author":{"gitId":"lucas-sc0"},"content":"            }","lastModifiedDate":"2024-10-08","isFullCredit":false},{"lineNumber":32,"author":{"gitId":"lucas-sc0"},"content":"            handleAddMultipleFields(args[2]);","lastModifiedDate":"2024-10-08","isFullCredit":false},{"lineNumber":33,"author":{"gitId":"lucas-sc0"},"content":"            break;","lastModifiedDate":"2024-10-08","isFullCredit":false},{"lineNumber":34,"author":{"gitId":"lucas-sc0"},"content":"","lastModifiedDate":"2024-10-08","isFullCredit":false},{"lineNumber":35,"author":{"gitId":"lucas-sc0"},"content":"        case \"-l\":","lastModifiedDate":"2024-10-08","isFullCredit":false},{"lineNumber":36,"author":{"gitId":"lucas-sc0"},"content":"            ui.showFieldsAndRecords(inventory);","lastModifiedDate":"2024-10-08","isFullCredit":false},{"lineNumber":37,"author":{"gitId":"lucas-sc0"},"content":"            break;","lastModifiedDate":"2024-10-08","isFullCredit":false},{"lineNumber":38,"author":{"gitId":"lucas-sc0"},"content":"","lastModifiedDate":"2024-10-08","isFullCredit":false},{"lineNumber":39,"author":{"gitId":"lucas-sc0"},"content":"        case \"-d\":","lastModifiedDate":"2024-10-08","isFullCredit":false},{"lineNumber":40,"author":{"gitId":"lucas-sc0"},"content":"            if (args.length \u003c 3) {","lastModifiedDate":"2024-10-08","isFullCredit":false},{"lineNumber":41,"author":{"gitId":"lucas-sc0"},"content":"                ui.showErrorNoRecords();","lastModifiedDate":"2024-10-08","isFullCredit":false},{"lineNumber":42,"author":{"gitId":"lucas-sc0"},"content":"                return;","lastModifiedDate":"2024-10-08","isFullCredit":false},{"lineNumber":43,"author":{"gitId":"lucas-sc0"},"content":"            }","lastModifiedDate":"2024-10-08","isFullCredit":false},{"lineNumber":44,"author":{"gitId":"lucas-sc0"},"content":"            handleAddRecord(args[2]);","lastModifiedDate":"2024-10-08","isFullCredit":false},{"lineNumber":45,"author":{"gitId":"lucas-sc0"},"content":"            break;","lastModifiedDate":"2024-10-08","isFullCredit":false},{"lineNumber":46,"author":{"gitId":"lucas-sc0"},"content":"","lastModifiedDate":"2024-10-08","isFullCredit":false},{"lineNumber":47,"author":{"gitId":"lucas-sc0"},"content":"        default:","lastModifiedDate":"2024-10-08","isFullCredit":false},{"lineNumber":48,"author":{"gitId":"lucas-sc0"},"content":"            ui.showErrorInvalidFlag();","lastModifiedDate":"2024-10-08","isFullCredit":false},{"lineNumber":49,"author":{"gitId":"lucas-sc0"},"content":"            break;","lastModifiedDate":"2024-10-08","isFullCredit":false},{"lineNumber":50,"author":{"gitId":"lucas-sc0"},"content":"        }","lastModifiedDate":"2024-10-08","isFullCredit":false},{"lineNumber":51,"author":{"gitId":"lucas-sc0"},"content":"    }","lastModifiedDate":"2024-10-08","isFullCredit":false},{"lineNumber":52,"author":{"gitId":"lucas-sc0"},"content":"","lastModifiedDate":"2024-10-08","isFullCredit":false},{"lineNumber":53,"author":{"gitId":"lucas-sc0"},"content":"    private void handleAddMultipleFields(String fieldData) {","lastModifiedDate":"2024-10-08","isFullCredit":false},{"lineNumber":54,"author":{"gitId":"lucas-sc0"},"content":"        if (fieldData.isEmpty()) {","lastModifiedDate":"2024-10-08","isFullCredit":false},{"lineNumber":55,"author":{"gitId":"lucas-sc0"},"content":"            ui.showErrorNoFields();","lastModifiedDate":"2024-10-08","isFullCredit":false},{"lineNumber":56,"author":{"gitId":"lucas-sc0"},"content":"            return;","lastModifiedDate":"2024-10-08","isFullCredit":false},{"lineNumber":57,"author":{"gitId":"lucas-sc0"},"content":"        }","lastModifiedDate":"2024-10-08","isFullCredit":false},{"lineNumber":58,"author":{"gitId":"lucas-sc0"},"content":"","lastModifiedDate":"2024-10-08","isFullCredit":false},{"lineNumber":59,"author":{"gitId":"lucas-sc0"},"content":"        String[] newFields \u003d fieldData.split(\",\\\\s*\");","lastModifiedDate":"2024-10-08","isFullCredit":false},{"lineNumber":60,"author":{"gitId":"lucas-sc0"},"content":"        for (String field : newFields) {","lastModifiedDate":"2024-10-08","isFullCredit":false},{"lineNumber":61,"author":{"gitId":"lucas-sc0"},"content":"            String[] parts \u003d field.split(\"/\");","lastModifiedDate":"2024-10-08","isFullCredit":false},{"lineNumber":62,"author":{"gitId":"lucas-sc0"},"content":"            if (parts.length !\u003d 2) {","lastModifiedDate":"2024-10-08","isFullCredit":false},{"lineNumber":63,"author":{"gitId":"lucas-sc0"},"content":"                ui.showErrorInvalidFieldFormat();","lastModifiedDate":"2024-10-08","isFullCredit":false},{"lineNumber":64,"author":{"gitId":"lucas-sc0"},"content":"                return;","lastModifiedDate":"2024-10-08","isFullCredit":false},{"lineNumber":65,"author":{"gitId":"lucas-sc0"},"content":"            }","lastModifiedDate":"2024-10-08","isFullCredit":false},{"lineNumber":66,"author":{"gitId":"lucas-sc0"},"content":"","lastModifiedDate":"2024-10-08","isFullCredit":false},{"lineNumber":67,"author":{"gitId":"lucas-sc0"},"content":"            String type \u003d parts[0].trim();","lastModifiedDate":"2024-10-08","isFullCredit":false},{"lineNumber":68,"author":{"gitId":"lucas-sc0"},"content":"            String fieldName \u003d parts[1].trim();","lastModifiedDate":"2024-10-08","isFullCredit":false},{"lineNumber":69,"author":{"gitId":"lucas-sc0"},"content":"            inventory.addField(fieldName, type);","lastModifiedDate":"2024-10-08","isFullCredit":false},{"lineNumber":70,"author":{"gitId":"lucas-sc0"},"content":"        }","lastModifiedDate":"2024-10-08","isFullCredit":false},{"lineNumber":71,"author":{"gitId":"lucas-sc0"},"content":"","lastModifiedDate":"2024-10-08","isFullCredit":false},{"lineNumber":72,"author":{"gitId":"lucas-sc0"},"content":"        ui.showSuccessFieldsAdded();","lastModifiedDate":"2024-10-08","isFullCredit":false},{"lineNumber":73,"author":{"gitId":"lucas-sc0"},"content":"        ui.showFieldsAndRecords(inventory);  // Show fields after adding","lastModifiedDate":"2024-10-08","isFullCredit":false},{"lineNumber":74,"author":{"gitId":"lucas-sc0"},"content":"    }","lastModifiedDate":"2024-10-08","isFullCredit":false},{"lineNumber":75,"author":{"gitId":"lucas-sc0"},"content":"","lastModifiedDate":"2024-10-08","isFullCredit":false},{"lineNumber":76,"author":{"gitId":"lucas-sc0"},"content":"    private void handleAddRecord(String recordData) {","lastModifiedDate":"2024-10-08","isFullCredit":false},{"lineNumber":77,"author":{"gitId":"lucas-sc0"},"content":"        if (inventory.getFields().isEmpty()) {","lastModifiedDate":"2024-10-08","isFullCredit":false},{"lineNumber":78,"author":{"gitId":"lucas-sc0"},"content":"            ui.showErrorNoFieldsDefined();","lastModifiedDate":"2024-10-08","isFullCredit":false},{"lineNumber":79,"author":{"gitId":"lucas-sc0"},"content":"            return;","lastModifiedDate":"2024-10-08","isFullCredit":false},{"lineNumber":80,"author":{"gitId":"lucas-sc0"},"content":"        }","lastModifiedDate":"2024-10-08","isFullCredit":false},{"lineNumber":81,"author":{"gitId":"lucas-sc0"},"content":"","lastModifiedDate":"2024-10-08","isFullCredit":false},{"lineNumber":82,"author":{"gitId":"lucas-sc0"},"content":"        String[] values \u003d recordData.split(\",\\\\s*\");","lastModifiedDate":"2024-10-08","isFullCredit":false},{"lineNumber":83,"author":{"gitId":"lucas-sc0"},"content":"        if (values.length !\u003d inventory.getFields().size()) {","lastModifiedDate":"2024-10-08","isFullCredit":false},{"lineNumber":84,"author":{"gitId":"lucas-sc0"},"content":"            ui.showErrorInvalidRecordCount(inventory.getFields().size());","lastModifiedDate":"2024-10-08","isFullCredit":false},{"lineNumber":85,"author":{"gitId":"lucas-sc0"},"content":"            return;","lastModifiedDate":"2024-10-08","isFullCredit":false},{"lineNumber":86,"author":{"gitId":"lucas-sc0"},"content":"        }","lastModifiedDate":"2024-10-08","isFullCredit":false},{"lineNumber":87,"author":{"gitId":"lucas-sc0"},"content":"","lastModifiedDate":"2024-10-08","isFullCredit":false},{"lineNumber":88,"author":{"gitId":"lucas-sc0"},"content":"        Map\u003cString, String\u003e record \u003d new HashMap\u003c\u003e();","lastModifiedDate":"2024-10-08","isFullCredit":false},{"lineNumber":89,"author":{"gitId":"lucas-sc0"},"content":"        for (int i \u003d 0; i \u003c values.length; i++) {","lastModifiedDate":"2024-10-08","isFullCredit":false},{"lineNumber":90,"author":{"gitId":"lucas-sc0"},"content":"            String field \u003d inventory.getFields().get(i);","lastModifiedDate":"2024-10-08","isFullCredit":false},{"lineNumber":91,"author":{"gitId":"lucas-sc0"},"content":"            String type \u003d inventory.getFieldTypes().get(field);","lastModifiedDate":"2024-10-08","isFullCredit":false},{"lineNumber":92,"author":{"gitId":"lucas-sc0"},"content":"            String value \u003d values[i].trim();","lastModifiedDate":"2024-10-08","isFullCredit":false},{"lineNumber":93,"author":{"gitId":"lucas-sc0"},"content":"","lastModifiedDate":"2024-10-08","isFullCredit":false},{"lineNumber":94,"author":{"gitId":"lucas-sc0"},"content":"            // Validate based on field type","lastModifiedDate":"2024-10-08","isFullCredit":false},{"lineNumber":95,"author":{"gitId":"lucas-sc0"},"content":"            String validationMessage \u003d validateValue(value, type, field);","lastModifiedDate":"2024-10-08","isFullCredit":false},{"lineNumber":96,"author":{"gitId":"lucas-sc0"},"content":"            if (validationMessage !\u003d null) {","lastModifiedDate":"2024-10-08","isFullCredit":false},{"lineNumber":97,"author":{"gitId":"lucas-sc0"},"content":"                ui.showValidationError(validationMessage);","lastModifiedDate":"2024-10-08","isFullCredit":false},{"lineNumber":98,"author":{"gitId":"lucas-sc0"},"content":"                return;","lastModifiedDate":"2024-10-08","isFullCredit":false},{"lineNumber":99,"author":{"gitId":"lucas-sc0"},"content":"            }","lastModifiedDate":"2024-10-08","isFullCredit":false},{"lineNumber":100,"author":{"gitId":"lucas-sc0"},"content":"            record.put(field, value);","lastModifiedDate":"2024-10-08","isFullCredit":false},{"lineNumber":101,"author":{"gitId":"lucas-sc0"},"content":"        }","lastModifiedDate":"2024-10-08","isFullCredit":false},{"lineNumber":102,"author":{"gitId":"lucas-sc0"},"content":"","lastModifiedDate":"2024-10-08","isFullCredit":false},{"lineNumber":103,"author":{"gitId":"lucas-sc0"},"content":"        inventory.addRecord(record);","lastModifiedDate":"2024-10-08","isFullCredit":false},{"lineNumber":104,"author":{"gitId":"lucas-sc0"},"content":"        ui.showSuccessRecordAdded();","lastModifiedDate":"2024-10-08","isFullCredit":false},{"lineNumber":105,"author":{"gitId":"lucas-sc0"},"content":"    }","lastModifiedDate":"2024-10-08","isFullCredit":false},{"lineNumber":106,"author":{"gitId":"lucas-sc0"},"content":"","lastModifiedDate":"2024-10-08","isFullCredit":false},{"lineNumber":107,"author":{"gitId":"lucas-sc0"},"content":"    private String validateValue(String value, String type, String field) {","lastModifiedDate":"2024-10-08","isFullCredit":false},{"lineNumber":108,"author":{"gitId":"lucas-sc0"},"content":"        switch (type) {","lastModifiedDate":"2024-10-08","isFullCredit":false},{"lineNumber":109,"author":{"gitId":"lucas-sc0"},"content":"        case \"s\": // String","lastModifiedDate":"2024-10-08","isFullCredit":false},{"lineNumber":110,"author":{"gitId":"lucas-sc0"},"content":"            return null; // Any string is valid","lastModifiedDate":"2024-10-08","isFullCredit":false},{"lineNumber":111,"author":{"gitId":"lucas-sc0"},"content":"        case \"i\": // Integer","lastModifiedDate":"2024-10-08","isFullCredit":false},{"lineNumber":112,"author":{"gitId":"lucas-sc0"},"content":"            try {","lastModifiedDate":"2024-10-08","isFullCredit":false},{"lineNumber":113,"author":{"gitId":"lucas-sc0"},"content":"                Integer.parseInt(value);","lastModifiedDate":"2024-10-08","isFullCredit":false},{"lineNumber":114,"author":{"gitId":"lucas-sc0"},"content":"                return null; // Valid integer","lastModifiedDate":"2024-10-08","isFullCredit":false},{"lineNumber":115,"author":{"gitId":"lucas-sc0"},"content":"            } catch (NumberFormatException e) {","lastModifiedDate":"2024-10-08","isFullCredit":false},{"lineNumber":116,"author":{"gitId":"lucas-sc0"},"content":"                return ui.getInvalidIntegerMessage(field, value);","lastModifiedDate":"2024-10-08","isFullCredit":false},{"lineNumber":117,"author":{"gitId":"lucas-sc0"},"content":"            }","lastModifiedDate":"2024-10-08","isFullCredit":false},{"lineNumber":118,"author":{"gitId":"lucas-sc0"},"content":"        case \"f\": // Float","lastModifiedDate":"2024-10-08","isFullCredit":false},{"lineNumber":119,"author":{"gitId":"lucas-sc0"},"content":"            try {","lastModifiedDate":"2024-10-08","isFullCredit":false},{"lineNumber":120,"author":{"gitId":"lucas-sc0"},"content":"                Float.parseFloat(value);","lastModifiedDate":"2024-10-08","isFullCredit":false},{"lineNumber":121,"author":{"gitId":"lucas-sc0"},"content":"                return null; // Valid float","lastModifiedDate":"2024-10-08","isFullCredit":false},{"lineNumber":122,"author":{"gitId":"lucas-sc0"},"content":"            } catch (NumberFormatException e) {","lastModifiedDate":"2024-10-08","isFullCredit":false},{"lineNumber":123,"author":{"gitId":"lucas-sc0"},"content":"                return ui.getInvalidFloatMessage(field, value);","lastModifiedDate":"2024-10-08","isFullCredit":false},{"lineNumber":124,"author":{"gitId":"lucas-sc0"},"content":"            }","lastModifiedDate":"2024-10-08","isFullCredit":false},{"lineNumber":125,"author":{"gitId":"lucas-sc0"},"content":"        case \"d\": // Date","lastModifiedDate":"2024-10-08","isFullCredit":false},{"lineNumber":126,"author":{"gitId":"lucas-sc0"},"content":"            // Simple date validation, assuming the format is \"dd/MM/yyyy\"","lastModifiedDate":"2024-10-08","isFullCredit":false},{"lineNumber":127,"author":{"gitId":"lucas-sc0"},"content":"            String[] parts \u003d value.split(\"/\");","lastModifiedDate":"2024-10-08","isFullCredit":false},{"lineNumber":128,"author":{"gitId":"lucas-sc0"},"content":"            if (parts.length !\u003d 3) {","lastModifiedDate":"2024-10-08","isFullCredit":false},{"lineNumber":129,"author":{"gitId":"lucas-sc0"},"content":"                return ui.getInvalidDateMessage(field, value);","lastModifiedDate":"2024-10-08","isFullCredit":false},{"lineNumber":130,"author":{"gitId":"lucas-sc0"},"content":"            }","lastModifiedDate":"2024-10-08","isFullCredit":false},{"lineNumber":131,"author":{"gitId":"lucas-sc0"},"content":"            try {","lastModifiedDate":"2024-10-08","isFullCredit":false},{"lineNumber":132,"author":{"gitId":"lucas-sc0"},"content":"                int day \u003d Integer.parseInt(parts[0]);","lastModifiedDate":"2024-10-08","isFullCredit":false},{"lineNumber":133,"author":{"gitId":"lucas-sc0"},"content":"                int month \u003d Integer.parseInt(parts[1]);","lastModifiedDate":"2024-10-08","isFullCredit":false},{"lineNumber":134,"author":{"gitId":"lucas-sc0"},"content":"                int year \u003d Integer.parseInt(parts[2]);","lastModifiedDate":"2024-10-08","isFullCredit":false},{"lineNumber":135,"author":{"gitId":"lucas-sc0"},"content":"                if (day \u003c\u003d 0 || month \u003c\u003d 0 || month \u003e 12) {","lastModifiedDate":"2024-10-08","isFullCredit":false},{"lineNumber":136,"author":{"gitId":"lucas-sc0"},"content":"                    return ui.getInvalidDateMessage(field, value);","lastModifiedDate":"2024-10-08","isFullCredit":false},{"lineNumber":137,"author":{"gitId":"lucas-sc0"},"content":"                }","lastModifiedDate":"2024-10-08","isFullCredit":false},{"lineNumber":138,"author":{"gitId":"lucas-sc0"},"content":"                return null; // Valid date","lastModifiedDate":"2024-10-08","isFullCredit":false},{"lineNumber":139,"author":{"gitId":"lucas-sc0"},"content":"            } catch (NumberFormatException e) {","lastModifiedDate":"2024-10-08","isFullCredit":false},{"lineNumber":140,"author":{"gitId":"lucas-sc0"},"content":"                return ui.getInvalidDateMessage(field, value);","lastModifiedDate":"2024-10-08","isFullCredit":false},{"lineNumber":141,"author":{"gitId":"lucas-sc0"},"content":"            }","lastModifiedDate":"2024-10-08","isFullCredit":false},{"lineNumber":142,"author":{"gitId":"lucas-sc0"},"content":"        case \"n\": // Null","lastModifiedDate":"2024-10-08","isFullCredit":false},{"lineNumber":143,"author":{"gitId":"lucas-sc0"},"content":"            if (!value.equalsIgnoreCase(\"null\")) {","lastModifiedDate":"2024-10-08","isFullCredit":false},{"lineNumber":144,"author":{"gitId":"lucas-sc0"},"content":"                return ui.getInvalidNullMessage(field, value);","lastModifiedDate":"2024-10-08","isFullCredit":false},{"lineNumber":145,"author":{"gitId":"lucas-sc0"},"content":"            }","lastModifiedDate":"2024-10-08","isFullCredit":false},{"lineNumber":146,"author":{"gitId":"lucas-sc0"},"content":"            return null; // Valid null","lastModifiedDate":"2024-10-08","isFullCredit":false},{"lineNumber":147,"author":{"gitId":"lucas-sc0"},"content":"        default:","lastModifiedDate":"2024-10-08","isFullCredit":false},{"lineNumber":148,"author":{"gitId":"lucas-sc0"},"content":"            return ui.getUnknownTypeMessage(field);","lastModifiedDate":"2024-10-08","isFullCredit":false},{"lineNumber":149,"author":{"gitId":"lucas-sc0"},"content":"        }","lastModifiedDate":"2024-10-08","isFullCredit":false},{"lineNumber":150,"author":{"gitId":"lucas-sc0"},"content":"    }","lastModifiedDate":"2024-10-08","isFullCredit":false},{"lineNumber":151,"author":{"gitId":"lucas-sc0"},"content":"}","lastModifiedDate":"2024-10-08","isFullCredit":false}],"authorContributionMap":{"lucas-sc0":151}},{"path":"src/main/java/seedu/command/DeleteCommand.java","fileType":"functional-code","lines":[{"lineNumber":1,"author":{"gitId":"lucas-sc0"},"content":"package seedu.command;","lastModifiedDate":"2024-10-08","isFullCredit":false},{"lineNumber":2,"author":{"gitId":"lucas-sc0"},"content":"","lastModifiedDate":"2024-10-08","isFullCredit":false},{"lineNumber":3,"author":{"gitId":"lucas-sc0"},"content":"import seedu.model.Inventory;","lastModifiedDate":"2024-10-08","isFullCredit":false},{"lineNumber":4,"author":{"gitId":"lucas-sc0"},"content":"import java.util.List;","lastModifiedDate":"2024-10-08","isFullCredit":false},{"lineNumber":5,"author":{"gitId":"lucas-sc0"},"content":"import java.util.Map;","lastModifiedDate":"2024-10-08","isFullCredit":false},{"lineNumber":6,"author":{"gitId":"lucas-sc0"},"content":"","lastModifiedDate":"2024-10-08","isFullCredit":false},{"lineNumber":7,"author":{"gitId":"lucas-sc0"},"content":"public class DeleteCommand {","lastModifiedDate":"2024-10-08","isFullCredit":false},{"lineNumber":8,"author":{"gitId":"lucas-sc0"},"content":"","lastModifiedDate":"2024-10-08","isFullCredit":false},{"lineNumber":9,"author":{"gitId":"lucas-sc0"},"content":"    public static void execute(String userInput, Inventory inventory) {","lastModifiedDate":"2024-10-08","isFullCredit":false},{"lineNumber":10,"author":{"gitId":"lucas-sc0"},"content":"        String[] splitInput \u003d userInput.split(\" \");","lastModifiedDate":"2024-10-08","isFullCredit":false},{"lineNumber":11,"author":{"gitId":"lucas-sc0"},"content":"        if (splitInput.length \u003c 2) {","lastModifiedDate":"2024-10-08","isFullCredit":false},{"lineNumber":12,"author":{"gitId":"lucas-sc0"},"content":"            System.out.println(\"    Error: No record number provided for deletion.\");","lastModifiedDate":"2024-10-08","isFullCredit":false},{"lineNumber":13,"author":{"gitId":"lucas-sc0"},"content":"            return;","lastModifiedDate":"2024-10-08","isFullCredit":false},{"lineNumber":14,"author":{"gitId":"lucas-sc0"},"content":"        }","lastModifiedDate":"2024-10-08","isFullCredit":false},{"lineNumber":15,"author":{"gitId":"lucas-sc0"},"content":"","lastModifiedDate":"2024-10-08","isFullCredit":false},{"lineNumber":16,"author":{"gitId":"lucas-sc0"},"content":"        try {","lastModifiedDate":"2024-10-08","isFullCredit":false},{"lineNumber":17,"author":{"gitId":"lucas-sc0"},"content":"            int recordIndex \u003d Integer.parseInt(splitInput[1]) - 1; // Convert to 0 index","lastModifiedDate":"2024-10-08","isFullCredit":false},{"lineNumber":18,"author":{"gitId":"lucas-sc0"},"content":"            List\u003cMap\u003cString, String\u003e\u003e records \u003d inventory.getRecords();","lastModifiedDate":"2024-10-08","isFullCredit":false},{"lineNumber":19,"author":{"gitId":"lucas-sc0"},"content":"","lastModifiedDate":"2024-10-08","isFullCredit":false},{"lineNumber":20,"author":{"gitId":"lucas-sc0"},"content":"            if (recordIndex \u003e\u003d 0 \u0026\u0026 recordIndex \u003c records.size()) {","lastModifiedDate":"2024-10-08","isFullCredit":false},{"lineNumber":21,"author":{"gitId":"lucas-sc0"},"content":"                records.remove(recordIndex);","lastModifiedDate":"2024-10-08","isFullCredit":false},{"lineNumber":22,"author":{"gitId":"lucas-sc0"},"content":"                System.out.println(\"    Record deleted successfully.\");","lastModifiedDate":"2024-10-08","isFullCredit":false},{"lineNumber":23,"author":{"gitId":"lucas-sc0"},"content":"            } else {","lastModifiedDate":"2024-10-08","isFullCredit":false},{"lineNumber":24,"author":{"gitId":"lucas-sc0"},"content":"                System.out.println(\"    Error: Please provide a index within bounds\");","lastModifiedDate":"2024-10-08","isFullCredit":false},{"lineNumber":25,"author":{"gitId":"lucas-sc0"},"content":"            }","lastModifiedDate":"2024-10-08","isFullCredit":false},{"lineNumber":26,"author":{"gitId":"lucas-sc0"},"content":"        } catch (NumberFormatException e) {","lastModifiedDate":"2024-10-08","isFullCredit":false},{"lineNumber":27,"author":{"gitId":"lucas-sc0"},"content":"            System.out.println(\"    Error: Please provide a valid number\");","lastModifiedDate":"2024-10-08","isFullCredit":false},{"lineNumber":28,"author":{"gitId":"lucas-sc0"},"content":"        }","lastModifiedDate":"2024-10-08","isFullCredit":false},{"lineNumber":29,"author":{"gitId":"lucas-sc0"},"content":"    }","lastModifiedDate":"2024-10-08","isFullCredit":false},{"lineNumber":30,"author":{"gitId":"lucas-sc0"},"content":"}","lastModifiedDate":"2024-10-08","isFullCredit":false}],"authorContributionMap":{"lucas-sc0":30}},{"path":"src/main/java/seedu/command/ExitCommand.java","fileType":"functional-code","lines":[{"lineNumber":1,"author":{"gitId":"lucas-sc0"},"content":"package seedu.command;","lastModifiedDate":"2024-10-08","isFullCredit":false},{"lineNumber":2,"author":{"gitId":"lucas-sc0"},"content":"","lastModifiedDate":"2024-10-08","isFullCredit":false},{"lineNumber":3,"author":{"gitId":"lucas-sc0"},"content":"import seedu.ui.Ui;","lastModifiedDate":"2024-10-08","isFullCredit":false},{"lineNumber":4,"author":{"gitId":"lucas-sc0"},"content":"","lastModifiedDate":"2024-10-08","isFullCredit":false},{"lineNumber":5,"author":{"gitId":"lucas-sc0"},"content":"public class ExitCommand {","lastModifiedDate":"2024-10-08","isFullCredit":false},{"lineNumber":6,"author":{"gitId":"lucas-sc0"},"content":"    private Ui ui;","lastModifiedDate":"2024-10-08","isFullCredit":false},{"lineNumber":7,"author":{"gitId":"lucas-sc0"},"content":"","lastModifiedDate":"2024-10-08","isFullCredit":false},{"lineNumber":8,"author":{"gitId":"lucas-sc0"},"content":"    public ExitCommand(Ui ui) {","lastModifiedDate":"2024-10-08","isFullCredit":false},{"lineNumber":9,"author":{"gitId":"lucas-sc0"},"content":"        this.ui \u003d ui;","lastModifiedDate":"2024-10-08","isFullCredit":false},{"lineNumber":10,"author":{"gitId":"lucas-sc0"},"content":"    }","lastModifiedDate":"2024-10-08","isFullCredit":false},{"lineNumber":11,"author":{"gitId":"lucas-sc0"},"content":"","lastModifiedDate":"2024-10-08","isFullCredit":false},{"lineNumber":12,"author":{"gitId":"lucas-sc0"},"content":"    public void execute() {","lastModifiedDate":"2024-10-08","isFullCredit":false},{"lineNumber":13,"author":{"gitId":"lucas-sc0"},"content":"        ui.printMessage(\"Program exit successfully.\");","lastModifiedDate":"2024-10-08","isFullCredit":false},{"lineNumber":14,"author":{"gitId":"lucas-sc0"},"content":"        System.exit(0);","lastModifiedDate":"2024-10-08","isFullCredit":false},{"lineNumber":15,"author":{"gitId":"lucas-sc0"},"content":"    }","lastModifiedDate":"2024-10-08","isFullCredit":false},{"lineNumber":16,"author":{"gitId":"lucas-sc0"},"content":"}","lastModifiedDate":"2024-10-08","isFullCredit":false}],"authorContributionMap":{"lucas-sc0":16}},{"path":"src/main/java/seedu/inventra/Inventra.java","fileType":"functional-code","lines":[{"lineNumber":1,"author":{"gitId":"tayjerom"},"content":"package seedu.inventra;","lastModifiedDate":"2024-10-03","isFullCredit":false},{"lineNumber":2,"author":{"gitId":"tayjerom"},"content":"","lastModifiedDate":"2024-10-03","isFullCredit":false},{"lineNumber":3,"author":{"gitId":"lucas-sc0"},"content":"import seedu.model.Inventory;","lastModifiedDate":"2024-10-08","isFullCredit":false},{"lineNumber":4,"author":{"gitId":"lucas-sc0"},"content":"import seedu.parser.CommandParser;","lastModifiedDate":"2024-10-08","isFullCredit":false},{"lineNumber":5,"author":{"gitId":"lucas-sc0"},"content":"import seedu.ui.Ui;","lastModifiedDate":"2024-10-08","isFullCredit":false},{"lineNumber":6,"author":{"gitId":"lucas-sc0"},"content":"","lastModifiedDate":"2024-10-08","isFullCredit":false},{"lineNumber":7,"author":{"gitId":"tayjerom"},"content":"import java.util.Scanner;","lastModifiedDate":"2024-10-03","isFullCredit":false},{"lineNumber":8,"author":{"gitId":"tayjerom"},"content":"","lastModifiedDate":"2024-10-03","isFullCredit":false},{"lineNumber":9,"author":{"gitId":"tayjerom"},"content":"public class Inventra {","lastModifiedDate":"2024-10-03","isFullCredit":false},{"lineNumber":10,"author":{"gitId":"tayjerom"},"content":"    public static void main(String[] args) {","lastModifiedDate":"2024-10-03","isFullCredit":false},{"lineNumber":11,"author":{"gitId":"lucas-sc0"},"content":"        String logo \u003d \" ___ _   ___     _______ _   _ _____ ____      _    \\n\"","lastModifiedDate":"2024-10-08","isFullCredit":false},{"lineNumber":12,"author":{"gitId":"lucas-sc0"},"content":"                + \"|_ _| \\\\ | \\\\ \\\\   / / ____| \\\\ | |_   _|  _ \\\\    / \\\\   \\n\"","lastModifiedDate":"2024-10-08","isFullCredit":false},{"lineNumber":13,"author":{"gitId":"lucas-sc0"},"content":"                + \" | ||  \\\\| |\\\\ \\\\ / /|  _| |  \\\\| | | | | |_) |  / _ \\\\  \\n\"","lastModifiedDate":"2024-10-08","isFullCredit":false},{"lineNumber":14,"author":{"gitId":"lucas-sc0"},"content":"                + \" | || |\\\\  | \\\\ V / | |___| |\\\\  | | | |  _ \u003c  / ___ \\\\ \\n\"","lastModifiedDate":"2024-10-08","isFullCredit":false},{"lineNumber":15,"author":{"gitId":"lucas-sc0"},"content":"                + \"|___|_| \\\\_|  \\\\_/  |_____|_| \\\\_| |_| |_| \\\\_\\\\/_/   \\\\_\\\\\\n\";","lastModifiedDate":"2024-10-08","isFullCredit":false},{"lineNumber":16,"author":{"gitId":"lucas-sc0"},"content":"","lastModifiedDate":"2024-10-08","isFullCredit":false},{"lineNumber":17,"author":{"gitId":"lucas-sc0"},"content":"        Ui ui \u003d new Ui();","lastModifiedDate":"2024-10-08","isFullCredit":false},{"lineNumber":18,"author":{"gitId":"lucas-sc0"},"content":"        ui.printMessage(\"Welcome to\\n\" + logo);","lastModifiedDate":"2024-10-08","isFullCredit":false},{"lineNumber":19,"author":{"gitId":"lucas-sc0"},"content":"        ui.printMessage(\"What would you like to do today?\");","lastModifiedDate":"2024-10-08","isFullCredit":false},{"lineNumber":20,"author":{"gitId":"lucas-sc0"},"content":"        ui.printMessage(\"_____________________________________________\");","lastModifiedDate":"2024-10-08","isFullCredit":false},{"lineNumber":21,"author":{"gitId":"tayjerom"},"content":"","lastModifiedDate":"2024-10-03","isFullCredit":false},{"lineNumber":22,"author":{"gitId":"tayjerom"},"content":"        Scanner in \u003d new Scanner(System.in);","lastModifiedDate":"2024-10-03","isFullCredit":false},{"lineNumber":23,"author":{"gitId":"lucas-sc0"},"content":"        Inventory inventory \u003d new Inventory(); // Instantiate Inventory here","lastModifiedDate":"2024-10-08","isFullCredit":false},{"lineNumber":24,"author":{"gitId":"tayjerom"},"content":"","lastModifiedDate":"2024-10-03","isFullCredit":false},{"lineNumber":25,"author":{"gitId":"tayjerom"},"content":"        while (true) {","lastModifiedDate":"2024-10-03","isFullCredit":false},{"lineNumber":26,"author":{"gitId":"tayjerom"},"content":"            String input \u003d in.nextLine();","lastModifiedDate":"2024-10-03","isFullCredit":false},{"lineNumber":27,"author":{"gitId":"lucas-sc0"},"content":"            try {","lastModifiedDate":"2024-10-08","isFullCredit":false},{"lineNumber":28,"author":{"gitId":"lucas-sc0"},"content":"                System.out.println(\"_____________________________________________\");","lastModifiedDate":"2024-10-08","isFullCredit":false},{"lineNumber":29,"author":{"gitId":"lucas-sc0"},"content":"                CommandParser.parseCommand(input, inventory, ui);","lastModifiedDate":"2024-10-08","isFullCredit":false},{"lineNumber":30,"author":{"gitId":"lucas-sc0"},"content":"                System.out.println(\"_____________________________________________\");","lastModifiedDate":"2024-10-08","isFullCredit":false},{"lineNumber":31,"author":{"gitId":"lucas-sc0"},"content":"            } catch (Exception e) {","lastModifiedDate":"2024-10-08","isFullCredit":false},{"lineNumber":32,"author":{"gitId":"lucas-sc0"},"content":"                ui.printMessage(\"    Error: \" + e.getMessage());","lastModifiedDate":"2024-10-08","isFullCredit":false},{"lineNumber":33,"author":{"gitId":"tayjerom"},"content":"            }","lastModifiedDate":"2024-10-03","isFullCredit":false},{"lineNumber":34,"author":{"gitId":"tayjerom"},"content":"        }","lastModifiedDate":"2024-10-03","isFullCredit":false},{"lineNumber":35,"author":{"gitId":"danusan-s"},"content":"    }","lastModifiedDate":"2024-10-08","isFullCredit":false},{"lineNumber":36,"author":{"gitId":"tayjerom"},"content":"}","lastModifiedDate":"2024-10-03","isFullCredit":false}],"authorContributionMap":{"danusan-s":1,"tayjerom":14,"lucas-sc0":21}},{"path":"src/main/java/seedu/model/Inventory.java","fileType":"functional-code","lines":[{"lineNumber":1,"author":{"gitId":"lucas-sc0"},"content":"package seedu.model;","lastModifiedDate":"2024-10-08","isFullCredit":false},{"lineNumber":2,"author":{"gitId":"lucas-sc0"},"content":"","lastModifiedDate":"2024-10-08","isFullCredit":false},{"lineNumber":3,"author":{"gitId":"lucas-sc0"},"content":"import java.util.ArrayList;","lastModifiedDate":"2024-10-08","isFullCredit":false},{"lineNumber":4,"author":{"gitId":"lucas-sc0"},"content":"import java.util.HashMap;","lastModifiedDate":"2024-10-08","isFullCredit":false},{"lineNumber":5,"author":{"gitId":"lucas-sc0"},"content":"import java.util.List;","lastModifiedDate":"2024-10-08","isFullCredit":false},{"lineNumber":6,"author":{"gitId":"lucas-sc0"},"content":"import java.util.Map;","lastModifiedDate":"2024-10-08","isFullCredit":false},{"lineNumber":7,"author":{"gitId":"lucas-sc0"},"content":"","lastModifiedDate":"2024-10-08","isFullCredit":false},{"lineNumber":8,"author":{"gitId":"lucas-sc0"},"content":"public class Inventory {","lastModifiedDate":"2024-10-08","isFullCredit":false},{"lineNumber":9,"author":{"gitId":"lucas-sc0"},"content":"    private List\u003cString\u003e fields \u003d new ArrayList\u003c\u003e();","lastModifiedDate":"2024-10-08","isFullCredit":false},{"lineNumber":10,"author":{"gitId":"lucas-sc0"},"content":"    private Map\u003cString, String\u003e fieldTypes \u003d new HashMap\u003c\u003e(); //map field\u003c-\u003etype","lastModifiedDate":"2024-10-08","isFullCredit":false},{"lineNumber":11,"author":{"gitId":"lucas-sc0"},"content":"    private List\u003cMap\u003cString, String\u003e\u003e records \u003d new ArrayList\u003c\u003e(); //list of mapped field\u003c-\u003erecord","lastModifiedDate":"2024-10-08","isFullCredit":false},{"lineNumber":12,"author":{"gitId":"lucas-sc0"},"content":"","lastModifiedDate":"2024-10-08","isFullCredit":false},{"lineNumber":13,"author":{"gitId":"lucas-sc0"},"content":"    public void addField(String field, String type) {","lastModifiedDate":"2024-10-08","isFullCredit":false},{"lineNumber":14,"author":{"gitId":"lucas-sc0"},"content":"        fields.add(field);","lastModifiedDate":"2024-10-08","isFullCredit":false},{"lineNumber":15,"author":{"gitId":"lucas-sc0"},"content":"        fieldTypes.put(field, type);","lastModifiedDate":"2024-10-08","isFullCredit":false},{"lineNumber":16,"author":{"gitId":"lucas-sc0"},"content":"    }","lastModifiedDate":"2024-10-08","isFullCredit":false},{"lineNumber":17,"author":{"gitId":"lucas-sc0"},"content":"","lastModifiedDate":"2024-10-08","isFullCredit":false},{"lineNumber":18,"author":{"gitId":"lucas-sc0"},"content":"    public List\u003cString\u003e getFields() {","lastModifiedDate":"2024-10-08","isFullCredit":false},{"lineNumber":19,"author":{"gitId":"lucas-sc0"},"content":"        return fields;","lastModifiedDate":"2024-10-08","isFullCredit":false},{"lineNumber":20,"author":{"gitId":"lucas-sc0"},"content":"    }","lastModifiedDate":"2024-10-08","isFullCredit":false},{"lineNumber":21,"author":{"gitId":"lucas-sc0"},"content":"","lastModifiedDate":"2024-10-08","isFullCredit":false},{"lineNumber":22,"author":{"gitId":"lucas-sc0"},"content":"    public Map\u003cString, String\u003e getFieldTypes() {","lastModifiedDate":"2024-10-08","isFullCredit":false},{"lineNumber":23,"author":{"gitId":"lucas-sc0"},"content":"        return fieldTypes;","lastModifiedDate":"2024-10-08","isFullCredit":false},{"lineNumber":24,"author":{"gitId":"lucas-sc0"},"content":"    }","lastModifiedDate":"2024-10-08","isFullCredit":false},{"lineNumber":25,"author":{"gitId":"lucas-sc0"},"content":"","lastModifiedDate":"2024-10-08","isFullCredit":false},{"lineNumber":26,"author":{"gitId":"lucas-sc0"},"content":"    public void addRecord(Map\u003cString, String\u003e record) {","lastModifiedDate":"2024-10-08","isFullCredit":false},{"lineNumber":27,"author":{"gitId":"lucas-sc0"},"content":"        records.add(record);","lastModifiedDate":"2024-10-08","isFullCredit":false},{"lineNumber":28,"author":{"gitId":"lucas-sc0"},"content":"    }","lastModifiedDate":"2024-10-08","isFullCredit":false},{"lineNumber":29,"author":{"gitId":"lucas-sc0"},"content":"","lastModifiedDate":"2024-10-08","isFullCredit":false},{"lineNumber":30,"author":{"gitId":"lucas-sc0"},"content":"    public List\u003cMap\u003cString, String\u003e\u003e getRecords() {","lastModifiedDate":"2024-10-08","isFullCredit":false},{"lineNumber":31,"author":{"gitId":"lucas-sc0"},"content":"        return records;","lastModifiedDate":"2024-10-08","isFullCredit":false},{"lineNumber":32,"author":{"gitId":"lucas-sc0"},"content":"    }","lastModifiedDate":"2024-10-08","isFullCredit":false},{"lineNumber":33,"author":{"gitId":"lucas-sc0"},"content":"}","lastModifiedDate":"2024-10-08","isFullCredit":false}],"authorContributionMap":{"lucas-sc0":33}},{"path":"src/main/java/seedu/parser/CommandParser.java","fileType":"functional-code","lines":[{"lineNumber":1,"author":{"gitId":"lucas-sc0"},"content":"package seedu.parser;","lastModifiedDate":"2024-10-08","isFullCredit":false},{"lineNumber":2,"author":{"gitId":"lucas-sc0"},"content":"","lastModifiedDate":"2024-10-08","isFullCredit":false},{"lineNumber":3,"author":{"gitId":"lucas-sc0"},"content":"import seedu.command.AddCommand;","lastModifiedDate":"2024-10-08","isFullCredit":false},{"lineNumber":4,"author":{"gitId":"lucas-sc0"},"content":"import seedu.command.DeleteCommand;","lastModifiedDate":"2024-10-08","isFullCredit":false},{"lineNumber":5,"author":{"gitId":"lucas-sc0"},"content":"import seedu.command.ExitCommand;","lastModifiedDate":"2024-10-08","isFullCredit":false},{"lineNumber":6,"author":{"gitId":"lucas-sc0"},"content":"import seedu.model.Inventory;","lastModifiedDate":"2024-10-08","isFullCredit":false},{"lineNumber":7,"author":{"gitId":"lucas-sc0"},"content":"import seedu.ui.Ui;","lastModifiedDate":"2024-10-08","isFullCredit":false},{"lineNumber":8,"author":{"gitId":"lucas-sc0"},"content":"","lastModifiedDate":"2024-10-08","isFullCredit":false},{"lineNumber":9,"author":{"gitId":"lucas-sc0"},"content":"public class CommandParser {","lastModifiedDate":"2024-10-08","isFullCredit":false},{"lineNumber":10,"author":{"gitId":"lucas-sc0"},"content":"    public static void parseCommand(String input, Inventory inventory, Ui ui) throws Exception {","lastModifiedDate":"2024-10-08","isFullCredit":false},{"lineNumber":11,"author":{"gitId":"lucas-sc0"},"content":"        String[] parts \u003d input.split(\" \", 3);","lastModifiedDate":"2024-10-08","isFullCredit":false},{"lineNumber":12,"author":{"gitId":"lucas-sc0"},"content":"        String command \u003d parts[0];","lastModifiedDate":"2024-10-08","isFullCredit":false},{"lineNumber":13,"author":{"gitId":"lucas-sc0"},"content":"","lastModifiedDate":"2024-10-08","isFullCredit":false},{"lineNumber":14,"author":{"gitId":"lucas-sc0"},"content":"        switch (command) {","lastModifiedDate":"2024-10-08","isFullCredit":false},{"lineNumber":15,"author":{"gitId":"lucas-sc0"},"content":"        case \"add\":","lastModifiedDate":"2024-10-08","isFullCredit":false},{"lineNumber":16,"author":{"gitId":"lucas-sc0"},"content":"            new AddCommand(inventory, ui).execute(parts);","lastModifiedDate":"2024-10-08","isFullCredit":false},{"lineNumber":17,"author":{"gitId":"lucas-sc0"},"content":"            break;","lastModifiedDate":"2024-10-08","isFullCredit":false},{"lineNumber":18,"author":{"gitId":"lucas-sc0"},"content":"        case \"delete\":","lastModifiedDate":"2024-10-08","isFullCredit":false},{"lineNumber":19,"author":{"gitId":"lucas-sc0"},"content":"            DeleteCommand.execute(input, inventory);","lastModifiedDate":"2024-10-08","isFullCredit":false},{"lineNumber":20,"author":{"gitId":"lucas-sc0"},"content":"            break;","lastModifiedDate":"2024-10-08","isFullCredit":false},{"lineNumber":21,"author":{"gitId":"lucas-sc0"},"content":"        case \"exit\":","lastModifiedDate":"2024-10-08","isFullCredit":false},{"lineNumber":22,"author":{"gitId":"lucas-sc0"},"content":"            new ExitCommand(ui).execute();","lastModifiedDate":"2024-10-08","isFullCredit":false},{"lineNumber":23,"author":{"gitId":"lucas-sc0"},"content":"            break;","lastModifiedDate":"2024-10-08","isFullCredit":false},{"lineNumber":24,"author":{"gitId":"lucas-sc0"},"content":"        default:","lastModifiedDate":"2024-10-08","isFullCredit":false},{"lineNumber":25,"author":{"gitId":"lucas-sc0"},"content":"            throw new Exception(\"Unknown command\");","lastModifiedDate":"2024-10-08","isFullCredit":false},{"lineNumber":26,"author":{"gitId":"lucas-sc0"},"content":"        }","lastModifiedDate":"2024-10-08","isFullCredit":false},{"lineNumber":27,"author":{"gitId":"lucas-sc0"},"content":"    }","lastModifiedDate":"2024-10-08","isFullCredit":false},{"lineNumber":28,"author":{"gitId":"lucas-sc0"},"content":"}","lastModifiedDate":"2024-10-08","isFullCredit":false}],"authorContributionMap":{"lucas-sc0":28}},{"path":"src/main/java/seedu/ui/Ui.java","fileType":"functional-code","lines":[{"lineNumber":1,"author":{"gitId":"lucas-sc0"},"content":"package seedu.ui;","lastModifiedDate":"2024-10-08","isFullCredit":false},{"lineNumber":2,"author":{"gitId":"lucas-sc0"},"content":"","lastModifiedDate":"2024-10-08","isFullCredit":false},{"lineNumber":3,"author":{"gitId":"lucas-sc0"},"content":"import seedu.model.Inventory;","lastModifiedDate":"2024-10-08","isFullCredit":false},{"lineNumber":4,"author":{"gitId":"danusan-s"},"content":"","lastModifiedDate":"2024-10-09","isFullCredit":false},{"lineNumber":5,"author":{"gitId":"lucas-sc0"},"content":"import java.util.Map;","lastModifiedDate":"2024-10-08","isFullCredit":false},{"lineNumber":6,"author":{"gitId":"lucas-sc0"},"content":"import java.util.List;","lastModifiedDate":"2024-10-08","isFullCredit":false},{"lineNumber":7,"author":{"gitId":"lucas-sc0"},"content":"","lastModifiedDate":"2024-10-08","isFullCredit":false},{"lineNumber":8,"author":{"gitId":"lucas-sc0"},"content":"public class Ui {","lastModifiedDate":"2024-10-08","isFullCredit":false},{"lineNumber":9,"author":{"gitId":"lucas-sc0"},"content":"","lastModifiedDate":"2024-10-08","isFullCredit":false},{"lineNumber":10,"author":{"gitId":"lucas-sc0"},"content":"    public void printMessage(String message) {","lastModifiedDate":"2024-10-08","isFullCredit":false},{"lineNumber":11,"author":{"gitId":"lucas-sc0"},"content":"        System.out.println(message);","lastModifiedDate":"2024-10-08","isFullCredit":false},{"lineNumber":12,"author":{"gitId":"lucas-sc0"},"content":"    }","lastModifiedDate":"2024-10-08","isFullCredit":false},{"lineNumber":13,"author":{"gitId":"lucas-sc0"},"content":"","lastModifiedDate":"2024-10-08","isFullCredit":false},{"lineNumber":14,"author":{"gitId":"lucas-sc0"},"content":"    // Show fields and records in table format","lastModifiedDate":"2024-10-08","isFullCredit":false},{"lineNumber":15,"author":{"gitId":"lucas-sc0"},"content":"    public void showFieldsAndRecords(Inventory inventory) {","lastModifiedDate":"2024-10-08","isFullCredit":false},{"lineNumber":16,"author":{"gitId":"lucas-sc0"},"content":"        List\u003cString\u003e fields \u003d inventory.getFields();","lastModifiedDate":"2024-10-08","isFullCredit":false},{"lineNumber":17,"author":{"gitId":"lucas-sc0"},"content":"        List\u003cMap\u003cString, String\u003e\u003e records \u003d inventory.getRecords();","lastModifiedDate":"2024-10-08","isFullCredit":false},{"lineNumber":18,"author":{"gitId":"lucas-sc0"},"content":"","lastModifiedDate":"2024-10-08","isFullCredit":false},{"lineNumber":19,"author":{"gitId":"lucas-sc0"},"content":"        if (fields.isEmpty()) {","lastModifiedDate":"2024-10-08","isFullCredit":false},{"lineNumber":20,"author":{"gitId":"lucas-sc0"},"content":"            printMessage(\"    No fields have been added yet.\");","lastModifiedDate":"2024-10-08","isFullCredit":false},{"lineNumber":21,"author":{"gitId":"lucas-sc0"},"content":"        } else {","lastModifiedDate":"2024-10-08","isFullCredit":false},{"lineNumber":22,"author":{"gitId":"lucas-sc0"},"content":"            printTableHeader(fields);","lastModifiedDate":"2024-10-08","isFullCredit":false},{"lineNumber":23,"author":{"gitId":"lucas-sc0"},"content":"","lastModifiedDate":"2024-10-08","isFullCredit":false},{"lineNumber":24,"author":{"gitId":"lucas-sc0"},"content":"            if (records.isEmpty()) {","lastModifiedDate":"2024-10-08","isFullCredit":false},{"lineNumber":25,"author":{"gitId":"lucas-sc0"},"content":"                printMessage(\"    No records have been added yet.\");","lastModifiedDate":"2024-10-08","isFullCredit":false},{"lineNumber":26,"author":{"gitId":"lucas-sc0"},"content":"            } else {","lastModifiedDate":"2024-10-08","isFullCredit":false},{"lineNumber":27,"author":{"gitId":"lucas-sc0"},"content":"                printTableRecords(fields, records);","lastModifiedDate":"2024-10-08","isFullCredit":false},{"lineNumber":28,"author":{"gitId":"lucas-sc0"},"content":"            }","lastModifiedDate":"2024-10-08","isFullCredit":false},{"lineNumber":29,"author":{"gitId":"lucas-sc0"},"content":"        }","lastModifiedDate":"2024-10-08","isFullCredit":false},{"lineNumber":30,"author":{"gitId":"lucas-sc0"},"content":"    }","lastModifiedDate":"2024-10-08","isFullCredit":false},{"lineNumber":31,"author":{"gitId":"lucas-sc0"},"content":"","lastModifiedDate":"2024-10-08","isFullCredit":false},{"lineNumber":32,"author":{"gitId":"lucas-sc0"},"content":"    // Prints table header with fields","lastModifiedDate":"2024-10-08","isFullCredit":false},{"lineNumber":33,"author":{"gitId":"lucas-sc0"},"content":"    private void printTableHeader(List\u003cString\u003e fields) {","lastModifiedDate":"2024-10-08","isFullCredit":false},{"lineNumber":34,"author":{"gitId":"lucas-sc0"},"content":"        StringBuilder header \u003d new StringBuilder(\"    | \");","lastModifiedDate":"2024-10-08","isFullCredit":false},{"lineNumber":35,"author":{"gitId":"lucas-sc0"},"content":"        StringBuilder separator \u003d new StringBuilder(\"    +\");","lastModifiedDate":"2024-10-08","isFullCredit":false},{"lineNumber":36,"author":{"gitId":"lucas-sc0"},"content":"","lastModifiedDate":"2024-10-08","isFullCredit":false},{"lineNumber":37,"author":{"gitId":"lucas-sc0"},"content":"        for (String field : fields) {","lastModifiedDate":"2024-10-08","isFullCredit":false},{"lineNumber":38,"author":{"gitId":"lucas-sc0"},"content":"            int columnWidth \u003d Math.max(field.length(), 10);  // Ensure minimum column width of 10","lastModifiedDate":"2024-10-08","isFullCredit":false},{"lineNumber":39,"author":{"gitId":"lucas-sc0"},"content":"            header.append(String.format(\"%-\" + columnWidth + \"s | \", field));  // Left-align the field names","lastModifiedDate":"2024-10-08","isFullCredit":false},{"lineNumber":40,"author":{"gitId":"lucas-sc0"},"content":"            separator.append(\"-\".repeat(columnWidth + 2)).append(\"+\");  // Add separator line below header","lastModifiedDate":"2024-10-08","isFullCredit":false},{"lineNumber":41,"author":{"gitId":"lucas-sc0"},"content":"        }","lastModifiedDate":"2024-10-08","isFullCredit":false},{"lineNumber":42,"author":{"gitId":"lucas-sc0"},"content":"","lastModifiedDate":"2024-10-08","isFullCredit":false},{"lineNumber":43,"author":{"gitId":"lucas-sc0"},"content":"        printMessage(separator.toString());","lastModifiedDate":"2024-10-08","isFullCredit":false},{"lineNumber":44,"author":{"gitId":"lucas-sc0"},"content":"        printMessage(header.toString());","lastModifiedDate":"2024-10-08","isFullCredit":false},{"lineNumber":45,"author":{"gitId":"lucas-sc0"},"content":"        printMessage(separator.toString());","lastModifiedDate":"2024-10-08","isFullCredit":false},{"lineNumber":46,"author":{"gitId":"lucas-sc0"},"content":"    }","lastModifiedDate":"2024-10-08","isFullCredit":false},{"lineNumber":47,"author":{"gitId":"lucas-sc0"},"content":"","lastModifiedDate":"2024-10-08","isFullCredit":false},{"lineNumber":48,"author":{"gitId":"lucas-sc0"},"content":"    // Prints table rows with records","lastModifiedDate":"2024-10-08","isFullCredit":false},{"lineNumber":49,"author":{"gitId":"lucas-sc0"},"content":"    private void printTableRecords(List\u003cString\u003e fields, List\u003cMap\u003cString, String\u003e\u003e records) {","lastModifiedDate":"2024-10-08","isFullCredit":false},{"lineNumber":50,"author":{"gitId":"lucas-sc0"},"content":"        StringBuilder separator \u003d new StringBuilder(\"    +\");","lastModifiedDate":"2024-10-08","isFullCredit":false},{"lineNumber":51,"author":{"gitId":"lucas-sc0"},"content":"        for (String field : fields) {","lastModifiedDate":"2024-10-08","isFullCredit":false},{"lineNumber":52,"author":{"gitId":"lucas-sc0"},"content":"            int columnWidth \u003d Math.max(field.length(), 10);","lastModifiedDate":"2024-10-08","isFullCredit":false},{"lineNumber":53,"author":{"gitId":"lucas-sc0"},"content":"            separator.append(\"-\".repeat(columnWidth + 2)).append(\"+\");","lastModifiedDate":"2024-10-08","isFullCredit":false},{"lineNumber":54,"author":{"gitId":"lucas-sc0"},"content":"        }","lastModifiedDate":"2024-10-08","isFullCredit":false},{"lineNumber":55,"author":{"gitId":"lucas-sc0"},"content":"","lastModifiedDate":"2024-10-08","isFullCredit":false},{"lineNumber":56,"author":{"gitId":"lucas-sc0"},"content":"        for (Map\u003cString, String\u003e record : records) {","lastModifiedDate":"2024-10-08","isFullCredit":false},{"lineNumber":57,"author":{"gitId":"lucas-sc0"},"content":"            StringBuilder row \u003d new StringBuilder(\"    | \");","lastModifiedDate":"2024-10-08","isFullCredit":false},{"lineNumber":58,"author":{"gitId":"lucas-sc0"},"content":"            for (String field : fields) {","lastModifiedDate":"2024-10-08","isFullCredit":false},{"lineNumber":59,"author":{"gitId":"lucas-sc0"},"content":"                int columnWidth \u003d Math.max(field.length(), 10);","lastModifiedDate":"2024-10-08","isFullCredit":false},{"lineNumber":60,"author":{"gitId":"lucas-sc0"},"content":"                String value \u003d record.getOrDefault(field, \"null\");  // Handle missing values","lastModifiedDate":"2024-10-08","isFullCredit":false},{"lineNumber":61,"author":{"gitId":"lucas-sc0"},"content":"                row.append(String.format(\"%-\" + columnWidth + \"s | \", value));  // Left-align values","lastModifiedDate":"2024-10-08","isFullCredit":false},{"lineNumber":62,"author":{"gitId":"lucas-sc0"},"content":"            }","lastModifiedDate":"2024-10-08","isFullCredit":false},{"lineNumber":63,"author":{"gitId":"lucas-sc0"},"content":"            printMessage(row.toString());","lastModifiedDate":"2024-10-08","isFullCredit":false},{"lineNumber":64,"author":{"gitId":"lucas-sc0"},"content":"            printMessage(separator.toString());","lastModifiedDate":"2024-10-08","isFullCredit":false},{"lineNumber":65,"author":{"gitId":"lucas-sc0"},"content":"        }","lastModifiedDate":"2024-10-08","isFullCredit":false},{"lineNumber":66,"author":{"gitId":"lucas-sc0"},"content":"    }","lastModifiedDate":"2024-10-08","isFullCredit":false},{"lineNumber":67,"author":{"gitId":"lucas-sc0"},"content":"","lastModifiedDate":"2024-10-08","isFullCredit":false},{"lineNumber":68,"author":{"gitId":"lucas-sc0"},"content":"    public void showErrorInvalidCommand() {","lastModifiedDate":"2024-10-08","isFullCredit":false},{"lineNumber":69,"author":{"gitId":"danusan-s"},"content":"        printMessage(\"    Invalid command. Use \u0027add -h \u003cfields\u003e\u0027 to add fields, \u0027add -l\u0027\" +","lastModifiedDate":"2024-10-09","isFullCredit":false},{"lineNumber":70,"author":{"gitId":"danusan-s"},"content":"                \" to list fields/records, or \u0027add -d \u003cvalues\u003e\u0027 to add records.\");","lastModifiedDate":"2024-10-09","isFullCredit":false},{"lineNumber":71,"author":{"gitId":"lucas-sc0"},"content":"    }","lastModifiedDate":"2024-10-08","isFullCredit":false},{"lineNumber":72,"author":{"gitId":"lucas-sc0"},"content":"","lastModifiedDate":"2024-10-08","isFullCredit":false},{"lineNumber":73,"author":{"gitId":"lucas-sc0"},"content":"    public void showErrorNoFields() {","lastModifiedDate":"2024-10-08","isFullCredit":false},{"lineNumber":74,"author":{"gitId":"lucas-sc0"},"content":"        printMessage(\"    No fields provided. Use \u0027add -h \u003cs/pname, i/quantity, ...\u003e\u0027 to add fields.\");","lastModifiedDate":"2024-10-08","isFullCredit":false},{"lineNumber":75,"author":{"gitId":"lucas-sc0"},"content":"    }","lastModifiedDate":"2024-10-08","isFullCredit":false},{"lineNumber":76,"author":{"gitId":"lucas-sc0"},"content":"","lastModifiedDate":"2024-10-08","isFullCredit":false},{"lineNumber":77,"author":{"gitId":"lucas-sc0"},"content":"    public void showErrorNoRecords() {","lastModifiedDate":"2024-10-08","isFullCredit":false},{"lineNumber":78,"author":{"gitId":"lucas-sc0"},"content":"        printMessage(\"    No record data provided. Use \u0027add -d \u003cvalue1, value2, ...\u003e\u0027 to add records.\");","lastModifiedDate":"2024-10-08","isFullCredit":false},{"lineNumber":79,"author":{"gitId":"lucas-sc0"},"content":"    }","lastModifiedDate":"2024-10-08","isFullCredit":false},{"lineNumber":80,"author":{"gitId":"lucas-sc0"},"content":"","lastModifiedDate":"2024-10-08","isFullCredit":false},{"lineNumber":81,"author":{"gitId":"lucas-sc0"},"content":"    public void showErrorInvalidFlag() {","lastModifiedDate":"2024-10-08","isFullCredit":false},{"lineNumber":82,"author":{"gitId":"lucas-sc0"},"content":"        printMessage(\"    Invalid flag. Use \u0027add -h \u003cfields\u003e\u0027, \u0027add -l\u0027, or \u0027add -d \u003cvalues\u003e\u0027\");","lastModifiedDate":"2024-10-08","isFullCredit":false},{"lineNumber":83,"author":{"gitId":"lucas-sc0"},"content":"    }","lastModifiedDate":"2024-10-08","isFullCredit":false},{"lineNumber":84,"author":{"gitId":"lucas-sc0"},"content":"","lastModifiedDate":"2024-10-08","isFullCredit":false},{"lineNumber":85,"author":{"gitId":"lucas-sc0"},"content":"    public void showErrorInvalidFieldFormat() {","lastModifiedDate":"2024-10-08","isFullCredit":false},{"lineNumber":86,"author":{"gitId":"lucas-sc0"},"content":"        printMessage(\"    Invalid field format. Use \u0027\u003ctype\u003e/\u003cfield\u003e\u0027 for each field.\");","lastModifiedDate":"2024-10-08","isFullCredit":false},{"lineNumber":87,"author":{"gitId":"lucas-sc0"},"content":"    }","lastModifiedDate":"2024-10-08","isFullCredit":false},{"lineNumber":88,"author":{"gitId":"lucas-sc0"},"content":"","lastModifiedDate":"2024-10-08","isFullCredit":false},{"lineNumber":89,"author":{"gitId":"lucas-sc0"},"content":"    public void showErrorNoFieldsDefined() {","lastModifiedDate":"2024-10-08","isFullCredit":false},{"lineNumber":90,"author":{"gitId":"lucas-sc0"},"content":"        printMessage(\"    No fields defined. Use \u0027add -h \u003cfields\u003e\u0027 to define fields before adding records.\");","lastModifiedDate":"2024-10-08","isFullCredit":false},{"lineNumber":91,"author":{"gitId":"lucas-sc0"},"content":"    }","lastModifiedDate":"2024-10-08","isFullCredit":false},{"lineNumber":92,"author":{"gitId":"lucas-sc0"},"content":"","lastModifiedDate":"2024-10-08","isFullCredit":false},{"lineNumber":93,"author":{"gitId":"lucas-sc0"},"content":"    public void showErrorInvalidRecordCount(int expected) {","lastModifiedDate":"2024-10-08","isFullCredit":false},{"lineNumber":94,"author":{"gitId":"lucas-sc0"},"content":"        printMessage(\"    Invalid number of values. Expected \" + expected + \" values.\");","lastModifiedDate":"2024-10-08","isFullCredit":false},{"lineNumber":95,"author":{"gitId":"lucas-sc0"},"content":"    }","lastModifiedDate":"2024-10-08","isFullCredit":false},{"lineNumber":96,"author":{"gitId":"lucas-sc0"},"content":"","lastModifiedDate":"2024-10-08","isFullCredit":false},{"lineNumber":97,"author":{"gitId":"lucas-sc0"},"content":"    public void showSuccessFieldsAdded() {","lastModifiedDate":"2024-10-08","isFullCredit":false},{"lineNumber":98,"author":{"gitId":"lucas-sc0"},"content":"        printMessage(\"    Fields added successfully.\");","lastModifiedDate":"2024-10-08","isFullCredit":false},{"lineNumber":99,"author":{"gitId":"lucas-sc0"},"content":"    }","lastModifiedDate":"2024-10-08","isFullCredit":false},{"lineNumber":100,"author":{"gitId":"lucas-sc0"},"content":"","lastModifiedDate":"2024-10-08","isFullCredit":false},{"lineNumber":101,"author":{"gitId":"lucas-sc0"},"content":"    public void showSuccessRecordAdded() {","lastModifiedDate":"2024-10-08","isFullCredit":false},{"lineNumber":102,"author":{"gitId":"lucas-sc0"},"content":"        printMessage(\"    Record added successfully.\");","lastModifiedDate":"2024-10-08","isFullCredit":false},{"lineNumber":103,"author":{"gitId":"lucas-sc0"},"content":"    }","lastModifiedDate":"2024-10-08","isFullCredit":false},{"lineNumber":104,"author":{"gitId":"lucas-sc0"},"content":"","lastModifiedDate":"2024-10-08","isFullCredit":false},{"lineNumber":105,"author":{"gitId":"lucas-sc0"},"content":"    public void showValidationError(String message) {","lastModifiedDate":"2024-10-08","isFullCredit":false},{"lineNumber":106,"author":{"gitId":"lucas-sc0"},"content":"        printMessage(message);","lastModifiedDate":"2024-10-08","isFullCredit":false},{"lineNumber":107,"author":{"gitId":"lucas-sc0"},"content":"    }","lastModifiedDate":"2024-10-08","isFullCredit":false},{"lineNumber":108,"author":{"gitId":"lucas-sc0"},"content":"","lastModifiedDate":"2024-10-08","isFullCredit":false},{"lineNumber":109,"author":{"gitId":"lucas-sc0"},"content":"    public String getInvalidIntegerMessage(String field, String value) {","lastModifiedDate":"2024-10-08","isFullCredit":false},{"lineNumber":110,"author":{"gitId":"lucas-sc0"},"content":"        return \"    Invalid value for field \u0027\" + field + \"\u0027. Expected type: Integer, got: \u0027\" + value + \"\u0027\";","lastModifiedDate":"2024-10-08","isFullCredit":false},{"lineNumber":111,"author":{"gitId":"lucas-sc0"},"content":"    }","lastModifiedDate":"2024-10-08","isFullCredit":false},{"lineNumber":112,"author":{"gitId":"lucas-sc0"},"content":"","lastModifiedDate":"2024-10-08","isFullCredit":false},{"lineNumber":113,"author":{"gitId":"lucas-sc0"},"content":"    public String getInvalidFloatMessage(String field, String value) {","lastModifiedDate":"2024-10-08","isFullCredit":false},{"lineNumber":114,"author":{"gitId":"lucas-sc0"},"content":"        return \"    Invalid value for field \u0027\" + field + \"\u0027. Expected type: Float, got: \u0027\" + value + \"\u0027\";","lastModifiedDate":"2024-10-08","isFullCredit":false},{"lineNumber":115,"author":{"gitId":"lucas-sc0"},"content":"    }","lastModifiedDate":"2024-10-08","isFullCredit":false},{"lineNumber":116,"author":{"gitId":"lucas-sc0"},"content":"","lastModifiedDate":"2024-10-08","isFullCredit":false},{"lineNumber":117,"author":{"gitId":"lucas-sc0"},"content":"    public String getInvalidDateMessage(String field, String value) {","lastModifiedDate":"2024-10-08","isFullCredit":false},{"lineNumber":118,"author":{"gitId":"danusan-s"},"content":"        return \"    Invalid value for field \u0027\" + field + \"\u0027. \" +","lastModifiedDate":"2024-10-09","isFullCredit":false},{"lineNumber":119,"author":{"gitId":"danusan-s"},"content":"                \"Expected type: Date (format: dd/MM/yyyy), got: \u0027\" + value + \"\u0027\";","lastModifiedDate":"2024-10-09","isFullCredit":false},{"lineNumber":120,"author":{"gitId":"lucas-sc0"},"content":"    }","lastModifiedDate":"2024-10-08","isFullCredit":false},{"lineNumber":121,"author":{"gitId":"lucas-sc0"},"content":"","lastModifiedDate":"2024-10-08","isFullCredit":false},{"lineNumber":122,"author":{"gitId":"lucas-sc0"},"content":"    public String getInvalidNullMessage(String field, String value) {","lastModifiedDate":"2024-10-08","isFullCredit":false},{"lineNumber":123,"author":{"gitId":"lucas-sc0"},"content":"        return \"    Invalid value for field \u0027\" + field + \"\u0027. Expected type: Null, got: \u0027\" + value + \"\u0027\";","lastModifiedDate":"2024-10-08","isFullCredit":false},{"lineNumber":124,"author":{"gitId":"lucas-sc0"},"content":"    }","lastModifiedDate":"2024-10-08","isFullCredit":false},{"lineNumber":125,"author":{"gitId":"lucas-sc0"},"content":"","lastModifiedDate":"2024-10-08","isFullCredit":false},{"lineNumber":126,"author":{"gitId":"lucas-sc0"},"content":"    public String getUnknownTypeMessage(String field) {","lastModifiedDate":"2024-10-08","isFullCredit":false},{"lineNumber":127,"author":{"gitId":"lucas-sc0"},"content":"        return \"    Unknown field type for field \u0027\" + field + \"\u0027.\";","lastModifiedDate":"2024-10-08","isFullCredit":false},{"lineNumber":128,"author":{"gitId":"lucas-sc0"},"content":"    }","lastModifiedDate":"2024-10-08","isFullCredit":false},{"lineNumber":129,"author":{"gitId":"lucas-sc0"},"content":"}","lastModifiedDate":"2024-10-08","isFullCredit":false}],"authorContributionMap":{"danusan-s":5,"lucas-sc0":124}},{"path":"src/test/java/seedu/inventra/InventraTest.java","fileType":"test-code","lines":[{"lineNumber":1,"author":{"gitId":"tayjerom"},"content":"package seedu.inventra;","lastModifiedDate":"2024-10-03","isFullCredit":false},{"lineNumber":2,"author":{"gitId":"-"},"content":"","lastModifiedDate":"2020-05-24","isFullCredit":false},{"lineNumber":3,"author":{"gitId":"-"},"content":"import static org.junit.jupiter.api.Assertions.assertTrue;","lastModifiedDate":"2020-05-24","isFullCredit":false},{"lineNumber":4,"author":{"gitId":"-"},"content":"","lastModifiedDate":"2020-05-24","isFullCredit":false},{"lineNumber":5,"author":{"gitId":"-"},"content":"import org.junit.jupiter.api.Test;","lastModifiedDate":"2020-05-24","isFullCredit":false},{"lineNumber":6,"author":{"gitId":"-"},"content":"","lastModifiedDate":"2020-05-24","isFullCredit":false},{"lineNumber":7,"author":{"gitId":"tayjerom"},"content":"class InventraTest {","lastModifiedDate":"2024-10-03","isFullCredit":false},{"lineNumber":8,"author":{"gitId":"-"},"content":"    @Test","lastModifiedDate":"2020-05-24","isFullCredit":false},{"lineNumber":9,"author":{"gitId":"-"},"content":"    public void sampleTest() {","lastModifiedDate":"2020-05-24","isFullCredit":false},{"lineNumber":10,"author":{"gitId":"-"},"content":"        assertTrue(true);","lastModifiedDate":"2020-05-24","isFullCredit":false},{"lineNumber":11,"author":{"gitId":"-"},"content":"    }","lastModifiedDate":"2020-05-24","isFullCredit":false},{"lineNumber":12,"author":{"gitId":"-"},"content":"}","lastModifiedDate":"2020-05-24","isFullCredit":false}],"authorContributionMap":{"tayjerom":2,"-":10}},{"path":"tp/.idea/workspace.xml","fileType":"other","lines":[{"lineNumber":1,"author":{"gitId":"tayjerom"},"content":"\u003c?xml version\u003d\"1.0\" encoding\u003d\"UTF-8\"?\u003e","lastModifiedDate":"2024-10-08","isFullCredit":false},{"lineNumber":2,"author":{"gitId":"tayjerom"},"content":"\u003cproject version\u003d\"4\"\u003e","lastModifiedDate":"2024-10-08","isFullCredit":false},{"lineNumber":3,"author":{"gitId":"tayjerom"},"content":"  \u003ccomponent name\u003d\"ChangeListManager\"\u003e","lastModifiedDate":"2024-10-08","isFullCredit":false},{"lineNumber":4,"author":{"gitId":"tayjerom"},"content":"    \u003clist default\u003d\"true\" id\u003d\"6748102e-faa0-46c8-ad43-db4e6ea0bed2\" name\u003d\"Changes\" comment\u003d\"\" /\u003e","lastModifiedDate":"2024-10-08","isFullCredit":false},{"lineNumber":5,"author":{"gitId":"tayjerom"},"content":"    \u003coption name\u003d\"SHOW_DIALOG\" value\u003d\"false\" /\u003e","lastModifiedDate":"2024-10-08","isFullCredit":false},{"lineNumber":6,"author":{"gitId":"tayjerom"},"content":"    \u003coption name\u003d\"HIGHLIGHT_CONFLICTS\" value\u003d\"true\" /\u003e","lastModifiedDate":"2024-10-08","isFullCredit":false},{"lineNumber":7,"author":{"gitId":"tayjerom"},"content":"    \u003coption name\u003d\"HIGHLIGHT_NON_ACTIVE_CHANGELIST\" value\u003d\"false\" /\u003e","lastModifiedDate":"2024-10-08","isFullCredit":false},{"lineNumber":8,"author":{"gitId":"tayjerom"},"content":"    \u003coption name\u003d\"LAST_RESOLUTION\" value\u003d\"IGNORE\" /\u003e","lastModifiedDate":"2024-10-08","isFullCredit":false},{"lineNumber":9,"author":{"gitId":"tayjerom"},"content":"  \u003c/component\u003e","lastModifiedDate":"2024-10-08","isFullCredit":false},{"lineNumber":10,"author":{"gitId":"tayjerom"},"content":"  \u003ccomponent name\u003d\"Git.Settings\"\u003e","lastModifiedDate":"2024-10-08","isFullCredit":false},{"lineNumber":11,"author":{"gitId":"tayjerom"},"content":"    \u003coption name\u003d\"RECENT_GIT_ROOT_PATH\" value\u003d\"$PROJECT_DIR$/..\" /\u003e","lastModifiedDate":"2024-10-08","isFullCredit":false},{"lineNumber":12,"author":{"gitId":"tayjerom"},"content":"  \u003c/component\u003e","lastModifiedDate":"2024-10-08","isFullCredit":false},{"lineNumber":13,"author":{"gitId":"tayjerom"},"content":"  \u003ccomponent name\u003d\"ProjectColorInfo\"\u003e\u003c![CDATA[{","lastModifiedDate":"2024-10-08","isFullCredit":false},{"lineNumber":14,"author":{"gitId":"tayjerom"},"content":"  \"associatedIndex\": 3","lastModifiedDate":"2024-10-08","isFullCredit":false},{"lineNumber":15,"author":{"gitId":"tayjerom"},"content":"}]]\u003e\u003c/component\u003e","lastModifiedDate":"2024-10-08","isFullCredit":false},{"lineNumber":16,"author":{"gitId":"tayjerom"},"content":"  \u003ccomponent name\u003d\"ProjectId\" id\u003d\"2n78hY1Bs6jgblodoFcHNEUzMvE\" /\u003e","lastModifiedDate":"2024-10-08","isFullCredit":false},{"lineNumber":17,"author":{"gitId":"tayjerom"},"content":"  \u003ccomponent name\u003d\"ProjectViewState\"\u003e","lastModifiedDate":"2024-10-08","isFullCredit":false},{"lineNumber":18,"author":{"gitId":"tayjerom"},"content":"    \u003coption name\u003d\"hideEmptyMiddlePackages\" value\u003d\"true\" /\u003e","lastModifiedDate":"2024-10-08","isFullCredit":false},{"lineNumber":19,"author":{"gitId":"tayjerom"},"content":"    \u003coption name\u003d\"showLibraryContents\" value\u003d\"true\" /\u003e","lastModifiedDate":"2024-10-08","isFullCredit":false},{"lineNumber":20,"author":{"gitId":"tayjerom"},"content":"  \u003c/component\u003e","lastModifiedDate":"2024-10-08","isFullCredit":false},{"lineNumber":21,"author":{"gitId":"tayjerom"},"content":"  \u003ccomponent name\u003d\"PropertiesComponent\"\u003e\u003c![CDATA[{","lastModifiedDate":"2024-10-08","isFullCredit":false},{"lineNumber":22,"author":{"gitId":"tayjerom"},"content":"  \"keyToString\": {","lastModifiedDate":"2024-10-08","isFullCredit":false},{"lineNumber":23,"author":{"gitId":"tayjerom"},"content":"    \"RunOnceActivity.ShowReadmeOnStart\": \"true\",","lastModifiedDate":"2024-10-08","isFullCredit":false},{"lineNumber":24,"author":{"gitId":"tayjerom"},"content":"    \"git-widget-placeholder\": \"issue-5-add-d-command\",","lastModifiedDate":"2024-10-08","isFullCredit":false},{"lineNumber":25,"author":{"gitId":"tayjerom"},"content":"    \"kotlin-language-version-configured\": \"true\",","lastModifiedDate":"2024-10-08","isFullCredit":false},{"lineNumber":26,"author":{"gitId":"tayjerom"},"content":"    \"last_opened_file_path\": \"C:/Users/Jerome/Desktop/CS2113/tp\",","lastModifiedDate":"2024-10-08","isFullCredit":false},{"lineNumber":27,"author":{"gitId":"tayjerom"},"content":"    \"nodejs_package_manager_path\": \"npm\",","lastModifiedDate":"2024-10-08","isFullCredit":false},{"lineNumber":28,"author":{"gitId":"tayjerom"},"content":"    \"onboarding.tips.debug.path\": \"C:/Users/Jerome/Desktop/CS2113/tp/tp/src/Main.java\",","lastModifiedDate":"2024-10-08","isFullCredit":false},{"lineNumber":29,"author":{"gitId":"tayjerom"},"content":"    \"vue.rearranger.settings.migration\": \"true\"","lastModifiedDate":"2024-10-08","isFullCredit":false},{"lineNumber":30,"author":{"gitId":"tayjerom"},"content":"  }","lastModifiedDate":"2024-10-08","isFullCredit":false},{"lineNumber":31,"author":{"gitId":"tayjerom"},"content":"}]]\u003e\u003c/component\u003e","lastModifiedDate":"2024-10-08","isFullCredit":false},{"lineNumber":32,"author":{"gitId":"tayjerom"},"content":"  \u003ccomponent name\u003d\"SharedIndexes\"\u003e","lastModifiedDate":"2024-10-08","isFullCredit":false},{"lineNumber":33,"author":{"gitId":"tayjerom"},"content":"    \u003cattachedChunks\u003e","lastModifiedDate":"2024-10-08","isFullCredit":false},{"lineNumber":34,"author":{"gitId":"tayjerom"},"content":"      \u003cset\u003e","lastModifiedDate":"2024-10-08","isFullCredit":false},{"lineNumber":35,"author":{"gitId":"tayjerom"},"content":"        \u003coption value\u003d\"bundled-jdk-9823dce3aa75-b114ca120d71-intellij.indexing.shared.core-IU-242.20224.387\" /\u003e","lastModifiedDate":"2024-10-08","isFullCredit":false},{"lineNumber":36,"author":{"gitId":"tayjerom"},"content":"        \u003coption value\u003d\"bundled-js-predefined-d6986cc7102b-410509235cf1-JavaScript-IU-242.20224.387\" /\u003e","lastModifiedDate":"2024-10-08","isFullCredit":false},{"lineNumber":37,"author":{"gitId":"tayjerom"},"content":"      \u003c/set\u003e","lastModifiedDate":"2024-10-08","isFullCredit":false},{"lineNumber":38,"author":{"gitId":"tayjerom"},"content":"    \u003c/attachedChunks\u003e","lastModifiedDate":"2024-10-08","isFullCredit":false},{"lineNumber":39,"author":{"gitId":"tayjerom"},"content":"  \u003c/component\u003e","lastModifiedDate":"2024-10-08","isFullCredit":false},{"lineNumber":40,"author":{"gitId":"tayjerom"},"content":"  \u003ccomponent name\u003d\"SpellCheckerSettings\" RuntimeDictionaries\u003d\"0\" Folders\u003d\"0\" CustomDictionaries\u003d\"0\" DefaultDictionary\u003d\"application-level\" UseSingleDictionary\u003d\"true\" transferred\u003d\"true\" /\u003e","lastModifiedDate":"2024-10-08","isFullCredit":false},{"lineNumber":41,"author":{"gitId":"tayjerom"},"content":"  \u003ccomponent name\u003d\"TaskManager\"\u003e","lastModifiedDate":"2024-10-08","isFullCredit":false},{"lineNumber":42,"author":{"gitId":"tayjerom"},"content":"    \u003ctask active\u003d\"true\" id\u003d\"Default\" summary\u003d\"Default task\"\u003e","lastModifiedDate":"2024-10-08","isFullCredit":false},{"lineNumber":43,"author":{"gitId":"tayjerom"},"content":"      \u003cchangelist id\u003d\"6748102e-faa0-46c8-ad43-db4e6ea0bed2\" name\u003d\"Changes\" comment\u003d\"\" /\u003e","lastModifiedDate":"2024-10-08","isFullCredit":false},{"lineNumber":44,"author":{"gitId":"tayjerom"},"content":"      \u003ccreated\u003e1728312876955\u003c/created\u003e","lastModifiedDate":"2024-10-08","isFullCredit":false},{"lineNumber":45,"author":{"gitId":"tayjerom"},"content":"      \u003coption name\u003d\"number\" value\u003d\"Default\" /\u003e","lastModifiedDate":"2024-10-08","isFullCredit":false},{"lineNumber":46,"author":{"gitId":"tayjerom"},"content":"      \u003coption name\u003d\"presentableId\" value\u003d\"Default\" /\u003e","lastModifiedDate":"2024-10-08","isFullCredit":false},{"lineNumber":47,"author":{"gitId":"tayjerom"},"content":"      \u003cupdated\u003e1728312876955\u003c/updated\u003e","lastModifiedDate":"2024-10-08","isFullCredit":false},{"lineNumber":48,"author":{"gitId":"tayjerom"},"content":"      \u003cworkItem from\u003d\"1728312878040\" duration\u003d\"112000\" /\u003e","lastModifiedDate":"2024-10-08","isFullCredit":false},{"lineNumber":49,"author":{"gitId":"tayjerom"},"content":"    \u003c/task\u003e","lastModifiedDate":"2024-10-08","isFullCredit":false},{"lineNumber":50,"author":{"gitId":"tayjerom"},"content":"    \u003cservers /\u003e","lastModifiedDate":"2024-10-08","isFullCredit":false},{"lineNumber":51,"author":{"gitId":"tayjerom"},"content":"  \u003c/component\u003e","lastModifiedDate":"2024-10-08","isFullCredit":false},{"lineNumber":52,"author":{"gitId":"tayjerom"},"content":"  \u003ccomponent name\u003d\"TypeScriptGeneratedFilesManager\"\u003e","lastModifiedDate":"2024-10-08","isFullCredit":false},{"lineNumber":53,"author":{"gitId":"tayjerom"},"content":"    \u003coption name\u003d\"version\" value\u003d\"3\" /\u003e","lastModifiedDate":"2024-10-08","isFullCredit":false},{"lineNumber":54,"author":{"gitId":"tayjerom"},"content":"  \u003c/component\u003e","lastModifiedDate":"2024-10-08","isFullCredit":false},{"lineNumber":55,"author":{"gitId":"tayjerom"},"content":"  \u003ccomponent name\u003d\"XDebuggerManager\"\u003e","lastModifiedDate":"2024-10-08","isFullCredit":false},{"lineNumber":56,"author":{"gitId":"tayjerom"},"content":"    \u003cbreakpoint-manager\u003e","lastModifiedDate":"2024-10-08","isFullCredit":false},{"lineNumber":57,"author":{"gitId":"tayjerom"},"content":"      \u003cbreakpoints\u003e","lastModifiedDate":"2024-10-08","isFullCredit":false},{"lineNumber":58,"author":{"gitId":"tayjerom"},"content":"        \u003cline-breakpoint enabled\u003d\"true\" type\u003d\"java-line\"\u003e","lastModifiedDate":"2024-10-08","isFullCredit":false},{"lineNumber":59,"author":{"gitId":"tayjerom"},"content":"          \u003curl\u003efile://$PROJECT_DIR$/src/Main.java\u003c/url\u003e","lastModifiedDate":"2024-10-08","isFullCredit":false},{"lineNumber":60,"author":{"gitId":"tayjerom"},"content":"          \u003cline\u003e11\u003c/line\u003e","lastModifiedDate":"2024-10-08","isFullCredit":false},{"lineNumber":61,"author":{"gitId":"tayjerom"},"content":"          \u003coption name\u003d\"timeStamp\" value\u003d\"1\" /\u003e","lastModifiedDate":"2024-10-08","isFullCredit":false},{"lineNumber":62,"author":{"gitId":"tayjerom"},"content":"        \u003c/line-breakpoint\u003e","lastModifiedDate":"2024-10-08","isFullCredit":false},{"lineNumber":63,"author":{"gitId":"tayjerom"},"content":"      \u003c/breakpoints\u003e","lastModifiedDate":"2024-10-08","isFullCredit":false},{"lineNumber":64,"author":{"gitId":"tayjerom"},"content":"    \u003c/breakpoint-manager\u003e","lastModifiedDate":"2024-10-08","isFullCredit":false},{"lineNumber":65,"author":{"gitId":"tayjerom"},"content":"  \u003c/component\u003e","lastModifiedDate":"2024-10-08","isFullCredit":false},{"lineNumber":66,"author":{"gitId":"tayjerom"},"content":"\u003c/project\u003e","lastModifiedDate":"2024-10-08","isFullCredit":false}],"authorContributionMap":{"tayjerom":66}}]
