{"authorDailyContributionsMap":{"LuxLucky7":[],"DucPhong135":[{"date":"2024-10-03","commitResults":[{"hash":"7df0f7ad83d6c44beaa493d5d6ab67ea0c8e3aff","isMergeCommit":false,"messageTitle":"about us update","messageBody":"","fileTypesAndContributionMap":{"docs":{"insertions":4,"deletions":7}}},{"hash":"ecaeaba413415c15aaa427f66ddd01b8431f15c7","isMergeCommit":true,"messageTitle":"about us update 2","messageBody":"","fileTypesAndContributionMap":{}},{"hash":"7258442183ae3320f7783fc730adc5d0d94a20e6","isMergeCommit":true,"messageTitle":"Merge pull request #2 from DucPhong135/Phong-AboutUs","messageBody":"about us update","fileTypesAndContributionMap":{}}]},{"date":"2024-10-18","commitResults":[{"hash":"9c6d5bf9fbe1874c5da7e0ca435c812d5a766082","isMergeCommit":false,"messageTitle":"Modify view command to use Inventra Exception","messageBody":"","fileTypesAndContributionMap":{"functional-code":{"insertions":33,"deletions":26}}},{"hash":"836272d6813334d30bd5a5b016926158049f2f6b","isMergeCommit":true,"messageTitle":"Merge pull request #29 from AY2425S1-CS2113-T11-4/branch-#29","messageBody":"Modify view command to use Inventra Exception","fileTypesAndContributionMap":{}},{"hash":"8dec487aa4450074de87e7596090f9204da13297","isMergeCommit":false,"messageTitle":"Add a new exception for too many argument being passed to a command and modify view command to use that exception","messageBody":"","fileTypesAndContributionMap":{"functional-code":{"insertions":19,"deletions":7}}},{"hash":"43fda354abb94ca20d4b0945dbb85e0599d80332","isMergeCommit":true,"messageTitle":"Merge pull request #34 from DucPhong135/master","messageBody":"Add new exception for too many arguments passed to a command","fileTypesAndContributionMap":{}}]},{"date":"2024-10-24","commitResults":[{"hash":"c1a24acd7c110043d2ac307243c3573106ba6888","isMergeCommit":false,"messageTitle":"add view command view -f","messageBody":"","fileTypesAndContributionMap":{"functional-code":{"insertions":69,"deletions":12}}},{"hash":"97a44bdb81f7d128c91f2f64f18d40e44cbb5b03","isMergeCommit":true,"messageTitle":"Merge branch \u0027AY2425S1-CS2113-T11-4:master\u0027 into master","messageBody":"","fileTypesAndContributionMap":{}},{"hash":"ed2d76fab74104dcb2a6a0e351feb0f450dd9544","isMergeCommit":true,"messageTitle":"Merge pull request #46 from DucPhong135/master","messageBody":"add view command by keyword view -f","fileTypesAndContributionMap":{}}]},{"date":"2024-10-31","commitResults":[{"hash":"bc7f010027846f4e06d6fd92b042aca3d3cccc63","isMergeCommit":false,"messageTitle":"add ViewCommandTest","messageBody":"","fileTypesAndContributionMap":{"test-code":{"insertions":103,"deletions":0}}},{"hash":"e441e97156537f24b91d9fa98241319661c6c9e1","isMergeCommit":true,"messageTitle":"Merge pull request #60 from DucPhong135/master","messageBody":"add ViewCommandTest","fileTypesAndContributionMap":{}}]}],"danusan-s":[{"date":"2024-10-03","commitResults":[{"hash":"38d99addb3a4ba474c521fd18fb20870f7fb6ee2","isMergeCommit":false,"messageTitle":"Added member info","messageBody":"","fileTypesAndContributionMap":{"docs":{"insertions":1,"deletions":5}}},{"hash":"7df062208a2a9f82be5150840ce8abb3e20a1518","isMergeCommit":true,"messageTitle":"Merge pull request #1 from danusan-s/danusan-AboutUs","messageBody":"Added Danusan\u0027s member info","fileTypesAndContributionMap":{}}]},{"date":"2024-10-08","commitResults":[{"hash":"e57e85b1b9e4a17dff7448e6b48220986f9ca4fe","isMergeCommit":false,"messageTitle":"Fixed case indenting","messageBody":"","fileTypesAndContributionMap":{"functional-code":{"insertions":32,"deletions":32}}},{"hash":"d4dfd63c206bddfd6542196923f7114185fac616","isMergeCommit":false,"messageTitle":"Added single index delete","messageBody":"","fileTypesAndContributionMap":{"functional-code":{"insertions":25,"deletions":0}}},{"hash":"7b7b890a3d0b9cef11c73f4335fdef4aec100e24","isMergeCommit":true,"messageTitle":"Merge pull request #12 from danusan-s/danusan-Delete","messageBody":"danusan-delete","fileTypesAndContributionMap":{}}]},{"date":"2024-10-09","commitResults":[{"hash":"2bd1dd1a9059a3008de33f33232cf65ed31d9341","isMergeCommit":false,"messageTitle":"Fixed build files and errors","messageBody":"","fileTypesAndContributionMap":{"functional-code":{"insertions":5,"deletions":2},"other":{"insertions":2,"deletions":2}}},{"hash":"72ee39e81af790a75897fbf4d44211362fbd2954","isMergeCommit":true,"messageTitle":"Merge pull request #15 from danusan-s/danusan-build_fix","messageBody":"Fixed gradle build files and errors","fileTypesAndContributionMap":{}}]},{"date":"2024-10-17","commitResults":[{"hash":"5029cff3081981c5948bc61bcd228ad5cdb35c5e","isMergeCommit":false,"messageTitle":"Changed delete command to fit codebase","messageBody":"","fileTypesAndContributionMap":{"functional-code":{"insertions":17,"deletions":9}}},{"hash":"3a469fe1f5d339c7a618d5500148876121cfd16e","isMergeCommit":true,"messageTitle":"Merge pull request #22 from danusan-s/danusan-test-delete","messageBody":"Changed delete command to fit codebase","fileTypesAndContributionMap":{}},{"hash":"9c6c6bb3a6f3348fe9ab382024bda945d261dd4a","isMergeCommit":false,"messageTitle":"Replace multi imports with single imports","messageBody":"","fileTypesAndContributionMap":{"functional-code":{"insertions":10,"deletions":2}}},{"hash":"1a4d59f806a42cb016e08ff265630e258df56ad7","isMergeCommit":false,"messageTitle":"Removed usage of absolute path","messageBody":"","fileTypesAndContributionMap":{"functional-code":{"insertions":2,"deletions":2}}},{"hash":"1578e8cd2e963facadd07c7b82fa2ec166a013cb","isMergeCommit":true,"messageTitle":"Merge pull request #23 from danusan-s/danusan-Fix-CI","messageBody":"Replace multi imports with single imports and Removed absolute path","fileTypesAndContributionMap":{}},{"hash":"7900781386506b41930359ebdff7cc0faf1c3179","isMergeCommit":false,"messageTitle":"Added number related exceptions","messageBody":"","fileTypesAndContributionMap":{"functional-code":{"insertions":39,"deletions":0}}},{"hash":"564faf467fbf22198d11696833a819c6db885a27","isMergeCommit":false,"messageTitle":"Added missing arguements exception","messageBody":"","fileTypesAndContributionMap":{"functional-code":{"insertions":30,"deletions":12}}},{"hash":"240f94b7799c64456e6284b19b5d421886220279","isMergeCommit":false,"messageTitle":"Made Delete command use Exceptions","messageBody":"","fileTypesAndContributionMap":{"functional-code":{"insertions":30,"deletions":22}}},{"hash":"c57ea4b5b44a15dcc88ef7dd7c2334110df64463","isMergeCommit":true,"messageTitle":"Merge pull request #26 from danusan-s/refactoring-exceptions","messageBody":"Refactoring exceptions","fileTypesAndContributionMap":{}},{"hash":"87891990e18e67c4d806e441066571b1c4ac4461","isMergeCommit":false,"messageTitle":"Added Delete Junit test","messageBody":"","fileTypesAndContributionMap":{"test-code":{"insertions":50,"deletions":0}}},{"hash":"98eeb7b4226d9261a772455dcf24223c056b1818","isMergeCommit":false,"messageTitle":"Modified test method name","messageBody":"","fileTypesAndContributionMap":{"test-code":{"insertions":2,"deletions":2}}},{"hash":"0c7a80bd9c7703d3f0f0ad43dca70ab775fba44e","isMergeCommit":true,"messageTitle":"Merge pull request #27 from danusan-s/added-delete-test","messageBody":"Added delete test","fileTypesAndContributionMap":{}}]},{"date":"2024-10-18","commitResults":[{"hash":"fb4aa1020c4ca9d295acf100bbe733444ac8b258","isMergeCommit":false,"messageTitle":"Cleaned up view and delete","messageBody":"","fileTypesAndContributionMap":{"functional-code":{"insertions":30,"deletions":33}}},{"hash":"1d986f611a9bc41ec4017b0b4eb5238eb10757ef","isMergeCommit":false,"messageTitle":"Added a lot more exceptions","messageBody":"","fileTypesAndContributionMap":{"functional-code":{"insertions":82,"deletions":27}}},{"hash":"0856f1af22dd144b969e3f74057bf865a2174fb0","isMergeCommit":false,"messageTitle":"Cleaned up ui class","messageBody":"","fileTypesAndContributionMap":{"functional-code":{"insertions":2,"deletions":47}}},{"hash":"1f3b256fd7494d297857f5ff3c3d0c1ad16d69cd","isMergeCommit":false,"messageTitle":"Updated junit tests","messageBody":"","fileTypesAndContributionMap":{"test-code":{"insertions":6,"deletions":4}}},{"hash":"b39aba471ebf6da8188cf0dba33b0c9381a1eec7","isMergeCommit":false,"messageTitle":"Temporarily removed absolute path","messageBody":"","fileTypesAndContributionMap":{"functional-code":{"insertions":1,"deletions":1}}},{"hash":"bee83c67dd5e929671578865c6ce11bbd34086b5","isMergeCommit":true,"messageTitle":"Merge pull request #31 from danusan-s/more-exceptions","messageBody":"More exceptions","fileTypesAndContributionMap":{}},{"hash":"055c6b5a621456a2b90863921c91bd3aba3a0e0f","isMergeCommit":false,"messageTitle":"Added ability to delete entire table and all records","messageBody":"","fileTypesAndContributionMap":{"functional-code":{"insertions":44,"deletions":13}}},{"hash":"2886f855fbd1972decbb12c973d34d243721753b","isMergeCommit":false,"messageTitle":"Added ability to delete an entire column","messageBody":"","fileTypesAndContributionMap":{"functional-code":{"insertions":16,"deletions":1}}},{"hash":"29a244504f62dd6805bca7c71af78f32db06fe75","isMergeCommit":false,"messageTitle":"Fixed style for delete command","messageBody":"","fileTypesAndContributionMap":{"functional-code":{"insertions":8,"deletions":4}}},{"hash":"005dcf42c45ee06dbf0b78e6ce75ea7d544918da","isMergeCommit":true,"messageTitle":"Merge pull request #33 from danusan-s/delete-headers","messageBody":"Delete headers and table","fileTypesAndContributionMap":{}},{"hash":"ce29ecd465767056c748b38fec2f79b90ce50975","isMergeCommit":false,"messageTitle":"Modified the extra args exception","messageBody":"","fileTypesAndContributionMap":{"functional-code":{"insertions":16,"deletions":16}}},{"hash":"ba91d577e1101541ddd0bbda203854cd617ba067","isMergeCommit":false,"messageTitle":"Added help command and removed exit command","messageBody":"","fileTypesAndContributionMap":{"functional-code":{"insertions":64,"deletions":72}}},{"hash":"8b2fb4a80efa3fa014dfaeb88088f3e00464316b","isMergeCommit":false,"messageTitle":"Modified text-ui-test","messageBody":"","fileTypesAndContributionMap":{"functional-code":{"insertions":11,"deletions":8}}},{"hash":"91f852db9c503b3f0d187aa3e27a99e1c8bcc8fb","isMergeCommit":true,"messageTitle":"Merge pull request #35 from danusan-s/help-command","messageBody":"Help command","fileTypesAndContributionMap":{}}]},{"date":"2024-10-23","commitResults":[{"hash":"7308ddbdb2470e1b264fd27edb9e9795f6bac9d5","isMergeCommit":false,"messageTitle":"Test coverage for entire delete command","messageBody":"","fileTypesAndContributionMap":{"functional-code":{"insertions":5,"deletions":3},"test-code":{"insertions":113,"deletions":13}}},{"hash":"e5b253a824142ae6bd27a939c6c2c0a571bc235a","isMergeCommit":false,"messageTitle":"Fixed checkstyle","messageBody":"","fileTypesAndContributionMap":{"test-code":{"insertions":40,"deletions":33}}},{"hash":"929119e9aef4dbbaf3f17f351a13e5408fc1c10d","isMergeCommit":true,"messageTitle":"Merge pull request #40 from danusan-s/delete-test-coverage","messageBody":"Test coverage for entire delete command","fileTypesAndContributionMap":{}},{"hash":"85fc0d4aa361e253d4bc21c2e161f2d862ca4a20","isMergeCommit":false,"messageTitle":"Make file path simpler and jar compatible","messageBody":"","fileTypesAndContributionMap":{"functional-code":{"insertions":19,"deletions":28},"test-code":{"insertions":2,"deletions":2}}},{"hash":"2384f85dd5dc433303f4a81b90c021b91560e979","isMergeCommit":false,"messageTitle":"Modify text-ui-test script to clear up data folder upon completion","messageBody":"","fileTypesAndContributionMap":{"other":{"insertions":4,"deletions":0}}},{"hash":"d190c6bc9d6c93c5c48fa47d17df3f9fa036f0d7","isMergeCommit":false,"messageTitle":"Update delete test","messageBody":"","fileTypesAndContributionMap":{"test-code":{"insertions":10,"deletions":13}}},{"hash":"1e7da8e715574d4462f1e8c9188146934d43f0d2","isMergeCommit":false,"messageTitle":"Reformatting to fix style","messageBody":"","fileTypesAndContributionMap":{"functional-code":{"insertions":6,"deletions":7}}},{"hash":"4e2acc037b049270023f033538dee16f571d1002","isMergeCommit":true,"messageTitle":"Merge pull request #41 from danusan-s/file-path-fix","messageBody":"Got rid of complex file path system","fileTypesAndContributionMap":{}},{"hash":"0c45ed4fcb1f4fe4f1112e58fcc1a29a1f9d1690","isMergeCommit":false,"messageTitle":"Added command specific help","messageBody":"","fileTypesAndContributionMap":{"functional-code":{"insertions":94,"deletions":42}}},{"hash":"577bcc3b83251e15939c1a3ebb7f8aff3f4c1fa4","isMergeCommit":true,"messageTitle":"Merge pull request #42 from danusan-s/better-help-command","messageBody":"Added command specific help","fileTypesAndContributionMap":{}},{"hash":"1ff3b8690a660134877e1bdbf0ea5d1b77057f34","isMergeCommit":false,"messageTitle":"Added delete range feature","messageBody":"","fileTypesAndContributionMap":{"functional-code":{"insertions":42,"deletions":13},"test-code":{"insertions":23,"deletions":0}}},{"hash":"044ecf60cd6d300d27644695cc6ae34f201d61c2","isMergeCommit":false,"messageTitle":"Formatted code to pass checkstyle","messageBody":"","fileTypesAndContributionMap":{"functional-code":{"insertions":19,"deletions":19},"test-code":{"insertions":1,"deletions":1}}},{"hash":"ade6a513bc6acaef53fe3fb8b8cf1e923bd0d472","isMergeCommit":true,"messageTitle":"Merge pull request #43 from danusan-s/delete-range","messageBody":"Delete range","fileTypesAndContributionMap":{}}]},{"date":"2024-10-26","commitResults":[{"hash":"e7258076ad96d30b80b9a672d63ab4e951c9de93","isMergeCommit":false,"messageTitle":"Complete test coverage","messageBody":"","fileTypesAndContributionMap":{"functional-code":{"insertions":6,"deletions":6},"test-code":{"insertions":8,"deletions":4}}},{"hash":"02eb4f96f7dcc1adad5b671f0c678c2dc50f1215","isMergeCommit":false,"messageTitle":"Added more help for new flags","messageBody":"","fileTypesAndContributionMap":{"functional-code":{"insertions":12,"deletions":0}}},{"hash":"70dad2ecdff5d5ccbc90528caa1cfed0d589bd27","isMergeCommit":false,"messageTitle":"Cleanup to fit checkstyle","messageBody":"Change add command test method names and reformatted viewCommand and\nDeleteCommandTest\n","fileTypesAndContributionMap":{"functional-code":{"insertions":13,"deletions":21},"test-code":{"insertions":11,"deletions":12}}},{"hash":"cfd01a3ea78d2e11092e5df52be3c2a241d9ca05","isMergeCommit":true,"messageTitle":"Merge pull request #55 from danusan-s/improve-delete","messageBody":"Improve delete test","fileTypesAndContributionMap":{}}]},{"date":"2024-10-27","commitResults":[{"hash":"e293591435f8f9566ea10be7fa7d703752c8ac92","isMergeCommit":false,"messageTitle":"Update user guide to include delete command","messageBody":"","fileTypesAndContributionMap":{"docs":{"insertions":19,"deletions":12}}},{"hash":"c7d5426574ab08d9f52fbcdc15e5e7f8e5bf095d","isMergeCommit":false,"messageTitle":"Added some info about delete in Developer Guide","messageBody":"","fileTypesAndContributionMap":{"docs":{"insertions":40,"deletions":0}}}]},{"date":"2024-10-29","commitResults":[{"hash":"507dabc49a9a98233a0c0d5e2a65fd104ace9077","isMergeCommit":true,"messageTitle":"Merge pull request #56 from danusan-s/developer-guide","messageBody":"Developer guide","fileTypesAndContributionMap":{}}]}],"tayjerom":[{"date":"2024-09-27","commitResults":[{"hash":"67968ae659094f72fa754c115d2c36fb3be332ce","isMergeCommit":false,"messageTitle":"Updating project title to \"Inventra\"","messageBody":"","fileTypesAndContributionMap":{"docs":{"insertions":1,"deletions":1}}}]},{"date":"2024-10-03","commitResults":[{"hash":"fe67b8181e49d45affd57bdb41b301240ea1affb","isMergeCommit":false,"messageTitle":"Implement \u0027add -l\u0027 function to add custom fields to store records","messageBody":"","fileTypesAndContributionMap":{"functional-code":{"insertions":76,"deletions":21},"other":{"insertions":2,"deletions":2}}},{"hash":"bb9722bb1751c1c5563b5d8301391fa40dad4e40","isMergeCommit":false,"messageTitle":"Fix gradle fail bug - missing semi-colon","messageBody":"","fileTypesAndContributionMap":{"functional-code":{"insertions":1,"deletions":1}}},{"hash":"2f980536188fa2837a30517cbe5dca16d05b1f2c","isMergeCommit":false,"messageTitle":"Fix Identation and Naming Convention","messageBody":"","fileTypesAndContributionMap":{"functional-code":{"insertions":3,"deletions":4},"other":{"insertions":0,"deletions":0}}},{"hash":"0d37110150ee9a112fad092f0f0fc11d119bc0ee","isMergeCommit":false,"messageTitle":"Fix bugs pertaining to proper method closing","messageBody":"","fileTypesAndContributionMap":{"functional-code":{"insertions":1,"deletions":0}}},{"hash":"c5827151d3014786d6f3d1de7c41faf8e3fff60c","isMergeCommit":false,"messageTitle":"Fix checkstyle violation","messageBody":"","fileTypesAndContributionMap":{"functional-code":{"insertions":1,"deletions":1}}},{"hash":"0fa9704fe40b97f2a47b6b4faf57916b38cab307","isMergeCommit":false,"messageTitle":"Implement \u0027add -d\u0027 function to add records according to custom fields.","messageBody":"","fileTypesAndContributionMap":{"functional-code":{"insertions":46,"deletions":2}}}]},{"date":"2024-10-07","commitResults":[{"hash":"5dd3989c12efdbe8a7125226e39327f5262dadae","isMergeCommit":true,"messageTitle":"Merge pull request #1 from tayjerom/issue-4-add-l-command","messageBody":"Implement \u0027add -l\u0027 command (Issue #4)","fileTypesAndContributionMap":{}},{"hash":"44a44ada1279342cc812f577298b67bf87bd2df5","isMergeCommit":true,"messageTitle":"Merge pull request #2 from tayjerom/issue-5-add-d-command","messageBody":"Implement \u0027add -d\u0027 command (Issue #5)","fileTypesAndContributionMap":{}}]},{"date":"2024-10-08","commitResults":[{"hash":"4794ad9dff561bd417fbd5d79972cf27aa4d945c","isMergeCommit":false,"messageTitle":"Updated file name to \u0027Inventra.java\u0027 to match convention for java standards","messageBody":"","fileTypesAndContributionMap":{"other":{"insertions":67,"deletions":1}}},{"hash":"65abdead5a12e1b2202e18df366a0ee42423f28c","isMergeCommit":true,"messageTitle":"Merge pull request #10 from tayjerom/issue-5-add-d-command","messageBody":"Implement add -d command","fileTypesAndContributionMap":{}},{"hash":"dcb0eff8f61f2d549b0571a1d52d9c61c69c4641","isMergeCommit":false,"messageTitle":"Fix minor bugs to the code pertaining to Logo","messageBody":"","fileTypesAndContributionMap":{"functional-code":{"insertions":1,"deletions":1}}},{"hash":"582fa7550f31574a871cd1410c96f91d386f1759","isMergeCommit":true,"messageTitle":"Merge branch \u0027master\u0027 of https://github.com/tayjerom/tp","messageBody":"","fileTypesAndContributionMap":{}},{"hash":"b155c717cba02b59b0c7e1b082440f06e4b7ccd1","isMergeCommit":true,"messageTitle":"Merge pull request #11 from tayjerom/master","messageBody":"Fix minor bug pertaining to Logo causing build errors","fileTypesAndContributionMap":{}}]},{"date":"2024-10-09","commitResults":[{"hash":"1dc4865d4f943d8017fc62ada3f7e77e6d66b623","isMergeCommit":false,"messageTitle":"Added user manual and fixed bug on invalid command","messageBody":"","fileTypesAndContributionMap":{"functional-code":{"insertions":34,"deletions":4}}},{"hash":"f9802f1c4b2c2ca1d6b65dc9ffbf73cf6eb4f616","isMergeCommit":false,"messageTitle":"Implement view command: view -a, and view \u003cID\u003e","messageBody":"","fileTypesAndContributionMap":{"functional-code":{"insertions":79,"deletions":5}}},{"hash":"940908d8517e5499164c84b1c41c402b02961888","isMergeCommit":false,"messageTitle":"Implement CSV import and export data function","messageBody":"","fileTypesAndContributionMap":{"functional-code":{"insertions":51,"deletions":4}}}]},{"date":"2024-10-10","commitResults":[{"hash":"fbf01d0b5aabb155542a8c171bc01d9e89a4f209","isMergeCommit":false,"messageTitle":"Add unit tests for AddCommand","messageBody":"","fileTypesAndContributionMap":{"test-code":{"insertions":66,"deletions":0}}},{"hash":"9dba0a98c172085325496350fece4d8952c04bc0","isMergeCommit":false,"messageTitle":"Update InventraTest.java for JUnit Testing","messageBody":"","fileTypesAndContributionMap":{"test-code":{"insertions":66,"deletions":0}}}]},{"date":"2024-10-17","commitResults":[{"hash":"10018ba2326d0a9273dd6750b538945dea1982b0","isMergeCommit":false,"messageTitle":"Fix bugs pertaining to duplicate headers fields, invalid field type and -hu","messageBody":"","fileTypesAndContributionMap":{"functional-code":{"insertions":153,"deletions":3}}},{"hash":"e719aaafdd39cf335d09fb362b3d91fd4401444c","isMergeCommit":true,"messageTitle":"Merge branch \u0027master\u0027 into add-h-check","messageBody":"","fileTypesAndContributionMap":{}},{"hash":"5cf2124db1a0fd1d62d71620307b18ab86e6ae7f","isMergeCommit":false,"messageTitle":"Update CSV file path","messageBody":"","fileTypesAndContributionMap":{"functional-code":{"insertions":1,"deletions":60}}},{"hash":"3f685c2c4cbe4dac62894afafdcbcb3bcbf887c5","isMergeCommit":true,"messageTitle":"Merge pull request #24 from tayjerom/add-h-check","messageBody":"Fix bugs pertaining to duplicated fields and invalid file types on \"add -h\" command","fileTypesAndContributionMap":{}},{"hash":"6e9a2d1d82cded54b6c316c27409346b07762649","isMergeCommit":false,"messageTitle":"Implement update to csv after deleting records + gradle fix","messageBody":"","fileTypesAndContributionMap":{"functional-code":{"insertions":48,"deletions":10},"other":{"insertions":0,"deletions":1}}},{"hash":"155dcea1b67d902eed87e240cb21d046f6ce5ee6","isMergeCommit":true,"messageTitle":"Merge pull request #25 from tayjerom/update-csv-after-deletion","messageBody":"Implement update to csv after deleting records + Gradle fix","fileTypesAndContributionMap":{}}]},{"date":"2024-10-18","commitResults":[{"hash":"447734121e317b7b6630e5b7a3b8ae0afcc495a9","isMergeCommit":false,"messageTitle":"Debug CSV header field types upon reload program, via assertion and logging","messageBody":"","fileTypesAndContributionMap":{"functional-code":{"insertions":113,"deletions":78},"test-code":{"insertions":1,"deletions":1}}},{"hash":"e47f0a8c7885f116dd812581ebc21ff39acc3bc2","isMergeCommit":true,"messageTitle":"Merge remote-tracking branch \u0027upstream/master\u0027 into fix-bugs-csv-header","messageBody":"","fileTypesAndContributionMap":{}},{"hash":"ed3a4bf89cc74645e6d7ea70d6fa9ca64c464d83","isMergeCommit":true,"messageTitle":"Merge pull request #28 from tayjerom/fix-bugs-csv-header","messageBody":"Fix bugs pertaining to CSV Header","fileTypesAndContributionMap":{}},{"hash":"79bba432ea082c801df3131962c8551387071013","isMergeCommit":false,"messageTitle":"Fix test-setup to create test CSV file and handle file pathing","messageBody":"","fileTypesAndContributionMap":{"test-code":{"insertions":12,"deletions":1}}},{"hash":"1917b3bac8e20d155d697500162cfd7c2d3870be","isMergeCommit":true,"messageTitle":"Merge pull request #30 from tayjerom/fix-test-filepath","messageBody":"Fix test-setup to create test CSV file and handle file pathing","fileTypesAndContributionMap":{}}]},{"date":"2024-10-23","commitResults":[{"hash":"47b6621d4e730793dcabbacc407dff0f013e2702","isMergeCommit":false,"messageTitle":"Enable assertion in build.gradle, removed add -l command","messageBody":"","fileTypesAndContributionMap":{"functional-code":{"insertions":0,"deletions":8},"other":{"insertions":4,"deletions":0}}},{"hash":"8f3967422d1ac9611fa20523342de979dba14fd0","isMergeCommit":false,"messageTitle":"Update InventraTest: Replace add -l with view -a to fix test failures","messageBody":"","fileTypesAndContributionMap":{"test-code":{"insertions":7,"deletions":2}}},{"hash":"c197918221536072d3bb0bd1a090689eb4c957bc","isMergeCommit":true,"messageTitle":"Merge pull request #45 from tayjerom/v2.0-start-v1","messageBody":"Enable assertion in build.gradle, removed add -l command","fileTypesAndContributionMap":{}},{"hash":"9e0b528eaf36b0de2f05bbcc1503d6dd862fea6a","isMergeCommit":false,"messageTitle":"Update AboutUs.md","messageBody":"Append personal GitHub information to team profiles.","fileTypesAndContributionMap":{"docs":{"insertions":2,"deletions":1}}}]},{"date":"2024-10-24","commitResults":[{"hash":"113493e7ba7cc31170ec7a2e28397b424aa3c37c","isMergeCommit":false,"messageTitle":"Update DeveloperGuide.md","messageBody":"Populate general details of Developer Guide (DG) consisting of:\r\n- Acknowledgement\r\n- Product Scope: Target user profile + Value Proposition\r\n- User Stories (updated)\r\n- Non-Functional Requirements\r\n- Glossary\r\n- Instructions for manual testing (WIP)\r\n\r\nIncluded enhancement documentation for [AddCommand]\r\n- with Architecture, Sequence and Class Diagram (WIP)","fileTypesAndContributionMap":{"docs":{"insertions":103,"deletions":14}}},{"hash":"fa11a0273377d1ffc423ea395906332c893f1641","isMergeCommit":false,"messageTitle":"Update DeveloperGuide.md","messageBody":"Changes made to include (WIP) annotations.","fileTypesAndContributionMap":{"docs":{"insertions":2,"deletions":17}}}]},{"date":"2024-11-01","commitResults":[{"hash":"5c3a2127d9fd7f9f4d33544ad5f110d8cdbd358f","isMergeCommit":false,"messageTitle":"Update UserGuide to include guide for Add, View, Exit commands","messageBody":"Changes made to the User Guide includes:\r\n- Refine Introduction, Quick Start, FAQ, Known Issues, and Command Summary\r\n- Included details for Add, View, Exit command","fileTypesAndContributionMap":{"docs":{"insertions":120,"deletions":9}}},{"hash":"075f5295220a975af3db7950cc5be4ebc202e4cf","isMergeCommit":false,"messageTitle":"Update DeveloperGuide to include UML diagrams.","messageBody":"- Included section on \u0027ViewCommand\u0027 with its respective details and  UML diagram\r\n- Included UML diagrams via generated PlantUML annotations.","fileTypesAndContributionMap":{"docs":{"insertions":83,"deletions":38}}},{"hash":"41c739b6230168c50a5a6379c13a22e2a58cca43","isMergeCommit":false,"messageTitle":"Update Developer Guide to include UML diagrams and View command","messageBody":"","fileTypesAndContributionMap":{"docs":{"insertions":378,"deletions":47}}},{"hash":"3019bfdbceadb67ea8dfc65c30b7d8cef790cccb","isMergeCommit":true,"messageTitle":"Merge remote-tracking branch \u0027upstream/master\u0027 into v2.0-Week11","messageBody":"","fileTypesAndContributionMap":{}},{"hash":"869ec8a660cd97cb1b6bec544eca6e90b018a826","isMergeCommit":true,"messageTitle":"Merge pull request #61 from tayjerom/v2.0-Week11","messageBody":"Update Developer Guide to include UML diagrams and View command","fileTypesAndContributionMap":{}}]},{"date":"2024-11-05","commitResults":[{"hash":"ed791a1819054d2a798e420556dcf42d9bc397e6","isMergeCommit":false,"messageTitle":"Remove add -hu command and update README.md","messageBody":"","fileTypesAndContributionMap":{"functional-code":{"insertions":1,"deletions":42},"test-code":{"insertions":0,"deletions":31}}},{"hash":"2aace1983124b83cd172734b3d4f3a0b3a7707f7","isMergeCommit":true,"messageTitle":"Merge pull request #63 from tayjerom/v2.0-remove-add-hu","messageBody":"Remove add -hu command and update README.md","fileTypesAndContributionMap":{}},{"hash":"94211ce1bcfec2ad3b0c8ff46d05aaa34833c65e","isMergeCommit":false,"messageTitle":"Fix Gradle and CI test for Add, View, CommandParser Test","messageBody":"","fileTypesAndContributionMap":{"functional-code":{"insertions":1,"deletions":3},"test-code":{"insertions":51,"deletions":33}}},{"hash":"4239a26b80d353ef8c4fae814cd3616476aa6ba4","isMergeCommit":true,"messageTitle":"Merge pull request #64 from tayjerom/v2.0-fix-GradleCI-Test","messageBody":"Fix Gradle and CI test for AddCommand, ViewCommand, CommandParser Test","fileTypesAndContributionMap":{}}]},{"date":"2024-11-06","commitResults":[{"hash":"400a06f27723d2ba402169021a3940c28047888f","isMergeCommit":false,"messageTitle":"Enhance Coverage Testing for overall code base (Add, Delete, View, Inventra, and Command Parser Test)","messageBody":"","fileTypesAndContributionMap":{"functional-code":{"insertions":20,"deletions":8},"test-code":{"insertions":134,"deletions":10}}},{"hash":"d7dff101e62aa244b8984fde978bdf17913ce3cb","isMergeCommit":true,"messageTitle":"Merge pull request #65 from tayjerom/v2.0-Further-ManualTest","messageBody":"Enhance Coverage Testing for overall code base (Add, Delete, View)","fileTypesAndContributionMap":{}},{"hash":"b26203d3ca9ecc33629decb9abb2b48aa2bbacaa","isMergeCommit":false,"messageTitle":"Fix delete -h command to update CSV after deleting header","messageBody":"","fileTypesAndContributionMap":{"functional-code":{"insertions":2,"deletions":0}}},{"hash":"6139e127285ea00379c24822af5a8a0b2d7db783","isMergeCommit":true,"messageTitle":"Merge pull request #66 from tayjerom/v2.0-CSVUpdate-delete-h","messageBody":"Fix delete -h command to update CSV after deleting header","fileTypesAndContributionMap":{}}]}],"lucas-sc0":[{"date":"2024-10-04","commitResults":[{"hash":"924a5f9b3841fa2b01f660917b0b62c504bc7981","isMergeCommit":false,"messageTitle":"Update AboutUs file","messageBody":"Added personal information to the file\n","fileTypesAndContributionMap":{"docs":{"insertions":2,"deletions":1}}}]},{"date":"2024-10-08","commitResults":[{"hash":"da798243dfaad3e7d6396454b328d8d884064108","isMergeCommit":true,"messageTitle":"Merge remote-tracking branch \u0027Upstream_repo/master\u0027","messageBody":"","fileTypesAndContributionMap":{}},{"hash":"aa0cbd93a046874e74cf9256f408e93806b4b6b7","isMergeCommit":false,"messageTitle":"Refactor code into packages and added add -h functionality","messageBody":"","fileTypesAndContributionMap":{"functional-code":{"insertions":243,"deletions":99}}},{"hash":"25b28109e9838cb5a45632a83e2018bab2668a4e","isMergeCommit":false,"messageTitle":"Refactor code to seperate ui element","messageBody":"","fileTypesAndContributionMap":{"functional-code":{"insertions":120,"deletions":52}}},{"hash":"c7b95201f0bf649a71eeb0b1b1c0b135f8ea8ff7","isMergeCommit":false,"messageTitle":"Update logo","messageBody":"","fileTypesAndContributionMap":{"functional-code":{"insertions":5,"deletions":6}}},{"hash":"8f84c6a49d95aabe87715d0945ee6eb3d7e18d2b","isMergeCommit":false,"messageTitle":"Update Ui","messageBody":"","fileTypesAndContributionMap":{"functional-code":{"insertions":94,"deletions":48}}},{"hash":"9f2fcaf4362dadca1f00c27fb4bf3f8d2b3b0660","isMergeCommit":true,"messageTitle":"Merge branch \u0027master\u0027 into master","messageBody":"","fileTypesAndContributionMap":{}},{"hash":"f5b3b77ef6f7df566112925b89f3921fdb296055","isMergeCommit":true,"messageTitle":"Merge pull request #13 from lucas-sc0/master","messageBody":"Added -h function and refactored code","fileTypesAndContributionMap":{}},{"hash":"26b849bab1694ed7015daa9f2b1055618964f379","isMergeCommit":false,"messageTitle":"Refactor delete function into command package","messageBody":"","fileTypesAndContributionMap":{"functional-code":{"insertions":68,"deletions":55}}},{"hash":"74fd9ed376806b2684901043d7aff4240b010636","isMergeCommit":true,"messageTitle":"Merge pull request #14 from lucas-sc0/master","messageBody":"Refactor delete function into command package","fileTypesAndContributionMap":{}}]},{"date":"2024-10-14","commitResults":[{"hash":"fb3bd8aa815ab7e6f3c02a77643bb71eea8a9474","isMergeCommit":true,"messageTitle":"Merge remote-tracking branch \u0027Upstream_repo/v1.0-JUnit-Test-AddCommand\u0027","messageBody":"","fileTypesAndContributionMap":{}},{"hash":"6f4cf6b6dab0bb1892f5e6525d5a920d8e2b608f","isMergeCommit":false,"messageTitle":"Implement dynamic file path","messageBody":"","fileTypesAndContributionMap":{"functional-code":{"insertions":1,"deletions":1}}},{"hash":"32dfa8d168c0dcc9072470e33b533eaa632f7a4e","isMergeCommit":false,"messageTitle":"Update InventraTest.java for JUnit Testing","messageBody":"- Create seperate csv file in test folder when running JUnit testing\n- Any existing csv file instance is destroyed upon run test\n","fileTypesAndContributionMap":{"test-code":{"insertions":19,"deletions":9}}},{"hash":"64ae97d5fcab8040777b4cd7ca4387d66256dd13","isMergeCommit":false,"messageTitle":"Fix inverted values in csv","messageBody":"","fileTypesAndContributionMap":{"functional-code":{"insertions":49,"deletions":22}}},{"hash":"a9a010ca84be750a9f31284238712a1407753c36","isMergeCommit":false,"messageTitle":"Pass dynamic file path into csv","messageBody":"","fileTypesAndContributionMap":{"functional-code":{"insertions":1,"deletions":1}}},{"hash":"e0e05f6561f9791bba194dd1e9d47308e5b22bfd","isMergeCommit":false,"messageTitle":"Update csv when new fields are added","messageBody":"","fileTypesAndContributionMap":{"functional-code":{"insertions":15,"deletions":21}}},{"hash":"5682f3c93be39068f7b9592ff4f792c144507259","isMergeCommit":false,"messageTitle":"Implement load data from csv file","messageBody":"","fileTypesAndContributionMap":{"functional-code":{"insertions":72,"deletions":15}}}]},{"date":"2024-10-15","commitResults":[{"hash":"bed095c67803e88b698cc62438086de862bdf78c","isMergeCommit":true,"messageTitle":"Merge pull request #17 from lucas-sc0/master","messageBody":"Update InventraTest.java for JUnit Testing ","fileTypesAndContributionMap":{}}]},{"date":"2024-10-16","commitResults":[{"hash":"4b183452c2958c97fa66f2e66c11efe41326a283","isMergeCommit":false,"messageTitle":"Update Csv class to create directory if it does not exist","messageBody":"","fileTypesAndContributionMap":{"functional-code":{"insertions":14,"deletions":0}}},{"hash":"44b94bb8be07e4767b785c9078140cce411e1776","isMergeCommit":true,"messageTitle":"Merge pull request #19 from lucas-sc0/Csv-Create-Directory","messageBody":"Update Csv class to create directory if it does not exist","fileTypesAndContributionMap":{}},{"hash":"d57f41ca8ab9099e25311609c143d996266b0d2d","isMergeCommit":false,"messageTitle":"Update InventraTest to load records from csv","messageBody":"","fileTypesAndContributionMap":{"test-code":{"insertions":8,"deletions":7}}},{"hash":"457b8e32c2bd1e251fbd9d5a97e1ed0eb8262b60","isMergeCommit":true,"messageTitle":"Merge pull request #20 from lucas-sc0/master","messageBody":"Update InventraTest to load records from csv","tags":["v0.1"],"fileTypesAndContributionMap":{}},{"hash":"75b3a5d37041534788863cf7a6096741eb10893c","isMergeCommit":true,"messageTitle":"Merge remote-tracking branch \u0027Upstream_repo/master\u0027","messageBody":"","fileTypesAndContributionMap":{}}]},{"date":"2024-10-18","commitResults":[{"hash":"59a47e6fc6e3267d7a947b28720986ca7fd7e855","isMergeCommit":true,"messageTitle":"Merge remote-tracking branch \u0027Upstream_repo/master\u0027 into Delete-Headers","messageBody":"","fileTypesAndContributionMap":{}},{"hash":"a11c03060c5f5465a8ae31197a6cc1fe26618acf","isMergeCommit":false,"messageTitle":"Standardise expected output between cmd and IntelliJ","messageBody":"","fileTypesAndContributionMap":{"functional-code":{"insertions":16,"deletions":3}}},{"hash":"451caea0dc0b88694941f53dfeb94bb8b0ea1ff7","isMergeCommit":true,"messageTitle":"Merge remote-tracking branch \u0027Upstream_repo/master\u0027 into merge-v0.2","messageBody":"","fileTypesAndContributionMap":{}},{"hash":"e328e4dd836e970c995c93851affc533b81f2f8d","isMergeCommit":false,"messageTitle":"Test relative path","messageBody":"","fileTypesAndContributionMap":{"functional-code":{"insertions":5,"deletions":13}}},{"hash":"62ab1b171a8950b4da6932575f7939201db42608","isMergeCommit":false,"messageTitle":"Standardize intelliJ and cmd filepath","messageBody":"","fileTypesAndContributionMap":{"functional-code":{"insertions":13,"deletions":5}}},{"hash":"dd66c901bd5e4c61281227e3025384ea11734588","isMergeCommit":true,"messageTitle":"Merge pull request #36 from lucas-sc0/lucas-merge-0.2","messageBody":"Lucas merge 0.2","tags":["v1.0"],"fileTypesAndContributionMap":{}}]},{"date":"2024-10-19","commitResults":[{"hash":"558fa3110b1ba5686938712269e62bc85debb29a","isMergeCommit":false,"messageTitle":"Fix handling of metadata upon deletion","messageBody":"","fileTypesAndContributionMap":{"functional-code":{"insertions":23,"deletions":6}}},{"hash":"dac435913b2b68114cad32427b64d0e3bb4f3a45","isMergeCommit":false,"messageTitle":"Update csv properly after delete -a \u0026 delete -e","messageBody":"","fileTypesAndContributionMap":{"functional-code":{"insertions":2,"deletions":0}}},{"hash":"8bd40793a5a5293ec517355c9630ac61983657df","isMergeCommit":false,"messageTitle":"Add new delete command flag variants into help command","messageBody":"","fileTypesAndContributionMap":{"functional-code":{"insertions":10,"deletions":2}}},{"hash":"198a305ec637591a3e73d342c3e0a18d1039cc6f","isMergeCommit":true,"messageTitle":"Merge pull request #38 from lucas-sc0/master","messageBody":"Fix issue with delete -a and delete -e","fileTypesAndContributionMap":{}},{"hash":"5cab9fc6b123bdb42de810fbb3c15d4f8ce692bb","isMergeCommit":false,"messageTitle":"Comment out unecessary debugging info","messageBody":"","fileTypesAndContributionMap":{"functional-code":{"insertions":3,"deletions":3}}},{"hash":"a9c2b09ffe5b6734c7f27d1a1f3e5edddd33d903","isMergeCommit":true,"messageTitle":"Merge pull request #39 from lucas-sc0/master","messageBody":"Comment out unecessary debugging info","tags":["assertions-enabled"],"fileTypesAndContributionMap":{}}]},{"date":"2024-10-24","commitResults":[{"hash":"1b5e345f5f32833a350e362e85ad059fd57796fe","isMergeCommit":false,"messageTitle":"Add assertions","messageBody":"- Constructor Assertions\n- Argument Length in execute()\n- Field Count Matching in handleAddRecord()\n- Null and Empty Checks in Critical Parts: Validates important values (e.g., fieldData, type, value) are not null or empty when being processed.\n","fileTypesAndContributionMap":{"functional-code":{"insertions":11,"deletions":23}}},{"hash":"edb529b6a19cfb5670c79c997a3f326c0822b2e1","isMergeCommit":false,"messageTitle":"Repackage add command test","messageBody":"","fileTypesAndContributionMap":{"test-code":{"insertions":131,"deletions":0}}},{"hash":"2bf43288b8d184ce2f494c5e163bdc436104c20d","isMergeCommit":true,"messageTitle":"Merge pull request #52 from lucas-sc0/test-merge-0.2","messageBody":"Refactor add testing","fileTypesAndContributionMap":{}}]},{"date":"2024-10-25","commitResults":[{"hash":"011026036caad4aac5b0defbeed07ad4df4983ed","isMergeCommit":false,"messageTitle":"Improve add command testing","messageBody":"","fileTypesAndContributionMap":{"functional-code":{"insertions":4,"deletions":14},"test-code":{"insertions":48,"deletions":2}}},{"hash":"e1e7a077fc2678b25fba0f022ea66c685b03dbeb","isMergeCommit":true,"messageTitle":"Merge pull request #53 from lucas-sc0/test-merge-0.2","messageBody":"Improve add command testing","fileTypesAndContributionMap":{}},{"hash":"6fa2632bc0e3819506de92b5686242de7c718f4b","isMergeCommit":false,"messageTitle":"Add exception class","messageBody":"","fileTypesAndContributionMap":{"functional-code":{"insertions":17,"deletions":0}}},{"hash":"56c38f7492ea19e75cf2cb348908f2641e5a1fd5","isMergeCommit":true,"messageTitle":"Merge pull request #54 from lucas-sc0/test-merge-0.2","messageBody":"Add exception class","fileTypesAndContributionMap":{}}]},{"date":"2024-10-30","commitResults":[{"hash":"c5c2b38adc4003efb8133b20adc795dc61cce4ae","isMergeCommit":false,"messageTitle":"Update developer guide","messageBody":"","fileTypesAndContributionMap":{"docs":{"insertions":11,"deletions":0}}},{"hash":"cdb80edfd21a497488543df5b6c28205e19d758d","isMergeCommit":false,"messageTitle":"Add abstract command class","messageBody":"","fileTypesAndContributionMap":{"functional-code":{"insertions":11,"deletions":4}}},{"hash":"aedae833bd64f348319810d5ce368b7177d38f28","isMergeCommit":false,"messageTitle":"Update code to use abstract command class","messageBody":"","fileTypesAndContributionMap":{"functional-code":{"insertions":20,"deletions":24}}},{"hash":"0634b9bf4944fc1cfdeb54ea88da75977ffdebb3","isMergeCommit":false,"messageTitle":"Remove arrowhead code","messageBody":"- Replaced with a single loop over records\n","fileTypesAndContributionMap":{"functional-code":{"insertions":40,"deletions":51}}},{"hash":"bfb2f41b9717a04bea8dc3f886e81467eaccf5ed","isMergeCommit":false,"messageTitle":"Improve output of view -f","messageBody":"- Standardize output to table format\n","fileTypesAndContributionMap":{"functional-code":{"insertions":21,"deletions":20}}},{"hash":"db2141213b83f6da5074e9664b8d896fcd20cc43","isMergeCommit":false,"messageTitle":"Improve add command testing","messageBody":"","fileTypesAndContributionMap":{"functional-code":{"insertions":5,"deletions":17},"test-code":{"insertions":332,"deletions":20}}},{"hash":"3525084b88dc857e96404177cef4abc5aefa5c40","isMergeCommit":true,"messageTitle":"Merge pull request #57 from lucas-sc0/More-OOP","messageBody":"More oop","fileTypesAndContributionMap":{}}]},{"date":"2024-10-31","commitResults":[{"hash":"0bdecacebd5b46e1ec346cdc7213a53be7cec1e6","isMergeCommit":false,"messageTitle":"Implement CommandParserTest","messageBody":"","fileTypesAndContributionMap":{"functional-code":{"insertions":6,"deletions":6},"test-code":{"insertions":92,"deletions":0}}},{"hash":"b5ac8b0ccda6afd3ac45a05743a015fe1545747b","isMergeCommit":true,"messageTitle":"Merge pull request #59 from lucas-sc0/More-OOP","messageBody":"Implement CommandParserTest","fileTypesAndContributionMap":{}}]},{"date":"2024-11-04","commitResults":[{"hash":"2229ad499ab5e66558c9f4e36300157754561aac","isMergeCommit":true,"messageTitle":"Merge remote-tracking branch \u0027Upstream_repo/master\u0027","messageBody":"","fileTypesAndContributionMap":{}},{"hash":"a7819d838cac2ed7053baca85f0d6f91bed46b56","isMergeCommit":true,"messageTitle":"Merge remote-tracking branch \u0027Upstream_repo/master\u0027","messageBody":"","fileTypesAndContributionMap":{}},{"hash":"7c120fce483aa682e8c7d64ea0d9544b53db159d","isMergeCommit":false,"messageTitle":"Add table of contents for DG","messageBody":"","fileTypesAndContributionMap":{"docs":{"insertions":12,"deletions":0}}},{"hash":"45188efb815b0c8173d2d3c85c660d6842ab220c","isMergeCommit":true,"messageTitle":"Merge pull request #62 from lucas-sc0/DG-Update","messageBody":"Dg update","fileTypesAndContributionMap":{}}]}]},"authorFileTypeContributionMap":{"LuxLucky7":{"docs":0,"functional-code":0,"test-code":0},"DucPhong135":{"docs":1,"functional-code":16,"test-code":100},"danusan-s":{"docs":53,"functional-code":426,"test-code":192,"other":6},"tayjerom":{"docs":442,"functional-code":219,"test-code":252,"other":70},"lucas-sc0":{"docs":14,"functional-code":434,"test-code":533}},"authorContributionVariance":{"LuxLucky7":0.0,"DucPhong135":476.72208,"danusan-s":12175.911,"tayjerom":13104.821,"lucas-sc0":20151.809},"authorDisplayNameMap":{"LuxLucky7":"CS2113-T11-4 CHOR..AKSH","DucPhong135":"CS2113-T11-4 NGUY..HONG","danusan-s":"CS2113-T11-4 SUGU..USAN","tayjerom":"CS2113-T11-4 JERO.. WEI","lucas-sc0":"CS2113-T11-4 LUCA..CHAN"}}
