{"authorDailyContributionsMap":{"LuxLucky7":[],"DucPhong135":[{"date":"2024-10-03","commitResults":[{"hash":"7df0f7ad83d6c44beaa493d5d6ab67ea0c8e3aff","isMergeCommit":false,"messageTitle":"about us update","messageBody":"","fileTypesAndContributionMap":{"docs":{"insertions":4,"deletions":7}}},{"hash":"ecaeaba413415c15aaa427f66ddd01b8431f15c7","isMergeCommit":true,"messageTitle":"about us update 2","messageBody":"","fileTypesAndContributionMap":{}},{"hash":"7258442183ae3320f7783fc730adc5d0d94a20e6","isMergeCommit":true,"messageTitle":"Merge pull request #2 from DucPhong135/Phong-AboutUs","messageBody":"about us update","fileTypesAndContributionMap":{}}]}],"danusan-s":[{"date":"2024-10-03","commitResults":[{"hash":"38d99addb3a4ba474c521fd18fb20870f7fb6ee2","isMergeCommit":false,"messageTitle":"Added member info","messageBody":"","fileTypesAndContributionMap":{"docs":{"insertions":1,"deletions":5}}},{"hash":"7df062208a2a9f82be5150840ce8abb3e20a1518","isMergeCommit":true,"messageTitle":"Merge pull request #1 from danusan-s/danusan-AboutUs","messageBody":"Added Danusan\u0027s member info","fileTypesAndContributionMap":{}}]},{"date":"2024-10-08","commitResults":[{"hash":"e57e85b1b9e4a17dff7448e6b48220986f9ca4fe","isMergeCommit":false,"messageTitle":"Fixed case indenting","messageBody":"","fileTypesAndContributionMap":{"functional-code":{"insertions":32,"deletions":32}}},{"hash":"d4dfd63c206bddfd6542196923f7114185fac616","isMergeCommit":false,"messageTitle":"Added single index delete","messageBody":"","fileTypesAndContributionMap":{"functional-code":{"insertions":25,"deletions":0}}},{"hash":"7b7b890a3d0b9cef11c73f4335fdef4aec100e24","isMergeCommit":true,"messageTitle":"Merge pull request #12 from danusan-s/danusan-Delete","messageBody":"danusan-delete","fileTypesAndContributionMap":{}}]},{"date":"2024-10-09","commitResults":[{"hash":"2bd1dd1a9059a3008de33f33232cf65ed31d9341","isMergeCommit":false,"messageTitle":"Fixed build files and errors","messageBody":"","fileTypesAndContributionMap":{"functional-code":{"insertions":5,"deletions":2},"other":{"insertions":2,"deletions":2}}},{"hash":"72ee39e81af790a75897fbf4d44211362fbd2954","isMergeCommit":true,"messageTitle":"Merge pull request #15 from danusan-s/danusan-build_fix","messageBody":"Fixed gradle build files and errors","fileTypesAndContributionMap":{}}]},{"date":"2024-10-17","commitResults":[{"hash":"5029cff3081981c5948bc61bcd228ad5cdb35c5e","isMergeCommit":false,"messageTitle":"Changed delete command to fit codebase","messageBody":"","fileTypesAndContributionMap":{"functional-code":{"insertions":17,"deletions":9}}},{"hash":"3a469fe1f5d339c7a618d5500148876121cfd16e","isMergeCommit":true,"messageTitle":"Merge pull request #22 from danusan-s/danusan-test-delete","messageBody":"Changed delete command to fit codebase","fileTypesAndContributionMap":{}},{"hash":"9c6c6bb3a6f3348fe9ab382024bda945d261dd4a","isMergeCommit":false,"messageTitle":"Replace multi imports with single imports","messageBody":"","fileTypesAndContributionMap":{"functional-code":{"insertions":10,"deletions":2}}},{"hash":"1a4d59f806a42cb016e08ff265630e258df56ad7","isMergeCommit":false,"messageTitle":"Removed usage of absolute path","messageBody":"","fileTypesAndContributionMap":{"functional-code":{"insertions":2,"deletions":2}}},{"hash":"1578e8cd2e963facadd07c7b82fa2ec166a013cb","isMergeCommit":true,"messageTitle":"Merge pull request #23 from danusan-s/danusan-Fix-CI","messageBody":"Replace multi imports with single imports and Removed absolute path","fileTypesAndContributionMap":{}}]}],"tayjerom":[{"date":"2024-09-27","commitResults":[{"hash":"67968ae659094f72fa754c115d2c36fb3be332ce","isMergeCommit":false,"messageTitle":"Updating project title to \"Inventra\"","messageBody":"","fileTypesAndContributionMap":{"docs":{"insertions":1,"deletions":1}}}]},{"date":"2024-10-03","commitResults":[{"hash":"fe67b8181e49d45affd57bdb41b301240ea1affb","isMergeCommit":false,"messageTitle":"Implement \u0027add -l\u0027 function to add custom fields to store records","messageBody":"","fileTypesAndContributionMap":{"functional-code":{"insertions":76,"deletions":21},"other":{"insertions":2,"deletions":2}}},{"hash":"bb9722bb1751c1c5563b5d8301391fa40dad4e40","isMergeCommit":false,"messageTitle":"Fix gradle fail bug - missing semi-colon","messageBody":"","fileTypesAndContributionMap":{"functional-code":{"insertions":1,"deletions":1}}},{"hash":"2f980536188fa2837a30517cbe5dca16d05b1f2c","isMergeCommit":false,"messageTitle":"Fix Identation and Naming Convention","messageBody":"","fileTypesAndContributionMap":{"functional-code":{"insertions":3,"deletions":4},"other":{"insertions":0,"deletions":0}}},{"hash":"0d37110150ee9a112fad092f0f0fc11d119bc0ee","isMergeCommit":false,"messageTitle":"Fix bugs pertaining to proper method closing","messageBody":"","fileTypesAndContributionMap":{"functional-code":{"insertions":1,"deletions":0}}},{"hash":"c5827151d3014786d6f3d1de7c41faf8e3fff60c","isMergeCommit":false,"messageTitle":"Fix checkstyle violation","messageBody":"","fileTypesAndContributionMap":{"functional-code":{"insertions":1,"deletions":1}}},{"hash":"0fa9704fe40b97f2a47b6b4faf57916b38cab307","isMergeCommit":false,"messageTitle":"Implement \u0027add -d\u0027 function to add records according to custom fields.","messageBody":"","fileTypesAndContributionMap":{"functional-code":{"insertions":46,"deletions":2}}}]},{"date":"2024-10-07","commitResults":[{"hash":"5dd3989c12efdbe8a7125226e39327f5262dadae","isMergeCommit":true,"messageTitle":"Merge pull request #1 from tayjerom/issue-4-add-l-command","messageBody":"Implement \u0027add -l\u0027 command (Issue #4)","fileTypesAndContributionMap":{}},{"hash":"44a44ada1279342cc812f577298b67bf87bd2df5","isMergeCommit":true,"messageTitle":"Merge pull request #2 from tayjerom/issue-5-add-d-command","messageBody":"Implement \u0027add -d\u0027 command (Issue #5)","fileTypesAndContributionMap":{}}]},{"date":"2024-10-08","commitResults":[{"hash":"4794ad9dff561bd417fbd5d79972cf27aa4d945c","isMergeCommit":false,"messageTitle":"Updated file name to \u0027Inventra.java\u0027 to match convention for java standards","messageBody":"","fileTypesAndContributionMap":{"other":{"insertions":67,"deletions":1}}},{"hash":"65abdead5a12e1b2202e18df366a0ee42423f28c","isMergeCommit":true,"messageTitle":"Merge pull request #10 from tayjerom/issue-5-add-d-command","messageBody":"Implement add -d command","fileTypesAndContributionMap":{}},{"hash":"dcb0eff8f61f2d549b0571a1d52d9c61c69c4641","isMergeCommit":false,"messageTitle":"Fix minor bugs to the code pertaining to Logo","messageBody":"","fileTypesAndContributionMap":{"functional-code":{"insertions":1,"deletions":1}}},{"hash":"582fa7550f31574a871cd1410c96f91d386f1759","isMergeCommit":true,"messageTitle":"Merge branch \u0027master\u0027 of https://github.com/tayjerom/tp","messageBody":"","fileTypesAndContributionMap":{}},{"hash":"b155c717cba02b59b0c7e1b082440f06e4b7ccd1","isMergeCommit":true,"messageTitle":"Merge pull request #11 from tayjerom/master","messageBody":"Fix minor bug pertaining to Logo causing build errors","fileTypesAndContributionMap":{}}]},{"date":"2024-10-09","commitResults":[{"hash":"1dc4865d4f943d8017fc62ada3f7e77e6d66b623","isMergeCommit":false,"messageTitle":"Added user manual and fixed bug on invalid command","messageBody":"","fileTypesAndContributionMap":{"functional-code":{"insertions":34,"deletions":4}}},{"hash":"f9802f1c4b2c2ca1d6b65dc9ffbf73cf6eb4f616","isMergeCommit":false,"messageTitle":"Implement view command: view -a, and view \u003cID\u003e","messageBody":"","fileTypesAndContributionMap":{"functional-code":{"insertions":79,"deletions":5}}},{"hash":"940908d8517e5499164c84b1c41c402b02961888","isMergeCommit":false,"messageTitle":"Implement CSV import and export data function","messageBody":"","fileTypesAndContributionMap":{"functional-code":{"insertions":51,"deletions":4}}}]},{"date":"2024-10-10","commitResults":[{"hash":"fbf01d0b5aabb155542a8c171bc01d9e89a4f209","isMergeCommit":false,"messageTitle":"Add unit tests for AddCommand","messageBody":"","fileTypesAndContributionMap":{"test-code":{"insertions":66,"deletions":0}}},{"hash":"9dba0a98c172085325496350fece4d8952c04bc0","isMergeCommit":false,"messageTitle":"Update InventraTest.java for JUnit Testing","messageBody":"","fileTypesAndContributionMap":{"test-code":{"insertions":66,"deletions":0}}}]},{"date":"2024-10-17","commitResults":[{"hash":"10018ba2326d0a9273dd6750b538945dea1982b0","isMergeCommit":false,"messageTitle":"Fix bugs pertaining to duplicate headers fields, invalid field type and -hu","messageBody":"","fileTypesAndContributionMap":{"functional-code":{"insertions":153,"deletions":3}}},{"hash":"e719aaafdd39cf335d09fb362b3d91fd4401444c","isMergeCommit":true,"messageTitle":"Merge branch \u0027master\u0027 into add-h-check","messageBody":"","fileTypesAndContributionMap":{}},{"hash":"5cf2124db1a0fd1d62d71620307b18ab86e6ae7f","isMergeCommit":false,"messageTitle":"Update CSV file path","messageBody":"","fileTypesAndContributionMap":{"functional-code":{"insertions":1,"deletions":60}}},{"hash":"3f685c2c4cbe4dac62894afafdcbcb3bcbf887c5","isMergeCommit":true,"messageTitle":"Merge pull request #24 from tayjerom/add-h-check","messageBody":"Fix bugs pertaining to duplicated fields and invalid file types on \"add -h\" command","fileTypesAndContributionMap":{}},{"hash":"6e9a2d1d82cded54b6c316c27409346b07762649","isMergeCommit":false,"messageTitle":"Implement update to csv after deleting records + gradle fix","messageBody":"","fileTypesAndContributionMap":{"functional-code":{"insertions":48,"deletions":10},"other":{"insertions":0,"deletions":1}}},{"hash":"155dcea1b67d902eed87e240cb21d046f6ce5ee6","isMergeCommit":true,"messageTitle":"Merge pull request #25 from tayjerom/update-csv-after-deletion","messageBody":"Implement update to csv after deleting records + Gradle fix","fileTypesAndContributionMap":{}}]}],"lucas-sc0":[{"date":"2024-10-04","commitResults":[{"hash":"924a5f9b3841fa2b01f660917b0b62c504bc7981","isMergeCommit":false,"messageTitle":"Update AboutUs file","messageBody":"Added personal information to the file\n","fileTypesAndContributionMap":{"docs":{"insertions":2,"deletions":1}}}]},{"date":"2024-10-08","commitResults":[{"hash":"da798243dfaad3e7d6396454b328d8d884064108","isMergeCommit":true,"messageTitle":"Merge remote-tracking branch \u0027Upstream_repo/master\u0027","messageBody":"","fileTypesAndContributionMap":{}},{"hash":"aa0cbd93a046874e74cf9256f408e93806b4b6b7","isMergeCommit":false,"messageTitle":"Refactor code into packages and added add -h functionality","messageBody":"","fileTypesAndContributionMap":{"functional-code":{"insertions":243,"deletions":99}}},{"hash":"25b28109e9838cb5a45632a83e2018bab2668a4e","isMergeCommit":false,"messageTitle":"Refactor code to seperate ui element","messageBody":"","fileTypesAndContributionMap":{"functional-code":{"insertions":120,"deletions":52}}},{"hash":"c7b95201f0bf649a71eeb0b1b1c0b135f8ea8ff7","isMergeCommit":false,"messageTitle":"Update logo","messageBody":"","fileTypesAndContributionMap":{"functional-code":{"insertions":5,"deletions":6}}},{"hash":"8f84c6a49d95aabe87715d0945ee6eb3d7e18d2b","isMergeCommit":false,"messageTitle":"Update Ui","messageBody":"","fileTypesAndContributionMap":{"functional-code":{"insertions":94,"deletions":48}}},{"hash":"9f2fcaf4362dadca1f00c27fb4bf3f8d2b3b0660","isMergeCommit":true,"messageTitle":"Merge branch \u0027master\u0027 into master","messageBody":"","fileTypesAndContributionMap":{}},{"hash":"f5b3b77ef6f7df566112925b89f3921fdb296055","isMergeCommit":true,"messageTitle":"Merge pull request #13 from lucas-sc0/master","messageBody":"Added -h function and refactored code","fileTypesAndContributionMap":{}},{"hash":"26b849bab1694ed7015daa9f2b1055618964f379","isMergeCommit":false,"messageTitle":"Refactor delete function into command package","messageBody":"","fileTypesAndContributionMap":{"functional-code":{"insertions":68,"deletions":55}}},{"hash":"74fd9ed376806b2684901043d7aff4240b010636","isMergeCommit":true,"messageTitle":"Merge pull request #14 from lucas-sc0/master","messageBody":"Refactor delete function into command package","fileTypesAndContributionMap":{}}]},{"date":"2024-10-14","commitResults":[{"hash":"fb3bd8aa815ab7e6f3c02a77643bb71eea8a9474","isMergeCommit":true,"messageTitle":"Merge remote-tracking branch \u0027Upstream_repo/v1.0-JUnit-Test-AddCommand\u0027","messageBody":"","fileTypesAndContributionMap":{}},{"hash":"6f4cf6b6dab0bb1892f5e6525d5a920d8e2b608f","isMergeCommit":false,"messageTitle":"Implement dynamic file path","messageBody":"","fileTypesAndContributionMap":{"functional-code":{"insertions":1,"deletions":1}}},{"hash":"32dfa8d168c0dcc9072470e33b533eaa632f7a4e","isMergeCommit":false,"messageTitle":"Update InventraTest.java for JUnit Testing","messageBody":"- Create seperate csv file in test folder when running JUnit testing\n- Any existing csv file instance is destroyed upon run test\n","fileTypesAndContributionMap":{"test-code":{"insertions":19,"deletions":9}}},{"hash":"64ae97d5fcab8040777b4cd7ca4387d66256dd13","isMergeCommit":false,"messageTitle":"Fix inverted values in csv","messageBody":"","fileTypesAndContributionMap":{"functional-code":{"insertions":49,"deletions":22}}},{"hash":"a9a010ca84be750a9f31284238712a1407753c36","isMergeCommit":false,"messageTitle":"Pass dynamic file path into csv","messageBody":"","fileTypesAndContributionMap":{"functional-code":{"insertions":1,"deletions":1}}},{"hash":"e0e05f6561f9791bba194dd1e9d47308e5b22bfd","isMergeCommit":false,"messageTitle":"Update csv when new fields are added","messageBody":"","fileTypesAndContributionMap":{"functional-code":{"insertions":15,"deletions":21}}},{"hash":"5682f3c93be39068f7b9592ff4f792c144507259","isMergeCommit":false,"messageTitle":"Implement load data from csv file","messageBody":"","fileTypesAndContributionMap":{"functional-code":{"insertions":72,"deletions":15}}}]},{"date":"2024-10-15","commitResults":[{"hash":"bed095c67803e88b698cc62438086de862bdf78c","isMergeCommit":true,"messageTitle":"Merge pull request #17 from lucas-sc0/master","messageBody":"Update InventraTest.java for JUnit Testing ","fileTypesAndContributionMap":{}}]},{"date":"2024-10-16","commitResults":[{"hash":"4b183452c2958c97fa66f2e66c11efe41326a283","isMergeCommit":false,"messageTitle":"Update Csv class to create directory if it does not exist","messageBody":"","fileTypesAndContributionMap":{"functional-code":{"insertions":14,"deletions":0}}},{"hash":"44b94bb8be07e4767b785c9078140cce411e1776","isMergeCommit":true,"messageTitle":"Merge pull request #19 from lucas-sc0/Csv-Create-Directory","messageBody":"Update Csv class to create directory if it does not exist","fileTypesAndContributionMap":{}},{"hash":"d57f41ca8ab9099e25311609c143d996266b0d2d","isMergeCommit":false,"messageTitle":"Update InventraTest to load records from csv","messageBody":"","fileTypesAndContributionMap":{"test-code":{"insertions":8,"deletions":7}}},{"hash":"457b8e32c2bd1e251fbd9d5a97e1ed0eb8262b60","isMergeCommit":true,"messageTitle":"Merge pull request #20 from lucas-sc0/master","messageBody":"Update InventraTest to load records from csv","tags":["v0.1"],"fileTypesAndContributionMap":{}}]}]},"authorFileTypeContributionMap":{"LuxLucky7":{"docs":0,"functional-code":0,"test-code":0},"DucPhong135":{"docs":1,"functional-code":0,"test-code":0},"danusan-s":{"docs":1,"functional-code":33,"test-code":0,"other":2},"tayjerom":{"docs":1,"functional-code":286,"test-code":59,"other":66},"lucas-sc0":{"docs":1,"functional-code":492,"test-code":25}},"authorContributionVariance":{"LuxLucky7":0.0,"DucPhong135":4.1670904,"danusan-s":323.56128,"tayjerom":4709.169,"lucas-sc0":22742.88},"authorDisplayNameMap":{"LuxLucky7":"CS2113-T11-4 CHOR..AKSH","DucPhong135":"CS2113-T11-4 NGUY..HONG","danusan-s":"CS2113-T11-4 SUGU..USAN","tayjerom":"CS2113-T11-4 JERO.. WEI","lucas-sc0":"CS2113-T11-4 LUCA..CHAN"}}
