{"authorDailyContributionsMap":{"LuxLucky7":[],"DucPhong135":[{"date":"2024-10-03","commitResults":[{"hash":"7df0f7ad83d6c44beaa493d5d6ab67ea0c8e3aff","isMergeCommit":false,"messageTitle":"about us update","messageBody":"","fileTypesAndContributionMap":{"docs":{"insertions":4,"deletions":7}}},{"hash":"ecaeaba413415c15aaa427f66ddd01b8431f15c7","isMergeCommit":true,"messageTitle":"about us update 2","messageBody":"","fileTypesAndContributionMap":{}},{"hash":"7258442183ae3320f7783fc730adc5d0d94a20e6","isMergeCommit":true,"messageTitle":"Merge pull request #2 from DucPhong135/Phong-AboutUs","messageBody":"about us update","fileTypesAndContributionMap":{}}]}],"danusan-s":[{"date":"2024-10-03","commitResults":[{"hash":"38d99addb3a4ba474c521fd18fb20870f7fb6ee2","isMergeCommit":false,"messageTitle":"Added member info","messageBody":"","fileTypesAndContributionMap":{"docs":{"insertions":1,"deletions":5}}},{"hash":"7df062208a2a9f82be5150840ce8abb3e20a1518","isMergeCommit":true,"messageTitle":"Merge pull request #1 from danusan-s/danusan-AboutUs","messageBody":"Added Danusan\u0027s member info","fileTypesAndContributionMap":{}}]}],"tayjerom":[{"date":"2024-09-27","commitResults":[{"hash":"67968ae659094f72fa754c115d2c36fb3be332ce","isMergeCommit":false,"messageTitle":"Updating project title to \"Inventra\"","messageBody":"","fileTypesAndContributionMap":{"docs":{"insertions":1,"deletions":1}}}]},{"date":"2024-10-03","commitResults":[{"hash":"fe67b8181e49d45affd57bdb41b301240ea1affb","isMergeCommit":false,"messageTitle":"Implement \u0027add -l\u0027 function to add custom fields to store records","messageBody":"","fileTypesAndContributionMap":{"functional-code":{"insertions":76,"deletions":21},"other":{"insertions":2,"deletions":2}}},{"hash":"bb9722bb1751c1c5563b5d8301391fa40dad4e40","isMergeCommit":false,"messageTitle":"Fix gradle fail bug - missing semi-colon","messageBody":"","fileTypesAndContributionMap":{"functional-code":{"insertions":1,"deletions":1}}},{"hash":"2f980536188fa2837a30517cbe5dca16d05b1f2c","isMergeCommit":false,"messageTitle":"Fix Identation and Naming Convention","messageBody":"","fileTypesAndContributionMap":{"functional-code":{"insertions":3,"deletions":4},"other":{"insertions":0,"deletions":0}}},{"hash":"0d37110150ee9a112fad092f0f0fc11d119bc0ee","isMergeCommit":false,"messageTitle":"Fix bugs pertaining to proper method closing","messageBody":"","fileTypesAndContributionMap":{"functional-code":{"insertions":1,"deletions":0}}},{"hash":"c5827151d3014786d6f3d1de7c41faf8e3fff60c","isMergeCommit":false,"messageTitle":"Fix checkstyle violation","messageBody":"","fileTypesAndContributionMap":{"functional-code":{"insertions":1,"deletions":1}}},{"hash":"0fa9704fe40b97f2a47b6b4faf57916b38cab307","isMergeCommit":false,"messageTitle":"Implement \u0027add -d\u0027 function to add records according to custom fields.","messageBody":"","fileTypesAndContributionMap":{"functional-code":{"insertions":46,"deletions":2}}}]},{"date":"2024-10-07","commitResults":[{"hash":"5dd3989c12efdbe8a7125226e39327f5262dadae","isMergeCommit":true,"messageTitle":"Merge pull request #1 from tayjerom/issue-4-add-l-command","messageBody":"Implement \u0027add -l\u0027 command (Issue #4)","fileTypesAndContributionMap":{}},{"hash":"44a44ada1279342cc812f577298b67bf87bd2df5","isMergeCommit":true,"messageTitle":"Merge pull request #2 from tayjerom/issue-5-add-d-command","messageBody":"Implement \u0027add -d\u0027 command (Issue #5)","fileTypesAndContributionMap":{}}]},{"date":"2024-10-08","commitResults":[{"hash":"4794ad9dff561bd417fbd5d79972cf27aa4d945c","isMergeCommit":false,"messageTitle":"Updated file name to \u0027Inventra.java\u0027 to match convention for java standards","messageBody":"","fileTypesAndContributionMap":{"other":{"insertions":67,"deletions":1}}},{"hash":"65abdead5a12e1b2202e18df366a0ee42423f28c","isMergeCommit":true,"messageTitle":"Merge pull request #10 from tayjerom/issue-5-add-d-command","messageBody":"Implement add -d command","fileTypesAndContributionMap":{}},{"hash":"dcb0eff8f61f2d549b0571a1d52d9c61c69c4641","isMergeCommit":false,"messageTitle":"Fix minor bugs to the code pertaining to Logo","messageBody":"","fileTypesAndContributionMap":{"functional-code":{"insertions":1,"deletions":1}}},{"hash":"582fa7550f31574a871cd1410c96f91d386f1759","isMergeCommit":true,"messageTitle":"Merge branch \u0027master\u0027 of https://github.com/tayjerom/tp","messageBody":"","fileTypesAndContributionMap":{}},{"hash":"b155c717cba02b59b0c7e1b082440f06e4b7ccd1","isMergeCommit":true,"messageTitle":"Merge pull request #11 from tayjerom/master","messageBody":"Fix minor bug pertaining to Logo causing build errors","fileTypesAndContributionMap":{}}]}],"lucas-sc0":[]},"authorFileTypeContributionMap":{"LuxLucky7":{"docs":0,"functional-code":0,"test-code":0},"DucPhong135":{"docs":1,"functional-code":0,"test-code":0},"danusan-s":{"docs":1,"functional-code":0,"test-code":0},"tayjerom":{"docs":1,"functional-code":120,"test-code":2,"other":66},"lucas-sc0":{"docs":0,"functional-code":0,"test-code":0}},"authorContributionVariance":{"LuxLucky7":0.0,"DucPhong135":6.033242,"danusan-s":1.7950143,"tayjerom":1471.9834,"lucas-sc0":0.0},"authorDisplayNameMap":{"LuxLucky7":"CS2113-T11-4 CHOR..AKSH","DucPhong135":"CS2113-T11-4 NGUY..HONG","danusan-s":"CS2113-T11-4 SUGU..USAN","tayjerom":"CS2113-T11-4 JERO.. WEI","lucas-sc0":"CS2113-T11-4 LUCA..CHAN"}}
