{"authorDailyContributionsMap":{"yentheng0110":[{"date":"2024-10-01","commitResults":[{"hash":"dac92b3b78db6d95e513e7586e26934f0439edaf","isMergeCommit":true,"messageTitle":"Merge pull request #10 from PrinceCatt/master","messageBody":"Save and Retrieve","fileTypesAndContributionMap":{}},{"hash":"16e19431087f6d8c5be7513648550547ca5a8b6d","isMergeCommit":false,"messageTitle":"Revert \"Save and Retrieve\"","messageBody":"","fileTypesAndContributionMap":{"functional-code":{"insertions":21,"deletions":233},"other":{"insertions":38,"deletions":13}}},{"hash":"941e92ead3e2f4c33bcdf49df110db7a5be706be","isMergeCommit":false,"messageTitle":"Implement the add and list commands","messageBody":"","fileTypesAndContributionMap":{"functional-code":{"insertions":128,"deletions":42}}}]},{"date":"2024-10-03","commitResults":[{"hash":"c875e56b6882eb072a2a92af2f642cec7c47343b","isMergeCommit":false,"messageTitle":"Fix bug for add command - make sure that inputs with multiple words separated by spaces are taken in as a whole, rather than just the first word Add multiple medications to the medications list (medications are separated by commas in the input)","messageBody":"","fileTypesAndContributionMap":{"functional-code":{"insertions":44,"deletions":16}}},{"hash":"c876585e8a4b6efacee237f3e3d22c4239c8b468","isMergeCommit":false,"messageTitle":"Fix Gradle checkstyle compliance issues","messageBody":"","fileTypesAndContributionMap":{"functional-code":{"insertions":14,"deletions":13}}},{"hash":"01c2a6fa48006a99105980ccb326fecd775fc8e7","isMergeCommit":true,"messageTitle":"Merge branch \u0027master\u0027 of https://github.com/AY2425S1-CS2113-T10-2/tp","messageBody":"# Conflicts:\n#\tsrc/main/java/BookBob/entity/Patient.java\n#\tsrc/main/java/BookBob/functions/SaveAndRetrieve.java\n","fileTypesAndContributionMap":{}},{"hash":"37120f2314d8b433d4563d208d59f3c2c4b0b0a2","isMergeCommit":true,"messageTitle":"Merge branch \u0027master\u0027 of https://github.com/AY2425S1-CS2113-T10-2/tp","messageBody":"","fileTypesAndContributionMap":{}},{"hash":"7b5e013ac468def140bb43bde7689847cbed7c5a","isMergeCommit":false,"messageTitle":"Update AboutUs.md for YenTheng","messageBody":"","fileTypesAndContributionMap":{"docs":{"insertions":3,"deletions":3}}},{"hash":"54cf3106dfca35313e28aa91636fc7b7cb4e945e","isMergeCommit":true,"messageTitle":"Merge branch \u0027master\u0027 of https://github.com/AY2425S1-CS2113-T10-2/tp into YenTheng-AboutUs","messageBody":"# Conflicts:\n#\tdocs/AboutUs.md\n#\tsrc/main/java/BookBob/Main.java\n#\tsrc/main/java/BookBob/functions/CommandHandler.java\n","fileTypesAndContributionMap":{}},{"hash":"f0aae7da8616e5bf8d19d4fc2ce68d90f2899686","isMergeCommit":true,"messageTitle":"Merge pull request #28 from yentheng0110/YenTheng-AboutUs","messageBody":"Yen Theng AboutUs","fileTypesAndContributionMap":{}},{"hash":"76a76244990da843539b639333953c5f060f01cc","isMergeCommit":false,"messageTitle":"Fix Gradle checkstyle compliance issues","messageBody":"","fileTypesAndContributionMap":{"functional-code":{"insertions":6,"deletions":5}}},{"hash":"5756bb9b44dc8f2665d86344d55ddfccc9f0c987","isMergeCommit":false,"messageTitle":"Fix Gradle checkstyle compliance issue again","messageBody":"","fileTypesAndContributionMap":{"functional-code":{"insertions":1,"deletions":1}}}]},{"date":"2024-10-08","commitResults":[{"hash":"3cb5e19e7c6046e4f272605ddc0d385f045152c2","isMergeCommit":false,"messageTitle":"Change the build.gradle file: set the main class to BookBob.Main","messageBody":"","fileTypesAndContributionMap":{"other":{"insertions":1,"deletions":1},"test-code":{"insertions":0,"deletions":12}}},{"hash":"3fa833b757797ed37ddf114a3a6265624fd3b3b2","isMergeCommit":false,"messageTitle":"Handle case where optional fields are not provided as inputs when user uses the add command","messageBody":"","fileTypesAndContributionMap":{"functional-code":{"insertions":33,"deletions":0}}}]},{"date":"2024-10-09","commitResults":[{"hash":"7c4e50fab95ec159002c6ffd362b8d8defc7c3a2","isMergeCommit":false,"messageTitle":"Edit the build.gradle file to set the mainClass and archiveBaseName correctly","messageBody":"","fileTypesAndContributionMap":{"other":{"insertions":2,"deletions":2},"test-code":{"insertions":0,"deletions":1}}},{"hash":"60d00b17549d1f52f7970b701a663c608cf5ff2a","isMergeCommit":true,"messageTitle":"Merge branch \u0027master\u0027 into master","messageBody":"","fileTypesAndContributionMap":{}},{"hash":"4a0ef2dc37977665315fba48650d4d01d24de140","isMergeCommit":true,"messageTitle":"Merge pull request #71 from yentheng0110/master","messageBody":"Edit the build.gradle file to set the mainClass and archiveBaseName c…","fileTypesAndContributionMap":{}}]},{"date":"2024-10-10","commitResults":[{"hash":"d2485afcf28be72be579cfcd597266595d699934","isMergeCommit":false,"messageTitle":"Fix Checkstyle Issues","messageBody":"","fileTypesAndContributionMap":{"functional-code":{"insertions":60,"deletions":58}}},{"hash":"29760981d9cdfeabed6af6069176d0f6a44d32bc","isMergeCommit":false,"messageTitle":"Modify gradle.yml file","messageBody":"","fileTypesAndContributionMap":{"other":{"insertions":1,"deletions":17}}},{"hash":"f248cd36f4020e06dd2307e9d0faa5393b8adfb7","isMergeCommit":false,"messageTitle":"Fix Checkstyle issues again","messageBody":"","fileTypesAndContributionMap":{"functional-code":{"insertions":2,"deletions":7},"test-code":{"insertions":23,"deletions":19}}},{"hash":"c2746f0ff7e3a5a6c435c1f6fde5b38430e07275","isMergeCommit":false,"messageTitle":"Modify testHelp() to ensure the test passed","messageBody":"","fileTypesAndContributionMap":{"test-code":{"insertions":30,"deletions":29}}},{"hash":"ea43f354f2251fffe2d1c8c3160bfe5bef12a943","isMergeCommit":false,"messageTitle":"Fix Checkstyle issues, modify testDelete() and testList() methods","messageBody":"","fileTypesAndContributionMap":{"functional-code":{"insertions":9,"deletions":5},"test-code":{"insertions":8,"deletions":5}}},{"hash":"e9f4395d4b3766b131b96d64c771950de7ded49c","isMergeCommit":true,"messageTitle":"Merge branch \u0027master\u0027 into YenTheng_FixCheckstyle","messageBody":"","fileTypesAndContributionMap":{}},{"hash":"087626a16c6ea9de77af78070bb53a303ccb4cde","isMergeCommit":true,"messageTitle":"Merge pull request #77 from yentheng0110/YenTheng_FixCheckstyle","messageBody":"Fix Checkstyle Issues","fileTypesAndContributionMap":{}},{"hash":"8a54ff55d35f7da6e74ae1c1b6e3de92cab47a67","isMergeCommit":false,"messageTitle":"Implement JUnit Test for [add] command","messageBody":"","fileTypesAndContributionMap":{"functional-code":{"insertions":0,"deletions":1},"test-code":{"insertions":10,"deletions":0}}},{"hash":"80707f7a73cfc88a9b5d0ac99134caf53e28f2eb","isMergeCommit":false,"messageTitle":"Implement JUnitTest for [list] command","messageBody":"","fileTypesAndContributionMap":{"test-code":{"insertions":9,"deletions":0}}},{"hash":"bd322d4f8aca55fb053624970b15ee40f789a9be","isMergeCommit":false,"messageTitle":"Implement JUnit Test for [delete] command","messageBody":"","fileTypesAndContributionMap":{"test-code":{"insertions":9,"deletions":0}}},{"hash":"69273a3244c5065fda732b71a300e0d3626b7471","isMergeCommit":true,"messageTitle":"Merge branch \u0027master\u0027 into YenTheng_JUnitTestForDelete","messageBody":"","fileTypesAndContributionMap":{}},{"hash":"18d7007e8c759669a3552182a4d99dbd07cf8fe8","isMergeCommit":true,"messageTitle":"Merge branch \u0027master\u0027 into YenTheng_JUnitTestForList","messageBody":"","fileTypesAndContributionMap":{}},{"hash":"09e0d28d0b2a0135d4c9c9d7c82cf51c2123a95a","isMergeCommit":false,"messageTitle":"Implement JUnit Test for [find] command","messageBody":"","fileTypesAndContributionMap":{"test-code":{"insertions":13,"deletions":0}}},{"hash":"5de383800b6614e4420861338619ac108c754536","isMergeCommit":true,"messageTitle":"Merge branch \u0027master\u0027 into YenTheng_JUniTestForFind","messageBody":"","fileTypesAndContributionMap":{}},{"hash":"18d0eadfce0c4ed2d0e24c5c3a469836bd51c0d2","isMergeCommit":false,"messageTitle":"Remove duplicate testDelete","messageBody":"","fileTypesAndContributionMap":{"test-code":{"insertions":0,"deletions":9}}}]},{"date":"2024-10-11","commitResults":[{"hash":"73bbe7602236570c873c493f336767876cfe3ab1","isMergeCommit":false,"messageTitle":"Update author annotations for yentheng0110 in CommandHandler.java","messageBody":"","fileTypesAndContributionMap":{"functional-code":{"insertions":3,"deletions":0}}}]},{"date":"2024-10-14","commitResults":[{"hash":"c12e150715865d0bb40de55b028bbb6abfa9cb00","isMergeCommit":false,"messageTitle":"Fix bug for add command to extract each patient data correctly when some optional data are not provided or not in a specific order","messageBody":"","fileTypesAndContributionMap":{"functional-code":{"insertions":40,"deletions":48}}},{"hash":"50be88be665522f4a6fc9f7001b17b6fb9165d80","isMergeCommit":false,"messageTitle":"Change the expected output when adding patient without nric","messageBody":"","fileTypesAndContributionMap":{"test-code":{"insertions":1,"deletions":1}}},{"hash":"759e3b2b508da1cbe6229db54a58d5525e28b2f1","isMergeCommit":false,"messageTitle":"Fix typos in FileHandler.java","messageBody":"","fileTypesAndContributionMap":{"functional-code":{"insertions":5,"deletions":5}}},{"hash":"ea865d4541aca697b4e72cdd8c50efad0fc20cd6","isMergeCommit":true,"messageTitle":"Merge pull request #93 from G13nd0n/master","messageBody":"Assertion, Logging and Exception","fileTypesAndContributionMap":{}},{"hash":"2bb77d6f8cd486ebc7e5724e7b2b7370ca68283a","isMergeCommit":false,"messageTitle":"Add assertions for [add] command","messageBody":"","fileTypesAndContributionMap":{"functional-code":{"insertions":5,"deletions":0}}},{"hash":"f17efbd1cc6e5bb1524083716d23ef47d7440dbe","isMergeCommit":false,"messageTitle":"Add logging and exceptions for [add] command","messageBody":"","fileTypesAndContributionMap":{"functional-code":{"insertions":7,"deletions":1}}},{"hash":"260c86dcd3f8793e8e0550d085887fab24d967cd","isMergeCommit":false,"messageTitle":"Update build.gradle.file to enable assertions","messageBody":"","fileTypesAndContributionMap":{"other":{"insertions":1,"deletions":0}}},{"hash":"6276ae9ec1ff032585ff6ed4bae37779053fb033","isMergeCommit":true,"messageTitle":"Merge branch \u0027master\u0027 into master","messageBody":"","fileTypesAndContributionMap":{}},{"hash":"815318a815c7992fb3f12cd683fe693f6c7eb10e","isMergeCommit":false,"messageTitle":"Update assertions for [add] command","messageBody":"","fileTypesAndContributionMap":{"functional-code":{"insertions":7,"deletions":5},"other":{"insertions":1,"deletions":0}}},{"hash":"928dfa5c3f3a5e0d32aa6e81659ce501f2ea69c1","isMergeCommit":false,"messageTitle":"Update JUnit Test for adding patient without NRIC to handle assertion error","messageBody":"","fileTypesAndContributionMap":{"test-code":{"insertions":5,"deletions":7}}},{"hash":"c9663a19a31262cecd61573cbfc9632b0194a598","isMergeCommit":false,"messageTitle":"Add logging and exceptions for [list] command","messageBody":"","fileTypesAndContributionMap":{"functional-code":{"insertions":7,"deletions":1}}}]},{"date":"2024-10-15","commitResults":[{"hash":"0bd6744a6894684c25b3456879a9e75be4fd40a2","isMergeCommit":false,"messageTitle":"Modify logging and exceptions for add command Standardise logging messages across all commands in Main.java","messageBody":"","fileTypesAndContributionMap":{"functional-code":{"insertions":27,"deletions":6}}},{"hash":"7ec55865d53de3ac547d1d8e88bb9791fb7be452","isMergeCommit":false,"messageTitle":"Clean up the codes before releasing v1.0","messageBody":"","fileTypesAndContributionMap":{"functional-code":{"insertions":13,"deletions":21}}},{"hash":"90af3e64ff34aa0b4cad5a0bd681d7b18bb24089","isMergeCommit":false,"messageTitle":"modify the expected output in test_help_output()","messageBody":"","fileTypesAndContributionMap":{"test-code":{"insertions":4,"deletions":4}}},{"hash":"50030b9c4f401d3e9a71de6d374c13ecf1525d70","isMergeCommit":false,"messageTitle":"Fix checkstyle issues","messageBody":"","fileTypesAndContributionMap":{"functional-code":{"insertions":1,"deletions":1}}},{"hash":"4d49331c6bcceee53e3b58e9c297c8ff3cc1f3e3","isMergeCommit":false,"messageTitle":"Standardise log message for processing delete command in Main.java","messageBody":"","fileTypesAndContributionMap":{"functional-code":{"insertions":1,"deletions":1}}},{"hash":"79d7ab8605e52291f94df47af332557e7ce21082","isMergeCommit":false,"messageTitle":"Update Main.java to remove the full stop in all log messages","messageBody":"","tags":["v1.0JarFileRelease"],"fileTypesAndContributionMap":{"functional-code":{"insertions":3,"deletions":3}}}]},{"date":"2024-10-21","commitResults":[{"hash":"2da0da276a9233a166f76782df7697243f901e95","isMergeCommit":true,"messageTitle":"Merge pull request #111 from coraleaf0602/Enhancement-Visit","messageBody":"Add Enhancement Visit Class ","fileTypesAndContributionMap":{}},{"hash":"a3aeb4b32decc824045633d70eeffb7c9d99eeb8","isMergeCommit":false,"messageTitle":"Implement edit command to edit patient records","messageBody":"","fileTypesAndContributionMap":{"functional-code":{"insertions":86,"deletions":4}}},{"hash":"8e1045144d68bc45f5cefc63be2d666afca65d7e","isMergeCommit":false,"messageTitle":"Fix checkstyle issue","messageBody":"","fileTypesAndContributionMap":{"functional-code":{"insertions":3,"deletions":1}}},{"hash":"9ff9f2481a06bbdd27133b2651eb0f5264c03f08","isMergeCommit":false,"messageTitle":"Edit the output of the test functions to suit the expected behaviour","messageBody":"","fileTypesAndContributionMap":{"test-code":{"insertions":2,"deletions":2}}},{"hash":"817ac2491b805e1538d7917d712671eb1e33dd09","isMergeCommit":true,"messageTitle":"Merge branch \u0027master\u0027 into YenTheng-EditPatientRecordsCommand","messageBody":"","fileTypesAndContributionMap":{}},{"hash":"9e957799b78c48b88dcf5569c30ccec17bcec76d","isMergeCommit":false,"messageTitle":"Implement edit command to edit patient records","messageBody":"","fileTypesAndContributionMap":{"functional-code":{"insertions":88,"deletions":5},"test-code":{"insertions":2,"deletions":2}}}]},{"date":"2024-10-23","commitResults":[{"hash":"b74d6b969251af70d8bdd66a02bd4bb8279dad1a","isMergeCommit":true,"messageTitle":"Merge branch \u0027master\u0027 of https://github.com/AY2425S1-CS2113-T10-2/tp","messageBody":"# Conflicts:\n#\tsrc/main/java/bookbob/functions/CommandHandler.java\n#\tsrc/main/java/bookbob/functions/FileHandler.java\n#\tsrc/test/java/bookbob/BookBobTest.java\n","fileTypesAndContributionMap":{}},{"hash":"4a7978612a193ef53a6e51eb33c216362cb3b2d8","isMergeCommit":false,"messageTitle":"Fix bugs in the edit command for patient records, including the 3 additional details (allergy, sex, medical history)","messageBody":"","fileTypesAndContributionMap":{"functional-code":{"insertions":98,"deletions":55}}},{"hash":"af61156c06e9fd9c66a968824694c0e7bad4adc5","isMergeCommit":true,"messageTitle":"Merge branch \u0027master\u0027 of https://github.com/AY2425S1-CS2113-T10-2/tp into YenTheng-EditPatientRecordsCommand","messageBody":"","fileTypesAndContributionMap":{}},{"hash":"3438a9c715a58ddcf78d5307b2f6d27b09e1fdb0","isMergeCommit":true,"messageTitle":"Merge branch \u0027master\u0027 of https://github.com/AY2425S1-CS2113-T10-2/tp","messageBody":"","fileTypesAndContributionMap":{}},{"hash":"4cd1bf051769101a6c12f8332abee6c292c0eae8","isMergeCommit":false,"messageTitle":"Add three more patient attributes (sex, allergies and medical histories)","messageBody":"","fileTypesAndContributionMap":{"functional-code":{"insertions":198,"deletions":183}}},{"hash":"87ced90221911e69fae29087a949fff3e4f08886","isMergeCommit":false,"messageTitle":"Fix checkstyle issue","messageBody":"","fileTypesAndContributionMap":{"functional-code":{"insertions":13,"deletions":13},"test-code":{"insertions":3,"deletions":3}}},{"hash":"ef1f3a14e6f779be3f92bd7571c3d1c5bfd445f4","isMergeCommit":true,"messageTitle":"Merge pull request #119 from PrinceCatt/New-Find","messageBody":"Implement new find functions","fileTypesAndContributionMap":{}}]},{"date":"2024-10-24","commitResults":[{"hash":"d77b9dd278679c5cca5ca98cbd6a6ee1668f9c52","isMergeCommit":false,"messageTitle":"Implement the editVisit command to edit patient visit details for a specific date","messageBody":"","fileTypesAndContributionMap":{"functional-code":{"insertions":142,"deletions":16}}},{"hash":"1503d7eb7767cd0120b38e3f029db897ec16bb10","isMergeCommit":true,"messageTitle":"Merge branch \u0027master\u0027 into master","messageBody":"","fileTypesAndContributionMap":{}},{"hash":"4d6d24bc48137cfefa8c6bbdc8c51c9080c8d9ca","isMergeCommit":false,"messageTitle":"Fix checkstyle issue","messageBody":"","fileTypesAndContributionMap":{"functional-code":{"insertions":250,"deletions":250}}},{"hash":"8e9e92dfe6013d815de57c5f6737904d38475781","isMergeCommit":true,"messageTitle":"Merge branch \u0027master\u0027 of https://github.com/AY2425S1-CS2113-T10-2/tp","messageBody":"","fileTypesAndContributionMap":{}},{"hash":"b496cdba94e0ea745b85a16b62d42a63fa7e0460","isMergeCommit":true,"messageTitle":"Merge branch \u0027master\u0027 of https://github.com/AY2425S1-CS2113-T10-2/tp","messageBody":"","fileTypesAndContributionMap":{}},{"hash":"0123b8f6815d361a0b942205417f00b78bff63f4","isMergeCommit":true,"messageTitle":"Merge branch \u0027master\u0027 into master","messageBody":"","fileTypesAndContributionMap":{}},{"hash":"3f4cd924c89618b9050051ed9394f8923c6cd3e3","isMergeCommit":false,"messageTitle":"Fix checkstyle issue in Main.java","messageBody":"","fileTypesAndContributionMap":{"functional-code":{"insertions":3,"deletions":24}}},{"hash":"69e51b2728cb5974a2a15549e135eb2c476783e9","isMergeCommit":true,"messageTitle":"Merge branch \u0027master\u0027 of https://github.com/AY2425S1-CS2113-T10-2/tp","messageBody":"# Conflicts:\n#\tsrc/main/java/bookbob/Main.java\n","fileTypesAndContributionMap":{}},{"hash":"2c73e2bb6364b8151646697473da8ad7a18fef13","isMergeCommit":true,"messageTitle":"Merge branch \u0027master\u0027 of https://github.com/yentheng0110/tp","messageBody":"# Conflicts:\n#\tsrc/main/java/bookbob/Main.java\n","fileTypesAndContributionMap":{}},{"hash":"1ee9094fdfa89710c1e659c5aa15bc792ec1eae5","isMergeCommit":false,"messageTitle":"Fix checkstyle test issue","messageBody":"","fileTypesAndContributionMap":{"test-code":{"insertions":1,"deletions":1}}},{"hash":"3352ead7cb19e9f030f3b44dc864a6a9f4f1b82e","isMergeCommit":true,"messageTitle":"Merge pull request #135 from PrinceCatt/master","messageBody":"Fixed some bugs in test","fileTypesAndContributionMap":{}},{"hash":"79ed48a2c7bdf416be0da4cad736a548411f8a5c","isMergeCommit":false,"messageTitle":"Edit the BookBobTest.java","messageBody":"","fileTypesAndContributionMap":{"test-code":{"insertions":37,"deletions":31}}},{"hash":"f0a971a03d7a8e1e6141fd206a7ac1ca6b5ae25d","isMergeCommit":true,"messageTitle":"Merge pull request #136 from yentheng0110/master","messageBody":"Edit the BookBobTest.java","fileTypesAndContributionMap":{}},{"hash":"5028d11787a01fff05afef0ab3bd9c9c61161cd9","isMergeCommit":true,"messageTitle":"Merge branch \u0027master\u0027 of https://github.com/AY2425S1-CS2113-T10-2/tp","messageBody":"","fileTypesAndContributionMap":{}}]},{"date":"2024-10-25","commitResults":[{"hash":"4489767296419655c440847369dd1b9cdbb1097f","isMergeCommit":true,"messageTitle":"Merge pull request #138 from kaboomzxc/24Oct-VisitCommand_attempt(1)","messageBody":"Implemented addVisit command","fileTypesAndContributionMap":{}},{"hash":"fd0a8b3b016da32816091e2c63abde94fb617784","isMergeCommit":false,"messageTitle":"Fix bug for editVisit command","messageBody":"","fileTypesAndContributionMap":{"functional-code":{"insertions":6,"deletions":13}}}]},{"date":"2024-10-26","commitResults":[{"hash":"8284694715a07add81b67b6138474094ae28b338","isMergeCommit":true,"messageTitle":"Merge pull request #143 from G13nd0n/master","messageBody":"Remove 2 print lines that are not required","fileTypesAndContributionMap":{}}]},{"date":"2024-10-28","commitResults":[{"hash":"3e8932c800e07a2e632d82749fc874e93fe306cc","isMergeCommit":false,"messageTitle":"Create class diagram for Patient class","messageBody":"","fileTypesAndContributionMap":{"docs":{"insertions":38,"deletions":0}}},{"hash":"70393bb030828b9316f38ae04fd9c8fd3ef3fdc5","isMergeCommit":false,"messageTitle":"Create a class diagram for Records class","messageBody":"","fileTypesAndContributionMap":{"docs":{"insertions":11,"deletions":0}}},{"hash":"01434381b1a2d40e249fcc22742f030a0977b6a4","isMergeCommit":true,"messageTitle":"Merge pull request #148 from PrinceCatt/master","messageBody":"Adding class diagrams for FindVisit and FileHandler","fileTypesAndContributionMap":{}},{"hash":"1f41eb30425f2982d1681cbf66305ddaa67fdba9","isMergeCommit":false,"messageTitle":"Add target user profile and value proposition to the Developer Guide","messageBody":"","fileTypesAndContributionMap":{"docs":{"insertions":8,"deletions":4}}},{"hash":"d0976c3cc10f548f0547e2c93f7cc44f025ab363","isMergeCommit":true,"messageTitle":"Merge pull request #153 from PrinceCatt/master","messageBody":"update class diagram to show static","fileTypesAndContributionMap":{}},{"hash":"6fc0a34159e97d4828c8d615084c00b37fba1f6f","isMergeCommit":true,"messageTitle":"Merge pull request #152 from G13nd0n/master","messageBody":"Create Class Diagram for Appointment and Appointment Record class","fileTypesAndContributionMap":{}}]}],"PrinceCatt":[{"date":"2024-09-30","commitResults":[{"hash":"c6723753fc9306551e7673070e24314d614a2af7","isMergeCommit":true,"messageTitle":"Merge pull request #9 from coraleaf0602/master","messageBody":"Add help command which shows the list of available commands","fileTypesAndContributionMap":{}},{"hash":"68695e8efb2aea5a109b56c0eaea2b2bee605869","isMergeCommit":false,"messageTitle":"1. Changed Structure of files and packages 2. Changed variable name according to user guide: nric -\u003e NRIC 3. Added save and retrieve function, yet to be tested","messageBody":"","fileTypesAndContributionMap":{"functional-code":{"insertions":233,"deletions":21},"other":{"insertions":13,"deletions":38}}}]},{"date":"2024-10-01","commitResults":[{"hash":"92f581151bbd35ea196cdc25faf7a426db40ac15","isMergeCommit":true,"messageTitle":"Merge pull request #12 from kaboomzxc/find-command","messageBody":"Implement \"find\" command","fileTypesAndContributionMap":{}}]},{"date":"2024-10-03","commitResults":[{"hash":"075c8d530b20cdc92d4b3f5be25ea0b800fd1f3c","isMergeCommit":false,"messageTitle":"Yitao-AboutUs","messageBody":"","fileTypesAndContributionMap":{"docs":{"insertions":1,"deletions":1}}},{"hash":"8cc280f79944092512c908602f0538fcb765c182","isMergeCommit":true,"messageTitle":"Merge branch \u0027master\u0027 into master","messageBody":"","fileTypesAndContributionMap":{}},{"hash":"fb94ecc4d166e6f9b0eff40cf54c6b1eba56eb40","isMergeCommit":true,"messageTitle":"Merge pull request #27 from PrinceCatt/master","messageBody":"Yitao AboutUs","fileTypesAndContributionMap":{}}]},{"date":"2024-10-08","commitResults":[{"hash":"4b9c3bf6c3ba3184ae156cc74e49802d5c0af0b4","isMergeCommit":false,"messageTitle":"Fixed bugs in SaveAndRetrieve Changed name and file directory","messageBody":"","fileTypesAndContributionMap":{"functional-code":{"insertions":12,"deletions":4},"other":{"insertions":17,"deletions":11},"test-code":{"insertions":0,"deletions":12}}},{"hash":"c86492078b6f828d968ffdc41c3f74a30f91872d","isMergeCommit":false,"messageTitle":"merge","messageBody":"","fileTypesAndContributionMap":{"functional-code":{"insertions":2,"deletions":1},"test-code":{"insertions":4,"deletions":3}}},{"hash":"e2d63c560b0ba29994c734d65d32fbd894a88fe9","isMergeCommit":false,"messageTitle":"changed directory of saved file","messageBody":"","fileTypesAndContributionMap":{"functional-code":{"insertions":17,"deletions":5}}},{"hash":"92a75d4d95b0e58cca4a281d6660deea9c076853","isMergeCommit":true,"messageTitle":"Merge branch \u0027master\u0027 of https://github.com/PrinceCatt/tp","messageBody":"","fileTypesAndContributionMap":{}},{"hash":"7cc68d516852801f49db675756ef51ee31e0b58b","isMergeCommit":false,"messageTitle":"Revert \"Merge pull request #37 from coraleaf0602/master\"","messageBody":"This reverts commit 335874a1e80be00677e6344991c0faadf44785ad, reversing\nchanges made to 11e60edddb138bd543f4d08a4106d996bb7a0583.\n","fileTypesAndContributionMap":{"other":{"insertions":1,"deletions":1},"test-code":{"insertions":4,"deletions":3}}},{"hash":"9c298a6295b2a51f5d9133f9e479b742899683f4","isMergeCommit":false,"messageTitle":"merge-attempt","messageBody":"","fileTypesAndContributionMap":{"test-code":{"insertions":12,"deletions":0}}},{"hash":"71f00eb72b3643784f72aaa84cc1649c2e288715","isMergeCommit":true,"messageTitle":"Merge branch \u0027master\u0027 into master","messageBody":"","fileTypesAndContributionMap":{}},{"hash":"3c530b902d9df60073f49ca40660eff25321025b","isMergeCommit":true,"messageTitle":"Merge branch \u0027master\u0027 of https://github.com/PrinceCatt/tp","messageBody":"","fileTypesAndContributionMap":{}}]},{"date":"2024-10-09","commitResults":[{"hash":"99b4841c8fb5428d493a8d85fb546765723c4f05","isMergeCommit":false,"messageTitle":"Reapply \"Merge pull request #37 from coraleaf0602/master\"","messageBody":"This reverts commit 7cc68d516852801f49db675756ef51ee31e0b58b.\n","fileTypesAndContributionMap":{"other":{"insertions":1,"deletions":1},"test-code":{"insertions":3,"deletions":4}}},{"hash":"993e1ee748c9554e5c7db1e2b6fe6ea7e2e5e33b","isMergeCommit":false,"messageTitle":"reverting","messageBody":"","fileTypesAndContributionMap":{"functional-code":{"insertions":42,"deletions":56},"other":{"insertions":14,"deletions":24},"test-code":{"insertions":110,"deletions":37}}},{"hash":"deb59b662ef2391222e904bf2a1f283e5be60147","isMergeCommit":true,"messageTitle":"reverting","messageBody":"","fileTypesAndContributionMap":{}},{"hash":"12e802694ea5a9930b5913ccea76385c7ccac767","isMergeCommit":false,"messageTitle":"merge-filehandler","messageBody":"","fileTypesAndContributionMap":{"other":{"insertions":24,"deletions":14},"test-code":{"insertions":1,"deletions":1}}},{"hash":"a741d43b79e33b7690f4cd44159e4feab0babc1c","isMergeCommit":false,"messageTitle":"merge-commandhandler","messageBody":"","fileTypesAndContributionMap":{"functional-code":{"insertions":17,"deletions":5}}},{"hash":"33377f019c4d88ac8c33c8056999f99136d864c5","isMergeCommit":false,"messageTitle":"merge-main","messageBody":"","fileTypesAndContributionMap":{"functional-code":{"insertions":6,"deletions":4}}},{"hash":"2ffb7693f62c9d62cc6ad781f825c08e074600bf","isMergeCommit":true,"messageTitle":"Merge pull request #72 from PrinceCatt/master","messageBody":"Save and Retrieve function update","fileTypesAndContributionMap":{}}]},{"date":"2024-10-10","commitResults":[{"hash":"722f2c08ee9577a354ebaf31f4d924aefce8e041","isMergeCommit":false,"messageTitle":"fixed bug in FileHandler where duplicate of prefix variables being read","messageBody":"","fileTypesAndContributionMap":{"functional-code":{"insertions":16,"deletions":16},"test-code":{"insertions":4,"deletions":0}}},{"hash":"a44126269e5ee42fd205894a1ca343b6061e36e8","isMergeCommit":false,"messageTitle":":w","messageBody":"","fileTypesAndContributionMap":{"functional-code":{"insertions":3,"deletions":3}}},{"hash":"5640bab2b5ea50ae7eadc66b639a979ecb9936de","isMergeCommit":true,"messageTitle":"Merge pull request #74 from PrinceCatt/master","messageBody":"Bug fix in FileHandler","fileTypesAndContributionMap":{}}]},{"date":"2024-10-13","commitResults":[{"hash":"8e1d461255109afa49e1ec2bfd8fd80e62eb162c","isMergeCommit":false,"messageTitle":"1. Improved exception handling 2. Added Test for File Handler 3. Added logger for File Handler","messageBody":"","fileTypesAndContributionMap":{"functional-code":{"insertions":14,"deletions":3},"test-code":{"insertions":41,"deletions":0}}}]},{"date":"2024-10-14","commitResults":[{"hash":"ea61446e88a280e38972b1275279fc3eff627e2f","isMergeCommit":false,"messageTitle":"fixed bug in Patient class constructor for retrieving","messageBody":"","fileTypesAndContributionMap":{"functional-code":{"insertions":1,"deletions":1}}},{"hash":"fe31b9859bef918ca9fc5139a774e5fefa511d00","isMergeCommit":false,"messageTitle":"fixed_test","messageBody":"","fileTypesAndContributionMap":{"test-code":{"insertions":1,"deletions":1}}},{"hash":"95611f8a998f914f7cdb968be7fc5bf5b63b13be","isMergeCommit":true,"messageTitle":"Merge pull request #94 from PrinceCatt/master","messageBody":"fixed bug in Patient class constructor for retrieving","fileTypesAndContributionMap":{}},{"hash":"00c3902fa528b5a20865beb0fdb7c08161f39c87","isMergeCommit":true,"messageTitle":"Merge branch \u0027master\u0027 into Assertions","messageBody":"","fileTypesAndContributionMap":{}},{"hash":"42762321a95f97837149e36a045202c543bfa765","isMergeCommit":false,"messageTitle":"Update FileHandler.java","messageBody":"","fileTypesAndContributionMap":{"functional-code":{"insertions":14,"deletions":7}}},{"hash":"3b42ea30a0fb0d54888cd0c8fbeb6251b394286a","isMergeCommit":true,"messageTitle":"Merge pull request #105 from yentheng0110/YenTheng-ListCommandLoggingAndExceptions","messageBody":"Add logging and exceptions for [list] command","fileTypesAndContributionMap":{}}]},{"date":"2024-10-21","commitResults":[{"hash":"ed136f0d8c6cd09fc267036b1f47d0ea7b170b00","isMergeCommit":true,"messageTitle":"Merge pull request #113 from G13nd0n/master","messageBody":"Add Appointment Function","fileTypesAndContributionMap":{}},{"hash":"41a8932e86618a98b71135bdc90326633689dbae","isMergeCommit":true,"messageTitle":"Merge pull request #115 from yentheng0110/YenTheng-EditPatientRecordsCommand","messageBody":"Implement edit command to edit patient records","fileTypesAndContributionMap":{}}]},{"date":"2024-10-22","commitResults":[{"hash":"69f855084d13128230f0e5586884a16935bfc830","isMergeCommit":false,"messageTitle":"Commit before pulling from repo","messageBody":"","fileTypesAndContributionMap":{"functional-code":{"insertions":353,"deletions":200}}}]},{"date":"2024-10-23","commitResults":[{"hash":"82b444606ff85a3854a342e88a9a8ffac6b6a2a7","isMergeCommit":true,"messageTitle":"merge","messageBody":"","fileTypesAndContributionMap":{}},{"hash":"f1242cef724be33ac61b9de573199cbeb425c9ba","isMergeCommit":true,"messageTitle":"Merge pull request #117 from yentheng0110/master","messageBody":"Resolve merge conflicts after pulling from upstream repo","fileTypesAndContributionMap":{}},{"hash":"f57f9f0dca8f0826e5ee397d9b96300781a7c916","isMergeCommit":true,"messageTitle":"Merge branch \u0027master\u0027 of https://github.com/PrinceCatt/tp","messageBody":"","fileTypesAndContributionMap":{}},{"hash":"c72d9b1c99abd5b8c121cd8a53b39e74a11d7c9f","isMergeCommit":false,"messageTitle":"1.Add find visit by ic, find patient\u0026visit by medication/diagnosis 2. Updated FileHandler to save and retrieve visits 3. Aligned time format 4. Fixed bug in visit constructor","messageBody":"","fileTypesAndContributionMap":{"functional-code":{"insertions":62,"deletions":28}}},{"hash":"31144612eb1831f529527c01dfa0df6ad52e6218","isMergeCommit":false,"messageTitle":"fixed bugs according to comments and updated help command","messageBody":"","fileTypesAndContributionMap":{"functional-code":{"insertions":15,"deletions":11}}},{"hash":"ee5c2b5fae8453ec957dbc2a6365403d558f9c0d","isMergeCommit":true,"messageTitle":"Merge branch \u0027master\u0027 into New-Find","messageBody":"","fileTypesAndContributionMap":{}},{"hash":"cb9fb786e5c81275cce737e85c8eb6f9837f43fe","isMergeCommit":false,"messageTitle":"Update Visit.java","messageBody":"","fileTypesAndContributionMap":{"functional-code":{"insertions":1,"deletions":1}}},{"hash":"1e49ed1cdcf10dac5f16ae9cb049ab9f47cc7fb2","isMergeCommit":false,"messageTitle":"Update CommandHandler.java","messageBody":"","fileTypesAndContributionMap":{"functional-code":{"insertions":0,"deletions":1}}},{"hash":"385f971634f40b9d5ca591b934263d0aacf8ef44","isMergeCommit":true,"messageTitle":"Merge branch \u0027master\u0027 into New-Find","messageBody":"","fileTypesAndContributionMap":{}},{"hash":"fd71511a36df2beaac3cf5b19f7d5e4e580523ad","isMergeCommit":true,"messageTitle":"Merge pull request #124 from yentheng0110/YenTheng-EditPatientRecordsCommand","messageBody":"Merge branch \u0027master\u0027 of upstream into local branch","fileTypesAndContributionMap":{}},{"hash":"a057a597a016fa3387023c88511194ace1df0610","isMergeCommit":false,"messageTitle":"before_pull","messageBody":"","fileTypesAndContributionMap":{"functional-code":{"insertions":7,"deletions":10}}}]},{"date":"2024-10-24","commitResults":[{"hash":"58fae2c59f9e59a70db5f19ce270a412ed12087b","isMergeCommit":false,"messageTitle":"before_merge","messageBody":"","fileTypesAndContributionMap":{"functional-code":{"insertions":0,"deletions":1}}},{"hash":"6291fec550cd7c51fc4e8d7231cf4e70bfe60ac2","isMergeCommit":true,"messageTitle":"Merge branch \u0027master\u0027 of https://github.com/PrinceCatt/tp","messageBody":"","fileTypesAndContributionMap":{}},{"hash":"5539200355f30812a40190d1f7b7d6f1b8e58d5b","isMergeCommit":false,"messageTitle":"fixed some bugs in test","messageBody":"","fileTypesAndContributionMap":{"functional-code":{"insertions":237,"deletions":239},"test-code":{"insertions":42,"deletions":29}}},{"hash":"0d19f9d99168f6dd42334d2f2390e9e10d058a5a","isMergeCommit":false,"messageTitle":"fix_minor_bugs","messageBody":"","fileTypesAndContributionMap":{"test-code":{"insertions":2,"deletions":2}}},{"hash":"c866bbee82eb8551e34368a6b0a8f52ab28695db","isMergeCommit":false,"messageTitle":"fixed the rest of bugs in test","messageBody":"","fileTypesAndContributionMap":{"test-code":{"insertions":8,"deletions":7}}},{"hash":"af4cd9bf5eb995dafe1ee4b1e0e9c6016adb475c","isMergeCommit":true,"messageTitle":"Merge pull request #131 from yentheng0110/master","messageBody":"Fix checkstyle issues","fileTypesAndContributionMap":{}},{"hash":"8b8edf4a0f97e636d9e8dcad67710d207d4ec782","isMergeCommit":true,"messageTitle":"Merge branch \u0027master\u0027 into master","messageBody":"","fileTypesAndContributionMap":{}}]},{"date":"2024-10-28","commitResults":[{"hash":"b8538a16ca11e483cf29d6c1c3906cc1e0f3d36f","isMergeCommit":true,"messageTitle":"before_pull","messageBody":"","fileTypesAndContributionMap":{}},{"hash":"b24488adfdac149c263e431bb644c829ce7fd830","isMergeCommit":true,"messageTitle":"after_pull","messageBody":"","fileTypesAndContributionMap":{}},{"hash":"f38bcfd794797003af58b669ceb406f673ad449a","isMergeCommit":true,"messageTitle":"Merge pull request #147 from yentheng0110/YenTheng-ClassDiagramforRecordsClass","messageBody":"Create a class diagram for Records class","fileTypesAndContributionMap":{}},{"hash":"747885d55c308d63d522e25917e6b3678f09eebb","isMergeCommit":true,"messageTitle":"Merge pull request #146 from yentheng0110/YenTheng-ClassDiagramforPatientClass","messageBody":"Create a class diagram for Patient class","fileTypesAndContributionMap":{}},{"hash":"422210c24670c8cb29ebf4ce6845ec715bd0f2d3","isMergeCommit":false,"messageTitle":"before_pull","messageBody":"","fileTypesAndContributionMap":{"functional-code":{"insertions":6,"deletions":0},"docs":{"insertions":27,"deletions":0}}},{"hash":"53475f35519183c83c420e78e4cf8be99e6e64d3","isMergeCommit":true,"messageTitle":"Merge branch \u0027master\u0027 of https://github.com/PrinceCatt/tp","messageBody":"","fileTypesAndContributionMap":{}},{"hash":"a87b8d4d6de8a828aa3e3ebb3b087b2939dc3bd2","isMergeCommit":false,"messageTitle":"updated class diagrams to show static","messageBody":"","fileTypesAndContributionMap":{"docs":{"insertions":13,"deletions":13}}},{"hash":"e55c78c7423466d1e23a2e8bc9c2d5611afa07b8","isMergeCommit":false,"messageTitle":"1. added class-level attributes 2. added some association arrows for FileHandler and FindVisit","messageBody":"","fileTypesAndContributionMap":{"docs":{"insertions":21,"deletions":0}}}]}],"kaboomzxc":[{"date":"2024-10-01","commitResults":[{"hash":"9e5f43006e8c4b778b000bc9a3178b20e5395680","isMergeCommit":false,"messageTitle":"Implement \"find\" command","messageBody":"","fileTypesAndContributionMap":{"other":{"insertions":383,"deletions":0}}},{"hash":"71963e1c00d262dd2b92544d81c635d438edf342","isMergeCommit":false,"messageTitle":"Revert \"Implement \"find\" command\"","messageBody":"","fileTypesAndContributionMap":{"other":{"insertions":0,"deletions":383}}},{"hash":"d272261f0b6cef17b629007e0b47fca0b8c18ff5","isMergeCommit":true,"messageTitle":"Merge pull request #19 from AY2425S1-CS2113-T10-2/revert-12-find-command","messageBody":"Revert \"Implement \"find\" command\"","fileTypesAndContributionMap":{}}]},{"date":"2024-10-02","commitResults":[{"hash":"38bf4da1ce81f433d81275038b316ffa95e5ef71","isMergeCommit":false,"messageTitle":"Implement \"find\" methods","messageBody":"","fileTypesAndContributionMap":{"functional-code":{"insertions":137,"deletions":66}}},{"hash":"984a406df3f3b33c75a675e44a6bbf2ff5b9435b","isMergeCommit":false,"messageTitle":"Update \"find\" implementation","messageBody":"","fileTypesAndContributionMap":{"functional-code":{"insertions":115,"deletions":30}}},{"hash":"a14f71e631874e54270bfa37515006a931f904bb","isMergeCommit":false,"messageTitle":"update \"find.java\" to adhere to checkstyle guidelines","messageBody":"","fileTypesAndContributionMap":{"functional-code":{"insertions":9,"deletions":8}}}]},{"date":"2024-10-03","commitResults":[{"hash":"e2fa2da3ba98abf39e50b09a64449e9d442d9b4c","isMergeCommit":false,"messageTitle":"Update my profile (AboutUs)","messageBody":"","fileTypesAndContributionMap":{"docs":{"insertions":3,"deletions":7}}},{"hash":"f22dcadc554b19da860ee875ff3b69244a893f88","isMergeCommit":true,"messageTitle":"Merge branch \u0027master\u0027 into OngJunZheng-AboutUs","messageBody":"","fileTypesAndContributionMap":{}},{"hash":"652a30dca752d7761f84ec0bf813961a4c2033d7","isMergeCommit":true,"messageTitle":"Merge branch \u0027master\u0027 into OngJunZheng-AboutUs","messageBody":"","fileTypesAndContributionMap":{}},{"hash":"4cbcfaaf42f2d4c8ea65d084d979069678bf8338","isMergeCommit":true,"messageTitle":"Merge pull request #24 from kaboomzxc/OngJunZheng-AboutUs","messageBody":"Wk7 Tut Activities(3Oct) - Update my profile (AboutUs)","fileTypesAndContributionMap":{}}]},{"date":"2024-10-08","commitResults":[{"hash":"f3348624ad1113de3147f47a144e606eb098c218","isMergeCommit":true,"messageTitle":"Merge pull request #31 from yentheng0110/YenTheng-FixCI","messageBody":"Fix CI Issues","fileTypesAndContributionMap":{}},{"hash":"18e802531d824cb03f76bcad22f29fcc4d1dd378","isMergeCommit":true,"messageTitle":"Merge pull request #32 from yentheng0110/YenTheng-AddCommandFixBug","messageBody":"Fix bug for add command","fileTypesAndContributionMap":{}},{"hash":"fbc01620a42faccd968af952117e5d8c8ac9b152","isMergeCommit":true,"messageTitle":"Merge pull request #33 from coraleaf0602/master","messageBody":"Add BookBobTest file and add test function template","fileTypesAndContributionMap":{}},{"hash":"11e60edddb138bd543f4d08a4106d996bb7a0583","isMergeCommit":true,"messageTitle":"Merge pull request #36 from coraleaf0602/master","messageBody":"Restore deleted file and modify code according to checkstyle","fileTypesAndContributionMap":{}},{"hash":"335874a1e80be00677e6344991c0faadf44785ad","isMergeCommit":true,"messageTitle":"Merge pull request #37 from coraleaf0602/master","messageBody":"Adjust file to adhere to Checkstyle","fileTypesAndContributionMap":{}},{"hash":"b744b0e281ad5e535410cee84f108e565e48adc0","isMergeCommit":false,"messageTitle":"Implement \"find\" command","messageBody":"","fileTypesAndContributionMap":{"functional-code":{"insertions":95,"deletions":11}}},{"hash":"863ff9b5882523b68cbca371ea75ac7115975ccc","isMergeCommit":true,"messageTitle":"Merge pull request #62 from kaboomzxc/find-command_(1)","messageBody":"Implement \"find\" command","fileTypesAndContributionMap":{}},{"hash":"8a92cf5c249bfe1c64337ac805a9df913bdd371c","isMergeCommit":false,"messageTitle":"previously, \"list\" and \"find\" have discrepancy, whereby for \"list\" , DOB is shown last, but for \"find\", DOB is shown 3rd. modified patient class so that DOB is shown last. Update list Method to Use toString(), compared to the previous custom string","messageBody":"","fileTypesAndContributionMap":{"functional-code":{"insertions":6,"deletions":7}}}]},{"date":"2024-10-09","commitResults":[{"hash":"608263efa394bba897a85d069c4bc82cb1210928","isMergeCommit":false,"messageTitle":"add Junit tests for find methods","messageBody":"","fileTypesAndContributionMap":{"test-code":{"insertions":110,"deletions":28}}},{"hash":"4ebe3c10da9ef60d26ee82f7269441bcfee13c33","isMergeCommit":true,"messageTitle":"Merge pull request #64 from kaboomzxc/find-command_(1)","messageBody":"ensuring consistency for the outputs for \"list\" and \"find\"","fileTypesAndContributionMap":{}}]},{"date":"2024-10-10","commitResults":[{"hash":"2bd743690f15c6dd0c61d5c769daf2e6f285f452","isMergeCommit":false,"messageTitle":"Add Author to \"find\"","messageBody":"","fileTypesAndContributionMap":{"functional-code":{"insertions":2,"deletions":0}}},{"hash":"80638dfe345ec23961ba3a06be6b7337f261d74f","isMergeCommit":true,"messageTitle":"Merge pull request #78 from kaboomzxc/master","messageBody":"Add Author to \"find\"","fileTypesAndContributionMap":{}},{"hash":"4a1026d553fbd03afa24b193814d019746001d5e","isMergeCommit":true,"messageTitle":"Merge pull request #79 from yentheng0110/YenTheng_JUnitTestForAdd","messageBody":"Implement JUnit Test for [add] command","fileTypesAndContributionMap":{}},{"hash":"0a83d54e4ad856c0669e6bc393b360f8560cb22b","isMergeCommit":true,"messageTitle":"Merge pull request #80 from yentheng0110/YenTheng_JUnitTestForList","messageBody":"Implement JUnitTest for [list] command","fileTypesAndContributionMap":{}},{"hash":"ce672b46afb6855ae977f5f4aebfcc0504539e42","isMergeCommit":true,"messageTitle":"Merge pull request #81 from yentheng0110/YenTheng_JUnitTestForDelete","messageBody":"Implement JUnit Test for [delete] command","fileTypesAndContributionMap":{}},{"hash":"66d9f3122706797e37511cac67d73fe75b1b7902","isMergeCommit":true,"messageTitle":"Merge pull request #82 from yentheng0110/YenTheng_JUniTestForFind","messageBody":"Implement JUnit Test for [find] command","fileTypesAndContributionMap":{}},{"hash":"752252b002acb9f0503393388cf70be9604d4ba6","isMergeCommit":false,"messageTitle":"Add Junit tests","messageBody":"","fileTypesAndContributionMap":{"test-code":{"insertions":92,"deletions":19}}}]},{"date":"2024-10-11","commitResults":[{"hash":"529d1836b94e514a55245c8fa061ad7491cb7747","isMergeCommit":false,"messageTitle":"each segment after an underscore must start with a lowercase letter","messageBody":"","fileTypesAndContributionMap":{"test-code":{"insertions":4,"deletions":4}}},{"hash":"19f45a4b931c6a6d9fb0faafea7263416b2e609b","isMergeCommit":true,"messageTitle":"Merge pull request #83 from kaboomzxc/branch-Junit-10Oct_(1)","messageBody":"Add Junit tests","fileTypesAndContributionMap":{}}]},{"date":"2024-10-14","commitResults":[{"hash":"ea87308a61c29fad7180a752e0ef20fcd33d4184","isMergeCommit":true,"messageTitle":"Merge pull request #95 from yentheng0110/YenTheng_FixBugAddCommand","messageBody":"Fix bug for add command ","fileTypesAndContributionMap":{}},{"hash":"5931b9e4f0b70a42362530d65f9e87695bf6d795","isMergeCommit":true,"messageTitle":"Merge pull request #99 from yentheng0110/master","messageBody":"Fix typos in FileHandler.java","fileTypesAndContributionMap":{}},{"hash":"c17d603d217abf5c2791ed828af20561b0365e70","isMergeCommit":true,"messageTitle":"Merge pull request #92 from coraleaf0602/Assertions","messageBody":"Add assertions, logging and exceptions to help and exit command","fileTypesAndContributionMap":{}},{"hash":"4b0f8a01d4c5a258d781a1217fc633abd917f905","isMergeCommit":true,"messageTitle":"Merge pull request #103 from coraleaf0602/JUnit-find-test","messageBody":"Add JUnit tests for [find] command","fileTypesAndContributionMap":{}}]},{"date":"2024-10-15","commitResults":[{"hash":"d9fe22eeafdc7af6f6dbeffc48d55fd4fce21fdc","isMergeCommit":false,"messageTitle":"Remove unnecessary scanner in commandhandler change Author to small case author","messageBody":"","fileTypesAndContributionMap":{"functional-code":{"insertions":1,"deletions":4},"test-code":{"insertions":13,"deletions":13}}},{"hash":"5cec85c45aa3d9594b1bdf562c98a9a88c7d2ad2","isMergeCommit":true,"messageTitle":"Merge pull request #106 from kaboomzxc/master","messageBody":"Remove unnecessary scanner in commandhandler","fileTypesAndContributionMap":{}},{"hash":"df74ac03658a59cfd23dd93ebe11863ebeba8fc5","isMergeCommit":false,"messageTitle":"removed boolean variable \"IsRunning\" , changed back to while(true)","messageBody":"","fileTypesAndContributionMap":{"functional-code":{"insertions":3,"deletions":5}}},{"hash":"46200855f7a20719a4fa598194f42422005d48bb","isMergeCommit":true,"messageTitle":"Merge pull request #107 from kaboomzxc/master","messageBody":"removed boolean variable \"IsRunning\" , changed back to while(true)","fileTypesAndContributionMap":{}},{"hash":"4b356c566abb18c2848f5cf4df1b3a1d680925ca","isMergeCommit":false,"messageTitle":"implement assertions, exceptions, loggings for \"find\" - working version - 15oct_(1)","messageBody":"","fileTypesAndContributionMap":{"functional-code":{"insertions":77,"deletions":36}}},{"hash":"bdbfe711f2da84e9c7de0ad4c033e86d9f33c113","isMergeCommit":false,"messageTitle":"implement Assertions, Exceptions, Loggings, for \"Find\" command","messageBody":"","fileTypesAndContributionMap":{"functional-code":{"insertions":27,"deletions":26}}},{"hash":"5b3f4a73644d1f0ce54e2f1ffd8a09810ed410a6","isMergeCommit":false,"messageTitle":"fix indentation checkstyle errors","messageBody":"","fileTypesAndContributionMap":{"functional-code":{"insertions":25,"deletions":25}}},{"hash":"8f345bc136a2fdc30937cf5e604f8838cd84ea67","isMergeCommit":false,"messageTitle":"fix indentation","messageBody":"","fileTypesAndContributionMap":{"functional-code":{"insertions":3,"deletions":3}}},{"hash":"4113f50064d8c1b77657ffd4b8589470b3d3d77f","isMergeCommit":false,"messageTitle":"fixed a failing CI test","messageBody":"","fileTypesAndContributionMap":{"functional-code":{"insertions":0,"deletions":3}}},{"hash":"2c5b6598cdd2db750735cc6add431de929331599","isMergeCommit":true,"messageTitle":"Merge pull request #108 from kaboomzxc/15Oct-LogExcpAsser_test1","messageBody":"Implemented Assertions, Exceptions, Loggings for \"Find\" command","fileTypesAndContributionMap":{}},{"hash":"af0270546a19966e4e7052b1b20002079fadd512","isMergeCommit":true,"messageTitle":"Merge pull request #109 from yentheng0110/YenTheng-LogginginMain","messageBody":"Modify logging and exceptions for add command, standardise logging messages across all commands in Main.java","fileTypesAndContributionMap":{}}]},{"date":"2024-10-22","commitResults":[{"hash":"8b0145a9e42c0759583b9186be2ed6570bd264b3","isMergeCommit":false,"messageTitle":"Attempt(1) to implement new patient detail fields : a/allergy s/sex mh/medical history","messageBody":"to add into the \"add\" and \"find\" command\n","fileTypesAndContributionMap":{"functional-code":{"insertions":101,"deletions":17},"test-code":{"insertions":4,"deletions":3}}},{"hash":"e46f838f33fb9a0ce73951c0ddd482cbe852aa9d","isMergeCommit":false,"messageTitle":"successfully implemented additional patient detail fields : allergy, sex, medical history","messageBody":"","fileTypesAndContributionMap":{"functional-code":{"insertions":41,"deletions":5}}},{"hash":"96c28d92af0c75f66d36ea7b7898ee1055445d10","isMergeCommit":false,"messageTitle":"add author","messageBody":"","fileTypesAndContributionMap":{"functional-code":{"insertions":3,"deletions":3}}}]},{"date":"2024-10-23","commitResults":[{"hash":"0ddc3e197361ea2c19cb30d60ae01289b9c7cb06","isMergeCommit":false,"messageTitle":"fixed author typos","messageBody":"","fileTypesAndContributionMap":{"functional-code":{"insertions":4,"deletions":4},"test-code":{"insertions":1,"deletions":1}}},{"hash":"c162eb7eea7f8542b681d9cd4184f3fa2db0ba48","isMergeCommit":true,"messageTitle":"Merge pull request #118 from kaboomzxc/master","messageBody":"fixed author typos","fileTypesAndContributionMap":{}},{"hash":"ccb0edc71848d751b935b17c88e5b06fdf2c2e06","isMergeCommit":true,"messageTitle":"Merge pull request #121 from coraleaf0602/JUnit-Test-Visit","messageBody":"Modify JUnit tests for visit class ","fileTypesAndContributionMap":{}},{"hash":"1c6f9380166e82645645fe2698599594e656d148","isMergeCommit":true,"messageTitle":"Merge pull request #123 from yentheng0110/master","messageBody":"Fix bugs in the edit command for patient records","fileTypesAndContributionMap":{}},{"hash":"10d6afab198face5f5b7e8af9e45da6a42856fec","isMergeCommit":true,"messageTitle":"Merge pull request #126 from yentheng0110/YenTheng-AddThreeMorePatientAttributes","messageBody":"Add three more patient attributes","fileTypesAndContributionMap":{}},{"hash":"08eef21ad28605a64efc3d958f753094df3d6505","isMergeCommit":false,"messageTitle":"fixed compile error. just fixed method name mismatch typos. and a duplocate Visit visit","messageBody":"","fileTypesAndContributionMap":{"functional-code":{"insertions":5,"deletions":7}}},{"hash":"1253983b6dc59e7a741a242c65e31f8d456b0eda","isMergeCommit":true,"messageTitle":"Merge pull request #127 from kaboomzxc/master","messageBody":"fixed compile error.","fileTypesAndContributionMap":{}}]},{"date":"2024-10-24","commitResults":[{"hash":"0e6b6e91780911e6bbc1c7d8d566b33291fe27a7","isMergeCommit":true,"messageTitle":"Merge pull request #130 from coraleaf0602/master","messageBody":"Bug Fix: Index out of bounds error when parsing visit details","fileTypesAndContributionMap":{}},{"hash":"62d45ba707945bd8a759bcc4b1906add4c98059c","isMergeCommit":false,"messageTitle":"visit date is now shown on the output after the user keyed in his input. cleaned up some code, removed minindex in main.java. parsing and date time formatting should be done in commandhandler","messageBody":"Thank you Cora for the helpful comment that minindex was unnecessary.\n","fileTypesAndContributionMap":{"functional-code":{"insertions":10,"deletions":23}}},{"hash":"37b5bb63f5df07c795642324728a43a851f1e9ac","isMergeCommit":true,"messageTitle":"Merge pull request #132 from kaboomzxc/24Oct-ShowVisitdate_(1)","messageBody":"visit date is now shown on the output after the user keyed in his input.","fileTypesAndContributionMap":{}},{"hash":"e15d4130acf1920abfa90273c3ca8e1b06457af4","isMergeCommit":false,"messageTitle":"Implemented addVisit command","messageBody":"","fileTypesAndContributionMap":{"functional-code":{"insertions":283,"deletions":16},"test-code":{"insertions":9,"deletions":9}}},{"hash":"0cb8ca913bf0d743d0d6ef87adfe208f718206e7","isMergeCommit":false,"messageTitle":"fixed whitespaces and CI issues","messageBody":"","fileTypesAndContributionMap":{"functional-code":{"insertions":1,"deletions":1},"test-code":{"insertions":25,"deletions":17}}},{"hash":"1f4811914488df09696a820cf199754d46fd8fad","isMergeCommit":false,"messageTitle":"Update \"Help\" command for \"addVisit\" command","messageBody":"","fileTypesAndContributionMap":{"functional-code":{"insertions":6,"deletions":1}}}]},{"date":"2024-10-25","commitResults":[{"hash":"a4411972c9cf7d0890431e248a0ee1eaeae21318","isMergeCommit":false,"messageTitle":"Fixed \"Help\" CI","messageBody":"","fileTypesAndContributionMap":{"test-code":{"insertions":5,"deletions":0}}},{"hash":"93599b530f500344367a38d3669aa3ec23f59fa1","isMergeCommit":true,"messageTitle":"Merge pull request #142 from yentheng0110/master","messageBody":"Fix bug for editVisit command","fileTypesAndContributionMap":{}}]}],"G13nd0n":[{"date":"2024-09-30","commitResults":[{"hash":"775fb9a8e7b7141a93bfed93aa39f3c308865a0a","isMergeCommit":false,"messageTitle":"Add patient class and basic constructor for name and nric input","messageBody":"","fileTypesAndContributionMap":{"functional-code":{"insertions":21,"deletions":0}}},{"hash":"0163f24d34c2d1a6319a47c18d7a7d8b59af3419","isMergeCommit":false,"messageTitle":"Add Record class for storing patient and delete function","messageBody":"","fileTypesAndContributionMap":{"functional-code":{"insertions":31,"deletions":0}}},{"hash":"c4b5b5f125e8abe54f28ddcc39a5a9f7052cb7b7","isMergeCommit":true,"messageTitle":"Merge pull request #8 from G13nd0n/master","messageBody":"Delete Command","fileTypesAndContributionMap":{}}]},{"date":"2024-10-03","commitResults":[{"hash":"e9fcebdd02c231fa4f3a0929e6ded4ef5e96bc4c","isMergeCommit":true,"messageTitle":"Merge remote-tracking branch \u0027upstream/master\u0027","messageBody":"# Conflicts:\n#\tsrc/main/java/BookBob/entity/Patient.java\n#\tsrc/main/java/seedu/duke/Duke.java\n#\tsrc/main/java/seedu/duke/Records.java\n","fileTypesAndContributionMap":{}},{"hash":"0f29907ae4d5e27460e04eb642369da532a179e5","isMergeCommit":false,"messageTitle":"Update AboutUs.md","messageBody":"","fileTypesAndContributionMap":{"docs":{"insertions":4,"deletions":7}}},{"hash":"d6123363604495baebce182d261802a972474256","isMergeCommit":true,"messageTitle":"Merge branch \u0027master\u0027 into GlendonTan-AboutUs","messageBody":"","fileTypesAndContributionMap":{}},{"hash":"656e553a70b79a267333289e6e4b8f000266d8d2","isMergeCommit":true,"messageTitle":"Merge pull request #26 from G13nd0n/GlendonTan-AboutUs","messageBody":"Glendon Tan About Us","fileTypesAndContributionMap":{}}]},{"date":"2024-10-09","commitResults":[{"hash":"f152590c12e481d943014eb4968fcd1c0ba58800","isMergeCommit":false,"messageTitle":"Modify gradle to allow testing","messageBody":"","fileTypesAndContributionMap":{"other":{"insertions":1,"deletions":1}}},{"hash":"bdda6a7fc24eb89a0e0ecef3c8cd3c6877edf65a","isMergeCommit":false,"messageTitle":"Modify code to align with checkstyle","messageBody":"","fileTypesAndContributionMap":{"test-code":{"insertions":3,"deletions":3}}},{"hash":"7fed0cb8a3ffc09bd24048cdaed4cecc522a66a4","isMergeCommit":true,"messageTitle":"Merge branch \u0027master\u0027 of https://github.com/AY2425S1-CS2113-T10-2/tp","messageBody":"# Conflicts:\n#\tsrc/test/java/seedu/bookbob/BookBobTest.java\n#\ttext-ui-test/EXPECTED.TXT\n","fileTypesAndContributionMap":{}}]},{"date":"2024-10-10","commitResults":[{"hash":"0d15a57140ee65d5110f60401663916dc78d505d","isMergeCommit":false,"messageTitle":"Add JUnit test for add, list, find and delete","messageBody":"","fileTypesAndContributionMap":{"test-code":{"insertions":42,"deletions":58}}},{"hash":"83a18f4c2e1caf7f36c3dc675254f7a94ca072ee","isMergeCommit":true,"messageTitle":"Merge branch \u0027master\u0027 of https://github.com/AY2425S1-CS2113-T10-2/tp","messageBody":"# Conflicts:\n#\tsrc/test/java/seedu/bookbob/BookBobTest.java\n","fileTypesAndContributionMap":{}},{"hash":"b67c3617f39cc9937936a908b14e09c792a7abf3","isMergeCommit":false,"messageTitle":"Fix file directory issue","messageBody":"","fileTypesAndContributionMap":{"other":{"insertions":2,"deletions":2}}},{"hash":"9f74b215851e131a83282b65f7a3edd4fc0f46a7","isMergeCommit":false,"messageTitle":"Add annotation for methods","messageBody":"","fileTypesAndContributionMap":{"test-code":{"insertions":4,"deletions":0}}},{"hash":"6ce3c0250f8e95780eb7bef87384a9941ff7d9e9","isMergeCommit":true,"messageTitle":"Merge branch \u0027GlendonTan-JUnitTest\u0027","messageBody":"# Conflicts:\n#\tsrc/test/java/bookbob/BookBobTest.java\n","fileTypesAndContributionMap":{}},{"hash":"f884b2d5da9c010616f08e1b6b9130d334655d69","isMergeCommit":false,"messageTitle":"Fix Checkstyle Issue","messageBody":"","fileTypesAndContributionMap":{"test-code":{"insertions":5,"deletions":3}}},{"hash":"eceac742624081d83ff732ba2e0d48c183b92f44","isMergeCommit":true,"messageTitle":"Merge branch \u0027master\u0027 into master","messageBody":"","fileTypesAndContributionMap":{}},{"hash":"ceb2745da75fb0fe10844b539ad101a7fa6c96c2","isMergeCommit":false,"messageTitle":"Add exception throwing for JUnit Test","messageBody":"","fileTypesAndContributionMap":{"functional-code":{"insertions":25,"deletions":22},"test-code":{"insertions":14,"deletions":14}}},{"hash":"a6b83c3ef6fe7d24a193427e7f4ba78f974ae014","isMergeCommit":false,"messageTitle":"Fix Checkstyle issue","messageBody":"","fileTypesAndContributionMap":{"functional-code":{"insertions":41,"deletions":40}}},{"hash":"e1f9db28256d2faa788dc6942d6e4d20305b7f2c","isMergeCommit":false,"messageTitle":"Modify JUnit Test","messageBody":"","fileTypesAndContributionMap":{"test-code":{"insertions":2,"deletions":2}}},{"hash":"f53c7087247659a77ce27c47b1518767a9139498","isMergeCommit":false,"messageTitle":"Fix JUnit Expected Results","messageBody":"","fileTypesAndContributionMap":{"test-code":{"insertions":8,"deletions":8}}},{"hash":"90acb3118929eeb6670181538c6466949f88e4f9","isMergeCommit":false,"messageTitle":"Fix CI Issue for testFind and testDelete","messageBody":"","fileTypesAndContributionMap":{"test-code":{"insertions":8,"deletions":4}}}]},{"date":"2024-10-14","commitResults":[{"hash":"81d21bc789eea9fd2087beef6ac049afd8d25e0f","isMergeCommit":false,"messageTitle":"Add Assertion, Logging and Exception","messageBody":"","fileTypesAndContributionMap":{"functional-code":{"insertions":17,"deletions":5}}},{"hash":"f9842e74290b71a176534f7475db715176b3a636","isMergeCommit":false,"messageTitle":"Modify the delete function","messageBody":"","fileTypesAndContributionMap":{"functional-code":{"insertions":14,"deletions":11}}},{"hash":"70ddaf0cdc679b73e0cbfb552520813e7bb25a9b","isMergeCommit":false,"messageTitle":"Add JUnit test to find multiple outputs","messageBody":"","fileTypesAndContributionMap":{"test-code":{"insertions":40,"deletions":0}}},{"hash":"84ab9df44f1f73b40133afe66ef0895b02496ffd","isMergeCommit":false,"messageTitle":"Modify JUnit test and Delete statement","messageBody":"","fileTypesAndContributionMap":{"functional-code":{"insertions":1,"deletions":1},"test-code":{"insertions":2,"deletions":2}}},{"hash":"f670749717f4d7bf976a86318541109c0b58af65","isMergeCommit":false,"messageTitle":"Fix checkstyle","messageBody":"","fileTypesAndContributionMap":{"test-code":{"insertions":2,"deletions":2}}},{"hash":"154783ff8cdfbab2c143abaa287d337e83206989","isMergeCommit":false,"messageTitle":"Fix JUnit Issue","messageBody":"","fileTypesAndContributionMap":{"functional-code":{"insertions":1,"deletions":1}}},{"hash":"616efbb50ae6b59614f228516e670d9a0140447d","isMergeCommit":false,"messageTitle":"Modify the JUnit test","messageBody":"","fileTypesAndContributionMap":{"functional-code":{"insertions":1,"deletions":1},"test-code":{"insertions":2,"deletions":2}}},{"hash":"28cbafd268d23ff53cd2aa80b8b36961aae1385e","isMergeCommit":false,"messageTitle":"Update JUnit testing","messageBody":"","fileTypesAndContributionMap":{"functional-code":{"insertions":1,"deletions":1},"test-code":{"insertions":1,"deletions":1}}}]},{"date":"2024-10-19","commitResults":[{"hash":"f1e01a32202046614475f350b03102037a126740","isMergeCommit":false,"messageTitle":"Add Appointment Class","messageBody":"","fileTypesAndContributionMap":{"functional-code":{"insertions":74,"deletions":0}}},{"hash":"679285d2dfaf68c77e64cc85e8ca289aeb6d78ff","isMergeCommit":false,"messageTitle":"Add AppointmentRecord Class","messageBody":"","fileTypesAndContributionMap":{"functional-code":{"insertions":105,"deletions":0}}},{"hash":"42a4e238bcf601f7c047bad93cb723b1c2954489","isMergeCommit":false,"messageTitle":"Add author tag for written code","messageBody":"","fileTypesAndContributionMap":{"functional-code":{"insertions":3,"deletions":0},"test-code":{"insertions":4,"deletions":4}}},{"hash":"e5a2ab7374ab066edb221b016df9ece31c468d71","isMergeCommit":false,"messageTitle":"Add CommandHandler functions for appointments","messageBody":"","fileTypesAndContributionMap":{"functional-code":{"insertions":78,"deletions":29}}},{"hash":"4fd2b1572cdcd56b45acfc06380e2303a92ec071","isMergeCommit":false,"messageTitle":"Create a new save file for Appointments","messageBody":"","fileTypesAndContributionMap":{"functional-code":{"insertions":72,"deletions":0}}},{"hash":"679f7131e2e0f35612ca047b5a5f954707feaebf","isMergeCommit":true,"messageTitle":"Merge branch \u0027master\u0027 of https://github.com/AY2425S1-CS2113-T10-2/tp into GlendonTan-AppointmentClass","messageBody":"# Conflicts:\n#\tsrc/main/java/bookbob/functions/CommandHandler.java\n","fileTypesAndContributionMap":{}}]},{"date":"2024-10-21","commitResults":[{"hash":"8f3a50d53c34b00d6a5f933e8eb6176cbe46ddce","isMergeCommit":false,"messageTitle":"Modify Appointment Class to take in time using the dd-mm-yyy format and add the attribute for consultation duration","messageBody":"","fileTypesAndContributionMap":{"functional-code":{"insertions":11,"deletions":11}}},{"hash":"8fca985104c6fdfdb1bcd3c36fcd6d56581287d0","isMergeCommit":false,"messageTitle":"Add in new case for commands for appointment","messageBody":"","fileTypesAndContributionMap":{"functional-code":{"insertions":105,"deletions":0}}},{"hash":"e8ef0bf6a3b83215bd66c1839ea9a1588a597f5b","isMergeCommit":false,"messageTitle":"Add in the AppointmentNotice to prompt the appointment schedule for the day","messageBody":"","fileTypesAndContributionMap":{"functional-code":{"insertions":50,"deletions":25}}},{"hash":"3ea297b5d9435e0034a6d7ee1df82c29e7de45a8","isMergeCommit":false,"messageTitle":"Add commandhandler methods for appointment handling","messageBody":"","fileTypesAndContributionMap":{"functional-code":{"insertions":146,"deletions":36}}},{"hash":"4b5d247cbb4370ccc88f3b94af6c7931a13205ec","isMergeCommit":false,"messageTitle":"Add new save file for appointment records","messageBody":"","fileTypesAndContributionMap":{"functional-code":{"insertions":6,"deletions":5}}},{"hash":"b9f9b3a9d45b620980135e0c46eb46caf53d906d","isMergeCommit":true,"messageTitle":"Merge branch \u0027master\u0027 into GlendonTan-AppointmentClass","messageBody":"","fileTypesAndContributionMap":{}},{"hash":"8c3754e1e2620ad5ce1c1d8033d5ed67b0742d0b","isMergeCommit":true,"messageTitle":"Merge pull request #1 from G13nd0n/GlendonTan-AppointmentClass","messageBody":"Glendon tan appointment class","fileTypesAndContributionMap":{}},{"hash":"1635eef1c7f9c548a1c3210e9bb7ea96ebe55119","isMergeCommit":false,"messageTitle":"Fix CheckStyle Issue","messageBody":"","fileTypesAndContributionMap":{"functional-code":{"insertions":41,"deletions":43}}},{"hash":"b634f8aa2fa7bbbab1d1a3ba0752dec731056024","isMergeCommit":false,"messageTitle":"Fix the JUnit Testing Issue","messageBody":"","fileTypesAndContributionMap":{"functional-code":{"insertions":4,"deletions":4},"test-code":{"insertions":50,"deletions":29}}},{"hash":"cd1809b2f906874a8bd9c13f4bbe6b0249a48067","isMergeCommit":false,"messageTitle":"Modify the sort function under Appointment Record and add auto-delete function for past appointments","messageBody":"","fileTypesAndContributionMap":{"functional-code":{"insertions":26,"deletions":11}}}]},{"date":"2024-10-24","commitResults":[{"hash":"cf70f1dbd6c8e59baea3d0655a63bc72bded721a","isMergeCommit":false,"messageTitle":"Remove the 2 print line for testing","messageBody":"","fileTypesAndContributionMap":{"functional-code":{"insertions":0,"deletions":2}}}]},{"date":"2024-10-25","commitResults":[{"hash":"409e99e5d9fbd39bc08669238a5e8dad4ede0b8b","isMergeCommit":true,"messageTitle":"Merge branch \u0027master\u0027 of https://github.com/AY2425S1-CS2113-T10-2/tp","messageBody":"","fileTypesAndContributionMap":{}},{"hash":"e0fc2c1dbe27eefa77f8ced73b64ab5754e5c1cc","isMergeCommit":false,"messageTitle":"Edit author tag to the correct author","messageBody":"","fileTypesAndContributionMap":{"functional-code":{"insertions":1,"deletions":1}}}]},{"date":"2024-10-28","commitResults":[{"hash":"55b18c2202960f8407622c54155ef079376cb325","isMergeCommit":false,"messageTitle":"Create Class Diagram for Appointment Class","messageBody":"","fileTypesAndContributionMap":{"docs":{"insertions":23,"deletions":0}}},{"hash":"83da6bb3fe15083a73f7a7fb4369fcea800e369e","isMergeCommit":false,"messageTitle":"Create Class Diagram for AppointmentRecord class","messageBody":"","fileTypesAndContributionMap":{"docs":{"insertions":17,"deletions":0}}},{"hash":"7f3d845abe4a4e42126f25d33212ff9d2973f4e7","isMergeCommit":true,"messageTitle":"Merge pull request #151 from yentheng0110/YenTheng-DG","messageBody":"Add target user profile and value proposition to the Developer Guide","fileTypesAndContributionMap":{}}]}],"coraleaf0602":[{"date":"2024-09-30","commitResults":[{"hash":"b03da28191e00ec959d10c00f7258b8cfa7a98a2","isMergeCommit":false,"messageTitle":"Add help command which shows the list of available commands","messageBody":"","fileTypesAndContributionMap":{"functional-code":{"insertions":38,"deletions":0}}}]},{"date":"2024-10-01","commitResults":[{"hash":"ff68a565d5c228de7ab1f76347bec40db1c99182","isMergeCommit":true,"messageTitle":"Merge pull request #11 from yentheng0110/master","messageBody":"Implement the add and list commands","fileTypesAndContributionMap":{}}]},{"date":"2024-10-03","commitResults":[{"hash":"613d7381986b5cd4f0115de85116aafd3afc3571","isMergeCommit":true,"messageTitle":"Merge pull request #20 from kaboomzxc/branch-find-functions","messageBody":"Implement \"find\" methods","fileTypesAndContributionMap":{}},{"hash":"2f7e78c6c5e4d10c029f133c363d73a844878ac0","isMergeCommit":true,"messageTitle":"Merge branch \u0027master\u0027 into master","messageBody":"","fileTypesAndContributionMap":{}},{"hash":"f700faabfb61981330618228087c8447c5feed99","isMergeCommit":true,"messageTitle":"Merge pull request #21 from yentheng0110/master","messageBody":"Fix bug for add command ","fileTypesAndContributionMap":{}},{"hash":"1a91434585246b1f6a669992b5f66df2598cfd26","isMergeCommit":false,"messageTitle":"Tutorial activities","messageBody":"","fileTypesAndContributionMap":{"docs":{"insertions":3,"deletions":7}}},{"hash":"fd0c97f2f92fa5001a72849cec29ced79ba67adf","isMergeCommit":true,"messageTitle":"Merge pull request #22 from coraleaf0602/Cora-Zhang-AboutUs","messageBody":"Tutorial activities","fileTypesAndContributionMap":{}},{"hash":"3cd163a4be2725276e2b8e782b7d5a7482291bc2","isMergeCommit":false,"messageTitle":"Adjustment to portfolio","messageBody":"","fileTypesAndContributionMap":{"docs":{"insertions":1,"deletions":1}}},{"hash":"0aecda59baca238d3742ce5f947bc5eab5dfce56","isMergeCommit":true,"messageTitle":"Merge pull request #23 from coraleaf0602/Cora-Zhang-AboutUs","messageBody":"Adjustment to portfolio ","fileTypesAndContributionMap":{}}]},{"date":"2024-10-04","commitResults":[{"hash":"538b5294e2f178a29495faeb1c4d2097811be466","isMergeCommit":true,"messageTitle":"Merge pull request #30 from yentheng0110/master","messageBody":"Fix Checkstyle","fileTypesAndContributionMap":{}}]},{"date":"2024-10-08","commitResults":[{"hash":"a43495a85d6c0152d366cc47f3e9049f87a93c42","isMergeCommit":false,"messageTitle":"Add BookBobTest file and add test function template","messageBody":"","fileTypesAndContributionMap":{"test-code":{"insertions":29,"deletions":0}}},{"hash":"81c0fe9e5e2841566fa707a6f3432691453b1ee2","isMergeCommit":false,"messageTitle":"Add JUnit test for help command","messageBody":"","fileTypesAndContributionMap":{"test-code":{"insertions":52,"deletions":2}}},{"hash":"35ba99eebbecf4cd050f5c9bb93c10b4f6a84500","isMergeCommit":false,"messageTitle":"Restore deleted test file","messageBody":"","fileTypesAndContributionMap":{"test-code":{"insertions":12,"deletions":0}}},{"hash":"5cf6c0b46668513b9cb8294847bff92572d5a39a","isMergeCommit":false,"messageTitle":"Add BookBobTest file","messageBody":"","fileTypesAndContributionMap":{"test-code":{"insertions":12,"deletions":79}}},{"hash":"28e5357884688c7aa8b27fddedf482e051d14f0f","isMergeCommit":true,"messageTitle":"Merge pull request #35 from coraleaf0602/master","messageBody":"Restore deleted file and add BookBob testing file ","fileTypesAndContributionMap":{}},{"hash":"4fb253b3fac14709b885b64c0e60815428faea33","isMergeCommit":false,"messageTitle":"Adjust new line for help function","messageBody":"","fileTypesAndContributionMap":{"functional-code":{"insertions":1,"deletions":1}}},{"hash":"60426543169f96afcbcc507431804524d63f7cae","isMergeCommit":false,"messageTitle":"Add tests for help, add, delete and list","messageBody":"","fileTypesAndContributionMap":{"test-code":{"insertions":83,"deletions":0}}},{"hash":"50a5fba11b83b10307a5b49e4f4a3c71c7299efa","isMergeCommit":false,"messageTitle":"Adjust package name to adhere to CheckStyle","messageBody":"","fileTypesAndContributionMap":{"other":{"insertions":24,"deletions":26},"test-code":{"insertions":3,"deletions":3}}},{"hash":"77e873b6589a852e4b7245cab6f1e8cf3c85a6d7","isMergeCommit":false,"messageTitle":"Bug Fix: error with variable names","messageBody":"","fileTypesAndContributionMap":{"functional-code":{"insertions":33,"deletions":32}}},{"hash":"4df9495fc2decc403662b299e51c95636c54b7ac","isMergeCommit":false,"messageTitle":"Adjust file to adhere to Checkstyle","messageBody":"","fileTypesAndContributionMap":{"test-code":{"insertions":3,"deletions":4}}},{"hash":"88c57a8a8b76096bd5a06076b6d1a5500dd6a769","isMergeCommit":false,"messageTitle":"Set main class to bookbob","messageBody":"","fileTypesAndContributionMap":{"other":{"insertions":1,"deletions":1}}},{"hash":"a5cfb0343c7057b822e7c8bd225369b61c00de9b","isMergeCommit":false,"messageTitle":"Adjust variables to adhere to checkstyle","messageBody":"","fileTypesAndContributionMap":{"test-code":{"insertions":2,"deletions":2}}},{"hash":"c72dc1b1b8d5df27d6ae5ce582c5586505157bb1","isMergeCommit":false,"messageTitle":"Adjust variables to before tests","messageBody":"","fileTypesAndContributionMap":{"test-code":{"insertions":2,"deletions":3}}},{"hash":"77f2d62f4028f0b47d6b5a1de1c6011650778038","isMergeCommit":true,"messageTitle":"Merge branch \u0027master\u0027 of https://github.com/AY2425S1-CS2113-T10-2/tp","messageBody":"* \u0027master\u0027 of https://github.com/AY2425S1-CS2113-T10-2/tp:\n","fileTypesAndContributionMap":{}},{"hash":"490bdf1dddd793b8dedcee4a1768fd9e335631fb","isMergeCommit":false,"messageTitle":"Modify BookBobTest to adhere to Checkstyle","messageBody":"","fileTypesAndContributionMap":{"test-code":{"insertions":93,"deletions":93}}},{"hash":"b4919fd2d325f0abe012212fab00dc2f71b0876f","isMergeCommit":false,"messageTitle":"Adjust code line length","messageBody":"","fileTypesAndContributionMap":{"test-code":{"insertions":6,"deletions":3}}}]},{"date":"2024-10-10","commitResults":[{"hash":"64dba5b324d064efad61e8ae77c99cb9d413ef6b","isMergeCommit":false,"messageTitle":"Delete test-ui-test tests in CI","messageBody":"","fileTypesAndContributionMap":{"other":{"insertions":1,"deletions":17}}},{"hash":"fddbfdde1e9c7213582ce6a69ba23879ac50b07b","isMergeCommit":false,"messageTitle":"Merge files from pull request","messageBody":"","fileTypesAndContributionMap":{"functional-code":{"insertions":136,"deletions":47},"other":{"insertions":35,"deletions":26},"test-code":{"insertions":180,"deletions":0}}},{"hash":"4faff226ada771d7e1f1af484ce3913445c495fe","isMergeCommit":true,"messageTitle":"Merge pull request #75 from G13nd0n/master","messageBody":"Add JUnit Test","fileTypesAndContributionMap":{}}]},{"date":"2024-10-13","commitResults":[{"hash":"056d6ab28eb52935b12e4496e14520dc5050c5bc","isMergeCommit":true,"messageTitle":"Merge branch \u0027master\u0027 of https://github.com/AY2425S1-CS2113-T10-2/tp","messageBody":"* \u0027master\u0027 of https://github.com/AY2425S1-CS2113-T10-2/tp: (28 commits)\n  Fix CI Issue for testFind and testDelete\n  Fix JUnit Expected Results\n  Modify JUnit Test\n  Fix Checkstyle issue\n  Add exception throwing for JUnit Test\n  Fix Checkstyle Issue\n  :w\n  fixed bug in FileHandler where duplicate of prefix variables being read\n  Add annotation for methods\n  Fix file directory issue\n  Add JUnit test for add, list, find and delete\n  merge-main\n  merge-commandhandler\n  merge-filehandler\n  reverting\n  Reapply \"Merge pull request #37 from coraleaf0602/master\"\n  Edit the build.gradle file to set the mainClass and archiveBaseName correctly\n  add Junit tests for find methods\n  Modify code to align with checkstyle\n  Modify gradle to allow testing\n  ...\n\n# Conflicts:\n#\tsrc/main/java/bookbob/Main.java\n#\tsrc/main/java/bookbob/functions/CommandHandler.java\n#\tsrc/main/java/bookbob/functions/FileHandler.java\n#\tsrc/test/java/bookbob/BookBobTest.java\n#\tsrc/test/java/seedu/bookbob/BookBobTest.java\n#\ttext-ui-test/EXPECTED.TXT\n#\ttext-ui-test/input.txt\n","fileTypesAndContributionMap":{}},{"hash":"9d0949f7dd7672792eef723e6f366a8619a49491","isMergeCommit":true,"messageTitle":"Merge branch \u0027master\u0027 of https://github.com/AY2425S1-CS2113-T10-2/tp","messageBody":"* \u0027master\u0027 of https://github.com/AY2425S1-CS2113-T10-2/tp:\n  each segment after an underscore must start with a lowercase letter\n  Update author annotations for yentheng0110 in CommandHandler.java\n  Remove duplicate testDelete\n  Add Junit tests\n  Implement JUnit Test for [find] command\n  Implement JUnit Test for [delete] command\n  Implement JUnitTest for [list] command\n  Implement JUnit Test for [add] command\n  Add Author to \"find\"\n  Fix Checkstyle issues, modify testDelete() and testList() methods\n  Modify testHelp() to ensure the test passed\n  Add bookbob_data.txt\n  Fix Checkstyle issues again\n  Modify gradle.yml file\n  Fix Checkstyle Issues\n","fileTypesAndContributionMap":{}},{"hash":"2bc61f6d84f4b9dbf13716b2b8e22ff8194896a1","isMergeCommit":false,"messageTitle":"Add author name to functions","messageBody":"","fileTypesAndContributionMap":{"functional-code":{"insertions":1,"deletions":0},"test-code":{"insertions":7,"deletions":0}}},{"hash":"76a6c0285ce9a12ed222d0938a496ce67b980879","isMergeCommit":false,"messageTitle":"Rename test functions to adhere to Java conventions","messageBody":"","fileTypesAndContributionMap":{"test-code":{"insertions":6,"deletions":8}}},{"hash":"a202fe9198aa7a44de6869fa3ccf700e05536228","isMergeCommit":false,"messageTitle":"Add test function for exit command","messageBody":"","fileTypesAndContributionMap":{"test-code":{"insertions":7,"deletions":0}}},{"hash":"e40896c02b3b842c77e180aa140b292d39317c35","isMergeCommit":false,"messageTitle":"Add logging to help command","messageBody":"","fileTypesAndContributionMap":{"functional-code":{"insertions":19,"deletions":3}}},{"hash":"16282b336094f9247831d3b5c352adcc2457b47d","isMergeCommit":false,"messageTitle":"Add exceptions to exit command","messageBody":"","fileTypesAndContributionMap":{"functional-code":{"insertions":8,"deletions":3}}},{"hash":"68db49914252e7f6432fa48654bfc08ab6abfee3","isMergeCommit":false,"messageTitle":"Rename test functions to adhere to checkstyle","messageBody":"","fileTypesAndContributionMap":{"test-code":{"insertions":6,"deletions":13}}},{"hash":"b1b52ec2c46cd78d756b1481d8ad1908fbb07267","isMergeCommit":false,"messageTitle":"Adjust output in help command","messageBody":"","fileTypesAndContributionMap":{"functional-code":{"insertions":8,"deletions":8}}},{"hash":"b9bfe0c3a1a923a59ce8b7c48c72dc464a58a5f8","isMergeCommit":true,"messageTitle":"Merge pull request #91 from PrinceCatt/master","messageBody":"Add exception, logging and JUnit test for File Handler","fileTypesAndContributionMap":{}}]},{"date":"2024-10-14","commitResults":[{"hash":"a1a8c5a122422ed04d0e2c5529da9367d78e97e0","isMergeCommit":true,"messageTitle":"Merge branch \u0027master\u0027 into master","messageBody":"","fileTypesAndContributionMap":{}},{"hash":"50820cd2e65dc8a9f2015a1ebdbb98fc08da9dcd","isMergeCommit":true,"messageTitle":"Merge branch \u0027master\u0027 of https://github.com/AY2425S1-CS2113-T10-2/tp","messageBody":"* \u0027master\u0027 of https://github.com/AY2425S1-CS2113-T10-2/tp:\n  1. Improved exception handling 2. Added Test for File Handler 3. Added logger for File Handler\n\n# Conflicts:\n#\tdata/bookbob_data.txt\n","fileTypesAndContributionMap":{}},{"hash":"3aab3e36ae88d3873e532ea753bd348d0a5ac1bf","isMergeCommit":true,"messageTitle":"Merge remote-tracking branch \u0027origin/master\u0027","messageBody":"# Conflicts:\n#\tdata/bookbob_data.txt\n","fileTypesAndContributionMap":{}},{"hash":"ad8ea8867ec1bdc8ccf753d2f515498cabab6ba9","isMergeCommit":false,"messageTitle":"Add assertion to exit command","messageBody":"","fileTypesAndContributionMap":{"functional-code":{"insertions":1,"deletions":0}}},{"hash":"63e81bf060971d47307fdaa259c7fd747d32b1bd","isMergeCommit":true,"messageTitle":"Merge branch \u0027master\u0027 into master","messageBody":"","fileTypesAndContributionMap":{}},{"hash":"47dec91c4c2d9b8eb16cf2f2a4a5531b79111c03","isMergeCommit":true,"messageTitle":"Merge branch \u0027master\u0027 of https://github.com/AY2425S1-CS2113-T10-2/tp into Assertions","messageBody":"* \u0027master\u0027 of https://github.com/AY2425S1-CS2113-T10-2/tp:\n  Fix typos in FileHandler.java\n  Change the expected output when adding patient without nric\n  Fix bug for add command to extract each patient data correctly when some optional data are not provided or not in a specific order\n  fixed_test\n  fixed bug in Patient class constructor for retrieving\n  Update JUnit testing\n  Modify the JUnit test\n  Fix JUnit Issue\n  Fix checkstyle\n  Modify JUnit test and Delete statement\n  Add JUnit test to find multiple outputs\n  Modify the delete function\n  Add Assertion, Logging and Exception\n\n# Conflicts:\n#\tdata/bookbob_data.txt\n#\tsrc/main/java/bookbob/Main.java\n#\tsrc/main/java/bookbob/functions/CommandHandler.java\n#\tsrc/main/java/bookbob/functions/FileHandler.java\n#\tsrc/test/java/bookbob/BookBobTest.java\n","fileTypesAndContributionMap":{}},{"hash":"dd220893faebceee3f3a6812d2ec33b33fdf27b3","isMergeCommit":true,"messageTitle":"Merge remote-tracking branch \u0027origin/Assertions\u0027 into Assertions","messageBody":"# Conflicts:\n#\tdata/bookbob_data.txt\n#\tsrc/main/java/bookbob/Main.java\n#\tsrc/main/java/bookbob/functions/CommandHandler.java\n#\tsrc/main/java/bookbob/functions/FileHandler.java\n","fileTypesAndContributionMap":{}},{"hash":"3ab50fe2fe7631f8e289bb6ffd65a5e821addb57","isMergeCommit":false,"messageTitle":"Modify test function to match tp master branch","messageBody":"","fileTypesAndContributionMap":{"test-code":{"insertions":2,"deletions":2}}},{"hash":"6a1ea4c897460e3d793477c33579a9d4973aee83","isMergeCommit":true,"messageTitle":"Merge pull request #100 from yentheng0110/YenTheng-AddCommandAssertions","messageBody":"Add assertions for [add] command","fileTypesAndContributionMap":{}},{"hash":"a026307ce7930a3964387ebc17f4405c2bcc2175","isMergeCommit":true,"messageTitle":"Merge pull request #101 from yentheng0110/YenTheng-AddCommandLoggingandExceptions","messageBody":"Add logging and exceptions for [add] command","fileTypesAndContributionMap":{}},{"hash":"cd5ad53adaa09df73e95c2f7c4469b5b59f3a97c","isMergeCommit":true,"messageTitle":"Merge remote-tracking branch \u0027origin/master\u0027","messageBody":"# Conflicts:\n#\tdata/bookbob_data.txt\n#\tsrc/main/java/bookbob/Main.java\n#\tsrc/main/java/bookbob/functions/CommandHandler.java\n#\tsrc/main/java/bookbob/functions/FileHandler.java\n","fileTypesAndContributionMap":{}},{"hash":"58dc7756e3534ffad66ec9507bd000e585afc768","isMergeCommit":false,"messageTitle":"Add find functions to test for non-existent patients","messageBody":"","fileTypesAndContributionMap":{"test-code":{"insertions":49,"deletions":0}}},{"hash":"8676d6b7af0c89f0de3d543384b7c0de34a9bc8a","isMergeCommit":true,"messageTitle":"Merge branch \u0027master\u0027 into JUnit-find-test","messageBody":"","fileTypesAndContributionMap":{}},{"hash":"ec6574f406c6d59a8f7ca0951679710dacfced82","isMergeCommit":true,"messageTitle":"Merge pull request #104 from yentheng0110/YenTheng-AddCommandAssertions","messageBody":"Update assertions for [add] command","fileTypesAndContributionMap":{}}]},{"date":"2024-10-21","commitResults":[{"hash":"0e879ff4f313c8ecc09878123f0f2f29690c3e4c","isMergeCommit":false,"messageTitle":"Add Visit class to keep track of visit times of patients","messageBody":"","fileTypesAndContributionMap":{"functional-code":{"insertions":26,"deletions":0}}},{"hash":"07d3901a89446d5bea5c580b8a262ea42f9a1af0","isMergeCommit":false,"messageTitle":"Modify Patient.java to include instances of Visit object","messageBody":"","fileTypesAndContributionMap":{"functional-code":{"insertions":15,"deletions":0}}},{"hash":"aadb06852a0c18a78dd46463bcd9aa137b75ddde","isMergeCommit":false,"messageTitle":"Modify help command and instantiate visit object when adding patient","messageBody":"","fileTypesAndContributionMap":{"functional-code":{"insertions":33,"deletions":0}}},{"hash":"f19fa1de1e92505e2ba6cca98a8a38521182fb27","isMergeCommit":false,"messageTitle":"Add exception handling for visit object","messageBody":"","fileTypesAndContributionMap":{"functional-code":{"insertions":16,"deletions":0}}},{"hash":"2d92b4a7610c3024527f6111d1c6f78a46692b26","isMergeCommit":false,"messageTitle":"Modify help command in corresponding test function","messageBody":"","fileTypesAndContributionMap":{"test-code":{"insertions":1,"deletions":0}}},{"hash":"f34eb1a93e064528cce6a0873840ec9d7cc918f1","isMergeCommit":false,"messageTitle":"Remove diagnosis and medication from Patient class","messageBody":"","fileTypesAndContributionMap":{"functional-code":{"insertions":2,"deletions":31}}},{"hash":"7b7f995a0633e07d77e4847dd5915cafca2e9aa4","isMergeCommit":false,"messageTitle":"Add diagnosis and medication to Visit class","messageBody":"","fileTypesAndContributionMap":{"functional-code":{"insertions":25,"deletions":2}}},{"hash":"9673311664f160feba41c1edc5e01138fabf286c","isMergeCommit":false,"messageTitle":"Adjust CommandHandler to changes in Patient and Visit class","messageBody":"","fileTypesAndContributionMap":{"functional-code":{"insertions":2,"deletions":10}}},{"hash":"ce0ad76b4a7e8c912bb58b22b09c2f10686e848f","isMergeCommit":false,"messageTitle":"Adjust FileHandler to unsave diagnosis and medication","messageBody":"","fileTypesAndContributionMap":{"functional-code":{"insertions":2,"deletions":15}}},{"hash":"b53fb73421353a79bca688363dc3ce5f947e0d40","isMergeCommit":false,"messageTitle":"Modify all test functions that use diagnosis and medication","messageBody":"","fileTypesAndContributionMap":{"test-code":{"insertions":22,"deletions":24}}},{"hash":"3a30db3744263b7132382a4513af99b5de2944fa","isMergeCommit":false,"messageTitle":"Delete testing of find diagnosis and medication","messageBody":"","fileTypesAndContributionMap":{"test-code":{"insertions":0,"deletions":31}}},{"hash":"4c13b6af61a66635637a28e330355c5d90308ae3","isMergeCommit":false,"messageTitle":"Change medication to plural and replace diagnosis as a list","messageBody":"","fileTypesAndContributionMap":{"functional-code":{"insertions":11,"deletions":11}}},{"hash":"1b4c440997081975df27b4e898ec7fcd73575842","isMergeCommit":false,"messageTitle":"Add whitespace to improve readability","messageBody":"","fileTypesAndContributionMap":{"functional-code":{"insertions":1,"deletions":0}}}]},{"date":"2024-10-22","commitResults":[{"hash":"e947e3afb903d9bcf256108f927a9d2c3ad374ca","isMergeCommit":false,"messageTitle":"Modify Patient constructor to alter to list of visit objects","messageBody":"","fileTypesAndContributionMap":{"functional-code":{"insertions":3,"deletions":2}}},{"hash":"0641cbf61121dff69e3b2b6ed029ee765fedddf2","isMergeCommit":false,"messageTitle":"Revert \"Modify Patient constructor to alter to list of visit objects\"","messageBody":"This reverts commit e947e3afb903d9bcf256108f927a9d2c3ad374ca.\n","fileTypesAndContributionMap":{"functional-code":{"insertions":2,"deletions":3}}},{"hash":"5e4ea5049a7c96650b3a21afa3f929b2771b01a8","isMergeCommit":true,"messageTitle":"Merge pull request #116 from kaboomzxc/22Oct-addMoreFields_(1)","messageBody":"Attempt(1) to implement new patient detail fields ","fileTypesAndContributionMap":{}},{"hash":"b7db6a96445af9fb2e5e1af47d87250000f13f1c","isMergeCommit":false,"messageTitle":"Modify Patient class constructor to include list of visits","messageBody":"","fileTypesAndContributionMap":{"functional-code":{"insertions":2,"deletions":1}}},{"hash":"056310f9fa4b4ab45d832cd74e53105d4bbcf2d4","isMergeCommit":false,"messageTitle":"Bug Fix: Instantiating diagnosis and medication","messageBody":"","fileTypesAndContributionMap":{"functional-code":{"insertions":4,"deletions":4}}},{"hash":"ee582631cbed568b14272defb2318c87d95002fb","isMergeCommit":false,"messageTitle":"Modify diagnosis to list","messageBody":"","fileTypesAndContributionMap":{"functional-code":{"insertions":6,"deletions":2}}},{"hash":"09da43f908447036a8cf1761f3e341921b826fed","isMergeCommit":false,"messageTitle":"Add parsing of visit details in text file","messageBody":"","fileTypesAndContributionMap":{"functional-code":{"insertions":42,"deletions":2}}},{"hash":"b6ae1b0b944a71a15bedc213a485227edb49c0a8","isMergeCommit":true,"messageTitle":"Merge branch \u0027master\u0027 of https://github.com/AY2425S1-CS2113-T10-2/tp into File-Handling-Visit","messageBody":"* \u0027master\u0027 of https://github.com/AY2425S1-CS2113-T10-2/tp:\n  add author\n  successfully implemented additional patient detail fields : allergy, sex, medical history\n  Attempt(1) to implement new patient detail fields : a/allergy s/sex mh/medical history\n  Edit the output of the test functions to suit the expected behaviour\n  Fix checkstyle issue\n  Implement edit command to edit patient records\n  Modify the sort function under Appointment Record and add auto-delete function for past appointments\n  Fix the JUnit Testing Issue\n  Fix CheckStyle Issue\n  Add new save file for appointment records\n  Add commandhandler methods for appointment handling\n  Add in the AppointmentNotice to prompt the appointment schedule for the day\n  Add in new case for commands for appointment\n  Modify Appointment Class to take in time using the dd-mm-yyy format and add the attribute for consultation duration\n  Create a new save file for Appointments\n  Add CommandHandler functions for appointments\n  Add author tag for written code\n  Add AppointmentRecord Class\n  Add Appointment Class\n\n# Conflicts:\n#\tsrc/main/java/bookbob/entity/Patient.java\n#\tsrc/main/java/bookbob/functions/FileHandler.java\n","fileTypesAndContributionMap":{}}]},{"date":"2024-10-23","commitResults":[{"hash":"05893556e0920d32d23d73f2d886d987a72a5ba1","isMergeCommit":false,"messageTitle":"Adjust formatting for text file","messageBody":"","fileTypesAndContributionMap":{"functional-code":{"insertions":22,"deletions":22}}},{"hash":"54bbb408c17d25fdd53151607f0b89eacd02c706","isMergeCommit":false,"messageTitle":"Add visits as mandatory field when adding patient","messageBody":"","fileTypesAndContributionMap":{"functional-code":{"insertions":4,"deletions":5}}},{"hash":"286c3399b4fc7abbe0f022b76208882b03be1ccf","isMergeCommit":false,"messageTitle":"Add exception handling to parsing visit input string","messageBody":"","fileTypesAndContributionMap":{"functional-code":{"insertions":10,"deletions":17}}},{"hash":"cf48b95ed705b208200f266b58b5091a15914578","isMergeCommit":true,"messageTitle":"Merge branch \u0027master\u0027 of https://github.com/AY2425S1-CS2113-T10-2/tp into File-Handling-Visit","messageBody":"* \u0027master\u0027 of https://github.com/AY2425S1-CS2113-T10-2/tp:\n  Implement edit command to edit patient records\n","fileTypesAndContributionMap":{}},{"hash":"2445d519e53aa6393057e6b3bf9db65475e3045a","isMergeCommit":false,"messageTitle":"Modify test functions to contain visit dates","messageBody":"","fileTypesAndContributionMap":{"functional-code":{"insertions":126,"deletions":4},"test-code":{"insertions":93,"deletions":71}}},{"hash":"3b9a2d56e3894ed5fd71e7185791c80ae289c5d7","isMergeCommit":true,"messageTitle":"Merge branch \u0027File-Handling-Visit\u0027 into JUnit-Test-Visit","messageBody":"* File-Handling-Visit: (27 commits)\n  Add exception handling to parsing visit input string\n  Add visits as mandatory field when adding patient\n  Adjust formatting for text file\n  Add parsing of visit details in text file\n  Modify diagnosis to list\n  Bug Fix: Instantiating diagnosis and medication\n  Modify Patient class constructor to include list of visits\n  add author\n  successfully implemented additional patient detail fields : allergy, sex, medical history\n  Attempt(1) to implement new patient detail fields : a/allergy s/sex mh/medical history\n  Implement edit command to edit patient records\n  Edit the output of the test functions to suit the expected behaviour\n  Fix checkstyle issue\n  Implement edit command to edit patient records\n  Modify the sort function under Appointment Record and add auto-delete function for past appointments\n  Fix the JUnit Testing Issue\n  Fix CheckStyle Issue\n  Add new save file for appointment records\n  Add commandhandler methods for appointment handling\n  Add in the AppointmentNotice to prompt the appointment schedule for the day\n  ...\n\n# Conflicts:\n#\tsrc/main/java/bookbob/entity/Visit.java\n#\tsrc/main/java/bookbob/functions/FileHandler.java\n#\tsrc/test/java/bookbob/BookBobTest.java\n","fileTypesAndContributionMap":{}},{"hash":"b37b5827f93ce101c386f88e45278166b08dda90","isMergeCommit":false,"messageTitle":"Remove unused import from Patient class","messageBody":"","fileTypesAndContributionMap":{"functional-code":{"insertions":0,"deletions":1}}},{"hash":"7f57f9091003b1f1e5e86d5f144a667e3e8dade4","isMergeCommit":false,"messageTitle":"Modify test functions","messageBody":"","fileTypesAndContributionMap":{"test-code":{"insertions":112,"deletions":98}}},{"hash":"3d407daad4644a8b77523a364693aad1a8d24bd4","isMergeCommit":true,"messageTitle":"Merge branch \u0027master\u0027 of https://github.com/AY2425S1-CS2113-T10-2/tp into JUnit-Test-Visit","messageBody":"* \u0027master\u0027 of https://github.com/AY2425S1-CS2113-T10-2/tp:\n  fixed author typos\n\n# Conflicts:\n#\tsrc/main/java/bookbob/entity/Patient.java\n","fileTypesAndContributionMap":{}},{"hash":"3a093988c2b2592281c9b213bf2311a6a5b76e9e","isMergeCommit":false,"messageTitle":"Modify output for JUnit test testTextConverterPartialInformation","messageBody":"","fileTypesAndContributionMap":{"test-code":{"insertions":1,"deletions":1}}},{"hash":"3f261e523a29492cb7981ca0b2210da02e094c35","isMergeCommit":false,"messageTitle":"Use line separator instead of \"\\n\" in JUnit test","messageBody":"","fileTypesAndContributionMap":{"test-code":{"insertions":2,"deletions":1}}},{"hash":"2fef49a194c8b6038e66e0baab030fd5728955ad","isMergeCommit":true,"messageTitle":"Merge branch \u0027JUnit-Test-Visit\u0027","messageBody":"* JUnit-Test-Visit: (33 commits)\n  Use line separator instead of \"\\n\" in JUnit test\n  Modify output for JUnit test testTextConverterPartialInformation\n  Modify test functions\n  Remove unused import from Patient class\n  Modify test functions to contain visit dates\n  fixed author typos\n  Add exception handling to parsing visit input string\n  Add visits as mandatory field when adding patient\n  Adjust formatting for text file\n  Add parsing of visit details in text file\n  Modify diagnosis to list\n  Bug Fix: Instantiating diagnosis and medication\n  Modify Patient class constructor to include list of visits\n  add author\n  successfully implemented additional patient detail fields : allergy, sex, medical history\n  Attempt(1) to implement new patient detail fields : a/allergy s/sex mh/medical history\n  Implement edit command to edit patient records\n  Edit the output of the test functions to suit the expected behaviour\n  Fix checkstyle issue\n  Implement edit command to edit patient records\n  ...\n","fileTypesAndContributionMap":{}}]},{"date":"2024-10-24","commitResults":[{"hash":"4c24cfc618b1ee590e17fa1212b12b7c5288ee92","isMergeCommit":true,"messageTitle":"Merge branch \u0027master\u0027 of https://github.com/AY2425S1-CS2113-T10-2/tp","messageBody":"* \u0027master\u0027 of https://github.com/AY2425S1-CS2113-T10-2/tp:\n  fixed compile error. just fixed method name mismatch typos. and a duplocate Visit visit\n  Fix checkstyle issue\n  Add three more patient attributes (sex, allergies and medical histories)\n  Update CommandHandler.java\n  Update Visit.java\n  Update bookbob_data.txt\n  fixed bugs according to comments and updated help command\n  Fix bugs in the edit command for patient records, including the 3 additional details (allergy, sex, medical history)\n  1.Add find visit by ic, find patient\u0026visit by medication/diagnosis 2. Updated FileHandler to save and retrieve visits 3. Aligned time format 4. Fixed bug in visit constructor\n  Commit before pulling from repo\n","fileTypesAndContributionMap":{}},{"hash":"0ef59ef1ad48d0bacc840eb237a24daef3462f43","isMergeCommit":false,"messageTitle":"Bug Fix: Index out of bounds error when parsing visit details","messageBody":"","fileTypesAndContributionMap":{"functional-code":{"insertions":12,"deletions":7}}},{"hash":"54cdca381364682cf3c040f21e17028c558a1bad","isMergeCommit":true,"messageTitle":"Merge pull request #129 from yentheng0110/master","messageBody":"Implement the editVisit command to edit patient visit details for a specific date","fileTypesAndContributionMap":{}},{"hash":"7e1fdddebc6f6d23f5b7564a4cb22f82d4c2fbf2","isMergeCommit":true,"messageTitle":"Merge branch \u0027master\u0027 of https://github.com/AY2425S1-CS2113-T10-2/tp","messageBody":"* \u0027master\u0027 of https://github.com/AY2425S1-CS2113-T10-2/tp:\n  Implement the editVisit command to edit patient visit details for a specific date\n","fileTypesAndContributionMap":{}}]}]},"authorFileTypeContributionMap":{"yentheng0110":{"docs":58,"functional-code":585,"test-code":41,"other":3},"PrinceCatt":{"docs":49,"functional-code":236,"test-code":37},"kaboomzxc":{"docs":2,"functional-code":439,"test-code":145},"G13nd0n":{"docs":41,"functional-code":532,"test-code":92},"coraleaf0602":{"docs":1,"functional-code":120,"test-code":180}},"authorContributionVariance":{"yentheng0110":28361.426,"PrinceCatt":19655.94,"kaboomzxc":22621.398,"G13nd0n":14124.917,"coraleaf0602":22622.02},"authorDisplayNameMap":{"yentheng0110":"CS2113-T10-2 WONG..HENG","PrinceCatt":"CS2113-T10-2 MA Y..ITAO","kaboomzxc":"CS2113-T10-2 ONG ..JOHN","G13nd0n":"CS2113-T10-2 TAN ..NDON","coraleaf0602":"CS2113-T10-2 ZHAN..CORA"}}
