[{"path":"build.gradle","fileType":"other","lines":[{"lineNumber":1,"author":{"gitId":"-"},"content":"plugins {","lastModifiedDate":"2020-05-25","isFullCredit":false},{"lineNumber":2,"author":{"gitId":"-"},"content":"    id \u0027java\u0027","lastModifiedDate":"2020-05-25","isFullCredit":false},{"lineNumber":3,"author":{"gitId":"-"},"content":"    id \u0027application\u0027","lastModifiedDate":"2020-05-25","isFullCredit":false},{"lineNumber":4,"author":{"gitId":"-"},"content":"    id \u0027checkstyle\u0027","lastModifiedDate":"2020-05-25","isFullCredit":false},{"lineNumber":5,"author":{"gitId":"-"},"content":"    id \u0027com.github.johnrengelman.shadow\u0027 version \u00277.1.2\u0027","lastModifiedDate":"2022-06-17","isFullCredit":false},{"lineNumber":6,"author":{"gitId":"-"},"content":"}","lastModifiedDate":"2020-05-25","isFullCredit":false},{"lineNumber":7,"author":{"gitId":"-"},"content":"","lastModifiedDate":"2020-05-25","isFullCredit":false},{"lineNumber":8,"author":{"gitId":"-"},"content":"repositories {","lastModifiedDate":"2020-05-25","isFullCredit":false},{"lineNumber":9,"author":{"gitId":"-"},"content":"    mavenCentral()","lastModifiedDate":"2020-05-25","isFullCredit":false},{"lineNumber":10,"author":{"gitId":"-"},"content":"}","lastModifiedDate":"2020-05-25","isFullCredit":false},{"lineNumber":11,"author":{"gitId":"-"},"content":"","lastModifiedDate":"2020-05-25","isFullCredit":false},{"lineNumber":12,"author":{"gitId":"-"},"content":"dependencies {","lastModifiedDate":"2020-05-25","isFullCredit":false},{"lineNumber":13,"author":{"gitId":"-"},"content":"    testImplementation group: \u0027org.junit.jupiter\u0027, name: \u0027junit-jupiter-api\u0027, version: \u00275.10.0\u0027","lastModifiedDate":"2023-08-05","isFullCredit":false},{"lineNumber":14,"author":{"gitId":"-"},"content":"    testRuntimeOnly group: \u0027org.junit.jupiter\u0027, name: \u0027junit-jupiter-engine\u0027, version: \u00275.10.0\u0027","lastModifiedDate":"2023-08-05","isFullCredit":false},{"lineNumber":15,"author":{"gitId":"-"},"content":"}","lastModifiedDate":"2020-05-25","isFullCredit":false},{"lineNumber":16,"author":{"gitId":"-"},"content":"","lastModifiedDate":"2020-05-25","isFullCredit":false},{"lineNumber":17,"author":{"gitId":"-"},"content":"test {","lastModifiedDate":"2020-05-25","isFullCredit":false},{"lineNumber":18,"author":{"gitId":"-"},"content":"    useJUnitPlatform()","lastModifiedDate":"2020-05-25","isFullCredit":false},{"lineNumber":19,"author":{"gitId":"-"},"content":"","lastModifiedDate":"2020-05-25","isFullCredit":false},{"lineNumber":20,"author":{"gitId":"-"},"content":"    testLogging {","lastModifiedDate":"2020-05-25","isFullCredit":false},{"lineNumber":21,"author":{"gitId":"-"},"content":"        events \"passed\", \"skipped\", \"failed\"","lastModifiedDate":"2020-05-25","isFullCredit":false},{"lineNumber":22,"author":{"gitId":"-"},"content":"","lastModifiedDate":"2020-05-25","isFullCredit":false},{"lineNumber":23,"author":{"gitId":"-"},"content":"        showExceptions true","lastModifiedDate":"2020-05-25","isFullCredit":false},{"lineNumber":24,"author":{"gitId":"-"},"content":"        exceptionFormat \"full\"","lastModifiedDate":"2020-05-25","isFullCredit":false},{"lineNumber":25,"author":{"gitId":"-"},"content":"        showCauses true","lastModifiedDate":"2020-05-25","isFullCredit":false},{"lineNumber":26,"author":{"gitId":"-"},"content":"        showStackTraces true","lastModifiedDate":"2020-05-25","isFullCredit":false},{"lineNumber":27,"author":{"gitId":"-"},"content":"        showStandardStreams \u003d false","lastModifiedDate":"2020-05-25","isFullCredit":false},{"lineNumber":28,"author":{"gitId":"-"},"content":"    }","lastModifiedDate":"2020-05-25","isFullCredit":false},{"lineNumber":29,"author":{"gitId":"-"},"content":"}","lastModifiedDate":"2020-05-25","isFullCredit":false},{"lineNumber":30,"author":{"gitId":"-"},"content":"","lastModifiedDate":"2020-05-25","isFullCredit":false},{"lineNumber":31,"author":{"gitId":"seanngja"},"content":"sourceSets.main.java.srcDirs \u003d [\u0027src/main/java\u0027]","lastModifiedDate":"2024-10-08","isFullCredit":false},{"lineNumber":32,"author":{"gitId":"seanngja"},"content":"","lastModifiedDate":"2024-10-08","isFullCredit":false},{"lineNumber":33,"author":{"gitId":"-"},"content":"application {","lastModifiedDate":"2020-05-25","isFullCredit":false},{"lineNumber":34,"author":{"gitId":"3CCLY"},"content":"    mainClass.set(\"ymfc.YMFC\")","lastModifiedDate":"2024-10-09","isFullCredit":false},{"lineNumber":35,"author":{"gitId":"-"},"content":"}","lastModifiedDate":"2020-05-25","isFullCredit":false},{"lineNumber":36,"author":{"gitId":"-"},"content":"","lastModifiedDate":"2020-05-25","isFullCredit":false},{"lineNumber":37,"author":{"gitId":"-"},"content":"shadowJar {","lastModifiedDate":"2020-05-25","isFullCredit":false},{"lineNumber":38,"author":{"gitId":"seanngja"},"content":"    archiveBaseName.set(\"YMFC\")","lastModifiedDate":"2024-10-08","isFullCredit":false},{"lineNumber":39,"author":{"gitId":"-"},"content":"    archiveClassifier.set(\"\")","lastModifiedDate":"2023-09-24","isFullCredit":false},{"lineNumber":40,"author":{"gitId":"-"},"content":"}","lastModifiedDate":"2020-05-25","isFullCredit":false},{"lineNumber":41,"author":{"gitId":"-"},"content":"","lastModifiedDate":"2020-05-25","isFullCredit":false},{"lineNumber":42,"author":{"gitId":"-"},"content":"checkstyle {","lastModifiedDate":"2020-05-25","isFullCredit":false},{"lineNumber":43,"author":{"gitId":"-"},"content":"    toolVersion \u003d \u002710.2\u0027","lastModifiedDate":"2022-04-29","isFullCredit":false},{"lineNumber":44,"author":{"gitId":"-"},"content":"}","lastModifiedDate":"2020-05-25","isFullCredit":false},{"lineNumber":45,"author":{"gitId":"-"},"content":"","lastModifiedDate":"2020-05-25","isFullCredit":false},{"lineNumber":46,"author":{"gitId":"-"},"content":"run{","lastModifiedDate":"2020-05-25","isFullCredit":false},{"lineNumber":47,"author":{"gitId":"-"},"content":"    standardInput \u003d System.in","lastModifiedDate":"2020-05-25","isFullCredit":false},{"lineNumber":48,"author":{"gitId":"-"},"content":"}","lastModifiedDate":"2020-05-25","isFullCredit":false}],"authorContributionMap":{"seanngja":3,"-":44,"3CCLY":1}},{"path":"docs/AboutUs.md","fileType":"docs","lines":[{"lineNumber":1,"author":{"gitId":"-"},"content":"# About us","lastModifiedDate":"2020-05-24","isFullCredit":false},{"lineNumber":2,"author":{"gitId":"-"},"content":"","lastModifiedDate":"2020-05-24","isFullCredit":false},{"lineNumber":3,"author":{"gitId":"-"},"content":"Display |     Name     |             Github Profile             | Portfolio ","lastModifiedDate":"2020-05-24","isFullCredit":false},{"lineNumber":4,"author":{"gitId":"gskang-22"},"content":"--------|:------------:|:--------------------------------------:|:---------:","lastModifiedDate":"2024-10-02","isFullCredit":false},{"lineNumber":5,"author":{"gitId":"Sukkaito"},"content":"![](https://avatars.githubusercontent.com/u/40479420) | Tran Nam Phong | [Github](https://github.com/Sukkaito) | [Portfolio](https://www.linkedin.com/in/sukkaito/)","lastModifiedDate":"2024-10-02","isFullCredit":false},{"lineNumber":6,"author":{"gitId":"seanngja"},"content":"![](https://via.placeholder.com/100.png?text\u003dPhoto) | Sean Ng | [Github](https://github.com/seanngja/) | [Portfolio](docs/team/johndoe.md)","lastModifiedDate":"2024-10-02","isFullCredit":false},{"lineNumber":7,"author":{"gitId":"KSanjith"},"content":"![](https://via.placeholder.com/100.png?text\u003dPhoto) | Kodeeswaran Sanjith | [Github](https://github.com/KSanjith) | [Portfolio](https://github.com/KSanjith)","lastModifiedDate":"2024-10-02","isFullCredit":false},{"lineNumber":8,"author":{"gitId":"3CCLY"},"content":"![](https://via.placeholder.com/100.png?text\u003dPhoto) | Che Luyang | [Github](https://github.com/3CCLY) | [Portfolio](https://github.com/3CCLY)","lastModifiedDate":"2024-10-02","isFullCredit":false},{"lineNumber":9,"author":{"gitId":"gskang-22"},"content":"![](https://via.placeholder.com/100.png?text\u003dPhoto) | Goh Sze Kang | [Github](https://github.com/gskang-22) | [Portfolio](https://github.com/gskang-22)","lastModifiedDate":"2024-10-02","isFullCredit":false}],"authorContributionMap":{"KSanjith":1,"seanngja":1,"gskang-22":2,"-":3,"Sukkaito":1,"3CCLY":1}},{"path":"docs/UserGuide.md","fileType":"docs","lines":[{"lineNumber":1,"author":{"gitId":"-"},"content":"# User Guide","lastModifiedDate":"2020-05-24","isFullCredit":false},{"lineNumber":2,"author":{"gitId":"-"},"content":"","lastModifiedDate":"2020-05-24","isFullCredit":false},{"lineNumber":3,"author":{"gitId":"-"},"content":"## Introduction","lastModifiedDate":"2020-05-24","isFullCredit":false},{"lineNumber":4,"author":{"gitId":"-"},"content":"","lastModifiedDate":"2020-05-24","isFullCredit":false},{"lineNumber":5,"author":{"gitId":"-"},"content":"{Give a product intro}","lastModifiedDate":"2020-05-24","isFullCredit":false},{"lineNumber":6,"author":{"gitId":"-"},"content":"","lastModifiedDate":"2020-05-24","isFullCredit":false},{"lineNumber":7,"author":{"gitId":"-"},"content":"## Quick Start","lastModifiedDate":"2020-05-24","isFullCredit":false},{"lineNumber":8,"author":{"gitId":"-"},"content":"","lastModifiedDate":"2020-05-24","isFullCredit":false},{"lineNumber":9,"author":{"gitId":"-"},"content":"{Give steps to get started quickly}","lastModifiedDate":"2020-05-24","isFullCredit":false},{"lineNumber":10,"author":{"gitId":"-"},"content":"","lastModifiedDate":"2020-05-24","isFullCredit":false},{"lineNumber":11,"author":{"gitId":"-"},"content":"1. Ensure that you have Java 17 or above installed.","lastModifiedDate":"2020-05-24","isFullCredit":false},{"lineNumber":12,"author":{"gitId":"-"},"content":"1. Down the latest version of `Duke` from [here](http://link.to/duke).","lastModifiedDate":"2020-05-24","isFullCredit":false},{"lineNumber":13,"author":{"gitId":"-"},"content":"","lastModifiedDate":"2020-05-24","isFullCredit":false},{"lineNumber":14,"author":{"gitId":"-"},"content":"## Features ","lastModifiedDate":"2020-05-24","isFullCredit":false},{"lineNumber":15,"author":{"gitId":"-"},"content":"","lastModifiedDate":"2020-05-24","isFullCredit":false},{"lineNumber":16,"author":{"gitId":"-"},"content":"{Give detailed description of each feature}","lastModifiedDate":"2020-05-24","isFullCredit":false},{"lineNumber":17,"author":{"gitId":"-"},"content":"","lastModifiedDate":"2020-05-24","isFullCredit":false},{"lineNumber":18,"author":{"gitId":"-"},"content":"### Adding a todo: `todo`","lastModifiedDate":"2020-05-24","isFullCredit":false},{"lineNumber":19,"author":{"gitId":"-"},"content":"Adds a new item to the list of todo items.","lastModifiedDate":"2020-05-24","isFullCredit":false},{"lineNumber":20,"author":{"gitId":"-"},"content":"","lastModifiedDate":"2020-05-24","isFullCredit":false},{"lineNumber":21,"author":{"gitId":"-"},"content":"Format: `todo n/TODO_NAME d/DEADLINE`","lastModifiedDate":"2020-05-24","isFullCredit":false},{"lineNumber":22,"author":{"gitId":"-"},"content":"","lastModifiedDate":"2020-05-24","isFullCredit":false},{"lineNumber":23,"author":{"gitId":"-"},"content":"* The `DEADLINE` can be in a natural language format.","lastModifiedDate":"2020-05-24","isFullCredit":false},{"lineNumber":24,"author":{"gitId":"-"},"content":"* The `TODO_NAME` cannot contain punctuation.  ","lastModifiedDate":"2020-05-24","isFullCredit":false},{"lineNumber":25,"author":{"gitId":"-"},"content":"","lastModifiedDate":"2020-05-24","isFullCredit":false},{"lineNumber":26,"author":{"gitId":"-"},"content":"Example of usage: ","lastModifiedDate":"2020-05-24","isFullCredit":false},{"lineNumber":27,"author":{"gitId":"-"},"content":"","lastModifiedDate":"2020-05-24","isFullCredit":false},{"lineNumber":28,"author":{"gitId":"-"},"content":"`todo n/Write the rest of the User Guide d/next week`","lastModifiedDate":"2020-05-24","isFullCredit":false},{"lineNumber":29,"author":{"gitId":"-"},"content":"","lastModifiedDate":"2020-05-24","isFullCredit":false},{"lineNumber":30,"author":{"gitId":"-"},"content":"`todo n/Refactor the User Guide to remove passive voice d/13/04/2020`","lastModifiedDate":"2020-05-24","isFullCredit":false},{"lineNumber":31,"author":{"gitId":"-"},"content":"","lastModifiedDate":"2020-05-24","isFullCredit":false},{"lineNumber":32,"author":{"gitId":"-"},"content":"## FAQ","lastModifiedDate":"2020-05-24","isFullCredit":false},{"lineNumber":33,"author":{"gitId":"-"},"content":"","lastModifiedDate":"2020-05-24","isFullCredit":false},{"lineNumber":34,"author":{"gitId":"-"},"content":"**Q**: How do I transfer my data to another computer? ","lastModifiedDate":"2020-05-24","isFullCredit":false},{"lineNumber":35,"author":{"gitId":"-"},"content":"","lastModifiedDate":"2020-05-24","isFullCredit":false},{"lineNumber":36,"author":{"gitId":"-"},"content":"**A**: {your answer here}","lastModifiedDate":"2020-05-24","isFullCredit":false},{"lineNumber":37,"author":{"gitId":"-"},"content":"","lastModifiedDate":"2020-05-24","isFullCredit":false},{"lineNumber":38,"author":{"gitId":"3CCLY"},"content":"## YMFC.Command Summary","lastModifiedDate":"2024-10-08","isFullCredit":false},{"lineNumber":39,"author":{"gitId":"-"},"content":"","lastModifiedDate":"2020-05-24","isFullCredit":false},{"lineNumber":40,"author":{"gitId":"-"},"content":"{Give a \u0027cheat sheet\u0027 of commands here}","lastModifiedDate":"2020-05-24","isFullCredit":false},{"lineNumber":41,"author":{"gitId":"-"},"content":"","lastModifiedDate":"2020-05-24","isFullCredit":false},{"lineNumber":42,"author":{"gitId":"-"},"content":"* Add todo `todo n/TODO_NAME d/DEADLINE`","lastModifiedDate":"2020-05-24","isFullCredit":false}],"authorContributionMap":{"-":41,"3CCLY":1}},{"path":"src/main/java/ymfc/Recipe.java","fileType":"functional-code","lines":[{"lineNumber":1,"author":{"gitId":"3CCLY"},"content":"package ymfc;","lastModifiedDate":"2024-10-09","isFullCredit":false},{"lineNumber":2,"author":{"gitId":"seanngja"},"content":"","lastModifiedDate":"2024-10-08","isFullCredit":false},{"lineNumber":3,"author":{"gitId":"seanngja"},"content":"import java.util.ArrayList;","lastModifiedDate":"2024-10-08","isFullCredit":false},{"lineNumber":4,"author":{"gitId":"seanngja"},"content":"","lastModifiedDate":"2024-10-08","isFullCredit":false},{"lineNumber":5,"author":{"gitId":"seanngja"},"content":"public class Recipe {","lastModifiedDate":"2024-10-08","isFullCredit":false},{"lineNumber":6,"author":{"gitId":"seanngja"},"content":"","lastModifiedDate":"2024-10-08","isFullCredit":false},{"lineNumber":7,"author":{"gitId":"seanngja"},"content":"    public String name;","lastModifiedDate":"2024-10-08","isFullCredit":false},{"lineNumber":8,"author":{"gitId":"seanngja"},"content":"    public ArrayList\u003cString\u003e ingredients;","lastModifiedDate":"2024-10-08","isFullCredit":false},{"lineNumber":9,"author":{"gitId":"seanngja"},"content":"    public ArrayList\u003cString\u003e steps;","lastModifiedDate":"2024-10-08","isFullCredit":false},{"lineNumber":10,"author":{"gitId":"seanngja"},"content":"","lastModifiedDate":"2024-10-08","isFullCredit":false},{"lineNumber":11,"author":{"gitId":"seanngja"},"content":"    public Recipe(String name, ArrayList\u003cString\u003e ingredients, ArrayList\u003cString\u003e steps) {","lastModifiedDate":"2024-10-08","isFullCredit":false},{"lineNumber":12,"author":{"gitId":"seanngja"},"content":"        this.name \u003d name;","lastModifiedDate":"2024-10-08","isFullCredit":false},{"lineNumber":13,"author":{"gitId":"seanngja"},"content":"        this.ingredients \u003d ingredients;","lastModifiedDate":"2024-10-08","isFullCredit":false},{"lineNumber":14,"author":{"gitId":"seanngja"},"content":"        this.steps \u003d steps;","lastModifiedDate":"2024-10-08","isFullCredit":false},{"lineNumber":15,"author":{"gitId":"seanngja"},"content":"    }","lastModifiedDate":"2024-10-08","isFullCredit":false},{"lineNumber":16,"author":{"gitId":"seanngja"},"content":"","lastModifiedDate":"2024-10-08","isFullCredit":false},{"lineNumber":17,"author":{"gitId":"seanngja"},"content":"    public String getName() {","lastModifiedDate":"2024-10-08","isFullCredit":false},{"lineNumber":18,"author":{"gitId":"seanngja"},"content":"        return name;","lastModifiedDate":"2024-10-08","isFullCredit":false},{"lineNumber":19,"author":{"gitId":"seanngja"},"content":"    }","lastModifiedDate":"2024-10-08","isFullCredit":false},{"lineNumber":20,"author":{"gitId":"seanngja"},"content":"","lastModifiedDate":"2024-10-08","isFullCredit":false},{"lineNumber":21,"author":{"gitId":"seanngja"},"content":"    public void setName(String name) {","lastModifiedDate":"2024-10-08","isFullCredit":false},{"lineNumber":22,"author":{"gitId":"seanngja"},"content":"        this.name \u003d name;","lastModifiedDate":"2024-10-08","isFullCredit":false},{"lineNumber":23,"author":{"gitId":"seanngja"},"content":"    }","lastModifiedDate":"2024-10-08","isFullCredit":false},{"lineNumber":24,"author":{"gitId":"seanngja"},"content":"","lastModifiedDate":"2024-10-08","isFullCredit":false},{"lineNumber":25,"author":{"gitId":"seanngja"},"content":"    public ArrayList\u003cString\u003e getIngredients() {","lastModifiedDate":"2024-10-08","isFullCredit":false},{"lineNumber":26,"author":{"gitId":"seanngja"},"content":"        return ingredients;","lastModifiedDate":"2024-10-08","isFullCredit":false},{"lineNumber":27,"author":{"gitId":"seanngja"},"content":"    }","lastModifiedDate":"2024-10-08","isFullCredit":false},{"lineNumber":28,"author":{"gitId":"seanngja"},"content":"","lastModifiedDate":"2024-10-08","isFullCredit":false},{"lineNumber":29,"author":{"gitId":"seanngja"},"content":"    public void setIngredients(ArrayList\u003cString\u003e ingredients) {","lastModifiedDate":"2024-10-08","isFullCredit":false},{"lineNumber":30,"author":{"gitId":"seanngja"},"content":"        this.ingredients \u003d ingredients;","lastModifiedDate":"2024-10-08","isFullCredit":false},{"lineNumber":31,"author":{"gitId":"seanngja"},"content":"    }","lastModifiedDate":"2024-10-08","isFullCredit":false},{"lineNumber":32,"author":{"gitId":"seanngja"},"content":"","lastModifiedDate":"2024-10-08","isFullCredit":false},{"lineNumber":33,"author":{"gitId":"seanngja"},"content":"    public ArrayList\u003cString\u003e getSteps() {","lastModifiedDate":"2024-10-08","isFullCredit":false},{"lineNumber":34,"author":{"gitId":"seanngja"},"content":"        return steps;","lastModifiedDate":"2024-10-08","isFullCredit":false},{"lineNumber":35,"author":{"gitId":"seanngja"},"content":"    }","lastModifiedDate":"2024-10-08","isFullCredit":false},{"lineNumber":36,"author":{"gitId":"seanngja"},"content":"","lastModifiedDate":"2024-10-08","isFullCredit":false},{"lineNumber":37,"author":{"gitId":"seanngja"},"content":"    public void setSteps(ArrayList\u003cString\u003e steps) {","lastModifiedDate":"2024-10-08","isFullCredit":false},{"lineNumber":38,"author":{"gitId":"seanngja"},"content":"        this.steps \u003d steps;","lastModifiedDate":"2024-10-08","isFullCredit":false},{"lineNumber":39,"author":{"gitId":"seanngja"},"content":"    }","lastModifiedDate":"2024-10-08","isFullCredit":false},{"lineNumber":40,"author":{"gitId":"seanngja"},"content":"}","lastModifiedDate":"2024-10-08","isFullCredit":false}],"authorContributionMap":{"seanngja":39,"3CCLY":1}},{"path":"src/main/java/ymfc/RecipeList.java","fileType":"functional-code","lines":[{"lineNumber":1,"author":{"gitId":"3CCLY"},"content":"package ymfc;","lastModifiedDate":"2024-10-09","isFullCredit":false},{"lineNumber":2,"author":{"gitId":"3CCLY"},"content":"","lastModifiedDate":"2024-10-08","isFullCredit":false},{"lineNumber":3,"author":{"gitId":"KSanjith"},"content":"import java.util.ArrayList;","lastModifiedDate":"2024-10-08","isFullCredit":false},{"lineNumber":4,"author":{"gitId":"KSanjith"},"content":"","lastModifiedDate":"2024-10-08","isFullCredit":false},{"lineNumber":5,"author":{"gitId":"KSanjith"},"content":"public class RecipeList {","lastModifiedDate":"2024-10-08","isFullCredit":false},{"lineNumber":6,"author":{"gitId":"KSanjith"},"content":"    private ArrayList\u003cRecipe\u003e recipes;","lastModifiedDate":"2024-10-08","isFullCredit":false},{"lineNumber":7,"author":{"gitId":"3CCLY"},"content":"    private int counter;","lastModifiedDate":"2024-10-08","isFullCredit":false},{"lineNumber":8,"author":{"gitId":"KSanjith"},"content":"","lastModifiedDate":"2024-10-08","isFullCredit":false},{"lineNumber":9,"author":{"gitId":"KSanjith"},"content":"    public RecipeList() {","lastModifiedDate":"2024-10-08","isFullCredit":false},{"lineNumber":10,"author":{"gitId":"KSanjith"},"content":"        counter \u003d 0;","lastModifiedDate":"2024-10-08","isFullCredit":false},{"lineNumber":11,"author":{"gitId":"KSanjith"},"content":"        recipes \u003d new ArrayList\u003c\u003e();","lastModifiedDate":"2024-10-08","isFullCredit":false},{"lineNumber":12,"author":{"gitId":"KSanjith"},"content":"    }","lastModifiedDate":"2024-10-08","isFullCredit":false},{"lineNumber":13,"author":{"gitId":"KSanjith"},"content":"","lastModifiedDate":"2024-10-08","isFullCredit":false},{"lineNumber":14,"author":{"gitId":"KSanjith"},"content":"    public void addRecipe(Recipe recipe){","lastModifiedDate":"2024-10-08","isFullCredit":false},{"lineNumber":15,"author":{"gitId":"KSanjith"},"content":"        this.recipes.add(recipe);","lastModifiedDate":"2024-10-08","isFullCredit":false},{"lineNumber":16,"author":{"gitId":"KSanjith"},"content":"        counter++;","lastModifiedDate":"2024-10-08","isFullCredit":false},{"lineNumber":17,"author":{"gitId":"KSanjith"},"content":"    }","lastModifiedDate":"2024-10-08","isFullCredit":false},{"lineNumber":18,"author":{"gitId":"KSanjith"},"content":"","lastModifiedDate":"2024-10-08","isFullCredit":false},{"lineNumber":19,"author":{"gitId":"KSanjith"},"content":"    public ArrayList\u003cRecipe\u003e getRecipes() {","lastModifiedDate":"2024-10-08","isFullCredit":false},{"lineNumber":20,"author":{"gitId":"KSanjith"},"content":"        return recipes;","lastModifiedDate":"2024-10-08","isFullCredit":false},{"lineNumber":21,"author":{"gitId":"KSanjith"},"content":"    }","lastModifiedDate":"2024-10-08","isFullCredit":false},{"lineNumber":22,"author":{"gitId":"KSanjith"},"content":"","lastModifiedDate":"2024-10-08","isFullCredit":false},{"lineNumber":23,"author":{"gitId":"KSanjith"},"content":"    public Recipe getRecipe(int id) {","lastModifiedDate":"2024-10-08","isFullCredit":false},{"lineNumber":24,"author":{"gitId":"KSanjith"},"content":"        return recipes.get(id);","lastModifiedDate":"2024-10-08","isFullCredit":false},{"lineNumber":25,"author":{"gitId":"KSanjith"},"content":"    }","lastModifiedDate":"2024-10-08","isFullCredit":false},{"lineNumber":26,"author":{"gitId":"KSanjith"},"content":"","lastModifiedDate":"2024-10-08","isFullCredit":false},{"lineNumber":27,"author":{"gitId":"KSanjith"},"content":"    public void removeRecipe(int id) {","lastModifiedDate":"2024-10-08","isFullCredit":false},{"lineNumber":28,"author":{"gitId":"KSanjith"},"content":"        recipes.remove(id);","lastModifiedDate":"2024-10-08","isFullCredit":false},{"lineNumber":29,"author":{"gitId":"KSanjith"},"content":"        counter--;","lastModifiedDate":"2024-10-08","isFullCredit":false},{"lineNumber":30,"author":{"gitId":"KSanjith"},"content":"    }","lastModifiedDate":"2024-10-08","isFullCredit":false},{"lineNumber":31,"author":{"gitId":"KSanjith"},"content":"","lastModifiedDate":"2024-10-08","isFullCredit":false},{"lineNumber":32,"author":{"gitId":"KSanjith"},"content":"    public int getCounter() {","lastModifiedDate":"2024-10-08","isFullCredit":false},{"lineNumber":33,"author":{"gitId":"KSanjith"},"content":"        return counter;","lastModifiedDate":"2024-10-08","isFullCredit":false},{"lineNumber":34,"author":{"gitId":"KSanjith"},"content":"    }","lastModifiedDate":"2024-10-08","isFullCredit":false},{"lineNumber":35,"author":{"gitId":"KSanjith"},"content":"","lastModifiedDate":"2024-10-08","isFullCredit":false},{"lineNumber":36,"author":{"gitId":"KSanjith"},"content":"}","lastModifiedDate":"2024-10-08","isFullCredit":false}],"authorContributionMap":{"KSanjith":33,"3CCLY":3}},{"path":"src/main/java/ymfc/Ui.java","fileType":"functional-code","lines":[{"lineNumber":1,"author":{"gitId":"3CCLY"},"content":"package ymfc;","lastModifiedDate":"2024-10-09","isFullCredit":false},{"lineNumber":2,"author":{"gitId":"3CCLY"},"content":"","lastModifiedDate":"2024-10-08","isFullCredit":false},{"lineNumber":3,"author":{"gitId":"3CCLY"},"content":"import java.io.InputStream;","lastModifiedDate":"2024-10-09","isFullCredit":false},{"lineNumber":4,"author":{"gitId":"3CCLY"},"content":"import java.util.Scanner;","lastModifiedDate":"2024-10-08","isFullCredit":false},{"lineNumber":5,"author":{"gitId":"3CCLY"},"content":"import java.util.ArrayList;","lastModifiedDate":"2024-10-08","isFullCredit":false},{"lineNumber":6,"author":{"gitId":"3CCLY"},"content":"","lastModifiedDate":"2024-10-08","isFullCredit":false},{"lineNumber":7,"author":{"gitId":"3CCLY"},"content":"/**","lastModifiedDate":"2024-10-08","isFullCredit":false},{"lineNumber":8,"author":{"gitId":"3CCLY"},"content":" * A class representing the user interface for interacting with the user.","lastModifiedDate":"2024-10-08","isFullCredit":false},{"lineNumber":9,"author":{"gitId":"3CCLY"},"content":" */","lastModifiedDate":"2024-10-08","isFullCredit":false},{"lineNumber":10,"author":{"gitId":"3CCLY"},"content":"public class Ui {","lastModifiedDate":"2024-10-08","isFullCredit":false},{"lineNumber":11,"author":{"gitId":"3CCLY"},"content":"    private String line \u003d \"\\t_____________________________________________________________________________\";","lastModifiedDate":"2024-10-09","isFullCredit":false},{"lineNumber":12,"author":{"gitId":"3CCLY"},"content":"    private String logo \u003d \"\"\"","lastModifiedDate":"2024-10-09","isFullCredit":false},{"lineNumber":13,"author":{"gitId":"3CCLY"},"content":"                 (\\\\","lastModifiedDate":"2024-10-08","isFullCredit":false},{"lineNumber":14,"author":{"gitId":"3CCLY"},"content":"                  \\\\ \\\\","lastModifiedDate":"2024-10-08","isFullCredit":false},{"lineNumber":15,"author":{"gitId":"3CCLY"},"content":"              __    \\\\/ ___,.-------..__        __","lastModifiedDate":"2024-10-08","isFullCredit":false},{"lineNumber":16,"author":{"gitId":"3CCLY"},"content":"             //\\\\\\\\ _,-\u0027\\\\\\\\               `\u0027--._ //\\\\\\\\","lastModifiedDate":"2024-10-08","isFullCredit":false},{"lineNumber":17,"author":{"gitId":"3CCLY"},"content":"             \\\\\\\\ ;\u0027      \\\\\\\\                   `: //","lastModifiedDate":"2024-10-08","isFullCredit":false},{"lineNumber":18,"author":{"gitId":"3CCLY"},"content":"              `(          \\\\\\\\                   )\u0027","lastModifiedDate":"2024-10-08","isFullCredit":false},{"lineNumber":19,"author":{"gitId":"3CCLY"},"content":"                :.          \\\\\\\\,----,         ,;","lastModifiedDate":"2024-10-08","isFullCredit":false},{"lineNumber":20,"author":{"gitId":"3CCLY"},"content":"                 `.`--.___   (    /  ___.--\u0027,\u0027","lastModifiedDate":"2024-10-08","isFullCredit":false},{"lineNumber":21,"author":{"gitId":"3CCLY"},"content":"                   `.     ``-----\u0027-\u0027\u0027     ,\u0027","lastModifiedDate":"2024-10-08","isFullCredit":false},{"lineNumber":22,"author":{"gitId":"3CCLY"},"content":"                      -.               ,-","lastModifiedDate":"2024-10-08","isFullCredit":false},{"lineNumber":23,"author":{"gitId":"3CCLY"},"content":"                         `-._______.-\u0027\\","lastModifiedDate":"2024-10-08","isFullCredit":false},{"lineNumber":24,"author":{"gitId":"3CCLY"},"content":"            \"\"\";","lastModifiedDate":"2024-10-08","isFullCredit":false},{"lineNumber":25,"author":{"gitId":"3CCLY"},"content":"    private Scanner userInput;","lastModifiedDate":"2024-10-08","isFullCredit":false},{"lineNumber":26,"author":{"gitId":"3CCLY"},"content":"","lastModifiedDate":"2024-10-08","isFullCredit":false},{"lineNumber":27,"author":{"gitId":"3CCLY"},"content":"    /**","lastModifiedDate":"2024-10-08","isFullCredit":false},{"lineNumber":28,"author":{"gitId":"3CCLY"},"content":"     * Constructor for a \u003ccode\u003eYMFC.Ui\u003c/code\u003e object.","lastModifiedDate":"2024-10-08","isFullCredit":false},{"lineNumber":29,"author":{"gitId":"3CCLY"},"content":"     * Overloads default constructor to initialise a scanner object reading user inputs.","lastModifiedDate":"2024-10-08","isFullCredit":false},{"lineNumber":30,"author":{"gitId":"3CCLY"},"content":"     */","lastModifiedDate":"2024-10-08","isFullCredit":false},{"lineNumber":31,"author":{"gitId":"3CCLY"},"content":"    public Ui(InputStream input) {","lastModifiedDate":"2024-10-09","isFullCredit":false},{"lineNumber":32,"author":{"gitId":"3CCLY"},"content":"        this.userInput \u003d new Scanner(input);","lastModifiedDate":"2024-10-09","isFullCredit":false},{"lineNumber":33,"author":{"gitId":"3CCLY"},"content":"    }","lastModifiedDate":"2024-10-08","isFullCredit":false},{"lineNumber":34,"author":{"gitId":"3CCLY"},"content":"","lastModifiedDate":"2024-10-08","isFullCredit":false},{"lineNumber":35,"author":{"gitId":"3CCLY"},"content":"    /**","lastModifiedDate":"2024-10-08","isFullCredit":false},{"lineNumber":36,"author":{"gitId":"3CCLY"},"content":"     * Display a greeting message.","lastModifiedDate":"2024-10-08","isFullCredit":false},{"lineNumber":37,"author":{"gitId":"3CCLY"},"content":"     */","lastModifiedDate":"2024-10-08","isFullCredit":false},{"lineNumber":38,"author":{"gitId":"3CCLY"},"content":"    public void greet() {","lastModifiedDate":"2024-10-08","isFullCredit":false},{"lineNumber":39,"author":{"gitId":"3CCLY"},"content":"        System.out.println(line);","lastModifiedDate":"2024-10-09","isFullCredit":false},{"lineNumber":40,"author":{"gitId":"3CCLY"},"content":"        System.out.println(logo);","lastModifiedDate":"2024-10-09","isFullCredit":false},{"lineNumber":41,"author":{"gitId":"3CCLY"},"content":"        System.out.println(\"\\tGreetings, this is YMFC.\");","lastModifiedDate":"2024-10-08","isFullCredit":false},{"lineNumber":42,"author":{"gitId":"3CCLY"},"content":"        System.out.println(\"\\tGot a recipe? Pass it to me.\");","lastModifiedDate":"2024-10-08","isFullCredit":false},{"lineNumber":43,"author":{"gitId":"3CCLY"},"content":"        System.out.println(\"\\tNeed a recipe? Just ask me.\");","lastModifiedDate":"2024-10-08","isFullCredit":false},{"lineNumber":44,"author":{"gitId":"3CCLY"},"content":"        System.out.println(\"\\tNeed your dishes washed? Get off your couch.\");","lastModifiedDate":"2024-10-08","isFullCredit":false},{"lineNumber":45,"author":{"gitId":"3CCLY"},"content":"        System.out.println(line);","lastModifiedDate":"2024-10-09","isFullCredit":false},{"lineNumber":46,"author":{"gitId":"3CCLY"},"content":"    }","lastModifiedDate":"2024-10-08","isFullCredit":false},{"lineNumber":47,"author":{"gitId":"3CCLY"},"content":"","lastModifiedDate":"2024-10-08","isFullCredit":false},{"lineNumber":48,"author":{"gitId":"3CCLY"},"content":"    /**","lastModifiedDate":"2024-10-08","isFullCredit":false},{"lineNumber":49,"author":{"gitId":"3CCLY"},"content":"     * Display a goodbye message.","lastModifiedDate":"2024-10-08","isFullCredit":false},{"lineNumber":50,"author":{"gitId":"3CCLY"},"content":"     */","lastModifiedDate":"2024-10-08","isFullCredit":false},{"lineNumber":51,"author":{"gitId":"3CCLY"},"content":"    public void bidFarewell() {","lastModifiedDate":"2024-10-08","isFullCredit":false},{"lineNumber":52,"author":{"gitId":"3CCLY"},"content":"        System.out.println(line);","lastModifiedDate":"2024-10-09","isFullCredit":false},{"lineNumber":53,"author":{"gitId":"3CCLY"},"content":"        System.out.println(logo);","lastModifiedDate":"2024-10-09","isFullCredit":false},{"lineNumber":54,"author":{"gitId":"3CCLY"},"content":"        System.out.println(\"\\tBye bye, come again!\");","lastModifiedDate":"2024-10-08","isFullCredit":false},{"lineNumber":55,"author":{"gitId":"3CCLY"},"content":"        System.out.println(line);","lastModifiedDate":"2024-10-09","isFullCredit":false},{"lineNumber":56,"author":{"gitId":"3CCLY"},"content":"    }","lastModifiedDate":"2024-10-08","isFullCredit":false},{"lineNumber":57,"author":{"gitId":"3CCLY"},"content":"","lastModifiedDate":"2024-10-08","isFullCredit":false},{"lineNumber":58,"author":{"gitId":"3CCLY"},"content":"    /**","lastModifiedDate":"2024-10-08","isFullCredit":false},{"lineNumber":59,"author":{"gitId":"3CCLY"},"content":"     * Return user input as a string when user hit enter key.","lastModifiedDate":"2024-10-08","isFullCredit":false},{"lineNumber":60,"author":{"gitId":"3CCLY"},"content":"     *","lastModifiedDate":"2024-10-08","isFullCredit":false},{"lineNumber":61,"author":{"gitId":"3CCLY"},"content":"     * @return String representing what user typed into the program","lastModifiedDate":"2024-10-08","isFullCredit":false},{"lineNumber":62,"author":{"gitId":"3CCLY"},"content":"     */","lastModifiedDate":"2024-10-08","isFullCredit":false},{"lineNumber":63,"author":{"gitId":"3CCLY"},"content":"    public String readCommand() {","lastModifiedDate":"2024-10-08","isFullCredit":false},{"lineNumber":64,"author":{"gitId":"3CCLY"},"content":"        return userInput.nextLine();","lastModifiedDate":"2024-10-08","isFullCredit":false},{"lineNumber":65,"author":{"gitId":"3CCLY"},"content":"    }","lastModifiedDate":"2024-10-08","isFullCredit":false},{"lineNumber":66,"author":{"gitId":"3CCLY"},"content":"","lastModifiedDate":"2024-10-08","isFullCredit":false},{"lineNumber":67,"author":{"gitId":"3CCLY"},"content":"    /**","lastModifiedDate":"2024-10-08","isFullCredit":false},{"lineNumber":68,"author":{"gitId":"3CCLY"},"content":"     * Display a specified message.","lastModifiedDate":"2024-10-08","isFullCredit":false},{"lineNumber":69,"author":{"gitId":"3CCLY"},"content":"     *","lastModifiedDate":"2024-10-08","isFullCredit":false},{"lineNumber":70,"author":{"gitId":"3CCLY"},"content":"     * @param input String array representing the message, each element representing one line","lastModifiedDate":"2024-10-08","isFullCredit":false},{"lineNumber":71,"author":{"gitId":"3CCLY"},"content":"     */","lastModifiedDate":"2024-10-08","isFullCredit":false},{"lineNumber":72,"author":{"gitId":"3CCLY"},"content":"    public void printMessage(String[] input) {","lastModifiedDate":"2024-10-08","isFullCredit":false},{"lineNumber":73,"author":{"gitId":"3CCLY"},"content":"        System.out.println(line);","lastModifiedDate":"2024-10-09","isFullCredit":false},{"lineNumber":74,"author":{"gitId":"3CCLY"},"content":"        for (String line: input) {","lastModifiedDate":"2024-10-08","isFullCredit":false},{"lineNumber":75,"author":{"gitId":"3CCLY"},"content":"            System.out.println(\"\\t\" + line);","lastModifiedDate":"2024-10-08","isFullCredit":false},{"lineNumber":76,"author":{"gitId":"3CCLY"},"content":"        }","lastModifiedDate":"2024-10-08","isFullCredit":false},{"lineNumber":77,"author":{"gitId":"3CCLY"},"content":"        System.out.println(line);","lastModifiedDate":"2024-10-09","isFullCredit":false},{"lineNumber":78,"author":{"gitId":"3CCLY"},"content":"    }","lastModifiedDate":"2024-10-08","isFullCredit":false},{"lineNumber":79,"author":{"gitId":"3CCLY"},"content":"","lastModifiedDate":"2024-10-08","isFullCredit":false},{"lineNumber":80,"author":{"gitId":"3CCLY"},"content":"    /**","lastModifiedDate":"2024-10-08","isFullCredit":false},{"lineNumber":81,"author":{"gitId":"3CCLY"},"content":"     * Display a newly added recipe.","lastModifiedDate":"2024-10-08","isFullCredit":false},{"lineNumber":82,"author":{"gitId":"3CCLY"},"content":"     *","lastModifiedDate":"2024-10-08","isFullCredit":false},{"lineNumber":83,"author":{"gitId":"3CCLY"},"content":"     * @param addedRecipe Recipe that has been added","lastModifiedDate":"2024-10-08","isFullCredit":false},{"lineNumber":84,"author":{"gitId":"3CCLY"},"content":"     * @param listCount Number of recipes currently in the list","lastModifiedDate":"2024-10-08","isFullCredit":false},{"lineNumber":85,"author":{"gitId":"3CCLY"},"content":"     */","lastModifiedDate":"2024-10-08","isFullCredit":false},{"lineNumber":86,"author":{"gitId":"3CCLY"},"content":"    public void printAddedRecipe(String addedRecipe, int listCount) {","lastModifiedDate":"2024-10-08","isFullCredit":false},{"lineNumber":87,"author":{"gitId":"3CCLY"},"content":"        System.out.println(line);","lastModifiedDate":"2024-10-09","isFullCredit":false},{"lineNumber":88,"author":{"gitId":"3CCLY"},"content":"        System.out.println(\"\\tOkie dokie, one more recipe for me:\");","lastModifiedDate":"2024-10-08","isFullCredit":false},{"lineNumber":89,"author":{"gitId":"3CCLY"},"content":"        System.out.println(\"\\t \" +  addedRecipe);","lastModifiedDate":"2024-10-08","isFullCredit":false},{"lineNumber":90,"author":{"gitId":"3CCLY"},"content":"        // Conditional operator to pluralize \"recipe\" when listCount above 1","lastModifiedDate":"2024-10-08","isFullCredit":false},{"lineNumber":91,"author":{"gitId":"3CCLY"},"content":"        System.out.println(\"\\tYou currently have \" + listCount +","lastModifiedDate":"2024-10-08","isFullCredit":false},{"lineNumber":92,"author":{"gitId":"3CCLY"},"content":"                (listCount \u003c\u003d 1 ? \" recipe\" : \" recipes\") + \" in your list.\");","lastModifiedDate":"2024-10-08","isFullCredit":false},{"lineNumber":93,"author":{"gitId":"3CCLY"},"content":"        System.out.println(line);","lastModifiedDate":"2024-10-09","isFullCredit":false},{"lineNumber":94,"author":{"gitId":"3CCLY"},"content":"    }","lastModifiedDate":"2024-10-08","isFullCredit":false},{"lineNumber":95,"author":{"gitId":"3CCLY"},"content":"","lastModifiedDate":"2024-10-08","isFullCredit":false},{"lineNumber":96,"author":{"gitId":"3CCLY"},"content":"    /**","lastModifiedDate":"2024-10-08","isFullCredit":false},{"lineNumber":97,"author":{"gitId":"3CCLY"},"content":"     * Display the entire list of recipe.","lastModifiedDate":"2024-10-08","isFullCredit":false},{"lineNumber":98,"author":{"gitId":"3CCLY"},"content":"     *","lastModifiedDate":"2024-10-08","isFullCredit":false},{"lineNumber":99,"author":{"gitId":"3CCLY"},"content":"     * @param list ArrayList of recipes to be displayed","lastModifiedDate":"2024-10-08","isFullCredit":false},{"lineNumber":100,"author":{"gitId":"3CCLY"},"content":"     * @param listCount Integer representing total number of recipes in \u003ccode\u003elist\u003c/code\u003e","lastModifiedDate":"2024-10-08","isFullCredit":false},{"lineNumber":101,"author":{"gitId":"3CCLY"},"content":"     */","lastModifiedDate":"2024-10-08","isFullCredit":false},{"lineNumber":102,"author":{"gitId":"3CCLY"},"content":"    public void printList(ArrayList\u003cRecipe\u003e list, int listCount) {","lastModifiedDate":"2024-10-08","isFullCredit":false},{"lineNumber":103,"author":{"gitId":"3CCLY"},"content":"        System.out.println(line);","lastModifiedDate":"2024-10-09","isFullCredit":false},{"lineNumber":104,"author":{"gitId":"3CCLY"},"content":"        System.out.println(\"\\tHere\u0027s everything in my collection so far:\");","lastModifiedDate":"2024-10-08","isFullCredit":false},{"lineNumber":105,"author":{"gitId":"3CCLY"},"content":"        for (int i \u003d 0; i \u003c listCount; i++) {","lastModifiedDate":"2024-10-08","isFullCredit":false},{"lineNumber":106,"author":{"gitId":"3CCLY"},"content":"            System.out.println(\"\\t\" + (i + 1) + \".\" + list.get(i));","lastModifiedDate":"2024-10-08","isFullCredit":false},{"lineNumber":107,"author":{"gitId":"3CCLY"},"content":"        }","lastModifiedDate":"2024-10-08","isFullCredit":false},{"lineNumber":108,"author":{"gitId":"3CCLY"},"content":"        System.out.println(line);","lastModifiedDate":"2024-10-09","isFullCredit":false},{"lineNumber":109,"author":{"gitId":"3CCLY"},"content":"    }","lastModifiedDate":"2024-10-08","isFullCredit":false},{"lineNumber":110,"author":{"gitId":"3CCLY"},"content":"","lastModifiedDate":"2024-10-08","isFullCredit":false},{"lineNumber":111,"author":{"gitId":"3CCLY"},"content":"    /**","lastModifiedDate":"2024-10-08","isFullCredit":false},{"lineNumber":112,"author":{"gitId":"3CCLY"},"content":"     * Display a recipe that been deleted.","lastModifiedDate":"2024-10-08","isFullCredit":false},{"lineNumber":113,"author":{"gitId":"3CCLY"},"content":"     *","lastModifiedDate":"2024-10-08","isFullCredit":false},{"lineNumber":114,"author":{"gitId":"3CCLY"},"content":"     * @param deletedRecipe Recipe that has been deleted","lastModifiedDate":"2024-10-08","isFullCredit":false},{"lineNumber":115,"author":{"gitId":"3CCLY"},"content":"     * @param listCount Integer representing number of recipes in the list currently","lastModifiedDate":"2024-10-08","isFullCredit":false},{"lineNumber":116,"author":{"gitId":"3CCLY"},"content":"     */","lastModifiedDate":"2024-10-08","isFullCredit":false},{"lineNumber":117,"author":{"gitId":"3CCLY"},"content":"    public void printDeletedTask(String deletedRecipe, int listCount) {","lastModifiedDate":"2024-10-08","isFullCredit":false},{"lineNumber":118,"author":{"gitId":"3CCLY"},"content":"        System.out.println(line);","lastModifiedDate":"2024-10-09","isFullCredit":false},{"lineNumber":119,"author":{"gitId":"3CCLY"},"content":"        System.out.println(\"\\tAww, I shall begrudgingly let go of this recipe:\");","lastModifiedDate":"2024-10-08","isFullCredit":false},{"lineNumber":120,"author":{"gitId":"3CCLY"},"content":"        System.out.println(\"\\t  \" + deletedRecipe);","lastModifiedDate":"2024-10-08","isFullCredit":false},{"lineNumber":121,"author":{"gitId":"3CCLY"},"content":"        // Conditional operator to pluralize \"recipe\" when listCount above 1","lastModifiedDate":"2024-10-08","isFullCredit":false},{"lineNumber":122,"author":{"gitId":"3CCLY"},"content":"        System.out.println(\"\\tYou currently have \" + listCount +","lastModifiedDate":"2024-10-08","isFullCredit":false},{"lineNumber":123,"author":{"gitId":"3CCLY"},"content":"                (listCount \u003c\u003d 1 ? \" recipe\" : \" recipes\") + \" in your list.\");","lastModifiedDate":"2024-10-08","isFullCredit":false},{"lineNumber":124,"author":{"gitId":"3CCLY"},"content":"        System.out.println(line);","lastModifiedDate":"2024-10-09","isFullCredit":false},{"lineNumber":125,"author":{"gitId":"3CCLY"},"content":"    }","lastModifiedDate":"2024-10-08","isFullCredit":false},{"lineNumber":126,"author":{"gitId":"3CCLY"},"content":"}","lastModifiedDate":"2024-10-08","isFullCredit":false}],"authorContributionMap":{"3CCLY":126}},{"path":"src/main/java/ymfc/YMFC.java","fileType":"functional-code","lines":[{"lineNumber":1,"author":{"gitId":"3CCLY"},"content":"package ymfc;","lastModifiedDate":"2024-10-09","isFullCredit":false},{"lineNumber":2,"author":{"gitId":"-"},"content":"","lastModifiedDate":"2020-05-24","isFullCredit":false},{"lineNumber":3,"author":{"gitId":"seanngja"},"content":"public class YMFC {","lastModifiedDate":"2024-10-08","isFullCredit":false},{"lineNumber":4,"author":{"gitId":"-"},"content":"    /**","lastModifiedDate":"2020-05-24","isFullCredit":false},{"lineNumber":5,"author":{"gitId":"-"},"content":"     * Main entry-point for the java.duke.Duke application.","lastModifiedDate":"2020-05-24","isFullCredit":false},{"lineNumber":6,"author":{"gitId":"-"},"content":"     */","lastModifiedDate":"2020-05-24","isFullCredit":false},{"lineNumber":7,"author":{"gitId":"-"},"content":"    public static void main(String[] args) {","lastModifiedDate":"2019-07-29","isFullCredit":false},{"lineNumber":8,"author":{"gitId":"3CCLY"},"content":"        Ui ui \u003d new Ui(System.in);","lastModifiedDate":"2024-10-09","isFullCredit":false},{"lineNumber":9,"author":{"gitId":"3CCLY"},"content":"        ui.greet();","lastModifiedDate":"2024-10-08","isFullCredit":false},{"lineNumber":10,"author":{"gitId":"3CCLY"},"content":"        String userInput \u003d ui.readCommand();","lastModifiedDate":"2024-10-08","isFullCredit":false},{"lineNumber":11,"author":{"gitId":"3CCLY"},"content":"        System.out.println(\"Hello \" + userInput);","lastModifiedDate":"2024-10-08","isFullCredit":false},{"lineNumber":12,"author":{"gitId":"3CCLY"},"content":"        ui.bidFarewell();","lastModifiedDate":"2024-10-08","isFullCredit":false},{"lineNumber":13,"author":{"gitId":"-"},"content":"    }","lastModifiedDate":"2019-07-29","isFullCredit":false},{"lineNumber":14,"author":{"gitId":"-"},"content":"}","lastModifiedDate":"2019-07-29","isFullCredit":false}],"authorContributionMap":{"seanngja":1,"3CCLY":6,"-":7}},{"path":"src/main/java/ymfc/commands/AddRecipeCommand.java","fileType":"functional-code","lines":[{"lineNumber":1,"author":{"gitId":"3CCLY"},"content":"package ymfc.commands;","lastModifiedDate":"2024-10-09","isFullCredit":false},{"lineNumber":2,"author":{"gitId":"gskang-22"},"content":"","lastModifiedDate":"2024-10-09","isFullCredit":false},{"lineNumber":3,"author":{"gitId":"3CCLY"},"content":"import ymfc.Recipe;","lastModifiedDate":"2024-10-09","isFullCredit":false},{"lineNumber":4,"author":{"gitId":"3CCLY"},"content":"import ymfc.RecipeList;","lastModifiedDate":"2024-10-09","isFullCredit":false},{"lineNumber":5,"author":{"gitId":"3CCLY"},"content":"import ymfc.Ui;","lastModifiedDate":"2024-10-09","isFullCredit":false},{"lineNumber":6,"author":{"gitId":"gskang-22"},"content":"","lastModifiedDate":"2024-10-09","isFullCredit":false},{"lineNumber":7,"author":{"gitId":"gskang-22"},"content":"public class AddRecipeCommand extends Command {","lastModifiedDate":"2024-10-09","isFullCredit":false},{"lineNumber":8,"author":{"gitId":"gskang-22"},"content":"    private Recipe recipe;","lastModifiedDate":"2024-10-09","isFullCredit":false},{"lineNumber":9,"author":{"gitId":"gskang-22"},"content":"","lastModifiedDate":"2024-10-09","isFullCredit":false},{"lineNumber":10,"author":{"gitId":"gskang-22"},"content":"    public AddRecipeCommand(Recipe recipe) {","lastModifiedDate":"2024-10-09","isFullCredit":false},{"lineNumber":11,"author":{"gitId":"gskang-22"},"content":"        super();","lastModifiedDate":"2024-10-09","isFullCredit":false},{"lineNumber":12,"author":{"gitId":"gskang-22"},"content":"        this.recipe \u003d recipe;","lastModifiedDate":"2024-10-09","isFullCredit":false},{"lineNumber":13,"author":{"gitId":"gskang-22"},"content":"    }","lastModifiedDate":"2024-10-09","isFullCredit":false},{"lineNumber":14,"author":{"gitId":"gskang-22"},"content":"","lastModifiedDate":"2024-10-10","isFullCredit":false},{"lineNumber":15,"author":{"gitId":"gskang-22"},"content":"    @Override","lastModifiedDate":"2024-10-09","isFullCredit":false},{"lineNumber":16,"author":{"gitId":"gskang-22"},"content":"    public void execute(RecipeList recipes, Ui ui) {","lastModifiedDate":"2024-10-09","isFullCredit":false},{"lineNumber":17,"author":{"gitId":"gskang-22"},"content":"        addNewRecipe(recipes, recipe, ui);","lastModifiedDate":"2024-10-09","isFullCredit":false},{"lineNumber":18,"author":{"gitId":"gskang-22"},"content":"    }","lastModifiedDate":"2024-10-09","isFullCredit":false},{"lineNumber":19,"author":{"gitId":"gskang-22"},"content":"","lastModifiedDate":"2024-10-09","isFullCredit":false},{"lineNumber":20,"author":{"gitId":"gskang-22"},"content":"    public void addNewRecipe(RecipeList recipes, Recipe newRecipe, Ui ui) {","lastModifiedDate":"2024-10-09","isFullCredit":false},{"lineNumber":21,"author":{"gitId":"gskang-22"},"content":"        recipes.addRecipe(newRecipe);","lastModifiedDate":"2024-10-09","isFullCredit":false},{"lineNumber":22,"author":{"gitId":"gskang-22"},"content":"        ui.printAddedRecipe(newRecipe.toString(), recipes.getCounter());","lastModifiedDate":"2024-10-09","isFullCredit":false},{"lineNumber":23,"author":{"gitId":"gskang-22"},"content":"    }","lastModifiedDate":"2024-10-09","isFullCredit":false},{"lineNumber":24,"author":{"gitId":"gskang-22"},"content":"}","lastModifiedDate":"2024-10-09","isFullCredit":false}],"authorContributionMap":{"gskang-22":20,"3CCLY":4}},{"path":"src/main/java/ymfc/commands/ByeCommand.java","fileType":"functional-code","lines":[{"lineNumber":1,"author":{"gitId":"3CCLY"},"content":"package ymfc.commands;","lastModifiedDate":"2024-10-09","isFullCredit":false},{"lineNumber":2,"author":{"gitId":"gskang-22"},"content":"","lastModifiedDate":"2024-10-09","isFullCredit":false},{"lineNumber":3,"author":{"gitId":"3CCLY"},"content":"import ymfc.RecipeList;","lastModifiedDate":"2024-10-09","isFullCredit":false},{"lineNumber":4,"author":{"gitId":"3CCLY"},"content":"import ymfc.Ui;","lastModifiedDate":"2024-10-09","isFullCredit":false},{"lineNumber":5,"author":{"gitId":"gskang-22"},"content":"","lastModifiedDate":"2024-10-09","isFullCredit":false},{"lineNumber":6,"author":{"gitId":"gskang-22"},"content":"public class ByeCommand extends Command {","lastModifiedDate":"2024-10-09","isFullCredit":false},{"lineNumber":7,"author":{"gitId":"gskang-22"},"content":"","lastModifiedDate":"2024-10-09","isFullCredit":false},{"lineNumber":8,"author":{"gitId":"gskang-22"},"content":"    public ByeCommand() {","lastModifiedDate":"2024-10-09","isFullCredit":false},{"lineNumber":9,"author":{"gitId":"gskang-22"},"content":"        super();","lastModifiedDate":"2024-10-09","isFullCredit":false},{"lineNumber":10,"author":{"gitId":"gskang-22"},"content":"        setBye();","lastModifiedDate":"2024-10-09","isFullCredit":false},{"lineNumber":11,"author":{"gitId":"gskang-22"},"content":"    }","lastModifiedDate":"2024-10-09","isFullCredit":false},{"lineNumber":12,"author":{"gitId":"gskang-22"},"content":"","lastModifiedDate":"2024-10-09","isFullCredit":false},{"lineNumber":13,"author":{"gitId":"gskang-22"},"content":"    @Override","lastModifiedDate":"2024-10-09","isFullCredit":false},{"lineNumber":14,"author":{"gitId":"gskang-22"},"content":"    public void execute(RecipeList recipes, Ui ui) {","lastModifiedDate":"2024-10-09","isFullCredit":false},{"lineNumber":15,"author":{"gitId":"gskang-22"},"content":"        ui.bidFarewell();","lastModifiedDate":"2024-10-09","isFullCredit":false},{"lineNumber":16,"author":{"gitId":"gskang-22"},"content":"    }","lastModifiedDate":"2024-10-09","isFullCredit":false},{"lineNumber":17,"author":{"gitId":"gskang-22"},"content":"}","lastModifiedDate":"2024-10-09","isFullCredit":false}],"authorContributionMap":{"gskang-22":14,"3CCLY":3}},{"path":"src/main/java/ymfc/commands/Command.java","fileType":"functional-code","lines":[{"lineNumber":1,"author":{"gitId":"3CCLY"},"content":"package ymfc.commands;","lastModifiedDate":"2024-10-09","isFullCredit":false},{"lineNumber":2,"author":{"gitId":"gskang-22"},"content":"","lastModifiedDate":"2024-10-09","isFullCredit":false},{"lineNumber":3,"author":{"gitId":"3CCLY"},"content":"import ymfc.RecipeList;","lastModifiedDate":"2024-10-09","isFullCredit":false},{"lineNumber":4,"author":{"gitId":"3CCLY"},"content":"import ymfc.Ui;","lastModifiedDate":"2024-10-09","isFullCredit":false},{"lineNumber":5,"author":{"gitId":"gskang-22"},"content":"","lastModifiedDate":"2024-10-09","isFullCredit":false},{"lineNumber":6,"author":{"gitId":"gskang-22"},"content":"public abstract class Command {","lastModifiedDate":"2024-10-09","isFullCredit":false},{"lineNumber":7,"author":{"gitId":"gskang-22"},"content":"    protected static boolean isBye;","lastModifiedDate":"2024-10-09","isFullCredit":false},{"lineNumber":8,"author":{"gitId":"gskang-22"},"content":"","lastModifiedDate":"2024-10-09","isFullCredit":false},{"lineNumber":9,"author":{"gitId":"gskang-22"},"content":"    public Command() {","lastModifiedDate":"2024-10-09","isFullCredit":false},{"lineNumber":10,"author":{"gitId":"gskang-22"},"content":"        isBye \u003d false;","lastModifiedDate":"2024-10-09","isFullCredit":false},{"lineNumber":11,"author":{"gitId":"gskang-22"},"content":"    }","lastModifiedDate":"2024-10-09","isFullCredit":false},{"lineNumber":12,"author":{"gitId":"gskang-22"},"content":"","lastModifiedDate":"2024-10-09","isFullCredit":false},{"lineNumber":13,"author":{"gitId":"gskang-22"},"content":"    public void setBye() {","lastModifiedDate":"2024-10-09","isFullCredit":false},{"lineNumber":14,"author":{"gitId":"gskang-22"},"content":"        Command.isBye \u003d true;","lastModifiedDate":"2024-10-09","isFullCredit":false},{"lineNumber":15,"author":{"gitId":"gskang-22"},"content":"    }","lastModifiedDate":"2024-10-09","isFullCredit":false},{"lineNumber":16,"author":{"gitId":"gskang-22"},"content":"","lastModifiedDate":"2024-10-09","isFullCredit":false},{"lineNumber":17,"author":{"gitId":"gskang-22"},"content":"    public boolean isBye() {","lastModifiedDate":"2024-10-09","isFullCredit":false},{"lineNumber":18,"author":{"gitId":"gskang-22"},"content":"        return isBye;","lastModifiedDate":"2024-10-09","isFullCredit":false},{"lineNumber":19,"author":{"gitId":"gskang-22"},"content":"    }","lastModifiedDate":"2024-10-09","isFullCredit":false},{"lineNumber":20,"author":{"gitId":"gskang-22"},"content":"","lastModifiedDate":"2024-10-09","isFullCredit":false},{"lineNumber":21,"author":{"gitId":"gskang-22"},"content":"    public void execute(RecipeList recipes, Ui ui) {","lastModifiedDate":"2024-10-09","isFullCredit":false},{"lineNumber":22,"author":{"gitId":"gskang-22"},"content":"    }","lastModifiedDate":"2024-10-09","isFullCredit":false},{"lineNumber":23,"author":{"gitId":"gskang-22"},"content":"}","lastModifiedDate":"2024-10-09","isFullCredit":false}],"authorContributionMap":{"gskang-22":20,"3CCLY":3}},{"path":"src/main/java/ymfc/commands/DeleteCommand.java","fileType":"functional-code","lines":[{"lineNumber":1,"author":{"gitId":"3CCLY"},"content":"package ymfc.commands;","lastModifiedDate":"2024-10-09","isFullCredit":false},{"lineNumber":2,"author":{"gitId":"gskang-22"},"content":"","lastModifiedDate":"2024-10-09","isFullCredit":false},{"lineNumber":3,"author":{"gitId":"3CCLY"},"content":"import ymfc.RecipeList;","lastModifiedDate":"2024-10-09","isFullCredit":false},{"lineNumber":4,"author":{"gitId":"3CCLY"},"content":"import ymfc.Ui;","lastModifiedDate":"2024-10-09","isFullCredit":false},{"lineNumber":5,"author":{"gitId":"gskang-22"},"content":"","lastModifiedDate":"2024-10-09","isFullCredit":false},{"lineNumber":6,"author":{"gitId":"gskang-22"},"content":"public class DeleteCommand extends Command{","lastModifiedDate":"2024-10-09","isFullCredit":false},{"lineNumber":7,"author":{"gitId":"gskang-22"},"content":"","lastModifiedDate":"2024-10-09","isFullCredit":false},{"lineNumber":8,"author":{"gitId":"gskang-22"},"content":"    private int index;","lastModifiedDate":"2024-10-09","isFullCredit":false},{"lineNumber":9,"author":{"gitId":"gskang-22"},"content":"","lastModifiedDate":"2024-10-09","isFullCredit":false},{"lineNumber":10,"author":{"gitId":"gskang-22"},"content":"    public DeleteCommand(int index) {","lastModifiedDate":"2024-10-09","isFullCredit":false},{"lineNumber":11,"author":{"gitId":"gskang-22"},"content":"        super();","lastModifiedDate":"2024-10-09","isFullCredit":false},{"lineNumber":12,"author":{"gitId":"gskang-22"},"content":"        this.index \u003d index;","lastModifiedDate":"2024-10-09","isFullCredit":false},{"lineNumber":13,"author":{"gitId":"gskang-22"},"content":"    }","lastModifiedDate":"2024-10-09","isFullCredit":false},{"lineNumber":14,"author":{"gitId":"gskang-22"},"content":"","lastModifiedDate":"2024-10-09","isFullCredit":false},{"lineNumber":15,"author":{"gitId":"gskang-22"},"content":"    @Override","lastModifiedDate":"2024-10-09","isFullCredit":false},{"lineNumber":16,"author":{"gitId":"gskang-22"},"content":"    public void execute(RecipeList recipes, Ui ui) {","lastModifiedDate":"2024-10-09","isFullCredit":false},{"lineNumber":17,"author":{"gitId":"gskang-22"},"content":"        String recipeName \u003d recipes.getRecipe(index).getName();","lastModifiedDate":"2024-10-09","isFullCredit":false},{"lineNumber":18,"author":{"gitId":"gskang-22"},"content":"        recipes.removeRecipe(index);","lastModifiedDate":"2024-10-09","isFullCredit":false},{"lineNumber":19,"author":{"gitId":"gskang-22"},"content":"        ui.printDeletedTask(recipeName, recipes.getCounter());","lastModifiedDate":"2024-10-09","isFullCredit":false},{"lineNumber":20,"author":{"gitId":"gskang-22"},"content":"    }","lastModifiedDate":"2024-10-10","isFullCredit":false},{"lineNumber":21,"author":{"gitId":"gskang-22"},"content":"}","lastModifiedDate":"2024-10-09","isFullCredit":false}],"authorContributionMap":{"gskang-22":18,"3CCLY":3}},{"path":"src/main/java/ymfc/commands/ListCommand.java","fileType":"functional-code","lines":[{"lineNumber":1,"author":{"gitId":"3CCLY"},"content":"package ymfc.commands;","lastModifiedDate":"2024-10-09","isFullCredit":false},{"lineNumber":2,"author":{"gitId":"gskang-22"},"content":"","lastModifiedDate":"2024-10-09","isFullCredit":false},{"lineNumber":3,"author":{"gitId":"3CCLY"},"content":"import ymfc.RecipeList;","lastModifiedDate":"2024-10-09","isFullCredit":false},{"lineNumber":4,"author":{"gitId":"3CCLY"},"content":"import ymfc.Ui;","lastModifiedDate":"2024-10-09","isFullCredit":false},{"lineNumber":5,"author":{"gitId":"gskang-22"},"content":"","lastModifiedDate":"2024-10-09","isFullCredit":false},{"lineNumber":6,"author":{"gitId":"gskang-22"},"content":"public class ListCommand extends Command {","lastModifiedDate":"2024-10-09","isFullCredit":false},{"lineNumber":7,"author":{"gitId":"gskang-22"},"content":"","lastModifiedDate":"2024-10-09","isFullCredit":false},{"lineNumber":8,"author":{"gitId":"gskang-22"},"content":"    public ListCommand() {","lastModifiedDate":"2024-10-09","isFullCredit":false},{"lineNumber":9,"author":{"gitId":"gskang-22"},"content":"        super();","lastModifiedDate":"2024-10-09","isFullCredit":false},{"lineNumber":10,"author":{"gitId":"gskang-22"},"content":"    }","lastModifiedDate":"2024-10-09","isFullCredit":false},{"lineNumber":11,"author":{"gitId":"gskang-22"},"content":"","lastModifiedDate":"2024-10-09","isFullCredit":false},{"lineNumber":12,"author":{"gitId":"gskang-22"},"content":"    @Override","lastModifiedDate":"2024-10-09","isFullCredit":false},{"lineNumber":13,"author":{"gitId":"gskang-22"},"content":"    public void execute(RecipeList recipes, Ui ui) {","lastModifiedDate":"2024-10-09","isFullCredit":false},{"lineNumber":14,"author":{"gitId":"gskang-22"},"content":"        ui.printList(recipes.getRecipes(), recipes.getCounter());","lastModifiedDate":"2024-10-09","isFullCredit":false},{"lineNumber":15,"author":{"gitId":"gskang-22"},"content":"    }","lastModifiedDate":"2024-10-10","isFullCredit":false},{"lineNumber":16,"author":{"gitId":"gskang-22"},"content":"}","lastModifiedDate":"2024-10-09","isFullCredit":false}],"authorContributionMap":{"gskang-22":13,"3CCLY":3}},{"path":"src/test/java/ymfc/DukeTest.java","fileType":"test-code","lines":[{"lineNumber":1,"author":{"gitId":"3CCLY"},"content":"package ymfc;","lastModifiedDate":"2024-10-09","isFullCredit":false},{"lineNumber":2,"author":{"gitId":"-"},"content":"","lastModifiedDate":"2020-05-24","isFullCredit":false},{"lineNumber":3,"author":{"gitId":"seanngja"},"content":"import static org.junit.jupiter.api.Assertions.assertEquals;","lastModifiedDate":"2024-10-09","isFullCredit":false},{"lineNumber":4,"author":{"gitId":"-"},"content":"import static org.junit.jupiter.api.Assertions.assertTrue;","lastModifiedDate":"2020-05-24","isFullCredit":false},{"lineNumber":5,"author":{"gitId":"-"},"content":"","lastModifiedDate":"2020-05-24","isFullCredit":false},{"lineNumber":6,"author":{"gitId":"-"},"content":"import org.junit.jupiter.api.Test;","lastModifiedDate":"2020-05-24","isFullCredit":false},{"lineNumber":7,"author":{"gitId":"-"},"content":"","lastModifiedDate":"2020-05-24","isFullCredit":false},{"lineNumber":8,"author":{"gitId":"3CCLY"},"content":"import java.io.ByteArrayInputStream;","lastModifiedDate":"2024-10-09","isFullCredit":false},{"lineNumber":9,"author":{"gitId":"seanngja"},"content":"import java.util.ArrayList;","lastModifiedDate":"2024-10-09","isFullCredit":false},{"lineNumber":10,"author":{"gitId":"seanngja"},"content":"","lastModifiedDate":"2024-10-09","isFullCredit":false},{"lineNumber":11,"author":{"gitId":"-"},"content":"class DukeTest {","lastModifiedDate":"2020-05-24","isFullCredit":false},{"lineNumber":12,"author":{"gitId":"-"},"content":"    @Test","lastModifiedDate":"2020-05-24","isFullCredit":false},{"lineNumber":13,"author":{"gitId":"-"},"content":"    public void sampleTest() {","lastModifiedDate":"2020-05-24","isFullCredit":false},{"lineNumber":14,"author":{"gitId":"-"},"content":"        assertTrue(true);","lastModifiedDate":"2020-05-24","isFullCredit":false},{"lineNumber":15,"author":{"gitId":"-"},"content":"    }","lastModifiedDate":"2020-05-24","isFullCredit":false},{"lineNumber":16,"author":{"gitId":"gskang-22"},"content":"","lastModifiedDate":"2024-10-09","isFullCredit":false},{"lineNumber":17,"author":{"gitId":"-"},"content":"}","lastModifiedDate":"2020-05-24","isFullCredit":false},{"lineNumber":18,"author":{"gitId":"seanngja"},"content":"","lastModifiedDate":"2024-10-09","isFullCredit":false},{"lineNumber":19,"author":{"gitId":"seanngja"},"content":"class RecipeTest {","lastModifiedDate":"2024-10-09","isFullCredit":false},{"lineNumber":20,"author":{"gitId":"seanngja"},"content":"","lastModifiedDate":"2024-10-09","isFullCredit":false},{"lineNumber":21,"author":{"gitId":"seanngja"},"content":"    @Test","lastModifiedDate":"2024-10-09","isFullCredit":false},{"lineNumber":22,"author":{"gitId":"seanngja"},"content":"    public void getName_validName_returnCorrectName() {","lastModifiedDate":"2024-10-09","isFullCredit":false},{"lineNumber":23,"author":{"gitId":"seanngja"},"content":"        Recipe recipe \u003d new Recipe(\"Pasta\", new ArrayList\u003c\u003e(), new ArrayList\u003c\u003e());","lastModifiedDate":"2024-10-09","isFullCredit":false},{"lineNumber":24,"author":{"gitId":"seanngja"},"content":"        assertEquals(\"Pasta\", recipe.getName());","lastModifiedDate":"2024-10-09","isFullCredit":false},{"lineNumber":25,"author":{"gitId":"seanngja"},"content":"    }","lastModifiedDate":"2024-10-09","isFullCredit":false},{"lineNumber":26,"author":{"gitId":"seanngja"},"content":"","lastModifiedDate":"2024-10-09","isFullCredit":false},{"lineNumber":27,"author":{"gitId":"seanngja"},"content":"    @Test","lastModifiedDate":"2024-10-09","isFullCredit":false},{"lineNumber":28,"author":{"gitId":"seanngja"},"content":"    void setName_validName_nameUpdatedCorrectly() {","lastModifiedDate":"2024-10-09","isFullCredit":false},{"lineNumber":29,"author":{"gitId":"seanngja"},"content":"        Recipe recipe \u003d new Recipe(\"Pasta\", new ArrayList\u003c\u003e(), new ArrayList\u003c\u003e());","lastModifiedDate":"2024-10-09","isFullCredit":false},{"lineNumber":30,"author":{"gitId":"seanngja"},"content":"        recipe.setName(\"Pizza\");","lastModifiedDate":"2024-10-09","isFullCredit":false},{"lineNumber":31,"author":{"gitId":"seanngja"},"content":"        assertEquals(\"Pizza\", recipe.getName());","lastModifiedDate":"2024-10-09","isFullCredit":false},{"lineNumber":32,"author":{"gitId":"seanngja"},"content":"    }","lastModifiedDate":"2024-10-09","isFullCredit":false},{"lineNumber":33,"author":{"gitId":"seanngja"},"content":"","lastModifiedDate":"2024-10-09","isFullCredit":false},{"lineNumber":34,"author":{"gitId":"seanngja"},"content":"    @Test","lastModifiedDate":"2024-10-09","isFullCredit":false},{"lineNumber":35,"author":{"gitId":"seanngja"},"content":"    void getIngredients_validIngredients_returnCorrectIngredients() {","lastModifiedDate":"2024-10-09","isFullCredit":false},{"lineNumber":36,"author":{"gitId":"seanngja"},"content":"        ArrayList\u003cString\u003e ingredients \u003d new ArrayList\u003c\u003e();","lastModifiedDate":"2024-10-09","isFullCredit":false},{"lineNumber":37,"author":{"gitId":"seanngja"},"content":"        ingredients.add(\"Tomato\");","lastModifiedDate":"2024-10-09","isFullCredit":false},{"lineNumber":38,"author":{"gitId":"seanngja"},"content":"        ingredients.add(\"Cheese\");","lastModifiedDate":"2024-10-09","isFullCredit":false},{"lineNumber":39,"author":{"gitId":"seanngja"},"content":"        Recipe recipe \u003d new Recipe(\"Pasta\", ingredients, new ArrayList\u003c\u003e());","lastModifiedDate":"2024-10-09","isFullCredit":false},{"lineNumber":40,"author":{"gitId":"seanngja"},"content":"        assertEquals(ingredients, recipe.getIngredients());","lastModifiedDate":"2024-10-09","isFullCredit":false},{"lineNumber":41,"author":{"gitId":"seanngja"},"content":"    }","lastModifiedDate":"2024-10-09","isFullCredit":false},{"lineNumber":42,"author":{"gitId":"seanngja"},"content":"","lastModifiedDate":"2024-10-09","isFullCredit":false},{"lineNumber":43,"author":{"gitId":"seanngja"},"content":"    @Test","lastModifiedDate":"2024-10-09","isFullCredit":false},{"lineNumber":44,"author":{"gitId":"seanngja"},"content":"    void setIngredients_validIngredients_ingredientsUpdatedCorrectly() {","lastModifiedDate":"2024-10-09","isFullCredit":false},{"lineNumber":45,"author":{"gitId":"seanngja"},"content":"        Recipe recipe \u003d new Recipe(\"Pasta\", new ArrayList\u003c\u003e(), new ArrayList\u003c\u003e());","lastModifiedDate":"2024-10-09","isFullCredit":false},{"lineNumber":46,"author":{"gitId":"seanngja"},"content":"        ArrayList\u003cString\u003e newIngredients \u003d new ArrayList\u003c\u003e();","lastModifiedDate":"2024-10-09","isFullCredit":false},{"lineNumber":47,"author":{"gitId":"seanngja"},"content":"        newIngredients.add(\"Flour\");","lastModifiedDate":"2024-10-09","isFullCredit":false},{"lineNumber":48,"author":{"gitId":"seanngja"},"content":"        newIngredients.add(\"Water\");","lastModifiedDate":"2024-10-09","isFullCredit":false},{"lineNumber":49,"author":{"gitId":"seanngja"},"content":"        recipe.setIngredients(newIngredients);","lastModifiedDate":"2024-10-09","isFullCredit":false},{"lineNumber":50,"author":{"gitId":"seanngja"},"content":"        assertEquals(newIngredients, recipe.getIngredients());","lastModifiedDate":"2024-10-09","isFullCredit":false},{"lineNumber":51,"author":{"gitId":"seanngja"},"content":"    }","lastModifiedDate":"2024-10-09","isFullCredit":false},{"lineNumber":52,"author":{"gitId":"seanngja"},"content":"","lastModifiedDate":"2024-10-09","isFullCredit":false},{"lineNumber":53,"author":{"gitId":"seanngja"},"content":"    @Test","lastModifiedDate":"2024-10-09","isFullCredit":false},{"lineNumber":54,"author":{"gitId":"seanngja"},"content":"    void getSteps_validSteps_returnCorrectSteps() {","lastModifiedDate":"2024-10-09","isFullCredit":false},{"lineNumber":55,"author":{"gitId":"seanngja"},"content":"        ArrayList\u003cString\u003e steps \u003d new ArrayList\u003c\u003e();","lastModifiedDate":"2024-10-09","isFullCredit":false},{"lineNumber":56,"author":{"gitId":"seanngja"},"content":"        steps.add(\"Boil water\");","lastModifiedDate":"2024-10-09","isFullCredit":false},{"lineNumber":57,"author":{"gitId":"seanngja"},"content":"        steps.add(\"Add pasta\");","lastModifiedDate":"2024-10-09","isFullCredit":false},{"lineNumber":58,"author":{"gitId":"seanngja"},"content":"        Recipe recipe \u003d new Recipe(\"Pasta\", new ArrayList\u003c\u003e(), steps);","lastModifiedDate":"2024-10-09","isFullCredit":false},{"lineNumber":59,"author":{"gitId":"seanngja"},"content":"        assertEquals(steps, recipe.getSteps());","lastModifiedDate":"2024-10-09","isFullCredit":false},{"lineNumber":60,"author":{"gitId":"seanngja"},"content":"    }","lastModifiedDate":"2024-10-09","isFullCredit":false},{"lineNumber":61,"author":{"gitId":"seanngja"},"content":"","lastModifiedDate":"2024-10-09","isFullCredit":false},{"lineNumber":62,"author":{"gitId":"seanngja"},"content":"    @Test","lastModifiedDate":"2024-10-09","isFullCredit":false},{"lineNumber":63,"author":{"gitId":"seanngja"},"content":"    void setSteps_validSteps_stepsUpdatedCorrectly() {","lastModifiedDate":"2024-10-09","isFullCredit":false},{"lineNumber":64,"author":{"gitId":"seanngja"},"content":"        Recipe recipe \u003d new Recipe(\"Pasta\", new ArrayList\u003c\u003e(), new ArrayList\u003c\u003e());","lastModifiedDate":"2024-10-09","isFullCredit":false},{"lineNumber":65,"author":{"gitId":"seanngja"},"content":"        ArrayList\u003cString\u003e newSteps \u003d new ArrayList\u003c\u003e();","lastModifiedDate":"2024-10-09","isFullCredit":false},{"lineNumber":66,"author":{"gitId":"seanngja"},"content":"        newSteps.add(\"Mix flour and water\");","lastModifiedDate":"2024-10-09","isFullCredit":false},{"lineNumber":67,"author":{"gitId":"seanngja"},"content":"        newSteps.add(\"Knead dough\");","lastModifiedDate":"2024-10-09","isFullCredit":false},{"lineNumber":68,"author":{"gitId":"seanngja"},"content":"        recipe.setSteps(newSteps);","lastModifiedDate":"2024-10-09","isFullCredit":false},{"lineNumber":69,"author":{"gitId":"seanngja"},"content":"        assertEquals(newSteps, recipe.getSteps());","lastModifiedDate":"2024-10-09","isFullCredit":false},{"lineNumber":70,"author":{"gitId":"seanngja"},"content":"    }","lastModifiedDate":"2024-10-09","isFullCredit":false},{"lineNumber":71,"author":{"gitId":"seanngja"},"content":"}","lastModifiedDate":"2024-10-09","isFullCredit":false},{"lineNumber":72,"author":{"gitId":"3CCLY"},"content":"","lastModifiedDate":"2024-10-09","isFullCredit":false},{"lineNumber":73,"author":{"gitId":"3CCLY"},"content":"class UiTest {","lastModifiedDate":"2024-10-09","isFullCredit":false},{"lineNumber":74,"author":{"gitId":"3CCLY"},"content":"","lastModifiedDate":"2024-10-09","isFullCredit":false},{"lineNumber":75,"author":{"gitId":"3CCLY"},"content":"    @Test","lastModifiedDate":"2024-10-09","isFullCredit":false},{"lineNumber":76,"author":{"gitId":"3CCLY"},"content":"    void readCommand_validInput_returnInput() {","lastModifiedDate":"2024-10-09","isFullCredit":false},{"lineNumber":77,"author":{"gitId":"3CCLY"},"content":"        // Parse a test string into the Ui class","lastModifiedDate":"2024-10-09","isFullCredit":false},{"lineNumber":78,"author":{"gitId":"3CCLY"},"content":"        String testString \u003d \"Test String\";","lastModifiedDate":"2024-10-09","isFullCredit":false},{"lineNumber":79,"author":{"gitId":"3CCLY"},"content":"        ByteArrayInputStream testInput \u003d new ByteArrayInputStream(testString.getBytes());","lastModifiedDate":"2024-10-09","isFullCredit":false},{"lineNumber":80,"author":{"gitId":"3CCLY"},"content":"        Ui ui \u003d new Ui(testInput);","lastModifiedDate":"2024-10-09","isFullCredit":false},{"lineNumber":81,"author":{"gitId":"3CCLY"},"content":"        assertEquals(testString, ui.readCommand());","lastModifiedDate":"2024-10-09","isFullCredit":false},{"lineNumber":82,"author":{"gitId":"3CCLY"},"content":"    }","lastModifiedDate":"2024-10-09","isFullCredit":false},{"lineNumber":83,"author":{"gitId":"3CCLY"},"content":"}","lastModifiedDate":"2024-10-09","isFullCredit":false}],"authorContributionMap":{"seanngja":57,"gskang-22":1,"3CCLY":14,"-":11}},{"path":"src/test/java/ymfc/commands/AddRecipeCommandTest.java","fileType":"test-code","lines":[{"lineNumber":1,"author":{"gitId":"3CCLY"},"content":"package ymfc.commands;","lastModifiedDate":"2024-10-09","isFullCredit":false},{"lineNumber":2,"author":{"gitId":"gskang-22"},"content":"","lastModifiedDate":"2024-10-09","isFullCredit":false},{"lineNumber":3,"author":{"gitId":"3CCLY"},"content":"import ymfc.Recipe;","lastModifiedDate":"2024-10-09","isFullCredit":false},{"lineNumber":4,"author":{"gitId":"3CCLY"},"content":"import ymfc.RecipeList;","lastModifiedDate":"2024-10-09","isFullCredit":false},{"lineNumber":5,"author":{"gitId":"3CCLY"},"content":"import ymfc.Ui;","lastModifiedDate":"2024-10-09","isFullCredit":false},{"lineNumber":6,"author":{"gitId":"gskang-22"},"content":"import org.junit.jupiter.api.BeforeEach;","lastModifiedDate":"2024-10-09","isFullCredit":false},{"lineNumber":7,"author":{"gitId":"gskang-22"},"content":"import org.junit.jupiter.api.Test;","lastModifiedDate":"2024-10-09","isFullCredit":false},{"lineNumber":8,"author":{"gitId":"gskang-22"},"content":"","lastModifiedDate":"2024-10-09","isFullCredit":false},{"lineNumber":9,"author":{"gitId":"gskang-22"},"content":"import java.util.ArrayList;","lastModifiedDate":"2024-10-09","isFullCredit":false},{"lineNumber":10,"author":{"gitId":"gskang-22"},"content":"","lastModifiedDate":"2024-10-09","isFullCredit":false},{"lineNumber":11,"author":{"gitId":"gskang-22"},"content":"import static org.junit.jupiter.api.Assertions.assertEquals;","lastModifiedDate":"2024-10-09","isFullCredit":false},{"lineNumber":12,"author":{"gitId":"gskang-22"},"content":"","lastModifiedDate":"2024-10-09","isFullCredit":false},{"lineNumber":13,"author":{"gitId":"gskang-22"},"content":"public class AddRecipeCommandTest {","lastModifiedDate":"2024-10-09","isFullCredit":false},{"lineNumber":14,"author":{"gitId":"gskang-22"},"content":"","lastModifiedDate":"2024-10-09","isFullCredit":false},{"lineNumber":15,"author":{"gitId":"gskang-22"},"content":"    private RecipeList emptyList;","lastModifiedDate":"2024-10-09","isFullCredit":false},{"lineNumber":16,"author":{"gitId":"gskang-22"},"content":"    private Ui ui;","lastModifiedDate":"2024-10-09","isFullCredit":false},{"lineNumber":17,"author":{"gitId":"gskang-22"},"content":"    private Recipe recipe;","lastModifiedDate":"2024-10-09","isFullCredit":false},{"lineNumber":18,"author":{"gitId":"gskang-22"},"content":"    private AddRecipeCommand addRecipeCommand;","lastModifiedDate":"2024-10-09","isFullCredit":false},{"lineNumber":19,"author":{"gitId":"gskang-22"},"content":"","lastModifiedDate":"2024-10-09","isFullCredit":false},{"lineNumber":20,"author":{"gitId":"gskang-22"},"content":"    @BeforeEach","lastModifiedDate":"2024-10-09","isFullCredit":false},{"lineNumber":21,"author":{"gitId":"gskang-22"},"content":"    void setUp() {","lastModifiedDate":"2024-10-09","isFullCredit":false},{"lineNumber":22,"author":{"gitId":"gskang-22"},"content":"        emptyList \u003d new RecipeList();","lastModifiedDate":"2024-10-09","isFullCredit":false},{"lineNumber":23,"author":{"gitId":"3CCLY"},"content":"        ui \u003d new Ui(System.in);","lastModifiedDate":"2024-10-09","isFullCredit":false},{"lineNumber":24,"author":{"gitId":"gskang-22"},"content":"","lastModifiedDate":"2024-10-09","isFullCredit":false},{"lineNumber":25,"author":{"gitId":"gskang-22"},"content":"        // Sample ingredients and steps","lastModifiedDate":"2024-10-09","isFullCredit":false},{"lineNumber":26,"author":{"gitId":"gskang-22"},"content":"        ArrayList\u003cString\u003e ingredients \u003d new ArrayList\u003c\u003e();","lastModifiedDate":"2024-10-09","isFullCredit":false},{"lineNumber":27,"author":{"gitId":"gskang-22"},"content":"        ingredients.add(\"Pasta\");","lastModifiedDate":"2024-10-09","isFullCredit":false},{"lineNumber":28,"author":{"gitId":"gskang-22"},"content":"        ingredients.add(\"Water\");","lastModifiedDate":"2024-10-09","isFullCredit":false},{"lineNumber":29,"author":{"gitId":"gskang-22"},"content":"        ingredients.add(\"Salt\");","lastModifiedDate":"2024-10-09","isFullCredit":false},{"lineNumber":30,"author":{"gitId":"gskang-22"},"content":"","lastModifiedDate":"2024-10-09","isFullCredit":false},{"lineNumber":31,"author":{"gitId":"gskang-22"},"content":"        ArrayList\u003cString\u003e steps \u003d new ArrayList\u003c\u003e();","lastModifiedDate":"2024-10-09","isFullCredit":false},{"lineNumber":32,"author":{"gitId":"gskang-22"},"content":"        steps.add(\"Boil water.\");","lastModifiedDate":"2024-10-09","isFullCredit":false},{"lineNumber":33,"author":{"gitId":"gskang-22"},"content":"        steps.add(\"Add pasta.\");","lastModifiedDate":"2024-10-09","isFullCredit":false},{"lineNumber":34,"author":{"gitId":"gskang-22"},"content":"        steps.add(\"Cook for 10 minutes.\");","lastModifiedDate":"2024-10-09","isFullCredit":false},{"lineNumber":35,"author":{"gitId":"gskang-22"},"content":"","lastModifiedDate":"2024-10-09","isFullCredit":false},{"lineNumber":36,"author":{"gitId":"gskang-22"},"content":"        recipe \u003d new Recipe(\"Pasta\", ingredients, steps);","lastModifiedDate":"2024-10-09","isFullCredit":false},{"lineNumber":37,"author":{"gitId":"gskang-22"},"content":"        addRecipeCommand \u003d new AddRecipeCommand(recipe);","lastModifiedDate":"2024-10-09","isFullCredit":false},{"lineNumber":38,"author":{"gitId":"gskang-22"},"content":"    }","lastModifiedDate":"2024-10-09","isFullCredit":false},{"lineNumber":39,"author":{"gitId":"gskang-22"},"content":"","lastModifiedDate":"2024-10-09","isFullCredit":false},{"lineNumber":40,"author":{"gitId":"gskang-22"},"content":"    @Test","lastModifiedDate":"2024-10-09","isFullCredit":false},{"lineNumber":41,"author":{"gitId":"gskang-22"},"content":"    void testAddNewRecipe() {","lastModifiedDate":"2024-10-09","isFullCredit":false},{"lineNumber":42,"author":{"gitId":"gskang-22"},"content":"        addRecipeCommand.execute(emptyList, ui);","lastModifiedDate":"2024-10-09","isFullCredit":false},{"lineNumber":43,"author":{"gitId":"gskang-22"},"content":"","lastModifiedDate":"2024-10-09","isFullCredit":false},{"lineNumber":44,"author":{"gitId":"gskang-22"},"content":"        assertEquals(1, emptyList.getCounter());","lastModifiedDate":"2024-10-09","isFullCredit":false},{"lineNumber":45,"author":{"gitId":"gskang-22"},"content":"        assertEquals(recipe, emptyList.getRecipe(0));","lastModifiedDate":"2024-10-09","isFullCredit":false},{"lineNumber":46,"author":{"gitId":"gskang-22"},"content":"","lastModifiedDate":"2024-10-09","isFullCredit":false},{"lineNumber":47,"author":{"gitId":"gskang-22"},"content":"    }","lastModifiedDate":"2024-10-09","isFullCredit":false},{"lineNumber":48,"author":{"gitId":"gskang-22"},"content":"}","lastModifiedDate":"2024-10-09","isFullCredit":false}],"authorContributionMap":{"gskang-22":43,"3CCLY":5}},{"path":"src/test/java/ymfc/commands/DeleteCommandTest.java","fileType":"test-code","lines":[{"lineNumber":1,"author":{"gitId":"3CCLY"},"content":"package ymfc.commands;","lastModifiedDate":"2024-10-09","isFullCredit":false},{"lineNumber":2,"author":{"gitId":"gskang-22"},"content":"","lastModifiedDate":"2024-10-09","isFullCredit":false},{"lineNumber":3,"author":{"gitId":"3CCLY"},"content":"import ymfc.Recipe;","lastModifiedDate":"2024-10-09","isFullCredit":false},{"lineNumber":4,"author":{"gitId":"3CCLY"},"content":"import ymfc.RecipeList;","lastModifiedDate":"2024-10-09","isFullCredit":false},{"lineNumber":5,"author":{"gitId":"3CCLY"},"content":"import ymfc.Ui;","lastModifiedDate":"2024-10-09","isFullCredit":false},{"lineNumber":6,"author":{"gitId":"gskang-22"},"content":"import org.junit.jupiter.api.BeforeEach;","lastModifiedDate":"2024-10-09","isFullCredit":false},{"lineNumber":7,"author":{"gitId":"gskang-22"},"content":"import org.junit.jupiter.api.Test;","lastModifiedDate":"2024-10-09","isFullCredit":false},{"lineNumber":8,"author":{"gitId":"gskang-22"},"content":"","lastModifiedDate":"2024-10-09","isFullCredit":false},{"lineNumber":9,"author":{"gitId":"gskang-22"},"content":"import java.util.ArrayList;","lastModifiedDate":"2024-10-09","isFullCredit":false},{"lineNumber":10,"author":{"gitId":"gskang-22"},"content":"","lastModifiedDate":"2024-10-09","isFullCredit":false},{"lineNumber":11,"author":{"gitId":"gskang-22"},"content":"import static org.junit.jupiter.api.Assertions.assertEquals;","lastModifiedDate":"2024-10-09","isFullCredit":false},{"lineNumber":12,"author":{"gitId":"gskang-22"},"content":"","lastModifiedDate":"2024-10-09","isFullCredit":false},{"lineNumber":13,"author":{"gitId":"gskang-22"},"content":"public class DeleteCommandTest {","lastModifiedDate":"2024-10-09","isFullCredit":false},{"lineNumber":14,"author":{"gitId":"gskang-22"},"content":"    private RecipeList recipeList;","lastModifiedDate":"2024-10-09","isFullCredit":false},{"lineNumber":15,"author":{"gitId":"gskang-22"},"content":"    private Ui ui;","lastModifiedDate":"2024-10-09","isFullCredit":false},{"lineNumber":16,"author":{"gitId":"gskang-22"},"content":"    private DeleteCommand deleteCommand;","lastModifiedDate":"2024-10-09","isFullCredit":false},{"lineNumber":17,"author":{"gitId":"gskang-22"},"content":"","lastModifiedDate":"2024-10-09","isFullCredit":false},{"lineNumber":18,"author":{"gitId":"gskang-22"},"content":"    @BeforeEach","lastModifiedDate":"2024-10-09","isFullCredit":false},{"lineNumber":19,"author":{"gitId":"gskang-22"},"content":"    void setUp() {","lastModifiedDate":"2024-10-09","isFullCredit":false},{"lineNumber":20,"author":{"gitId":"gskang-22"},"content":"        recipeList \u003d new RecipeList();","lastModifiedDate":"2024-10-09","isFullCredit":false},{"lineNumber":21,"author":{"gitId":"3CCLY"},"content":"        ui \u003d new Ui(System.in);","lastModifiedDate":"2024-10-09","isFullCredit":false},{"lineNumber":22,"author":{"gitId":"gskang-22"},"content":"","lastModifiedDate":"2024-10-09","isFullCredit":false},{"lineNumber":23,"author":{"gitId":"gskang-22"},"content":"        // Add some sample recipes","lastModifiedDate":"2024-10-09","isFullCredit":false},{"lineNumber":24,"author":{"gitId":"gskang-22"},"content":"        ArrayList\u003cString\u003e pastaIngredients \u003d new ArrayList\u003c\u003e();","lastModifiedDate":"2024-10-09","isFullCredit":false},{"lineNumber":25,"author":{"gitId":"gskang-22"},"content":"        pastaIngredients.add(\"Pasta\");","lastModifiedDate":"2024-10-09","isFullCredit":false},{"lineNumber":26,"author":{"gitId":"gskang-22"},"content":"        pastaIngredients.add(\"Water\");","lastModifiedDate":"2024-10-09","isFullCredit":false},{"lineNumber":27,"author":{"gitId":"gskang-22"},"content":"        pastaIngredients.add(\"Salt\");","lastModifiedDate":"2024-10-09","isFullCredit":false},{"lineNumber":28,"author":{"gitId":"gskang-22"},"content":"","lastModifiedDate":"2024-10-09","isFullCredit":false},{"lineNumber":29,"author":{"gitId":"gskang-22"},"content":"        ArrayList\u003cString\u003e pastaSteps \u003d new ArrayList\u003c\u003e();","lastModifiedDate":"2024-10-09","isFullCredit":false},{"lineNumber":30,"author":{"gitId":"gskang-22"},"content":"        pastaSteps.add(\"Boil water.\");","lastModifiedDate":"2024-10-09","isFullCredit":false},{"lineNumber":31,"author":{"gitId":"gskang-22"},"content":"        pastaSteps.add(\"Add pasta.\");","lastModifiedDate":"2024-10-09","isFullCredit":false},{"lineNumber":32,"author":{"gitId":"gskang-22"},"content":"        pastaSteps.add(\"Cook for 10 minutes.\");","lastModifiedDate":"2024-10-09","isFullCredit":false},{"lineNumber":33,"author":{"gitId":"gskang-22"},"content":"","lastModifiedDate":"2024-10-09","isFullCredit":false},{"lineNumber":34,"author":{"gitId":"gskang-22"},"content":"        Recipe pastaRecipe \u003d new Recipe(\"Pasta\", pastaIngredients, pastaSteps);","lastModifiedDate":"2024-10-09","isFullCredit":false},{"lineNumber":35,"author":{"gitId":"gskang-22"},"content":"","lastModifiedDate":"2024-10-09","isFullCredit":false},{"lineNumber":36,"author":{"gitId":"gskang-22"},"content":"        ArrayList\u003cString\u003e saladIngredients \u003d new ArrayList\u003c\u003e();","lastModifiedDate":"2024-10-09","isFullCredit":false},{"lineNumber":37,"author":{"gitId":"gskang-22"},"content":"        saladIngredients.add(\"Lettuce\");","lastModifiedDate":"2024-10-09","isFullCredit":false},{"lineNumber":38,"author":{"gitId":"gskang-22"},"content":"        saladIngredients.add(\"Tomatoes\");","lastModifiedDate":"2024-10-09","isFullCredit":false},{"lineNumber":39,"author":{"gitId":"gskang-22"},"content":"        saladIngredients.add(\"Cucumber\");","lastModifiedDate":"2024-10-09","isFullCredit":false},{"lineNumber":40,"author":{"gitId":"gskang-22"},"content":"","lastModifiedDate":"2024-10-09","isFullCredit":false},{"lineNumber":41,"author":{"gitId":"gskang-22"},"content":"        ArrayList\u003cString\u003e saladSteps \u003d new ArrayList\u003c\u003e();","lastModifiedDate":"2024-10-09","isFullCredit":false},{"lineNumber":42,"author":{"gitId":"gskang-22"},"content":"        saladSteps.add(\"Chop veggies.\");","lastModifiedDate":"2024-10-09","isFullCredit":false},{"lineNumber":43,"author":{"gitId":"gskang-22"},"content":"        saladSteps.add(\"Add pasta.\");","lastModifiedDate":"2024-10-09","isFullCredit":false},{"lineNumber":44,"author":{"gitId":"gskang-22"},"content":"        saladSteps.add(\"Toss with dressing.\");","lastModifiedDate":"2024-10-09","isFullCredit":false},{"lineNumber":45,"author":{"gitId":"gskang-22"},"content":"","lastModifiedDate":"2024-10-09","isFullCredit":false},{"lineNumber":46,"author":{"gitId":"gskang-22"},"content":"        Recipe saladRecipe \u003d new Recipe(\"Salad\", saladIngredients, saladSteps);","lastModifiedDate":"2024-10-09","isFullCredit":false},{"lineNumber":47,"author":{"gitId":"gskang-22"},"content":"","lastModifiedDate":"2024-10-09","isFullCredit":false},{"lineNumber":48,"author":{"gitId":"gskang-22"},"content":"        recipeList.addRecipe(pastaRecipe);","lastModifiedDate":"2024-10-09","isFullCredit":false},{"lineNumber":49,"author":{"gitId":"gskang-22"},"content":"        recipeList.addRecipe(saladRecipe);","lastModifiedDate":"2024-10-09","isFullCredit":false},{"lineNumber":50,"author":{"gitId":"gskang-22"},"content":"","lastModifiedDate":"2024-10-09","isFullCredit":false},{"lineNumber":51,"author":{"gitId":"gskang-22"},"content":"        deleteCommand \u003d new DeleteCommand(0);","lastModifiedDate":"2024-10-09","isFullCredit":false},{"lineNumber":52,"author":{"gitId":"gskang-22"},"content":"    }","lastModifiedDate":"2024-10-09","isFullCredit":false},{"lineNumber":53,"author":{"gitId":"gskang-22"},"content":"","lastModifiedDate":"2024-10-09","isFullCredit":false},{"lineNumber":54,"author":{"gitId":"gskang-22"},"content":"    @Test","lastModifiedDate":"2024-10-09","isFullCredit":false},{"lineNumber":55,"author":{"gitId":"gskang-22"},"content":"    void testDeleteRecipe() {","lastModifiedDate":"2024-10-09","isFullCredit":false},{"lineNumber":56,"author":{"gitId":"gskang-22"},"content":"        // Assertions to verify that list was created as expected","lastModifiedDate":"2024-10-09","isFullCredit":false},{"lineNumber":57,"author":{"gitId":"gskang-22"},"content":"        assertEquals(2, recipeList.getCounter());","lastModifiedDate":"2024-10-09","isFullCredit":false},{"lineNumber":58,"author":{"gitId":"gskang-22"},"content":"","lastModifiedDate":"2024-10-09","isFullCredit":false},{"lineNumber":59,"author":{"gitId":"gskang-22"},"content":"        // Execute the DeleteCommand","lastModifiedDate":"2024-10-09","isFullCredit":false},{"lineNumber":60,"author":{"gitId":"gskang-22"},"content":"        deleteCommand.execute(recipeList, ui);","lastModifiedDate":"2024-10-09","isFullCredit":false},{"lineNumber":61,"author":{"gitId":"gskang-22"},"content":"","lastModifiedDate":"2024-10-09","isFullCredit":false},{"lineNumber":62,"author":{"gitId":"gskang-22"},"content":"        // Assertions to verify the recipe was removed","lastModifiedDate":"2024-10-09","isFullCredit":false},{"lineNumber":63,"author":{"gitId":"gskang-22"},"content":"        assertEquals(1, recipeList.getCounter());  // Ensure that a recipe was deleted","lastModifiedDate":"2024-10-09","isFullCredit":false},{"lineNumber":64,"author":{"gitId":"gskang-22"},"content":"        assertEquals(\"Salad\", recipeList.getRecipe(0).getName());  // Verify that the correct recipe remains","lastModifiedDate":"2024-10-09","isFullCredit":false},{"lineNumber":65,"author":{"gitId":"gskang-22"},"content":"    }","lastModifiedDate":"2024-10-09","isFullCredit":false},{"lineNumber":66,"author":{"gitId":"gskang-22"},"content":"}","lastModifiedDate":"2024-10-09","isFullCredit":false}],"authorContributionMap":{"gskang-22":61,"3CCLY":5}}]
