{"authorDailyContributionsMap":{"KSanjith":[{"date":"2024-10-02","commitResults":[{"hash":"27410bceedc3c7955821ac91d49e5a05884637a7","isMergeCommit":false,"messageTitle":"Change AboutUs.md with personal details","messageBody":"","fileTypesAndContributionMap":{"docs":{"insertions":1,"deletions":5}}},{"hash":"a51868c863814854631e864157bcf5e3675d4a66","isMergeCommit":true,"messageTitle":"Merge branch \u0027master\u0027 into phong-AboutUs","messageBody":"","fileTypesAndContributionMap":{}},{"hash":"22a3e6cff75f06a168f878992008461afaa1e926","isMergeCommit":true,"messageTitle":"Merge pull request #4 from Sukkaito/phong-AboutUs","messageBody":"Add details to docs/AboutUs.md","fileTypesAndContributionMap":{}},{"hash":"1aca33e66fa6556db7a2885c44c6e731857a1e81","isMergeCommit":false,"messageTitle":"Change AboutUs.md with personal details","messageBody":"","fileTypesAndContributionMap":{"docs":{"insertions":1,"deletions":0}}}]},{"date":"2024-10-08","commitResults":[{"hash":"30f631d42a524f503a46526d20eb352f64a5676f","isMergeCommit":false,"messageTitle":"Create command and RecipeList classes","messageBody":"","fileTypesAndContributionMap":{"functional-code":{"insertions":62,"deletions":0}}},{"hash":"7d5507a04890ac8dab7b167b35dc6cea17f359cc","isMergeCommit":true,"messageTitle":"Merge pull request #39 from KSanjith/Create-Command-Class","messageBody":"Create command and RecipeList classes","fileTypesAndContributionMap":{}}]},{"date":"2024-10-10","commitResults":[{"hash":"e4cec51aad673b768e17b22b52af8fe3ec165070","isMergeCommit":false,"messageTitle":"Create JUnits tests for RecipeList class Refactor classes into proper packages","messageBody":"","fileTypesAndContributionMap":{"functional-code":{"insertions":13,"deletions":11},"other":{"insertions":7,"deletions":3},"test-code":{"insertions":176,"deletions":74}}},{"hash":"4135f388e2a555eb5143a9818989ddfefa1e4c74","isMergeCommit":true,"messageTitle":"Merge pull request #49 from KSanjith/branch-Add-JUnit-Test","messageBody":"Create JUnits tests for RecipeList class","fileTypesAndContributionMap":{}},{"hash":"64624048b342b53d7ae02f996c4de2a2af3c8ab9","isMergeCommit":false,"messageTitle":"Fix JUnit test in RecipeListTest Delete unused import in DukeTest","messageBody":"","fileTypesAndContributionMap":{"test-code":{"insertions":1,"deletions":2}}},{"hash":"557a023bb9ecec10a9d44351abecde64f5a45a20","isMergeCommit":true,"messageTitle":"Merge pull request #50 from KSanjith/branch-Fix-JUnit","messageBody":"Fix JUnit test in RecipeListTest","fileTypesAndContributionMap":{}}]},{"date":"2024-10-13","commitResults":[{"hash":"81e6a2ee088e1602280709f82ff07868965b82fa","isMergeCommit":false,"messageTitle":"Create exception class Enable assert in build.Gradle Add assert in RecipeList class","messageBody":"","fileTypesAndContributionMap":{"functional-code":{"insertions":21,"deletions":0},"other":{"insertions":4,"deletions":0}}}]},{"date":"2024-10-14","commitResults":[{"hash":"5f51ecdd4194a6901c726f48bba82ed0a20ac1a1","isMergeCommit":true,"messageTitle":"Merge pull request #55 from seanngja/branch-JUnitRecipe","messageBody":"Add assertions and more JUnit tests for Recipe and RecipeList","fileTypesAndContributionMap":{}},{"hash":"250ace22abd962d2095e962257dee1c0558478db","isMergeCommit":false,"messageTitle":"Create storage class Allow user to save and load recipes locally Add logging in main","messageBody":"","fileTypesAndContributionMap":{"functional-code":{"insertions":149,"deletions":9},"test-code":{"insertions":10,"deletions":3}}}]},{"date":"2024-10-19","commitResults":[{"hash":"af9ce7a5f0e71968d685ae2e2c6c60369f42e72b","isMergeCommit":true,"messageTitle":"Merge pull request #60 from gskang-22/Add-Defensiveness","messageBody":"Increase defensiveness of command classes","fileTypesAndContributionMap":{}},{"hash":"b0828edb16a6a6d6fbf0f014334125182ad4b7a6","isMergeCommit":true,"messageTitle":"Merge pull request #63 from seanngja/A-Recipe","messageBody":"Add cuisine and time attributes to Recipe class","fileTypesAndContributionMap":{}}]},{"date":"2024-10-21","commitResults":[{"hash":"a50b5021c4a3afa93c5fb436d05fba86ea3d9432","isMergeCommit":false,"messageTitle":"Add sort command Allow list to be sorted by name or time","messageBody":"","fileTypesAndContributionMap":{"functional-code":{"insertions":73,"deletions":1},"test-code":{"insertions":110,"deletions":0}}}]},{"date":"2024-10-22","commitResults":[{"hash":"f50a4d8258c96296187d33967ea6d06c5db16d02","isMergeCommit":true,"messageTitle":"Merge pull request #69 from 3CCLY/branch-implement-editing","messageBody":"Add edit command to app","fileTypesAndContributionMap":{}},{"hash":"6394bbacef8b1e7b0e72f8969949c8785a0cf498","isMergeCommit":false,"messageTitle":"Add details to DG, such as storage class Add user stories to DG","messageBody":"","fileTypesAndContributionMap":{"docs":{"insertions":24,"deletions":4}}},{"hash":"e61f3c4fad4d4b1ad3e2199bf71c36ac66d73298","isMergeCommit":true,"messageTitle":"Merge pull request #70 from KSanjith/branch-DG-Storage","messageBody":"Add details to DG, such as storage class","fileTypesAndContributionMap":{}}]},{"date":"2024-10-23","commitResults":[{"hash":"2127e41462187f2e842411b67130953678093fc5","isMergeCommit":true,"messageTitle":"Merge pull request #74 from gskang-22/branch-add-ingredient","messageBody":"Branch add ingredient","fileTypesAndContributionMap":{}}]},{"date":"2024-10-24","commitResults":[{"hash":"29470d10d7fa562a26aa2f28ad4627ca25f132e2","isMergeCommit":false,"messageTitle":"Create sequence diagrams for Storage class Expand the description given by help command Make minor fixes to code","messageBody":"","fileTypesAndContributionMap":{"functional-code":{"insertions":57,"deletions":29},"docs":{"insertions":194,"deletions":2}}},{"hash":"fb1a758c287233308525a8d0f06f6606f34d9901","isMergeCommit":false,"messageTitle":"fix checkstyle violations","messageBody":"","fileTypesAndContributionMap":{"functional-code":{"insertions":6,"deletions":5}}}]},{"date":"2024-10-25","commitResults":[{"hash":"0cca0a2abc6f34e26cc43aa98b595db058ec3f99","isMergeCommit":false,"messageTitle":"Improve Test coverage Enable list ingredients command Replace variable name e with exception","messageBody":"","fileTypesAndContributionMap":{"functional-code":{"insertions":88,"deletions":33},"test-code":{"insertions":477,"deletions":22}}},{"hash":"f33489e6e38f557ebff35732a86979b5c0b63186","isMergeCommit":false,"messageTitle":"Make minor code improvements","messageBody":"","fileTypesAndContributionMap":{"functional-code":{"insertions":1,"deletions":1},"test-code":{"insertions":1,"deletions":11}}}]},{"date":"2024-10-26","commitResults":[{"hash":"65012424c322d54f91223a88b0cbfb7666111dad","isMergeCommit":false,"messageTitle":"Create first draft of the UG","messageBody":"","fileTypesAndContributionMap":{"functional-code":{"insertions":5,"deletions":5},"docs":{"insertions":134,"deletions":17}}}]},{"date":"2024-10-27","commitResults":[{"hash":"096b352a057c5a2ba0e8e88cfd38fe8d85752929","isMergeCommit":false,"messageTitle":"Fix some bugs in the commands","messageBody":"","fileTypesAndContributionMap":{"functional-code":{"insertions":6,"deletions":3}}},{"hash":"0a7bd3187ed34e1526eba7b1584dfad93541c9b1","isMergeCommit":false,"messageTitle":"Fix checkstyle violation","messageBody":"","fileTypesAndContributionMap":{"functional-code":{"insertions":2,"deletions":1}}},{"hash":"fbafa5815847d614902497d1ca454c752afb4731","isMergeCommit":true,"messageTitle":"Merge pull request #89 from seanngja/A-Recipe","messageBody":"Add UML diagram for application start up","fileTypesAndContributionMap":{}}]},{"date":"2024-10-28","commitResults":[{"hash":"9f6839b8523f4d6b941a000f1ca6fc941d93cb4a","isMergeCommit":true,"messageTitle":"Merge pull request #94 from seanngja/branch-findIngreds","messageBody":"Add ability to find ingredients in ingredientList","fileTypesAndContributionMap":{}},{"hash":"1e4da0d7ecc0d741137690e17d59a7cd89bf41f1","isMergeCommit":false,"messageTitle":"Prevent user from creating duplicate recipes Create class diagram for command classes Add more JavaDoc headers","messageBody":"","fileTypesAndContributionMap":{"functional-code":{"insertions":114,"deletions":15},"docs":{"insertions":124,"deletions":10}}}]},{"date":"2024-10-29","commitResults":[{"hash":"96cf1c1aec9317c44557d90efa83c71ec5082104","isMergeCommit":false,"messageTitle":"Fix the command class diagram being cut off","messageBody":"","fileTypesAndContributionMap":{"docs":{"insertions":6,"deletions":7}}},{"hash":"c48611474760c58c251546d5cdbb18937555d2f7","isMergeCommit":false,"messageTitle":"Add class diagram for r","messageBody":"","fileTypesAndContributionMap":{"functional-code":{"insertions":4,"deletions":8},"docs":{"insertions":51,"deletions":0}}},{"hash":"87729f5fbf65b969e3acc3276a63c064724270eb","isMergeCommit":false,"messageTitle":"Add class diagram for ingredient classes","messageBody":"","fileTypesAndContributionMap":{"docs":{"insertions":0,"deletions":1}}},{"hash":"1332a3c04562f81745ba8614b91a8e102401e0e3","isMergeCommit":false,"messageTitle":"Fix ingredient class diagram","messageBody":"","fileTypesAndContributionMap":{"docs":{"insertions":2,"deletions":4}}},{"hash":"b5700a0a172ccbd907f7b432ba40f7f1453e5a49","isMergeCommit":false,"messageTitle":"Rename ingredientsClassDiagram image","messageBody":"","fileTypesAndContributionMap":{"docs":{"insertions":1,"deletions":1}}}]},{"date":"2024-10-30","commitResults":[{"hash":"4d01e9d091ad95c53eaaa2a8c399f0188ad24403","isMergeCommit":false,"messageTitle":"Re-order ingredientsClassDiagram","messageBody":"","fileTypesAndContributionMap":{"docs":{"insertions":19,"deletions":23}}},{"hash":"17cd91f701714ea809d541ca99cacb6f1ea41257","isMergeCommit":false,"messageTitle":"Add constructors to all class diagrams","messageBody":"","fileTypesAndContributionMap":{"docs":{"insertions":31,"deletions":6}}},{"hash":"649dca5823f00a33d36792cf240819665ebd7751","isMergeCommit":true,"messageTitle":"Merge pull request #108 from KSanjith/branch-ingredient-diagrams","messageBody":"Add ingredients class diagram","fileTypesAndContributionMap":{}},{"hash":"82cb252823fcb35d95b62906835eb7814185a99e","isMergeCommit":true,"messageTitle":"Merge branch \u0027master\u0027 into docs/DG","messageBody":"","fileTypesAndContributionMap":{}},{"hash":"e8143c55f226bf463291e915ccad468f74b5bbab","isMergeCommit":true,"messageTitle":"Merge pull request #110 from Sukkaito/docs/DG","messageBody":"docs: Update `Recipe` and `RecipeList` sections of DG","fileTypesAndContributionMap":{}},{"hash":"9d018b2977e56448e712b8b9838ac22a07cd18a5","isMergeCommit":false,"messageTitle":"Neaten the UG and DG","messageBody":"","fileTypesAndContributionMap":{"docs":{"insertions":100,"deletions":70}}},{"hash":"34b30076eb10a88371269618d03ebc822ff065de","isMergeCommit":false,"messageTitle":"Fix formatting in DG","messageBody":"","fileTypesAndContributionMap":{"docs":{"insertions":3,"deletions":1}}},{"hash":"2523b7bf8debfd042aea6762bb7d4a5e0c7b206e","isMergeCommit":false,"messageTitle":"Fix PDF page breaks","messageBody":"","fileTypesAndContributionMap":{"docs":{"insertions":23,"deletions":1}}}]},{"date":"2024-11-01","commitResults":[{"hash":"ce94d8bd19a971b010ba0baf252f4e7f3202cf3a","isMergeCommit":false,"messageTitle":"Write PPP for KSanjith","messageBody":"","fileTypesAndContributionMap":{"docs":{"insertions":65,"deletions":7}}},{"hash":"ab42d92d0401956ba34bd39d0e8c17ec89ce0c34","isMergeCommit":true,"messageTitle":"Merge pull request #121 from 3CCLY/branch-PPP-draft","messageBody":"Create draft PPP","fileTypesAndContributionMap":{}},{"hash":"df90c547e613af4b6fe55a8f2803e18e68501db7","isMergeCommit":true,"messageTitle":"Merge pull request #112 from KSanjith/branch-PDF-formatting","messageBody":"Fix PDF formatting","fileTypesAndContributionMap":{}},{"hash":"3652be942dfe83e7e56c38094b5edd9e43c8062f","isMergeCommit":true,"messageTitle":"Merge pull request #120 from Sukkaito/bugs/73","messageBody":"bugfix: Disallow duplicate value in `options` field of `find` command","fileTypesAndContributionMap":{}},{"hash":"d1ab3af835def0a144dfe18704f534c6362649ec","isMergeCommit":true,"messageTitle":"Merge pull request #124 from seanngja/branch-UserGuide","messageBody":"Update User Guide with findI command ","fileTypesAndContributionMap":{}},{"hash":"351fe2832ba2eac2ba5f1e03c1b5baab8ab0004b","isMergeCommit":true,"messageTitle":"Merge pull request #123 from seanngja/branch-PPP","messageBody":"seanngja\u0027s draft PPP","fileTypesAndContributionMap":{}}]},{"date":"2024-11-02","commitResults":[{"hash":"a6a27ccf5baf945e6637e261d349736098b08db1","isMergeCommit":true,"messageTitle":"Merge pull request #127 from Sukkaito/bugs/115","messageBody":"bugfix: Show correct logs for missing savefile","fileTypesAndContributionMap":{}},{"hash":"a118d2d78b9033e111f78e19bef4e26e478005a4","isMergeCommit":false,"messageTitle":"Correct issues in DG pointed out by TA","messageBody":"","fileTypesAndContributionMap":{"functional-code":{"insertions":7,"deletions":4},"docs":{"insertions":232,"deletions":35}}}]},{"date":"2024-11-03","commitResults":[{"hash":"1a08d0456c1cce7c23cd841d7aae8371b437fae9","isMergeCommit":false,"messageTitle":"Fix commandsShortClassDiagram","messageBody":"","fileTypesAndContributionMap":{"docs":{"insertions":17,"deletions":15}}}]},{"date":"2024-11-05","commitResults":[{"hash":"4e502dd36d3a92b2033800a0809751a485ca55a3","isMergeCommit":true,"messageTitle":"Merge pull request #135 from seanngja/A-Recipe","messageBody":"Update Recipe class ingredients list type to ArrayList of Ingredients","fileTypesAndContributionMap":{}}]},{"date":"2024-11-06","commitResults":[{"hash":"c598f4433469a3126de0b26e00b023cb3ec2176a","isMergeCommit":false,"messageTitle":"Allow user to sort ingredients by name Prevent duplicate named ingredients from being added","messageBody":"","fileTypesAndContributionMap":{"functional-code":{"insertions":82,"deletions":15},"test-code":{"insertions":64,"deletions":0}}},{"hash":"3f566c71c859af2b9be8a86a41809bbe94ae1cdd","isMergeCommit":false,"messageTitle":"Update ksanjith ppp","messageBody":"","fileTypesAndContributionMap":{"docs":{"insertions":5,"deletions":1}}}]}],"seanngja":[{"date":"2024-10-02","commitResults":[{"hash":"32b89b72eb2fa933054d5b6ea106555bbf17777e","isMergeCommit":false,"messageTitle":"Update docs/AboutUs.md","messageBody":"","fileTypesAndContributionMap":{"docs":{"insertions":4,"deletions":7}}},{"hash":"55f125544f2382067c3051dad27bf753fac992b0","isMergeCommit":false,"messageTitle":"Update docs/AboutUs.md","messageBody":"","fileTypesAndContributionMap":{"docs":{"insertions":1,"deletions":0}}}]},{"date":"2024-10-08","commitResults":[{"hash":"cfe8d57b5b76130fdc7555a432cac2bbb3752673","isMergeCommit":false,"messageTitle":"Add Recipe class with name, ingredients and steps","messageBody":"","fileTypesAndContributionMap":{"functional-code":{"insertions":40,"deletions":0},"other":{"insertions":3,"deletions":3}}},{"hash":"007da47722021af607d938707c4e733dd9ee56bf","isMergeCommit":false,"messageTitle":"Update build.gradle","messageBody":"","fileTypesAndContributionMap":{"other":{"insertions":2,"deletions":2}}},{"hash":"15a60231d75156aa1429c66917410e5942336c3d","isMergeCommit":false,"messageTitle":"Update build.gradle","messageBody":"","fileTypesAndContributionMap":{"other":{"insertions":3,"deletions":1}}},{"hash":"2123141a49529361b40d1ccc896113050ea28ddc","isMergeCommit":true,"messageTitle":"Merge pull request #37 from seanngja/A-Recipe","messageBody":"Add Recipe class with name, ingredients and steps","fileTypesAndContributionMap":{}}]},{"date":"2024-10-09","commitResults":[{"hash":"e2dbaafc7bda46e4f3a151e6d0bd12707df15ea3","isMergeCommit":false,"messageTitle":"Add JUnit tests for Recipe class","messageBody":"","fileTypesAndContributionMap":{"test-code":{"insertions":57,"deletions":0}}},{"hash":"99b62d03a10a33781d297668b63b5703d2712851","isMergeCommit":true,"messageTitle":"Merge pull request #44 from seanngja/branch-JUnitRecipe","messageBody":"Add JUnit tests for Recipe class","fileTypesAndContributionMap":{}}]},{"date":"2024-10-13","commitResults":[{"hash":"0e74d75e2bf50dc6c181ba34f4a1865cb8099d16","isMergeCommit":true,"messageTitle":"Merge pull request #53 from Sukkaito/feature/parser","messageBody":"Add `Parser` class","fileTypesAndContributionMap":{}}]},{"date":"2024-10-14","commitResults":[{"hash":"58f0988c8f9f05397be833b6f4b2c65d4739122e","isMergeCommit":false,"messageTitle":"Create main running code and command handling","messageBody":"- Integrated the main application logic in YMFC.java\n- Updated DeleteCommand and RecipeList to delete with recipe names\n- Updated Recipe to print recipes correctly\n","fileTypesAndContributionMap":{"functional-code":{"insertions":76,"deletions":15},"test-code":{"insertions":1,"deletions":1}}},{"hash":"cd2350f6b4bc38514ff16703d715a7062ab5b640","isMergeCommit":false,"messageTitle":"Add IO redirection test for main code","messageBody":"- Update logo constant in Ui to use CRLF\n- Update toString() in Recipe to use lineSeparator() instead of \\n\n","fileTypesAndContributionMap":{"functional-code":{"insertions":16,"deletions":17}}},{"hash":"5bef30c0210e0c8735edda6004a141291bbe4ac0","isMergeCommit":false,"messageTitle":"Remove greeting and farewell messages","messageBody":"- For testing IO redirection tests for ubuntu\n","fileTypesAndContributionMap":{"functional-code":{"insertions":2,"deletions":2}}},{"hash":"ba7345f135beb0642e3f3215159cf7ed73dc33b2","isMergeCommit":false,"messageTitle":"Adjust comment indentation for checkstyle","messageBody":"","fileTypesAndContributionMap":{"functional-code":{"insertions":2,"deletions":2}}},{"hash":"a475225089ddadb6c859176ba1a3fb4602c8ab65","isMergeCommit":false,"messageTitle":"Restore ascii art in main running program","messageBody":"","fileTypesAndContributionMap":{"functional-code":{"insertions":14,"deletions":13}}},{"hash":"05fb126534d543f9b53f99dccdfc2de116799b58","isMergeCommit":true,"messageTitle":"Merge pull request #54 from seanngja/branch-ProcessCommands","messageBody":"Create main running code and command handling","fileTypesAndContributionMap":{}},{"hash":"fbe4fd9be9f2228373b414444bf2d415db52ac93","isMergeCommit":false,"messageTitle":"Add assertions and more JUnit tests for Recipe and RecipeList","messageBody":"","fileTypesAndContributionMap":{"functional-code":{"insertions":2,"deletions":0},"test-code":{"insertions":54,"deletions":0}}}]},{"date":"2024-10-19","commitResults":[{"hash":"03e71b3c1724681abb610a48d617e1d2413557e4","isMergeCommit":false,"messageTitle":"Add new cuisine and time attributes to Recipe class","messageBody":"Update methods in Recipe and Parser for cuisine and time\nAdd more test cases for the new attributes\n","fileTypesAndContributionMap":{"functional-code":{"insertions":92,"deletions":4},"test-code":{"insertions":50,"deletions":1}}},{"hash":"fa4dd6d174a3ca15d806ec73d2c002083ec2c098","isMergeCommit":false,"messageTitle":"Update getAddRecipeCommand method in Parser","messageBody":"Returns correct AddRecipeCommand based on cuisine and time taken that is\nfed to the input\n","fileTypesAndContributionMap":{"functional-code":{"insertions":6,"deletions":1}}},{"hash":"af18a40b9f8aaa55d0812cddfeb0c73eac58c886","isMergeCommit":true,"messageTitle":"Merge branch \u0027master\u0027 into A-Recipe","messageBody":"Resolve naming conflicts with variables in Parser\n","fileTypesAndContributionMap":{}}]},{"date":"2024-10-23","commitResults":[{"hash":"a74af9937034ec0ac7e5370eb7da41b54c253470","isMergeCommit":true,"messageTitle":"Merge pull request #71 from Sukkaito/feature/command/find","messageBody":"Add `find` command","fileTypesAndContributionMap":{}}]},{"date":"2024-10-24","commitResults":[{"hash":"8baf7ae99b99a621a0705a62533637e79299f279","isMergeCommit":false,"messageTitle":"Update code quality in Parser class","messageBody":"Extract out timeTakenInteger method in getCommand methods\n","fileTypesAndContributionMap":{"functional-code":{"insertions":28,"deletions":57}}},{"hash":"c352c9a2a94493771c756d5216104ed11f027b68","isMergeCommit":false,"messageTitle":"Add to Architecture section of Developer Guide","messageBody":"","fileTypesAndContributionMap":{"docs":{"insertions":15,"deletions":0}}}]},{"date":"2024-10-27","commitResults":[{"hash":"1ecf0d9b89bd2eb2c5a2df90da7a33959adc8a2e","isMergeCommit":true,"messageTitle":"Merge pull request #88 from KSanjith/branch-UG","messageBody":"Create first draft of the UG","fileTypesAndContributionMap":{}},{"hash":"8c27c405e762c4c66aa87d2a5e6f1eec5820dc7d","isMergeCommit":false,"messageTitle":"Add UML diagram for application start up","messageBody":"","fileTypesAndContributionMap":{"docs":{"insertions":49,"deletions":0}}},{"hash":"2dafed2e1fdaa5b1f4281b6a38745aaf74efb59b","isMergeCommit":false,"messageTitle":"Add start up sequence diagram to DG","messageBody":"","fileTypesAndContributionMap":{"docs":{"insertions":5,"deletions":1}}},{"hash":"929086f959549b95e973a15780f263061de0d93d","isMergeCommit":false,"messageTitle":"Update start up sequence diagram with main loop","messageBody":"","fileTypesAndContributionMap":{"docs":{"insertions":23,"deletions":5}}},{"hash":"1f44bc56b5ace078909aef25182e0a3608c4752e","isMergeCommit":false,"messageTitle":"Add expected outcomes for add recipe in UG","messageBody":"","fileTypesAndContributionMap":{"docs":{"insertions":34,"deletions":0}}},{"hash":"8074eba98bab641057039a318d72f1df1d772cf9","isMergeCommit":true,"messageTitle":"Merge pull request #93 from KSanjith/branch-bug-fixing","messageBody":"Bug fixes for commands","fileTypesAndContributionMap":{}}]},{"date":"2024-10-28","commitResults":[{"hash":"28804244c0cbc30fafea4f16581edb444c1de3a0","isMergeCommit":false,"messageTitle":"Add ability to find ingredients in ingredientList","messageBody":"- Add unit tests for findI command implemented\n","fileTypesAndContributionMap":{"functional-code":{"insertions":93,"deletions":8},"test-code":{"insertions":94,"deletions":9}}},{"hash":"edb1e43345aa2f4c3fa6446aebe4f0fd3ec4ea9e","isMergeCommit":false,"messageTitle":"Update logger messages in findIngredCommand","messageBody":"","fileTypesAndContributionMap":{"functional-code":{"insertions":2,"deletions":2}}},{"hash":"d51832024cbd9c3dbc17b3e2510c0321f2098728","isMergeCommit":true,"messageTitle":"Merge pull request #95 from 3CCLY/branch-update-UG","messageBody":"Update User Guide","fileTypesAndContributionMap":{}}]},{"date":"2024-10-29","commitResults":[{"hash":"bb1ccff3891b762c212e8062ff2958d4f143a700","isMergeCommit":false,"messageTitle":"Resize application start up sequence diagram","messageBody":"","fileTypesAndContributionMap":{"docs":{"insertions":1,"deletions":0}}},{"hash":"aec8e3a4e28b76f8a16e8d221582b74566aca053","isMergeCommit":false,"messageTitle":"Add architecture diagram for DG","messageBody":"","fileTypesAndContributionMap":{"docs":{"insertions":34,"deletions":0}}},{"hash":"dcd8c5ebc6bb7d2df75b0d7c67abf03856fdd360","isMergeCommit":true,"messageTitle":"Merge branch \u0027branch-findIngreds\u0027 into branch-ArchitectureDiagram","messageBody":"","fileTypesAndContributionMap":{}},{"hash":"9cd9a644293409d2c92ba2b2d4042231732fd1c7","isMergeCommit":false,"messageTitle":"Add Architecture Diagram to DG","messageBody":"- Updated scale of app start up sequence diagram to fit in DG\n","fileTypesAndContributionMap":{"docs":{"insertions":18,"deletions":12}}},{"hash":"09d03b29992ed9108b426471ec5583d57fd55a4d","isMergeCommit":true,"messageTitle":"Merge pull request #103 from 3CCLY/branch-fix-edit-command","messageBody":"Fix formatting issues, update developer guide","fileTypesAndContributionMap":{}},{"hash":"ec93e89a514c004236a0dda45aabf92319f6bb3e","isMergeCommit":false,"messageTitle":"Fix visibility of attributes in Recipe class","messageBody":"Update attributes to be private instead of public\n","fileTypesAndContributionMap":{"functional-code":{"insertions":5,"deletions":5}}},{"hash":"917b44a00da2f8c61c81a682f32d711268f8fcfa","isMergeCommit":true,"messageTitle":"Merge pull request #106 from seanngja/A-Recipe","messageBody":"Fix visibility of attributes in Recipe class","fileTypesAndContributionMap":{}},{"hash":"3b68458e98329bd3deeabafcab66bff74e56a7a4","isMergeCommit":true,"messageTitle":"Merge pull request #109 from 3CCLY/branch-add-uml","messageBody":"Add UML for EditCommand","fileTypesAndContributionMap":{}}]},{"date":"2024-11-01","commitResults":[{"hash":"04ebd6f6b63d381c2061f5572841f08617cdce56","isMergeCommit":false,"messageTitle":"Create draft PPP","messageBody":"","fileTypesAndContributionMap":{"docs":{"insertions":44,"deletions":0}}},{"hash":"9a056e4922f348de89ff3493916c601d7eef7395","isMergeCommit":false,"messageTitle":"Add findI instructions to help command","messageBody":"","fileTypesAndContributionMap":{"functional-code":{"insertions":1,"deletions":1}}},{"hash":"af8c97553855302b0fba7f03952192cdb2bb20d5","isMergeCommit":false,"messageTitle":"Update User Guide with findI command","messageBody":"","fileTypesAndContributionMap":{"functional-code":{"insertions":1,"deletions":1},"docs":{"insertions":8,"deletions":0}}},{"hash":"d94937f2eee18e3ae69a42fcecf43c7c85b8bd15","isMergeCommit":false,"messageTitle":"Update PPP with updates in User Guide","messageBody":"","fileTypesAndContributionMap":{"docs":{"insertions":6,"deletions":3}}},{"hash":"917b0f09f5de19620fa4425ddffb77b5b25d783d","isMergeCommit":false,"messageTitle":"Fix grammar in User Guide","messageBody":"","fileTypesAndContributionMap":{"docs":{"insertions":14,"deletions":14}}}]},{"date":"2024-11-02","commitResults":[{"hash":"17198a5ae4231c7bc5a7804b42340e9798db2858","isMergeCommit":true,"messageTitle":"Merge pull request #122 from Sukkaito/docs/PPP","messageBody":"Sukkaito\u0027s PPP draft","fileTypesAndContributionMap":{}}]},{"date":"2024-11-05","commitResults":[{"hash":"a1da094ad625e8ecfec7b9ee8509e2f71c75e7e4","isMergeCommit":false,"messageTitle":"Update Recipe\u0027s ingredient list to be Ingredient","messageBody":"ArrayList of string changed to ArrayList of Ingredient\n","fileTypesAndContributionMap":{"functional-code":{"insertions":17,"deletions":12},"test-code":{"insertions":129,"deletions":82}}},{"hash":"7b79eb6fb7cd42343da24a59a766dc68c9c76973","isMergeCommit":false,"messageTitle":"Update Recipe class equals method","messageBody":"","fileTypesAndContributionMap":{"functional-code":{"insertions":11,"deletions":1}}}]}],"gskang-22":[{"date":"2024-10-02","commitResults":[{"hash":"107313a24a87ae67b4d05d2e4832d98f1c1b987d","isMergeCommit":false,"messageTitle":"Update AboutUs.md for tutorial","messageBody":"","fileTypesAndContributionMap":{"docs":{"insertions":3,"deletions":7}}},{"hash":"2bdc66d452d9f0779369ce96f5ed3b643a4458a0","isMergeCommit":false,"messageTitle":"Update AboutUs.md for tutorial","messageBody":"","fileTypesAndContributionMap":{"docs":{"insertions":3,"deletions":7}}}]},{"date":"2024-10-09","commitResults":[{"hash":"cc740da9b7cad10f0a3aba2fe088c7d42d6376a0","isMergeCommit":true,"messageTitle":"Merge branch \u0027master\u0027 into master","messageBody":"","fileTypesAndContributionMap":{}},{"hash":"947a266f5b9bc91125c7634b2bc0e40691b5ed0c","isMergeCommit":false,"messageTitle":"Added command classes to YMFC","messageBody":"","fileTypesAndContributionMap":{"functional-code":{"insertions":109,"deletions":28}}},{"hash":"7f90cc531cc75edadded5280f731b21a1abc9800","isMergeCommit":false,"messageTitle":"Added command classes to YMFC","messageBody":"","fileTypesAndContributionMap":{"functional-code":{"insertions":109,"deletions":28}}},{"hash":"0e4ad8489e7ce3cde0b1b35b12e3c31c3e18f30e","isMergeCommit":true,"messageTitle":"Merge remote-tracking branch \u0027origin/master\u0027","messageBody":"","fileTypesAndContributionMap":{}},{"hash":"581278369f396d20b030154d31dc34ac4324774e","isMergeCommit":true,"messageTitle":"Merge pull request #43 from gskang-22/master","messageBody":"added commands","fileTypesAndContributionMap":{}},{"hash":"f57fab8c3ed49028e85168881f41556a7a705a2d","isMergeCommit":false,"messageTitle":"Add JUnit tests for command classes","messageBody":"","fileTypesAndContributionMap":{"functional-code":{"insertions":0,"deletions":6},"other":{"insertions":10,"deletions":10},"test-code":{"insertions":115,"deletions":0}}},{"hash":"37ef31461539d1109fb99264974c585288b0d783","isMergeCommit":true,"messageTitle":"Merge remote-tracking branch \u0027origin/master\u0027","messageBody":"","fileTypesAndContributionMap":{}},{"hash":"eeebc125ee16db20f5e22972515f3eb37d09eafb","isMergeCommit":true,"messageTitle":"Merge remote-tracking branch \u0027upstream/master\u0027","messageBody":"","fileTypesAndContributionMap":{}},{"hash":"fe3a49c63c52a691b73f27df4a62d94db77a1c0a","isMergeCommit":true,"messageTitle":"Merge pull request #45 from gskang-22/master","messageBody":"gskang20022@gmail.com","fileTypesAndContributionMap":{}}]},{"date":"2024-10-10","commitResults":[{"hash":"0d611040f0e96605fd55589a6f35bc38950854ce","isMergeCommit":false,"messageTitle":"Clean code for command classes","messageBody":"","fileTypesAndContributionMap":{"functional-code":{"insertions":3,"deletions":4}}},{"hash":"6211203e2415f561d73ce994e604e275e746353d","isMergeCommit":true,"messageTitle":"Merge remote-tracking branch \u0027upstream/master\u0027 into add-commands","messageBody":"","fileTypesAndContributionMap":{}},{"hash":"e418aa3969cc7c3618339e03061b805efe672a65","isMergeCommit":false,"messageTitle":"Create pull request for tracking","messageBody":"","fileTypesAndContributionMap":{"functional-code":{"insertions":0,"deletions":1}}},{"hash":"4e8a5688442e5f100893e9d2d1158c2f436fbe7b","isMergeCommit":true,"messageTitle":"Merge pull request #48 from gskang-22/add-commands","messageBody":"Add commands","fileTypesAndContributionMap":{}}]},{"date":"2024-10-15","commitResults":[{"hash":"b4fb5967f456e562ab1a880d51c21cbbbc08d619","isMergeCommit":false,"messageTitle":"Add assertions for command classes","messageBody":"","fileTypesAndContributionMap":{"functional-code":{"insertions":7,"deletions":4}}},{"hash":"d8c4545df85f1ceff511f50b899c7cb1a3ed2726","isMergeCommit":true,"messageTitle":"Merge pull request #58 from gskang-22/master","messageBody":"Add assertions for command classes","fileTypesAndContributionMap":{}}]},{"date":"2024-10-16","commitResults":[{"hash":"cda88d43926573b19b40995fa66d41c1aaf706e3","isMergeCommit":false,"messageTitle":"Add more exceptions for Command classes","messageBody":"","fileTypesAndContributionMap":{"functional-code":{"insertions":68,"deletions":28}}},{"hash":"f8c1cfaa6d3fedac5e3b18c1e64d538a0e09fdd1","isMergeCommit":false,"messageTitle":"Add JavaDoc comments to command classes","messageBody":"","fileTypesAndContributionMap":{"functional-code":{"insertions":130,"deletions":5}}},{"hash":"145832dd4ee18be6179eace150ef0d3620d211e4","isMergeCommit":false,"messageTitle":"Fix bug of unreported exception","messageBody":"","fileTypesAndContributionMap":{"test-code":{"insertions":4,"deletions":2}}},{"hash":"9cc766550028365c4a3fde417e3c7fc360374534","isMergeCommit":false,"messageTitle":"Fix checkstyle errors","messageBody":"","fileTypesAndContributionMap":{"functional-code":{"insertions":5,"deletions":7}}}]},{"date":"2024-10-20","commitResults":[{"hash":"b149fccd9c14f3cb3be1da07ef65c5de931a49e4","isMergeCommit":true,"messageTitle":"Merge pull request #64 from 3CCLY/branch-create-assert","messageBody":"Add defensiveness to user input","fileTypesAndContributionMap":{}}]},{"date":"2024-10-22","commitResults":[{"hash":"9fe0743cf11e7afe14d1da7d36bfa319ab287e0d","isMergeCommit":false,"messageTitle":"Add new class Ingredient","messageBody":"","fileTypesAndContributionMap":{"functional-code":{"insertions":65,"deletions":0}}},{"hash":"7de3e60a5042774f6b5a251d17c24c8df631fde2","isMergeCommit":false,"messageTitle":"Add new class Ingredient","messageBody":"","fileTypesAndContributionMap":{"functional-code":{"insertions":1,"deletions":1}}}]},{"date":"2024-10-23","commitResults":[{"hash":"b56550571fa9ec005ea6dbf612b3530cbba96e1d","isMergeCommit":false,"messageTitle":"Integrate use of Ingredient into YMFC","messageBody":"- Add IngredientList as input to commands\n- Add new command AddIngredientCommand\n- Add new methods to store ingredients in Storage\n- Edited code to accommodate use of IngredientList\n","fileTypesAndContributionMap":{"functional-code":{"insertions":217,"deletions":30},"other":{"insertions":12,"deletions":13},"test-code":{"insertions":4,"deletions":4}}},{"hash":"c71b681a04176a745ab7aff7408df012434dfed0","isMergeCommit":false,"messageTitle":"Integrate use of Ingredient into YMFC","messageBody":"- Working on loading ingredients from Storage\n","fileTypesAndContributionMap":{"functional-code":{"insertions":20,"deletions":17}}},{"hash":"6eb988e84cde5ff5908729c7f9677e758a165dc7","isMergeCommit":false,"messageTitle":"Integrate use of Ingredient into YMFC","messageBody":"","fileTypesAndContributionMap":{"functional-code":{"insertions":89,"deletions":91}}},{"hash":"5e63615d76507e8ca955bf8af5e3f0aceecedb15","isMergeCommit":false,"messageTitle":"Fix bugs with test cases due to integration of Ingredient","messageBody":"","fileTypesAndContributionMap":{"test-code":{"insertions":18,"deletions":8}}},{"hash":"1e3dda5fa9f85d1c7849d1c694eab81c9939209d","isMergeCommit":true,"messageTitle":"Merge remote-tracking branch \u0027upstream/master\u0027 into branch-add-ingredient","messageBody":"# Conflicts:\n#\tsrc/main/java/ymfc/parser/Parser.java\n","fileTypesAndContributionMap":{}},{"hash":"e99933ab8d33d4fa8140a4bcf09d9470a78459f6","isMergeCommit":false,"messageTitle":"Fix merging bugs","messageBody":"","fileTypesAndContributionMap":{"functional-code":{"insertions":1,"deletions":9}}},{"hash":"22cd4dea4173d0da52f9c869b87c76ff4fe96b83","isMergeCommit":false,"messageTitle":"Fix merging bugs","messageBody":"","fileTypesAndContributionMap":{"functional-code":{"insertions":6,"deletions":4}}},{"hash":"427cef5f1101d80365323e151f3780900ee40f9e","isMergeCommit":false,"messageTitle":"Fix merging bugs","messageBody":"","fileTypesAndContributionMap":{"functional-code":{"insertions":29,"deletions":36},"test-code":{"insertions":7,"deletions":4}}}]},{"date":"2024-10-28","commitResults":[{"hash":"9ca2812d000729df41abbc8ebf040232735fad76","isMergeCommit":false,"messageTitle":"Add sequence UML for AddRecipe","messageBody":"","fileTypesAndContributionMap":{"docs":{"insertions":83,"deletions":0}}}]},{"date":"2024-10-29","commitResults":[{"hash":"183b944d22dc4da647681bb1379ac589d5d703d2","isMergeCommit":true,"messageTitle":"Merge pull request #1 from gskang-22/branch-DG","messageBody":"test","fileTypesAndContributionMap":{}},{"hash":"b41aa561573d9a55950ef7d3b38bbfa084a62923","isMergeCommit":false,"messageTitle":"Add sequence UML for AddRecipe","messageBody":"","fileTypesAndContributionMap":{"docs":{"insertions":83,"deletions":0}}},{"hash":"5dc920102790bcf9005efe322bce6f14d74488b7","isMergeCommit":false,"messageTitle":"Revert \"Add sequence UML for AddRecipe\"","messageBody":"This reverts commit b41aa561573d9a55950ef7d3b38bbfa084a62923.\n","fileTypesAndContributionMap":{"docs":{"insertions":0,"deletions":83}}},{"hash":"fcf091a678c65a426c854da3fa15255c57999fc2","isMergeCommit":true,"messageTitle":"Merge pull request #98 from KSanjith/branch-prevent-dupes","messageBody":"Prevent user from creating duplicate recipes","fileTypesAndContributionMap":{}},{"hash":"4f2fb176d5082e591b5165438c197ea76a3ef596","isMergeCommit":false,"messageTitle":"Update command section for DG","messageBody":"","fileTypesAndContributionMap":{"docs":{"insertions":9,"deletions":1}}},{"hash":"c2a7af409a5282ae0a9752dfb3d9e3657aad6832","isMergeCommit":true,"messageTitle":"Merge remote-tracking branch \u0027origin/branch-DG\u0027 into branch-DG","messageBody":"","fileTypesAndContributionMap":{}},{"hash":"a4da7749bccadda20b2f6396b75a04206ec1e8ac","isMergeCommit":true,"messageTitle":"Merge remote-tracking branch \u0027origin/master\u0027 into branch-DG","messageBody":"","fileTypesAndContributionMap":{}},{"hash":"15fbf2f42af89a86d6db32ae11fc8c87dac4a2ba","isMergeCommit":false,"messageTitle":"Update command section for DG","messageBody":"","fileTypesAndContributionMap":{"docs":{"insertions":9,"deletions":1}}},{"hash":"c787906a7486bc907c9e01906b758c9831ae31b0","isMergeCommit":false,"messageTitle":"Add sequence UML for AddRecipe","messageBody":"","fileTypesAndContributionMap":{"docs":{"insertions":0,"deletions":0}}},{"hash":"2537ceeb67cb0fdc1de83f0fb69ae5e3b4dd9e07","isMergeCommit":false,"messageTitle":"Change isBye attribute in Command to non-static","messageBody":"","fileTypesAndContributionMap":{"functional-code":{"insertions":3,"deletions":3}}},{"hash":"4e08187c0609fa89f25f93a91c950bc03bdc57f5","isMergeCommit":false,"messageTitle":"Add UML sequence diagram for Command subclass AddRecipeCommand","messageBody":"","fileTypesAndContributionMap":{"docs":{"insertions":83,"deletions":0}}},{"hash":"5275f07f0eccd82b85dd91a55f783443b23f1691","isMergeCommit":false,"messageTitle":"Add Command section for DG","messageBody":"","fileTypesAndContributionMap":{"docs":{"insertions":31,"deletions":5}}},{"hash":"37d64217ec3cc868c4a779338a3c21d08f289128","isMergeCommit":true,"messageTitle":"Merge remote-tracking branch \u0027origin/branch-DG\u0027 into branch-DG","messageBody":"# Conflicts:\n#\tdocs/DeveloperGuide.md\n#\tdocs/puml/AddRecipes.puml\n","fileTypesAndContributionMap":{}},{"hash":"84607b57c9a2c74ea973b36bb2d978f0c07db64c","isMergeCommit":false,"messageTitle":"Update command section for DG","messageBody":"","fileTypesAndContributionMap":{"docs":{"insertions":9,"deletions":1}}},{"hash":"8d6ca37a9fd3e7b5e118261f5812361b27239ec5","isMergeCommit":false,"messageTitle":"Add sequence UML for AddRecipe","messageBody":"","fileTypesAndContributionMap":{"docs":{"insertions":0,"deletions":0}}},{"hash":"706165c39600fb2acd96a542e4996ebb4a0c9301","isMergeCommit":false,"messageTitle":"Change isBye attribute in Command to non-static","messageBody":"","fileTypesAndContributionMap":{"functional-code":{"insertions":3,"deletions":3}}},{"hash":"8b90f68fbb2a58e32caba69cbc2fbf1f38c8d94f","isMergeCommit":false,"messageTitle":"Add UML sequence diagram for Command subclass AddRecipeCommand","messageBody":"","fileTypesAndContributionMap":{"docs":{"insertions":83,"deletions":0}}},{"hash":"04e2bce2ebc0c5d70ad0f9770bd85b284dc258e9","isMergeCommit":false,"messageTitle":"Add Command section for DG","messageBody":"","fileTypesAndContributionMap":{"docs":{"insertions":31,"deletions":5}}},{"hash":"55f2021bd9d91db759acc8ce2c434bf05b9c5f0d","isMergeCommit":true,"messageTitle":"Merge remote-tracking branch \u0027origin/branch-DG\u0027 into branch-DG","messageBody":"","fileTypesAndContributionMap":{}},{"hash":"81b3522a7523e9966781d20a54cdaa0712efa253","isMergeCommit":false,"messageTitle":"Solve merge conflicts","messageBody":"","fileTypesAndContributionMap":{"docs":{"insertions":0,"deletions":0}}},{"hash":"0db2c807a244b1b5d7a1afbec61151f0f08c205e","isMergeCommit":false,"messageTitle":"Add and improve JavaDoc comments","messageBody":"","fileTypesAndContributionMap":{"functional-code":{"insertions":77,"deletions":35}}},{"hash":"ff45ead7f67599f901069a8e193dcaadc38062ec","isMergeCommit":true,"messageTitle":"Merge pull request #107 from gskang-22/branch-DG","messageBody":"Add and improve JavaDoc comments","fileTypesAndContributionMap":{}}]},{"date":"2024-10-31","commitResults":[{"hash":"e707015cae7325a64b4c4cdf06377b6476c0052b","isMergeCommit":false,"messageTitle":"Add to UG","messageBody":"","fileTypesAndContributionMap":{"docs":{"insertions":38,"deletions":5}}},{"hash":"549246840708f3d6fbe1f30f758011050768bf48","isMergeCommit":true,"messageTitle":"Merge pull request #114 from gskang-22/branch-DG\u0026UG","messageBody":"Add to UG","fileTypesAndContributionMap":{}}]},{"date":"2024-11-01","commitResults":[{"hash":"68298c1c01524c96086c05b1745a89ac77dd8186","isMergeCommit":false,"messageTitle":"Add PPP for gskang to describe contribution to the project","messageBody":"","fileTypesAndContributionMap":{"docs":{"insertions":45,"deletions":0}}},{"hash":"da2a9333b56f5958e41c61c3a74ee63b1d78d74e","isMergeCommit":false,"messageTitle":"Add PPP for gskang to describe contribution to the project","messageBody":"","fileTypesAndContributionMap":{"docs":{"insertions":45,"deletions":0}}},{"hash":"d0680c9b4b70e175d43f23b84e16d9362e4a1a38","isMergeCommit":true,"messageTitle":"Merge remote-tracking branch \u0027origin/branch-DG\u0026UG\u0027 into branch-DG\u0026UG","messageBody":"","fileTypesAndContributionMap":{}}]},{"date":"2024-11-02","commitResults":[{"hash":"a603297789eacb5b3cc8ed36cf85ec173d116cca","isMergeCommit":false,"messageTitle":"Add Junit test IngredientListTest for IngredientList","messageBody":"","fileTypesAndContributionMap":{"test-code":{"insertions":88,"deletions":0}}},{"hash":"8aea1861f1dd519b3798078158d84493077bc881","isMergeCommit":false,"messageTitle":"Replace counter attribute in RecipeList with .size() function of ArrayList","messageBody":"","fileTypesAndContributionMap":{"functional-code":{"insertions":4,"deletions":9}}},{"hash":"3b8635510a24e0b79f55c07102c74181f85746ca","isMergeCommit":false,"messageTitle":"Implement DeleteIngredient feature for \"deleteI n/ingredient\"","messageBody":"","fileTypesAndContributionMap":{"functional-code":{"insertions":68,"deletions":14}}},{"hash":"fa258fdb1053db40733fca2ee941db92c38bff69","isMergeCommit":false,"messageTitle":"Removed extra methods from IngredientList and RecipeList - Removed removeIngredient and removeRecipe methods and updated their corresponding test cases","messageBody":"","fileTypesAndContributionMap":{"functional-code":{"insertions":0,"deletions":10},"test-code":{"insertions":15,"deletions":16}}}]},{"date":"2024-11-03","commitResults":[{"hash":"120aa3a05b6a81373a73f2014f6d286a063ef73f","isMergeCommit":false,"messageTitle":"Remove unused import","messageBody":"","fileTypesAndContributionMap":{"test-code":{"insertions":0,"deletions":2}}},{"hash":"72114a2ea85953c218f0b64ffe1fd2a8cf234aa5","isMergeCommit":false,"messageTitle":"Update imports to fix checkstyleerror","messageBody":"","fileTypesAndContributionMap":{"test-code":{"insertions":6,"deletions":3}}},{"hash":"28e4d736ce380b316ef0093674b00ce48b528f49","isMergeCommit":false,"messageTitle":"Update imports to fix checkstyleerror","messageBody":"","fileTypesAndContributionMap":{"functional-code":{"insertions":13,"deletions":1}}},{"hash":"707bad4ceb82d9546e1306ec72a5236486714b3b","isMergeCommit":false,"messageTitle":"Fix issue #72: bug:false behavior of add command","messageBody":"","fileTypesAndContributionMap":{"functional-code":{"insertions":37,"deletions":2}}},{"hash":"87ebb615ad79bd1e96155fe3d83394c16b2344ab","isMergeCommit":false,"messageTitle":"Fix checkstyleerror","messageBody":"","fileTypesAndContributionMap":{"functional-code":{"insertions":5,"deletions":1}}}]},{"date":"2024-11-06","commitResults":[{"hash":"84340f4205e9af7ab4ca1e7349514ef1fb804c16","isMergeCommit":true,"messageTitle":"Merge pull request #134 from 3CCLY/branch-recommend-command","messageBody":"Implement recommend function to application","fileTypesAndContributionMap":{}},{"hash":"66f76c5a16a4c6122619dbc7dcff930a72a40cc2","isMergeCommit":false,"messageTitle":"Add to command class portion of the DG","messageBody":"","fileTypesAndContributionMap":{"functional-code":{"insertions":2,"deletions":2},"docs":{"insertions":91,"deletions":11}}}]}],"3CCLY":[{"date":"2024-10-02","commitResults":[{"hash":"3e1d8a259d6884d2cd0de9dc478c9ddf1a443d56","isMergeCommit":false,"messageTitle":"Change AboutUs.md with personal detail","messageBody":"","fileTypesAndContributionMap":{"docs":{"insertions":1,"deletions":5}}},{"hash":"61db2fb9c2ad6a65f401cd5dc402e926cb96cccb","isMergeCommit":true,"messageTitle":"Merge pull request #1 from KSanjith/Sanjith-AboutUs","messageBody":"Change AboutUs.md with personal details","fileTypesAndContributionMap":{}},{"hash":"6ccc9c522b99a99de990b9f24e97c6e5c90db255","isMergeCommit":true,"messageTitle":"Merge branch \u0027master\u0027 into seanngja-AboutUs","messageBody":"","fileTypesAndContributionMap":{}},{"hash":"4be07b4aad730fdf5ed2dd8a0f0f94afb8f09b02","isMergeCommit":true,"messageTitle":"Merge pull request #2 from seanngja/seanngja-AboutUs","messageBody":"Update docs/AboutUs.md","fileTypesAndContributionMap":{}},{"hash":"cbb895257fefcef9315b983e1626faf80ec85c85","isMergeCommit":true,"messageTitle":"Merge branch \u0027master\u0027 into luyang-AboutUs","messageBody":"","fileTypesAndContributionMap":{}},{"hash":"01153fac6695607612e20dafa5bdb55620c8c46c","isMergeCommit":true,"messageTitle":"Merge pull request #3 from 3CCLY/luyang-AboutUs","messageBody":"Change AboutUs.md with personal detail","fileTypesAndContributionMap":{}},{"hash":"b97110d564a594d8260e9ab54448981b27605c4a","isMergeCommit":false,"messageTitle":"Change AboutUs.md with personal detail","messageBody":"","fileTypesAndContributionMap":{"docs":{"insertions":1,"deletions":0}}},{"hash":"56e26802121317d219b370e33459a57be8270b21","isMergeCommit":true,"messageTitle":"Resolve merge conflict with gskang-22 pull request","messageBody":"","fileTypesAndContributionMap":{}}]},{"date":"2024-10-08","commitResults":[{"hash":"a690ac2e8a7350e4b29a70936df28d52976da392","isMergeCommit":false,"messageTitle":"Create Ui class","messageBody":"","fileTypesAndContributionMap":{"functional-code":{"insertions":75,"deletions":21}}},{"hash":"9d0816caa6d9acdecde75b45d4c2e324d826e203","isMergeCommit":false,"messageTitle":"Restore skeleton code","messageBody":"","fileTypesAndContributionMap":{"functional-code":{"insertions":21,"deletions":0}}},{"hash":"3c4fd4db55b760c021fa643667f7b5737f63ca52","isMergeCommit":false,"messageTitle":"Add Ui function to display recipes","messageBody":"","fileTypesAndContributionMap":{"functional-code":{"insertions":48,"deletions":0}}},{"hash":"0ec63af6985a9391dad8ada8d04fff21511d990c","isMergeCommit":true,"messageTitle":"Merge upstream changes to branch","messageBody":"","fileTypesAndContributionMap":{}},{"hash":"51807f27c649e160d3d7058c5f80c0c6cf17a61c","isMergeCommit":true,"messageTitle":"Merge pull request #36 from 3CCLY/Create-Ui-Class","messageBody":"Create Ui class","fileTypesAndContributionMap":{}},{"hash":"dfeca1c5985b184726520e988ec958e8f03e50a9","isMergeCommit":false,"messageTitle":"Integrate Ui class to YMFC main class","messageBody":"","fileTypesAndContributionMap":{"functional-code":{"insertions":5,"deletions":9},"other":{"insertions":3,"deletions":1},"docs":{"insertions":1,"deletions":1}}},{"hash":"11cfeeb8ce4208ce9bf0034b62f1d1d846378667","isMergeCommit":false,"messageTitle":"Fix broken static variable in RecipeList class","messageBody":"","fileTypesAndContributionMap":{"functional-code":{"insertions":1,"deletions":3}}},{"hash":"c790e42409c06a72e140d7487f54029ced5d18dd","isMergeCommit":true,"messageTitle":"Merge pull request #41 from 3CCLY/branch-integrate-Ui-YMFC","messageBody":"Integrate Ui class to YMFC main class","fileTypesAndContributionMap":{}}]},{"date":"2024-10-09","commitResults":[{"hash":"4b3a81f617d2406a27a97ddcc0089f60e584b5c1","isMergeCommit":false,"messageTitle":"Add testing of Ui class readCommand method","messageBody":"","fileTypesAndContributionMap":{"other":{"insertions":56,"deletions":43},"docs":{"insertions":2,"deletions":2}}},{"hash":"020ce558c5fb95ff4df7c3cd7784358e2f2c00ad","isMergeCommit":true,"messageTitle":"Resolve merge conflict","messageBody":"","fileTypesAndContributionMap":{}},{"hash":"1818250b75a4fe52383ea7e8007d61609342480f","isMergeCommit":false,"messageTitle":"Resolve package naming issue","messageBody":"","fileTypesAndContributionMap":{"functional-code":{"insertions":0,"deletions":1},"other":{"insertions":10,"deletions":10}}},{"hash":"f328792bf0b577c1864bff6e4c094d4e6037d491","isMergeCommit":false,"messageTitle":"Fix name of YMFC in user guide","messageBody":"","fileTypesAndContributionMap":{"docs":{"insertions":2,"deletions":2}}},{"hash":"89b0bcced0b171a7e7a626461dfc6fa5af654da5","isMergeCommit":true,"messageTitle":"Merge pull request #46 from 3CCLY/branch-Add-JUnit-Test","messageBody":"Add JUnit test for Ui class readCommand method","fileTypesAndContributionMap":{}}]},{"date":"2024-10-13","commitResults":[{"hash":"4f102e4efc649f467c1646c42707ca324a9da251","isMergeCommit":true,"messageTitle":"Merge pull request #51 from KSanjith/branch-ErrorHandling","messageBody":"Create exception class","fileTypesAndContributionMap":{}}]},{"date":"2024-10-15","commitResults":[{"hash":"f12bf03f272588d45aae3b3aeec32c5715fcedaf","isMergeCommit":true,"messageTitle":"Merge pull request #56 from KSanjith/branch-SaveLoadSystem","messageBody":"Create storage class","tags":["v1.0"],"fileTypesAndContributionMap":{}}]},{"date":"2024-10-20","commitResults":[{"hash":"8e4e9db801199d807dc82fe4c4e5d660cdf86494","isMergeCommit":false,"messageTitle":"Add defensiveness to user input","messageBody":"","fileTypesAndContributionMap":{"functional-code":{"insertions":20,"deletions":13},"other":{"insertions":2,"deletions":0}}}]},{"date":"2024-10-21","commitResults":[{"hash":"d961b1a97fec63fd854900e482143895d57c95e4","isMergeCommit":true,"messageTitle":"Merge pull request #67 from KSanjith/branch-sort-command","messageBody":"Add sort command","fileTypesAndContributionMap":{}}]},{"date":"2024-10-22","commitResults":[{"hash":"fe760fdaf456b39dd64f3cd546e0f70f75de78fa","isMergeCommit":false,"messageTitle":"Add edit command to app","messageBody":"","fileTypesAndContributionMap":{"functional-code":{"insertions":149,"deletions":7}}},{"hash":"69dcd1dd7c1bcf1aaf612f56d1c2c0fec81caa1c","isMergeCommit":false,"messageTitle":"Add JUnit test","messageBody":"","fileTypesAndContributionMap":{"functional-code":{"insertions":8,"deletions":1},"test-code":{"insertions":66,"deletions":0}}},{"hash":"39df94bc2a291bf23bf9093f2263e58c2fb7f540","isMergeCommit":false,"messageTitle":"Fix JUnit test for edit command","messageBody":"","fileTypesAndContributionMap":{"test-code":{"insertions":3,"deletions":3}}},{"hash":"fd79ff236073eaa50cd2fae889a3766c7df22a8d","isMergeCommit":false,"messageTitle":"Make unhappy path prominent","messageBody":"","fileTypesAndContributionMap":{"functional-code":{"insertions":7,"deletions":8}}}]},{"date":"2024-10-25","commitResults":[{"hash":"a117630978c8c1490c60ae78488102572f594969","isMergeCommit":true,"messageTitle":"Merge pull request #81 from KSanjith/branch-testing-coverage","messageBody":"Improve Test Coverage","fileTypesAndContributionMap":{}}]},{"date":"2024-10-28","commitResults":[{"hash":"ded29a36509466a1f2fc69a684a021304a1b1803","isMergeCommit":false,"messageTitle":"Update User Guide","messageBody":"","fileTypesAndContributionMap":{"docs":{"insertions":81,"deletions":25}}}]},{"date":"2024-10-29","commitResults":[{"hash":"2711f76ee640284686150eff9ba981556915a4ed","isMergeCommit":false,"messageTitle":"Fix formatting of UI and output message","messageBody":"","fileTypesAndContributionMap":{"functional-code":{"insertions":23,"deletions":8},"test-code":{"insertions":12,"deletions":12}}},{"hash":"c75c5feabe177dfcb34f9074274233c4f22ac36c","isMergeCommit":false,"messageTitle":"Update Developer Guide","messageBody":"","fileTypesAndContributionMap":{"docs":{"insertions":14,"deletions":1}}},{"hash":"8ae26386231931e43e98b269db1ec9252ccc931d","isMergeCommit":true,"messageTitle":"Merge pull request #104 from seanngja/branch-ArchitectureDiagram","messageBody":"Add architecture diagram to Developer Guide","fileTypesAndContributionMap":{}},{"hash":"193650c95a68d7dc4c030e57eb26e8209bc9c901","isMergeCommit":true,"messageTitle":"Merge pull request #105 from gskang-22/branch-DG","messageBody":"Command part for DG","fileTypesAndContributionMap":{}},{"hash":"1b4d30731b0eb86a8d0ad8b6d11a3b21f51c3fd4","isMergeCommit":false,"messageTitle":"Add UML diagram for edit command","messageBody":"","fileTypesAndContributionMap":{"functional-code":{"insertions":1,"deletions":1},"docs":{"insertions":91,"deletions":0}}},{"hash":"4d903246e400b212640e4e48c352c61fd4e82a6a","isMergeCommit":false,"messageTitle":"Update DG with UML diagram","messageBody":"","fileTypesAndContributionMap":{"docs":{"insertions":8,"deletions":1}}}]},{"date":"2024-11-01","commitResults":[{"hash":"20f461421b4f1577bb8cad40d6b7506bba3d968c","isMergeCommit":true,"messageTitle":"Merge pull request #119 from KSanjith/branch-PPP","messageBody":"Write PPP for KSanjith","fileTypesAndContributionMap":{}},{"hash":"b3e012291b3346a2bcad9bdf2e51db3347fe0f3b","isMergeCommit":true,"messageTitle":"Merge pull request #116 from Sukkaito/bugs/113","messageBody":"bugfix: Custom message for no recipe or ingredient found","fileTypesAndContributionMap":{}},{"hash":"1753cf752f0abb7e15ea462c2c37399dedf7d28d","isMergeCommit":false,"messageTitle":"Create draft PPP","messageBody":"","fileTypesAndContributionMap":{"docs":{"insertions":37,"deletions":0},"test-code":{"insertions":1,"deletions":0}}}]},{"date":"2024-11-04","commitResults":[{"hash":"8f2f478b79e7eade1a114321deb444c3f74a75f4","isMergeCommit":false,"messageTitle":"Implement random recommendation command","messageBody":"","fileTypesAndContributionMap":{"functional-code":{"insertions":80,"deletions":3}}}]},{"date":"2024-11-05","commitResults":[{"hash":"6f078df398d27cedfdea697eb646c086d0fba0be","isMergeCommit":false,"messageTitle":"Add recommend command based on available ingredients","messageBody":"","fileTypesAndContributionMap":{"functional-code":{"insertions":96,"deletions":3}}},{"hash":"da18f118c7db2453515d0090ba43ed1ec4585346","isMergeCommit":false,"messageTitle":"Show percentage of available ingredients for recommend command","messageBody":"","fileTypesAndContributionMap":{"functional-code":{"insertions":59,"deletions":10}}},{"hash":"44ca1f4d5cda7d53ced84f0e5f8dedc61e058e53","isMergeCommit":false,"messageTitle":"Show missing ingredients with recommend command","messageBody":"","fileTypesAndContributionMap":{"functional-code":{"insertions":33,"deletions":6}}},{"hash":"19f59b2bfba056077de693dd866672e85b31caa0","isMergeCommit":false,"messageTitle":"Package recommended recipe parameters into its own class","messageBody":"","fileTypesAndContributionMap":{"functional-code":{"insertions":73,"deletions":73}}},{"hash":"d870e26ecc457161b6f8e4035a02c5ff069bcb42","isMergeCommit":false,"messageTitle":"Remove unused methods","messageBody":"","fileTypesAndContributionMap":{"functional-code":{"insertions":9,"deletions":4}}},{"hash":"bfd26de34418b4911fb35bcaff91bf5f1b8d4cfb","isMergeCommit":true,"messageTitle":"Merge pull request #128 from KSanjith/branch-fix-DG","messageBody":"Correct issues in DG pointed out by TA","fileTypesAndContributionMap":{}},{"hash":"bcceaf57fa9f72bbeaefd1e8ebe6e71edc420568","isMergeCommit":true,"messageTitle":"Merge branch \u0027master\u0027 into branch-recommend-command","messageBody":"","fileTypesAndContributionMap":{}},{"hash":"83a9b941cea39597561ddb37b0c33b4bceb39009","isMergeCommit":false,"messageTitle":"Update recommend command to use new recipe class","messageBody":"","fileTypesAndContributionMap":{"functional-code":{"insertions":22,"deletions":5},"test-code":{"insertions":1,"deletions":0}}},{"hash":"450f2f1c96b72ba5de4f58be9b6e04756779ee5d","isMergeCommit":false,"messageTitle":"Remove redundant IngredientList method","messageBody":"","fileTypesAndContributionMap":{"functional-code":{"insertions":0,"deletions":8}}}]},{"date":"2024-11-06","commitResults":[{"hash":"862dae0c6c97390ae666070a220fcc31ab650650","isMergeCommit":true,"messageTitle":"Merge pull request #136 from gskang-22/branch-Tests","messageBody":"Addition to DG","fileTypesAndContributionMap":{}},{"hash":"61a229e9298ded95cd977273d23785f9397906fb","isMergeCommit":false,"messageTitle":"Add tests for RecommendedRecipe and SortByPercentMatch classes","messageBody":"","fileTypesAndContributionMap":{"test-code":{"insertions":140,"deletions":0}}},{"hash":"ea2ab0a8804204619eabb6adbc2d95544225c4d1","isMergeCommit":false,"messageTitle":"Add tests for RandomCommand and RecommendCommand classes","messageBody":"","fileTypesAndContributionMap":{"test-code":{"insertions":174,"deletions":0}}},{"hash":"5c6962c9baad0935c41ea0f96ffd912636ea60cd","isMergeCommit":true,"messageTitle":"Merge pull request #142 from KSanjith/branch-sort-ingreds","messageBody":"Create Sort Ingredients Command","fileTypesAndContributionMap":{}},{"hash":"d4cc5c3dc136d6090024f57a6f6780ec1bd41734","isMergeCommit":true,"messageTitle":"Merge branch \u0027master\u0027 into branch-new-test","messageBody":"","fileTypesAndContributionMap":{}},{"hash":"06236c8dddaa043144f667b2bcf152fa64f09deb","isMergeCommit":false,"messageTitle":"Update PPP","messageBody":"","fileTypesAndContributionMap":{"docs":{"insertions":22,"deletions":5}}},{"hash":"590522b5391eafc67e5b6c290c011d5c7648bfc7","isMergeCommit":false,"messageTitle":"Update DG with recently added recommend and random command","messageBody":"","fileTypesAndContributionMap":{"docs":{"insertions":22,"deletions":2}}},{"hash":"f12016618533ef12a7e990ad0dbc5e4fa807720f","isMergeCommit":true,"messageTitle":"Merge pull request #143 from Sukkaito/feature/junit-test","messageBody":"Increase test coverage","fileTypesAndContributionMap":{}},{"hash":"f09c7c4ef9526691ff8e62bc6dbf4a0e740316f5","isMergeCommit":true,"messageTitle":"Merge pull request #144 from 3CCLY/branch-new-test","messageBody":"Add JUnit Test for recent commands","fileTypesAndContributionMap":{}}]}],"Sukkaito":[{"date":"2024-10-02","commitResults":[{"hash":"83227e0899dd0f938fb60184c28673b6d9fe2c5f","isMergeCommit":false,"messageTitle":"Add about me","messageBody":"","fileTypesAndContributionMap":{"docs":{"insertions":4,"deletions":7}}},{"hash":"a8e322397bcf70bd61a719c160e1466ee4f78870","isMergeCommit":false,"messageTitle":"Add about me","messageBody":"","fileTypesAndContributionMap":{"docs":{"insertions":1,"deletions":0}}}]},{"date":"2024-10-13","commitResults":[{"hash":"68632f3fc9a616408491ebef8f5ca4ab17bf42b0","isMergeCommit":false,"messageTitle":"feature: Parser class - AddRecipeCommand","messageBody":"","fileTypesAndContributionMap":{"functional-code":{"insertions":91,"deletions":1}}},{"hash":"d5e9d6b41f19b5b97c9f27685023c772eb80d61b","isMergeCommit":false,"messageTitle":"test: Parser class - AddRecipeCommand","messageBody":"Remain issues:\n- Repeated test numbers: Fail\n- Steps not in sequential order: Fail\n","fileTypesAndContributionMap":{"functional-code":{"insertions":8,"deletions":0},"other":{"insertions":1,"deletions":0},"test-code":{"insertions":112,"deletions":0}}},{"hash":"ca20b5521e05b7c73fe36e5fc284cdaabdf19824","isMergeCommit":false,"messageTitle":"bugfix: import missing classes","messageBody":"","fileTypesAndContributionMap":{"functional-code":{"insertions":1,"deletions":0},"test-code":{"insertions":3,"deletions":2}}},{"hash":"0505dc2fd96e3b4109bef71fe24d42ceb48ca621","isMergeCommit":false,"messageTitle":"Finalize Parser class","messageBody":"Todo list:\n- Improve `HelpCommand.java`\n- Add `printHelp()` in `Ui.java`\n- Change `DeleteCommand` to delete based on recipe\u0027s name instead of index\n","fileTypesAndContributionMap":{"functional-code":{"insertions":43,"deletions":7}}},{"hash":"dbc486ae265c31885cc6843403ef050eac26da03","isMergeCommit":false,"messageTitle":"Update JavaDoc for `Parser.java`","messageBody":"","fileTypesAndContributionMap":{"functional-code":{"insertions":31,"deletions":4}}},{"hash":"806e04122dcfc040db84fa24599186d6e0e49cc8","isMergeCommit":false,"messageTitle":"cleanup: code cleanup for gradle build","messageBody":"","fileTypesAndContributionMap":{"functional-code":{"insertions":11,"deletions":3},"other":{"insertions":46,"deletions":34}}},{"hash":"23b32d82a6a5676912e35a0f72b9171e449bf7c9","isMergeCommit":false,"messageTitle":"test: disable failed tests (for now)","messageBody":"","fileTypesAndContributionMap":{"test-code":{"insertions":2,"deletions":2}}}]},{"date":"2024-10-23","commitResults":[{"hash":"2554092350a017c12db52cd772d3abf22e2c99b8","isMergeCommit":false,"messageTitle":"feature: `find` command","messageBody":"Feature:\n- `find` command: find [\u003coptions\u003e/] \u003cquery\u003e, `options` could be any combinations of \"nNiIsS\" with max length of 3, ends with a forward slash.\n\nChanges:\n- Add `printFind()` to `UI.java`.\n- Extract `printListwithOrder()` to a separate method for more flexibility.\n","fileTypesAndContributionMap":{"functional-code":{"insertions":117,"deletions":2}}},{"hash":"47b1ae027c017d7dafd35167dce93f49831a616d","isMergeCommit":false,"messageTitle":"test: JUnit exception expected tests for `find` command","messageBody":"","fileTypesAndContributionMap":{"test-code":{"insertions":13,"deletions":1}}}]},{"date":"2024-10-24","commitResults":[{"hash":"def73bb83863f66867200f12c4df96053f28d630","isMergeCommit":true,"messageTitle":"Merge pull request #79 from KSanjith/branch-organizing","messageBody":"- Create 2 sequence diagrams for the Storage class\r\n- Create 2 new plantuml files for the sequence diagrams\r\n- Expand on the output from the Help Command\r\n- Fix some naming standards","fileTypesAndContributionMap":{}},{"hash":"441b5d2a41496668c02b7968cf670019f898a2ba","isMergeCommit":true,"messageTitle":"Merge pull request #80 from seanngja/A-Recipe","messageBody":"- Cleanup code in `Parser` class\r\n- Add \"Architecture\" subsection to DG","fileTypesAndContributionMap":{}}]},{"date":"2024-10-28","commitResults":[{"hash":"7fed0bc9fa0bd9e163106e801b2b4fe68f80a975","isMergeCommit":false,"messageTitle":"docs: Update `Parser` class section","messageBody":"","fileTypesAndContributionMap":{"docs":{"insertions":140,"deletions":1}}}]},{"date":"2024-10-29","commitResults":[{"hash":"c8d98c9ff4646b5a07b17a835aaf4996ed6e7d7b","isMergeCommit":false,"messageTitle":"docs: improve UG","messageBody":"Changes:\n- Add Table of Content.\n- Add details for `find` command.\n- Format summary section as table.\n- Fix typo.\n","fileTypesAndContributionMap":{"docs":{"insertions":52,"deletions":19}}},{"hash":"cb429863c9566e5b62392c2ec76044aa9b80a952","isMergeCommit":true,"messageTitle":"Merge pull request #99 from Sukkaito/docs/UG","messageBody":"Changes:\r\n- Add Table of Content.\r\n- Add details for `find` command.\r\n- Format summary section as table.\r\n- Fix typo.","fileTypesAndContributionMap":{}},{"hash":"f49aac0e4ee017e823c373ded8d9fbc77ea9992e","isMergeCommit":true,"messageTitle":"Merge branch \u0027master\u0027 into docs/DG","messageBody":"","fileTypesAndContributionMap":{}},{"hash":"c5ef88f05ce56bc0248153433290a55763e7dea4","isMergeCommit":true,"messageTitle":"Merge pull request #97 from Sukkaito/docs/DG","messageBody":"Update `Parser` class section of DG","fileTypesAndContributionMap":{}},{"hash":"e0e6976ad97f38e4ac15f5ba66fbb6d9bb6b461f","isMergeCommit":false,"messageTitle":"cleanup: Restructure diagram directory","messageBody":"","fileTypesAndContributionMap":{"docs":{"insertions":5,"deletions":5}}},{"hash":"61421ea6f4d3b301ddcc4e8de189331d74440b75","isMergeCommit":true,"messageTitle":"Merge pull request #102 from Sukkaito/master","messageBody":"cleanup: Restructure diagram directory","fileTypesAndContributionMap":{}}]},{"date":"2024-10-30","commitResults":[{"hash":"053b77f7a266428a40c7b5708ae34e1c0fc2f61a","isMergeCommit":false,"messageTitle":"docs: Update `Recipe` and `RecipeList` sections of DG","messageBody":"","fileTypesAndContributionMap":{"functional-code":{"insertions":4,"deletions":4},"docs":{"insertions":57,"deletions":6}}},{"hash":"c66c2b2258dfbb626adf6dda04c157d9acb2d3dd","isMergeCommit":true,"messageTitle":"Merge pull request #111 from KSanjith/branch-neaten-DGUG","messageBody":"Neaten the UG and DG","fileTypesAndContributionMap":{}}]},{"date":"2024-10-31","commitResults":[{"hash":"1c3bcb7db808acad64f913a2718814b268a3a619","isMergeCommit":false,"messageTitle":"bugfix: Custom message for no recipe or ingredient found","messageBody":"","fileTypesAndContributionMap":{"functional-code":{"insertions":30,"deletions":2}}}]},{"date":"2024-11-01","commitResults":[{"hash":"8bbaf635e5a6d2498070fb75e4c6e7d181bcabf3","isMergeCommit":false,"messageTitle":"bugfix: Disallow duplicate value in `options` field of `find` command","messageBody":"","fileTypesAndContributionMap":{"functional-code":{"insertions":16,"deletions":5}}},{"hash":"bb9cee6553189efa2f510540ca0883e00273ad02","isMergeCommit":false,"messageTitle":"docs: Sukkaito\u0027s PPP draft","messageBody":"","fileTypesAndContributionMap":{"docs":{"insertions":50,"deletions":0}}},{"hash":"1ecec4716b981d4d1c01cde50e29a81b9114812f","isMergeCommit":true,"messageTitle":"Merge pull request #125 from gskang-22/branch-DG\u0026UG","messageBody":"Add PPP for gskang","fileTypesAndContributionMap":{}}]},{"date":"2024-11-02","commitResults":[{"hash":"2bf04f8d549d40abe0f5a8cd4cc8d8cc7f75c952","isMergeCommit":false,"messageTitle":"docs: Draft PPP for Sukkaito","messageBody":"","fileTypesAndContributionMap":{"docs":{"insertions":36,"deletions":26}}},{"hash":"c4310c910795c812cbf226e3298849a5d3d21fd9","isMergeCommit":true,"messageTitle":"Merge branch \u0027AY2425S1-CS2113-W13-1:master\u0027 into docs/PPP","messageBody":"","fileTypesAndContributionMap":{}},{"hash":"7ba860a7b5ffcc0a4615168cd831c349decc71a8","isMergeCommit":false,"messageTitle":"typo: fix ParameterizedTest hyperlink","messageBody":"","fileTypesAndContributionMap":{"docs":{"insertions":1,"deletions":1}}},{"hash":"b036d4826c17c549697ae54461a0c75e9ce0990f","isMergeCommit":false,"messageTitle":"bugfix: show correct logs for missing savefile","messageBody":"","fileTypesAndContributionMap":{"functional-code":{"insertions":24,"deletions":16}}},{"hash":"78ac6a8135d0eb47d4449bf42f64a6e1cc8ce5c4","isMergeCommit":false,"messageTitle":"cleanup: remove unused imports","messageBody":"","fileTypesAndContributionMap":{"functional-code":{"insertions":0,"deletions":1}}}]},{"date":"2024-11-03","commitResults":[{"hash":"d9dbc5e2d0eb75c7ac124da0d07a0edd6802161f","isMergeCommit":true,"messageTitle":"Merge pull request #131 from gskang-22/branch-debug","messageBody":"Close Issue #72 and #76","fileTypesAndContributionMap":{}}]},{"date":"2024-11-06","commitResults":[{"hash":"27fbae826933fada15d52226348e7f314d1b8210","isMergeCommit":false,"messageTitle":"bugfix: trailing/leading whitespaces are considered part of the elements","messageBody":"Changes:\n- Accept `String` arguments with trailing/leading spaces, but will be trimmed before adding to the database.\n- Adjust `timeTaken` argument pattern and `getTimeTakenInteger()` to accept trailing/leading spaces (for consistency).\n","fileTypesAndContributionMap":{"functional-code":{"insertions":21,"deletions":7}}},{"hash":"5dfa73ceab73ad8bef2a7f0826405294ae436680","isMergeCommit":true,"messageTitle":"Merge pull request #137 from Sukkaito/bugs/129","messageBody":"bugfix: trailing/leading whitespaces are considered part of the elements","fileTypesAndContributionMap":{}},{"hash":"983ccac4174d0189cc2844425fa153a81fe1d66a","isMergeCommit":false,"messageTitle":"typofix: Last item of ToC doesn\u0027t reference to anywhere (#139)","messageBody":"* typo: Fix command summary hyperlink not working for ToC in Github Page","fileTypesAndContributionMap":{"docs":{"insertions":4,"deletions":2}}},{"hash":"e1fb9b550408d19970bb2cadf7ad69d81bbccb78","isMergeCommit":false,"messageTitle":"typo: Fix broken hyperlinks in ToC","messageBody":"","fileTypesAndContributionMap":{"docs":{"insertions":16,"deletions":16}}},{"hash":"4c320648943211bd2e8a136872fbef7d3b9f6462","isMergeCommit":true,"messageTitle":"Merge pull request #140 from Sukkaito/docs/UG","messageBody":"typofix: Fix broken hyperlinks in ToC","fileTypesAndContributionMap":{}},{"hash":"50329c0b5319a5db580a944d3b6d60673d053a24","isMergeCommit":false,"messageTitle":"test: Increase test coverage of `Parser.java`","messageBody":"Changes:\n- Add various tests.\n- Enable past tests that were disable before bug fixing.\n- Add `validateStepNumbers()` for `edit` command.\n","fileTypesAndContributionMap":{"functional-code":{"insertions":10,"deletions":0},"test-code":{"insertions":343,"deletions":21}}},{"hash":"0a7855b3e3d141f2c9d5f5a2612ce8e57146f03d","isMergeCommit":false,"messageTitle":"test: Increase test coverage for `AddIngredientCommand.java`","messageBody":"","fileTypesAndContributionMap":{"test-code":{"insertions":33,"deletions":0}}},{"hash":"000309aaf2f5e464c899ce1af5315e53ef5d1f0f","isMergeCommit":false,"messageTitle":"test: Increase test coverage for `DeleteIngredientCommand.java`","messageBody":"","fileTypesAndContributionMap":{"test-code":{"insertions":41,"deletions":0}}},{"hash":"b732f7d8590ae7a0f6be3b6b285e11c7d0081a48","isMergeCommit":false,"messageTitle":"hotfix: follow CheckStyle of coding conventions","messageBody":"","fileTypesAndContributionMap":{"test-code":{"insertions":99,"deletions":100}}},{"hash":"2793386b4fda8af126d6f3fd42eeee0473cad700","isMergeCommit":false,"messageTitle":"test: Further push test coverage","messageBody":"","fileTypesAndContributionMap":{"test-code":{"insertions":62,"deletions":1}}},{"hash":"c6cd7d7dcfdf54030ef6518e18879d17bd483b6a","isMergeCommit":false,"messageTitle":"hotfix: follow coding convention","messageBody":"","fileTypesAndContributionMap":{"test-code":{"insertions":1,"deletions":3}}}]},{"date":"2024-11-07","commitResults":[{"hash":"740d41903a92e1023db4a6e2a384bad7462492cc","isMergeCommit":true,"messageTitle":"Merge pull request #145 from Sukkaito/feature/junit-test","messageBody":"Push test coverage further","fileTypesAndContributionMap":{}}]}]},"authorFileTypeContributionMap":{"KSanjith":{"docs":844,"functional-code":544,"test-code":716,"other":4},"seanngja":{"docs":203,"functional-code":315,"test-code":296,"other":3},"gskang-22":{"docs":284,"functional-code":674,"test-code":209},"3CCLY":{"docs":248,"functional-code":512,"test-code":432,"other":3},"Sukkaito":{"docs":298,"functional-code":318,"test-code":579,"other":1}},"authorContributionVariance":{"KSanjith":15118.082,"seanngja":3780.7095,"gskang-22":18018.664,"3CCLY":8090.2354,"Sukkaito":15677.846},"authorDisplayNameMap":{"KSanjith":"CS2113-W13-1 KODE..JITH","seanngja":"CS2113-W13-1 NG J..SEAN","gskang-22":"CS2113-W13-1 GOH ..KANG","3CCLY":"CS2113-W13-1 CHE ..YANG","Sukkaito":"CS2113-W13-1 TRAN..HONG"}}
