{"authorDailyContributionsMap":{"KSanjith":[{"date":"2024-10-02","commitResults":[{"hash":"27410bceedc3c7955821ac91d49e5a05884637a7","isMergeCommit":false,"messageTitle":"Change AboutUs.md with personal details","messageBody":"","fileTypesAndContributionMap":{"docs":{"insertions":1,"deletions":5}}},{"hash":"a51868c863814854631e864157bcf5e3675d4a66","isMergeCommit":true,"messageTitle":"Merge branch \u0027master\u0027 into phong-AboutUs","messageBody":"","fileTypesAndContributionMap":{}},{"hash":"22a3e6cff75f06a168f878992008461afaa1e926","isMergeCommit":true,"messageTitle":"Merge pull request #4 from Sukkaito/phong-AboutUs","messageBody":"Add details to docs/AboutUs.md","fileTypesAndContributionMap":{}},{"hash":"1aca33e66fa6556db7a2885c44c6e731857a1e81","isMergeCommit":false,"messageTitle":"Change AboutUs.md with personal details","messageBody":"","fileTypesAndContributionMap":{"docs":{"insertions":1,"deletions":0}}}]},{"date":"2024-10-08","commitResults":[{"hash":"30f631d42a524f503a46526d20eb352f64a5676f","isMergeCommit":false,"messageTitle":"Create command and RecipeList classes","messageBody":"","fileTypesAndContributionMap":{"functional-code":{"insertions":62,"deletions":0}}},{"hash":"7d5507a04890ac8dab7b167b35dc6cea17f359cc","isMergeCommit":true,"messageTitle":"Merge pull request #39 from KSanjith/Create-Command-Class","messageBody":"Create command and RecipeList classes","fileTypesAndContributionMap":{}}]},{"date":"2024-10-10","commitResults":[{"hash":"e4cec51aad673b768e17b22b52af8fe3ec165070","isMergeCommit":false,"messageTitle":"Create JUnits tests for RecipeList class Refactor classes into proper packages","messageBody":"","fileTypesAndContributionMap":{"functional-code":{"insertions":13,"deletions":11},"other":{"insertions":7,"deletions":3},"test-code":{"insertions":176,"deletions":74}}},{"hash":"4135f388e2a555eb5143a9818989ddfefa1e4c74","isMergeCommit":true,"messageTitle":"Merge pull request #49 from KSanjith/branch-Add-JUnit-Test","messageBody":"Create JUnits tests for RecipeList class","fileTypesAndContributionMap":{}},{"hash":"64624048b342b53d7ae02f996c4de2a2af3c8ab9","isMergeCommit":false,"messageTitle":"Fix JUnit test in RecipeListTest Delete unused import in DukeTest","messageBody":"","fileTypesAndContributionMap":{"test-code":{"insertions":1,"deletions":2}}},{"hash":"557a023bb9ecec10a9d44351abecde64f5a45a20","isMergeCommit":true,"messageTitle":"Merge pull request #50 from KSanjith/branch-Fix-JUnit","messageBody":"Fix JUnit test in RecipeListTest","fileTypesAndContributionMap":{}}]},{"date":"2024-10-13","commitResults":[{"hash":"81e6a2ee088e1602280709f82ff07868965b82fa","isMergeCommit":false,"messageTitle":"Create exception class Enable assert in build.Gradle Add assert in RecipeList class","messageBody":"","fileTypesAndContributionMap":{"functional-code":{"insertions":21,"deletions":0},"other":{"insertions":4,"deletions":0}}}]},{"date":"2024-10-14","commitResults":[{"hash":"5f51ecdd4194a6901c726f48bba82ed0a20ac1a1","isMergeCommit":true,"messageTitle":"Merge pull request #55 from seanngja/branch-JUnitRecipe","messageBody":"Add assertions and more JUnit tests for Recipe and RecipeList","fileTypesAndContributionMap":{}}]}],"seanngja":[{"date":"2024-10-02","commitResults":[{"hash":"32b89b72eb2fa933054d5b6ea106555bbf17777e","isMergeCommit":false,"messageTitle":"Update docs/AboutUs.md","messageBody":"","fileTypesAndContributionMap":{"docs":{"insertions":4,"deletions":7}}},{"hash":"55f125544f2382067c3051dad27bf753fac992b0","isMergeCommit":false,"messageTitle":"Update docs/AboutUs.md","messageBody":"","fileTypesAndContributionMap":{"docs":{"insertions":1,"deletions":0}}}]},{"date":"2024-10-08","commitResults":[{"hash":"cfe8d57b5b76130fdc7555a432cac2bbb3752673","isMergeCommit":false,"messageTitle":"Add Recipe class with name, ingredients and steps","messageBody":"","fileTypesAndContributionMap":{"functional-code":{"insertions":40,"deletions":0},"other":{"insertions":3,"deletions":3}}},{"hash":"007da47722021af607d938707c4e733dd9ee56bf","isMergeCommit":false,"messageTitle":"Update build.gradle","messageBody":"","fileTypesAndContributionMap":{"other":{"insertions":2,"deletions":2}}},{"hash":"15a60231d75156aa1429c66917410e5942336c3d","isMergeCommit":false,"messageTitle":"Update build.gradle","messageBody":"","fileTypesAndContributionMap":{"other":{"insertions":3,"deletions":1}}},{"hash":"2123141a49529361b40d1ccc896113050ea28ddc","isMergeCommit":true,"messageTitle":"Merge pull request #37 from seanngja/A-Recipe","messageBody":"Add Recipe class with name, ingredients and steps","fileTypesAndContributionMap":{}}]},{"date":"2024-10-09","commitResults":[{"hash":"e2dbaafc7bda46e4f3a151e6d0bd12707df15ea3","isMergeCommit":false,"messageTitle":"Add JUnit tests for Recipe class","messageBody":"","fileTypesAndContributionMap":{"test-code":{"insertions":57,"deletions":0}}},{"hash":"99b62d03a10a33781d297668b63b5703d2712851","isMergeCommit":true,"messageTitle":"Merge pull request #44 from seanngja/branch-JUnitRecipe","messageBody":"Add JUnit tests for Recipe class","fileTypesAndContributionMap":{}}]},{"date":"2024-10-13","commitResults":[{"hash":"0e74d75e2bf50dc6c181ba34f4a1865cb8099d16","isMergeCommit":true,"messageTitle":"Merge pull request #53 from Sukkaito/feature/parser","messageBody":"Add `Parser` class","fileTypesAndContributionMap":{}}]},{"date":"2024-10-14","commitResults":[{"hash":"58f0988c8f9f05397be833b6f4b2c65d4739122e","isMergeCommit":false,"messageTitle":"Create main running code and command handling","messageBody":"- Integrated the main application logic in YMFC.java\n- Updated DeleteCommand and RecipeList to delete with recipe names\n- Updated Recipe to print recipes correctly\n","fileTypesAndContributionMap":{"functional-code":{"insertions":76,"deletions":15},"test-code":{"insertions":1,"deletions":1}}},{"hash":"cd2350f6b4bc38514ff16703d715a7062ab5b640","isMergeCommit":false,"messageTitle":"Add IO redirection test for main code","messageBody":"- Update logo constant in Ui to use CRLF\n- Update toString() in Recipe to use lineSeparator() instead of \\n\n","fileTypesAndContributionMap":{"functional-code":{"insertions":16,"deletions":17}}},{"hash":"5bef30c0210e0c8735edda6004a141291bbe4ac0","isMergeCommit":false,"messageTitle":"Remove greeting and farewell messages","messageBody":"- For testing IO redirection tests for ubuntu\n","fileTypesAndContributionMap":{"functional-code":{"insertions":2,"deletions":2}}},{"hash":"ba7345f135beb0642e3f3215159cf7ed73dc33b2","isMergeCommit":false,"messageTitle":"Adjust comment indentation for checkstyle","messageBody":"","fileTypesAndContributionMap":{"functional-code":{"insertions":2,"deletions":2}}},{"hash":"a475225089ddadb6c859176ba1a3fb4602c8ab65","isMergeCommit":false,"messageTitle":"Restore ascii art in main running program","messageBody":"","fileTypesAndContributionMap":{"functional-code":{"insertions":14,"deletions":13}}},{"hash":"05fb126534d543f9b53f99dccdfc2de116799b58","isMergeCommit":true,"messageTitle":"Merge pull request #54 from seanngja/branch-ProcessCommands","messageBody":"Create main running code and command handling","fileTypesAndContributionMap":{}},{"hash":"fbe4fd9be9f2228373b414444bf2d415db52ac93","isMergeCommit":false,"messageTitle":"Add assertions and more JUnit tests for Recipe and RecipeList","messageBody":"","fileTypesAndContributionMap":{"functional-code":{"insertions":2,"deletions":0},"test-code":{"insertions":54,"deletions":0}}}]}],"gskang-22":[{"date":"2024-10-02","commitResults":[{"hash":"107313a24a87ae67b4d05d2e4832d98f1c1b987d","isMergeCommit":false,"messageTitle":"Update AboutUs.md for tutorial","messageBody":"","fileTypesAndContributionMap":{"docs":{"insertions":3,"deletions":7}}},{"hash":"2bdc66d452d9f0779369ce96f5ed3b643a4458a0","isMergeCommit":false,"messageTitle":"Update AboutUs.md for tutorial","messageBody":"","fileTypesAndContributionMap":{"docs":{"insertions":3,"deletions":7}}}]},{"date":"2024-10-09","commitResults":[{"hash":"cc740da9b7cad10f0a3aba2fe088c7d42d6376a0","isMergeCommit":true,"messageTitle":"Merge branch \u0027master\u0027 into master","messageBody":"","fileTypesAndContributionMap":{}},{"hash":"947a266f5b9bc91125c7634b2bc0e40691b5ed0c","isMergeCommit":false,"messageTitle":"Added command classes to YMFC","messageBody":"","fileTypesAndContributionMap":{"functional-code":{"insertions":109,"deletions":28}}},{"hash":"7f90cc531cc75edadded5280f731b21a1abc9800","isMergeCommit":false,"messageTitle":"Added command classes to YMFC","messageBody":"","fileTypesAndContributionMap":{"functional-code":{"insertions":109,"deletions":28}}},{"hash":"0e4ad8489e7ce3cde0b1b35b12e3c31c3e18f30e","isMergeCommit":true,"messageTitle":"Merge remote-tracking branch \u0027origin/master\u0027","messageBody":"","fileTypesAndContributionMap":{}},{"hash":"581278369f396d20b030154d31dc34ac4324774e","isMergeCommit":true,"messageTitle":"Merge pull request #43 from gskang-22/master","messageBody":"added commands","fileTypesAndContributionMap":{}},{"hash":"f57fab8c3ed49028e85168881f41556a7a705a2d","isMergeCommit":false,"messageTitle":"Add JUnit tests for command classes","messageBody":"","fileTypesAndContributionMap":{"functional-code":{"insertions":0,"deletions":6},"other":{"insertions":10,"deletions":10},"test-code":{"insertions":115,"deletions":0}}},{"hash":"37ef31461539d1109fb99264974c585288b0d783","isMergeCommit":true,"messageTitle":"Merge remote-tracking branch \u0027origin/master\u0027","messageBody":"","fileTypesAndContributionMap":{}},{"hash":"eeebc125ee16db20f5e22972515f3eb37d09eafb","isMergeCommit":true,"messageTitle":"Merge remote-tracking branch \u0027upstream/master\u0027","messageBody":"","fileTypesAndContributionMap":{}},{"hash":"fe3a49c63c52a691b73f27df4a62d94db77a1c0a","isMergeCommit":true,"messageTitle":"Merge pull request #45 from gskang-22/master","messageBody":"gskang20022@gmail.com","fileTypesAndContributionMap":{}}]},{"date":"2024-10-10","commitResults":[{"hash":"0d611040f0e96605fd55589a6f35bc38950854ce","isMergeCommit":false,"messageTitle":"Clean code for command classes","messageBody":"","fileTypesAndContributionMap":{"functional-code":{"insertions":3,"deletions":4}}},{"hash":"6211203e2415f561d73ce994e604e275e746353d","isMergeCommit":true,"messageTitle":"Merge remote-tracking branch \u0027upstream/master\u0027 into add-commands","messageBody":"","fileTypesAndContributionMap":{}},{"hash":"e418aa3969cc7c3618339e03061b805efe672a65","isMergeCommit":false,"messageTitle":"Create pull request for tracking","messageBody":"","fileTypesAndContributionMap":{"functional-code":{"insertions":0,"deletions":1}}},{"hash":"4e8a5688442e5f100893e9d2d1158c2f436fbe7b","isMergeCommit":true,"messageTitle":"Merge pull request #48 from gskang-22/add-commands","messageBody":"Add commands","fileTypesAndContributionMap":{}}]}],"3CCLY":[{"date":"2024-10-02","commitResults":[{"hash":"3e1d8a259d6884d2cd0de9dc478c9ddf1a443d56","isMergeCommit":false,"messageTitle":"Change AboutUs.md with personal detail","messageBody":"","fileTypesAndContributionMap":{"docs":{"insertions":1,"deletions":5}}},{"hash":"61db2fb9c2ad6a65f401cd5dc402e926cb96cccb","isMergeCommit":true,"messageTitle":"Merge pull request #1 from KSanjith/Sanjith-AboutUs","messageBody":"Change AboutUs.md with personal details","fileTypesAndContributionMap":{}},{"hash":"6ccc9c522b99a99de990b9f24e97c6e5c90db255","isMergeCommit":true,"messageTitle":"Merge branch \u0027master\u0027 into seanngja-AboutUs","messageBody":"","fileTypesAndContributionMap":{}},{"hash":"4be07b4aad730fdf5ed2dd8a0f0f94afb8f09b02","isMergeCommit":true,"messageTitle":"Merge pull request #2 from seanngja/seanngja-AboutUs","messageBody":"Update docs/AboutUs.md","fileTypesAndContributionMap":{}},{"hash":"cbb895257fefcef9315b983e1626faf80ec85c85","isMergeCommit":true,"messageTitle":"Merge branch \u0027master\u0027 into luyang-AboutUs","messageBody":"","fileTypesAndContributionMap":{}},{"hash":"01153fac6695607612e20dafa5bdb55620c8c46c","isMergeCommit":true,"messageTitle":"Merge pull request #3 from 3CCLY/luyang-AboutUs","messageBody":"Change AboutUs.md with personal detail","fileTypesAndContributionMap":{}},{"hash":"b97110d564a594d8260e9ab54448981b27605c4a","isMergeCommit":false,"messageTitle":"Change AboutUs.md with personal detail","messageBody":"","fileTypesAndContributionMap":{"docs":{"insertions":1,"deletions":0}}},{"hash":"56e26802121317d219b370e33459a57be8270b21","isMergeCommit":true,"messageTitle":"Resolve merge conflict with gskang-22 pull request","messageBody":"","fileTypesAndContributionMap":{}}]},{"date":"2024-10-08","commitResults":[{"hash":"a690ac2e8a7350e4b29a70936df28d52976da392","isMergeCommit":false,"messageTitle":"Create Ui class","messageBody":"","fileTypesAndContributionMap":{"functional-code":{"insertions":75,"deletions":21}}},{"hash":"9d0816caa6d9acdecde75b45d4c2e324d826e203","isMergeCommit":false,"messageTitle":"Restore skeleton code","messageBody":"","fileTypesAndContributionMap":{"functional-code":{"insertions":21,"deletions":0}}},{"hash":"3c4fd4db55b760c021fa643667f7b5737f63ca52","isMergeCommit":false,"messageTitle":"Add Ui function to display recipes","messageBody":"","fileTypesAndContributionMap":{"functional-code":{"insertions":48,"deletions":0}}},{"hash":"0ec63af6985a9391dad8ada8d04fff21511d990c","isMergeCommit":true,"messageTitle":"Merge upstream changes to branch","messageBody":"","fileTypesAndContributionMap":{}},{"hash":"51807f27c649e160d3d7058c5f80c0c6cf17a61c","isMergeCommit":true,"messageTitle":"Merge pull request #36 from 3CCLY/Create-Ui-Class","messageBody":"Create Ui class","fileTypesAndContributionMap":{}},{"hash":"dfeca1c5985b184726520e988ec958e8f03e50a9","isMergeCommit":false,"messageTitle":"Integrate Ui class to YMFC main class","messageBody":"","fileTypesAndContributionMap":{"functional-code":{"insertions":5,"deletions":9},"other":{"insertions":3,"deletions":1},"docs":{"insertions":1,"deletions":1}}},{"hash":"11cfeeb8ce4208ce9bf0034b62f1d1d846378667","isMergeCommit":false,"messageTitle":"Fix broken static variable in RecipeList class","messageBody":"","fileTypesAndContributionMap":{"functional-code":{"insertions":1,"deletions":3}}},{"hash":"c790e42409c06a72e140d7487f54029ced5d18dd","isMergeCommit":true,"messageTitle":"Merge pull request #41 from 3CCLY/branch-integrate-Ui-YMFC","messageBody":"Integrate Ui class to YMFC main class","fileTypesAndContributionMap":{}}]},{"date":"2024-10-09","commitResults":[{"hash":"4b3a81f617d2406a27a97ddcc0089f60e584b5c1","isMergeCommit":false,"messageTitle":"Add testing of Ui class readCommand method","messageBody":"","fileTypesAndContributionMap":{"other":{"insertions":56,"deletions":43},"docs":{"insertions":2,"deletions":2}}},{"hash":"020ce558c5fb95ff4df7c3cd7784358e2f2c00ad","isMergeCommit":true,"messageTitle":"Resolve merge conflict","messageBody":"","fileTypesAndContributionMap":{}},{"hash":"1818250b75a4fe52383ea7e8007d61609342480f","isMergeCommit":false,"messageTitle":"Resolve package naming issue","messageBody":"","fileTypesAndContributionMap":{"functional-code":{"insertions":0,"deletions":1},"other":{"insertions":10,"deletions":10}}},{"hash":"f328792bf0b577c1864bff6e4c094d4e6037d491","isMergeCommit":false,"messageTitle":"Fix name of YMFC in user guide","messageBody":"","fileTypesAndContributionMap":{"docs":{"insertions":2,"deletions":2}}},{"hash":"89b0bcced0b171a7e7a626461dfc6fa5af654da5","isMergeCommit":true,"messageTitle":"Merge pull request #46 from 3CCLY/branch-Add-JUnit-Test","messageBody":"Add JUnit test for Ui class readCommand method","fileTypesAndContributionMap":{}}]},{"date":"2024-10-13","commitResults":[{"hash":"4f102e4efc649f467c1646c42707ca324a9da251","isMergeCommit":true,"messageTitle":"Merge pull request #51 from KSanjith/branch-ErrorHandling","messageBody":"Create exception class","fileTypesAndContributionMap":{}}]}],"Sukkaito":[{"date":"2024-10-02","commitResults":[{"hash":"83227e0899dd0f938fb60184c28673b6d9fe2c5f","isMergeCommit":false,"messageTitle":"Add about me","messageBody":"","fileTypesAndContributionMap":{"docs":{"insertions":4,"deletions":7}}},{"hash":"a8e322397bcf70bd61a719c160e1466ee4f78870","isMergeCommit":false,"messageTitle":"Add about me","messageBody":"","fileTypesAndContributionMap":{"docs":{"insertions":1,"deletions":0}}}]},{"date":"2024-10-13","commitResults":[{"hash":"68632f3fc9a616408491ebef8f5ca4ab17bf42b0","isMergeCommit":false,"messageTitle":"feature: Parser class - AddRecipeCommand","messageBody":"","fileTypesAndContributionMap":{"functional-code":{"insertions":91,"deletions":1}}},{"hash":"d5e9d6b41f19b5b97c9f27685023c772eb80d61b","isMergeCommit":false,"messageTitle":"test: Parser class - AddRecipeCommand","messageBody":"Remain issues:\n- Repeated test numbers: Fail\n- Steps not in sequential order: Fail\n","fileTypesAndContributionMap":{"functional-code":{"insertions":8,"deletions":0},"other":{"insertions":1,"deletions":0},"test-code":{"insertions":112,"deletions":0}}},{"hash":"ca20b5521e05b7c73fe36e5fc284cdaabdf19824","isMergeCommit":false,"messageTitle":"bugfix: import missing classes","messageBody":"","fileTypesAndContributionMap":{"functional-code":{"insertions":1,"deletions":0},"test-code":{"insertions":3,"deletions":2}}},{"hash":"0505dc2fd96e3b4109bef71fe24d42ceb48ca621","isMergeCommit":false,"messageTitle":"Finalize Parser class","messageBody":"Todo list:\n- Improve `HelpCommand.java`\n- Add `printHelp()` in `Ui.java`\n- Change `DeleteCommand` to delete based on recipe\u0027s name instead of index\n","fileTypesAndContributionMap":{"functional-code":{"insertions":43,"deletions":7}}},{"hash":"dbc486ae265c31885cc6843403ef050eac26da03","isMergeCommit":false,"messageTitle":"Update JavaDoc for `Parser.java`","messageBody":"","fileTypesAndContributionMap":{"functional-code":{"insertions":31,"deletions":4}}},{"hash":"806e04122dcfc040db84fa24599186d6e0e49cc8","isMergeCommit":false,"messageTitle":"cleanup: code cleanup for gradle build","messageBody":"","fileTypesAndContributionMap":{"functional-code":{"insertions":11,"deletions":3},"other":{"insertions":46,"deletions":34}}},{"hash":"23b32d82a6a5676912e35a0f72b9171e449bf7c9","isMergeCommit":false,"messageTitle":"test: disable failed tests (for now)","messageBody":"","fileTypesAndContributionMap":{"test-code":{"insertions":2,"deletions":2}}}]}]},"authorFileTypeContributionMap":{"KSanjith":{"docs":1,"functional-code":73,"test-code":176,"other":4},"seanngja":{"docs":1,"functional-code":131,"test-code":56,"other":3},"gskang-22":{"docs":2,"functional-code":80,"test-code":104},"3CCLY":{"docs":2,"functional-code":121,"test-code":5,"other":1},"Sukkaito":{"docs":1,"functional-code":169,"test-code":122,"other":1}},"authorContributionVariance":{"KSanjith":3243.2224,"seanngja":1950.9598,"gskang-22":6593.562,"3CCLY":1918.1982,"Sukkaito":6195.686},"authorDisplayNameMap":{"KSanjith":"CS2113-W13-1 KODE..JITH","seanngja":"CS2113-W13-1 NG J..SEAN","gskang-22":"CS2113-W13-1 GOH ..KANG","3CCLY":"CS2113-W13-1 CHE ..YANG","Sukkaito":"CS2113-W13-1 TRAN..HONG"}}
