[{"path":"build.gradle","fileType":"other","lines":[{"lineNumber":1,"author":{"gitId":"-"},"content":"plugins {","lastModifiedDate":"2020-05-25","isFullCredit":false},{"lineNumber":2,"author":{"gitId":"-"},"content":"    id \u0027java\u0027","lastModifiedDate":"2020-05-25","isFullCredit":false},{"lineNumber":3,"author":{"gitId":"-"},"content":"    id \u0027application\u0027","lastModifiedDate":"2020-05-25","isFullCredit":false},{"lineNumber":4,"author":{"gitId":"-"},"content":"    id \u0027checkstyle\u0027","lastModifiedDate":"2020-05-25","isFullCredit":false},{"lineNumber":5,"author":{"gitId":"-"},"content":"    id \u0027com.github.johnrengelman.shadow\u0027 version \u00277.1.2\u0027","lastModifiedDate":"2022-06-17","isFullCredit":false},{"lineNumber":6,"author":{"gitId":"-"},"content":"}","lastModifiedDate":"2020-05-25","isFullCredit":false},{"lineNumber":7,"author":{"gitId":"-"},"content":"","lastModifiedDate":"2020-05-25","isFullCredit":false},{"lineNumber":8,"author":{"gitId":"-"},"content":"repositories {","lastModifiedDate":"2020-05-25","isFullCredit":false},{"lineNumber":9,"author":{"gitId":"-"},"content":"    mavenCentral()","lastModifiedDate":"2020-05-25","isFullCredit":false},{"lineNumber":10,"author":{"gitId":"-"},"content":"}","lastModifiedDate":"2020-05-25","isFullCredit":false},{"lineNumber":11,"author":{"gitId":"-"},"content":"","lastModifiedDate":"2020-05-25","isFullCredit":false},{"lineNumber":12,"author":{"gitId":"-"},"content":"dependencies {","lastModifiedDate":"2020-05-25","isFullCredit":false},{"lineNumber":13,"author":{"gitId":"-"},"content":"    testImplementation group: \u0027org.junit.jupiter\u0027, name: \u0027junit-jupiter-api\u0027, version: \u00275.10.0\u0027","lastModifiedDate":"2023-08-05","isFullCredit":false},{"lineNumber":14,"author":{"gitId":"-"},"content":"    testRuntimeOnly group: \u0027org.junit.jupiter\u0027, name: \u0027junit-jupiter-engine\u0027, version: \u00275.10.0\u0027","lastModifiedDate":"2023-08-05","isFullCredit":false},{"lineNumber":15,"author":{"gitId":"-"},"content":"}","lastModifiedDate":"2020-05-25","isFullCredit":false},{"lineNumber":16,"author":{"gitId":"-"},"content":"","lastModifiedDate":"2020-05-25","isFullCredit":false},{"lineNumber":17,"author":{"gitId":"-"},"content":"test {","lastModifiedDate":"2020-05-25","isFullCredit":false},{"lineNumber":18,"author":{"gitId":"-"},"content":"    useJUnitPlatform()","lastModifiedDate":"2020-05-25","isFullCredit":false},{"lineNumber":19,"author":{"gitId":"-"},"content":"","lastModifiedDate":"2020-05-25","isFullCredit":false},{"lineNumber":20,"author":{"gitId":"-"},"content":"    testLogging {","lastModifiedDate":"2020-05-25","isFullCredit":false},{"lineNumber":21,"author":{"gitId":"-"},"content":"        events \"passed\", \"skipped\", \"failed\"","lastModifiedDate":"2020-05-25","isFullCredit":false},{"lineNumber":22,"author":{"gitId":"-"},"content":"","lastModifiedDate":"2020-05-25","isFullCredit":false},{"lineNumber":23,"author":{"gitId":"-"},"content":"        showExceptions true","lastModifiedDate":"2020-05-25","isFullCredit":false},{"lineNumber":24,"author":{"gitId":"-"},"content":"        exceptionFormat \"full\"","lastModifiedDate":"2020-05-25","isFullCredit":false},{"lineNumber":25,"author":{"gitId":"-"},"content":"        showCauses true","lastModifiedDate":"2020-05-25","isFullCredit":false},{"lineNumber":26,"author":{"gitId":"-"},"content":"        showStackTraces true","lastModifiedDate":"2020-05-25","isFullCredit":false},{"lineNumber":27,"author":{"gitId":"-"},"content":"        showStandardStreams \u003d false","lastModifiedDate":"2020-05-25","isFullCredit":false},{"lineNumber":28,"author":{"gitId":"-"},"content":"    }","lastModifiedDate":"2020-05-25","isFullCredit":false},{"lineNumber":29,"author":{"gitId":"-"},"content":"}","lastModifiedDate":"2020-05-25","isFullCredit":false},{"lineNumber":30,"author":{"gitId":"-"},"content":"","lastModifiedDate":"2020-05-25","isFullCredit":false},{"lineNumber":31,"author":{"gitId":"-"},"content":"application {","lastModifiedDate":"2020-05-25","isFullCredit":false},{"lineNumber":32,"author":{"gitId":"Hackin7"},"content":"    mainClass.set(\"wheresmymoney.Main\")","lastModifiedDate":"2024-09-28","isFullCredit":false},{"lineNumber":33,"author":{"gitId":"-"},"content":"}","lastModifiedDate":"2020-05-25","isFullCredit":false},{"lineNumber":34,"author":{"gitId":"-"},"content":"","lastModifiedDate":"2020-05-25","isFullCredit":false},{"lineNumber":35,"author":{"gitId":"-"},"content":"shadowJar {","lastModifiedDate":"2020-05-25","isFullCredit":false},{"lineNumber":36,"author":{"gitId":"Hackin7"},"content":"    archiveFileName \u003d \u0027tp.jar\u0027","lastModifiedDate":"2024-09-28","isFullCredit":false},{"lineNumber":37,"author":{"gitId":"-"},"content":"}","lastModifiedDate":"2020-05-25","isFullCredit":false},{"lineNumber":38,"author":{"gitId":"-"},"content":"","lastModifiedDate":"2020-05-25","isFullCredit":false},{"lineNumber":39,"author":{"gitId":"-"},"content":"checkstyle {","lastModifiedDate":"2020-05-25","isFullCredit":false},{"lineNumber":40,"author":{"gitId":"-"},"content":"    toolVersion \u003d \u002710.2\u0027","lastModifiedDate":"2022-04-29","isFullCredit":false},{"lineNumber":41,"author":{"gitId":"-"},"content":"}","lastModifiedDate":"2020-05-25","isFullCredit":false},{"lineNumber":42,"author":{"gitId":"-"},"content":"","lastModifiedDate":"2020-05-25","isFullCredit":false},{"lineNumber":43,"author":{"gitId":"-"},"content":"run{","lastModifiedDate":"2020-05-25","isFullCredit":false},{"lineNumber":44,"author":{"gitId":"-"},"content":"    standardInput \u003d System.in","lastModifiedDate":"2020-05-25","isFullCredit":false},{"lineNumber":45,"author":{"gitId":"-"},"content":"}","lastModifiedDate":"2020-05-25","isFullCredit":false}],"authorContributionMap":{"Hackin7":2,"-":43}},{"path":"config/checkstyle/suppressions.xml","fileType":"other","lines":[{"lineNumber":1,"author":{"gitId":"-"},"content":"\u003c?xml version\u003d\"1.0\"?\u003e","lastModifiedDate":"2022-04-29","isFullCredit":false},{"lineNumber":2,"author":{"gitId":"-"},"content":"","lastModifiedDate":"2022-04-29","isFullCredit":false},{"lineNumber":3,"author":{"gitId":"-"},"content":"\u003c!DOCTYPE suppressions PUBLIC","lastModifiedDate":"2022-04-29","isFullCredit":false},{"lineNumber":4,"author":{"gitId":"-"},"content":"    \"-//Checkstyle//DTD SuppressionFilter Configuration 1.2//EN\"","lastModifiedDate":"2022-04-29","isFullCredit":false},{"lineNumber":5,"author":{"gitId":"-"},"content":"    \"https://checkstyle.org/dtds/suppressions_1_2.dtd\"\u003e","lastModifiedDate":"2022-04-29","isFullCredit":false},{"lineNumber":6,"author":{"gitId":"-"},"content":"","lastModifiedDate":"2022-04-29","isFullCredit":false},{"lineNumber":7,"author":{"gitId":"-"},"content":"\u003csuppressions\u003e","lastModifiedDate":"2022-04-29","isFullCredit":false},{"lineNumber":8,"author":{"gitId":"-"},"content":"  \u003csuppress checks\u003d\"JavadocType\" files\u003d\".*Test\\.java\"/\u003e","lastModifiedDate":"2022-04-29","isFullCredit":false},{"lineNumber":9,"author":{"gitId":"-"},"content":"  \u003csuppress checks\u003d\"MissingJavadocMethodCheck\" files\u003d\".*Test\\.java\"/\u003e","lastModifiedDate":"2022-04-29","isFullCredit":false},{"lineNumber":10,"author":{"gitId":"Hackin7"},"content":"  \u003csuppress checks\u003d\"JavadocType\" files\u003d\".*Test\\.java\"/\u003e","lastModifiedDate":"2024-09-28","isFullCredit":false},{"lineNumber":11,"author":{"gitId":"-"},"content":"\u003c/suppressions\u003e","lastModifiedDate":"2022-04-29","isFullCredit":false}],"authorContributionMap":{"Hackin7":1,"-":10}},{"path":"docs/AboutUs.md","fileType":"docs","lines":[{"lineNumber":1,"author":{"gitId":"-"},"content":"# About us","lastModifiedDate":"2020-05-24","isFullCredit":false},{"lineNumber":2,"author":{"gitId":"-"},"content":"","lastModifiedDate":"2020-05-24","isFullCredit":false},{"lineNumber":3,"author":{"gitId":"-"},"content":"Display |         Name         |               Github Profile                | Portfolio ","lastModifiedDate":"2020-05-24","isFullCredit":false},{"lineNumber":4,"author":{"gitId":"shyaamald"},"content":"--------|:--------------------:|:-------------------------------------------:|:---------:","lastModifiedDate":"2024-10-04","isFullCredit":false},{"lineNumber":5,"author":{"gitId":"Progresst-8"},"content":"![](https://via.placeholder.com/100.png?text\u003dPhoto) |        Kylan         |  [Github](https://github.com/Progresst-8)   | [Portfolio](progresst-8.md)","lastModifiedDate":"2024-10-02","isFullCredit":false},{"lineNumber":6,"author":{"gitId":"AndrewNguyen4"},"content":"![](https://via.placeholder.com/100.png?text\u003dPhoto) |   Nguyen Minh Duc    | [Github](https://github.com/AndrewNguyen4/) | [Portfolio](docs/team/andrewnguyen4.md)","lastModifiedDate":"2024-10-02","isFullCredit":false},{"lineNumber":7,"author":{"gitId":"Hackin7"},"content":"![](https://via.placeholder.com/100.png?text\u003dPhoto) | Chan Zun Mun Terence |    [Github](https://github.com/Hackin7)     | [Portfolio](docs/team/hackin7.md)","lastModifiedDate":"2024-10-02","isFullCredit":false},{"lineNumber":8,"author":{"gitId":"KHsienKit"},"content":"![](https://via.placeholder.com/100.png?text\u003dPhoto) |    Khor Hsien Kit    |   [Github](https://github.com/KHsienKit)    | [Portfolio](docs/team/hsienkit.md)","lastModifiedDate":"2024-10-02","isFullCredit":false},{"lineNumber":9,"author":{"gitId":"shyaamald"},"content":"![](https://via.placeholder.com/100.png?text\u003dPhoto) |   Shyaamal Dwivedi   |    [Github](https://github.com/shyaamald)    | [Portfolio](docs/team/shyaamal.md)","lastModifiedDate":"2024-10-04","isFullCredit":false}],"authorContributionMap":{"Progresst-8":1,"Hackin7":1,"shyaamald":2,"KHsienKit":1,"AndrewNguyen4":1,"-":3}},{"path":"docs/team/hackin7.md","fileType":"docs","lines":[{"lineNumber":1,"author":{"gitId":"Hackin7"},"content":"# Terence - Project Portfolio Page","lastModifiedDate":"2024-10-02","isFullCredit":false},{"lineNumber":2,"author":{"gitId":"Hackin7"},"content":"","lastModifiedDate":"2024-10-02","isFullCredit":false},{"lineNumber":3,"author":{"gitId":"Hackin7"},"content":"## Overview","lastModifiedDate":"2024-10-02","isFullCredit":false},{"lineNumber":4,"author":{"gitId":"Hackin7"},"content":"","lastModifiedDate":"2024-10-02","isFullCredit":false},{"lineNumber":5,"author":{"gitId":"Hackin7"},"content":"Work in Progress","lastModifiedDate":"2024-10-02","isFullCredit":false},{"lineNumber":6,"author":{"gitId":"Hackin7"},"content":"","lastModifiedDate":"2024-10-02","isFullCredit":false},{"lineNumber":7,"author":{"gitId":"Hackin7"},"content":"### Summary of Contributions","lastModifiedDate":"2024-10-02","isFullCredit":false},{"lineNumber":8,"author":{"gitId":"Hackin7"},"content":"","lastModifiedDate":"2024-10-02","isFullCredit":false},{"lineNumber":9,"author":{"gitId":"Hackin7"},"content":"Work in Progress","lastModifiedDate":"2024-10-02","isFullCredit":false}],"authorContributionMap":{"Hackin7":9}},{"path":"docs/team/hsienkit.md","fileType":"docs","lines":[{"lineNumber":1,"author":{"gitId":"KHsienKit"},"content":"# John Doe - Project Portfolio Page","lastModifiedDate":"2024-10-02","isFullCredit":false},{"lineNumber":2,"author":{"gitId":"KHsienKit"},"content":"","lastModifiedDate":"2024-10-02","isFullCredit":false},{"lineNumber":3,"author":{"gitId":"KHsienKit"},"content":"## Overview","lastModifiedDate":"2024-10-02","isFullCredit":false},{"lineNumber":4,"author":{"gitId":"KHsienKit"},"content":"","lastModifiedDate":"2024-10-02","isFullCredit":false},{"lineNumber":5,"author":{"gitId":"KHsienKit"},"content":"","lastModifiedDate":"2024-10-02","isFullCredit":false},{"lineNumber":6,"author":{"gitId":"KHsienKit"},"content":"### Summary of Contributions","lastModifiedDate":"2024-10-02","isFullCredit":false}],"authorContributionMap":{"KHsienKit":6}},{"path":"docs/team/shyaamal.md","fileType":"docs","lines":[{"lineNumber":1,"author":{"gitId":"shyaamald"},"content":"# Shyaamal - Project Portfolio Page","lastModifiedDate":"2024-10-04","isFullCredit":false},{"lineNumber":2,"author":{"gitId":"shyaamald"},"content":"","lastModifiedDate":"2024-10-04","isFullCredit":false},{"lineNumber":3,"author":{"gitId":"shyaamald"},"content":"## Overview","lastModifiedDate":"2024-10-04","isFullCredit":false},{"lineNumber":4,"author":{"gitId":"shyaamald"},"content":"","lastModifiedDate":"2024-10-04","isFullCredit":false},{"lineNumber":5,"author":{"gitId":"shyaamald"},"content":"Work in Progress","lastModifiedDate":"2024-10-04","isFullCredit":false},{"lineNumber":6,"author":{"gitId":"shyaamald"},"content":"","lastModifiedDate":"2024-10-04","isFullCredit":false},{"lineNumber":7,"author":{"gitId":"shyaamald"},"content":"### Summary of Contributions","lastModifiedDate":"2024-10-04","isFullCredit":false},{"lineNumber":8,"author":{"gitId":"shyaamald"},"content":"","lastModifiedDate":"2024-10-04","isFullCredit":false},{"lineNumber":9,"author":{"gitId":"shyaamald"},"content":"Work in Progress","lastModifiedDate":"2024-10-04","isFullCredit":false}],"authorContributionMap":{"shyaamald":9}},{"path":"src/main/java/wheresmymoney/Expense.java","fileType":"functional-code","lines":[{"lineNumber":1,"author":{"gitId":"Progresst-8"},"content":"package wheresmymoney;","lastModifiedDate":"2024-09-28","isFullCredit":false},{"lineNumber":2,"author":{"gitId":"Progresst-8"},"content":"","lastModifiedDate":"2024-09-28","isFullCredit":false},{"lineNumber":3,"author":{"gitId":"Progresst-8"},"content":"public class Expense {","lastModifiedDate":"2024-09-28","isFullCredit":false},{"lineNumber":4,"author":{"gitId":"Progresst-8"},"content":"    protected float price;","lastModifiedDate":"2024-09-28","isFullCredit":false},{"lineNumber":5,"author":{"gitId":"Progresst-8"},"content":"    protected String description;","lastModifiedDate":"2024-09-28","isFullCredit":false},{"lineNumber":6,"author":{"gitId":"Progresst-8"},"content":"    protected String category;","lastModifiedDate":"2024-09-28","isFullCredit":false},{"lineNumber":7,"author":{"gitId":"Progresst-8"},"content":"","lastModifiedDate":"2024-09-28","isFullCredit":false},{"lineNumber":8,"author":{"gitId":"Progresst-8"},"content":"","lastModifiedDate":"2024-09-28","isFullCredit":false},{"lineNumber":9,"author":{"gitId":"Progresst-8"},"content":"    public Expense(float price, String description, String category) {","lastModifiedDate":"2024-09-28","isFullCredit":false},{"lineNumber":10,"author":{"gitId":"Progresst-8"},"content":"        this.price \u003d price;","lastModifiedDate":"2024-09-28","isFullCredit":false},{"lineNumber":11,"author":{"gitId":"Progresst-8"},"content":"        this.description \u003d description;","lastModifiedDate":"2024-09-28","isFullCredit":false},{"lineNumber":12,"author":{"gitId":"Progresst-8"},"content":"        this.category \u003d category;","lastModifiedDate":"2024-09-28","isFullCredit":false},{"lineNumber":13,"author":{"gitId":"Progresst-8"},"content":"    }","lastModifiedDate":"2024-09-28","isFullCredit":false},{"lineNumber":14,"author":{"gitId":"Progresst-8"},"content":"","lastModifiedDate":"2024-09-28","isFullCredit":false},{"lineNumber":15,"author":{"gitId":"Progresst-8"},"content":"    ","lastModifiedDate":"2024-09-28","isFullCredit":false},{"lineNumber":16,"author":{"gitId":"Progresst-8"},"content":"    public float getPrice() {","lastModifiedDate":"2024-09-28","isFullCredit":false},{"lineNumber":17,"author":{"gitId":"Progresst-8"},"content":"        return price;","lastModifiedDate":"2024-09-28","isFullCredit":false},{"lineNumber":18,"author":{"gitId":"Progresst-8"},"content":"    }","lastModifiedDate":"2024-09-28","isFullCredit":false},{"lineNumber":19,"author":{"gitId":"Progresst-8"},"content":"    public String getDescription() {","lastModifiedDate":"2024-09-28","isFullCredit":false},{"lineNumber":20,"author":{"gitId":"Progresst-8"},"content":"        return description;","lastModifiedDate":"2024-09-28","isFullCredit":false},{"lineNumber":21,"author":{"gitId":"Progresst-8"},"content":"    }","lastModifiedDate":"2024-09-28","isFullCredit":false},{"lineNumber":22,"author":{"gitId":"Progresst-8"},"content":"    public String getCategory() {","lastModifiedDate":"2024-09-28","isFullCredit":false},{"lineNumber":23,"author":{"gitId":"Progresst-8"},"content":"        return category;","lastModifiedDate":"2024-09-28","isFullCredit":false},{"lineNumber":24,"author":{"gitId":"Progresst-8"},"content":"    }","lastModifiedDate":"2024-09-28","isFullCredit":false},{"lineNumber":25,"author":{"gitId":"Progresst-8"},"content":"    public void setPrice(float price) {","lastModifiedDate":"2024-09-28","isFullCredit":false},{"lineNumber":26,"author":{"gitId":"Progresst-8"},"content":"        this.price \u003d price;","lastModifiedDate":"2024-09-28","isFullCredit":false},{"lineNumber":27,"author":{"gitId":"Progresst-8"},"content":"    }","lastModifiedDate":"2024-09-28","isFullCredit":false},{"lineNumber":28,"author":{"gitId":"Progresst-8"},"content":"    public void setDescription(String description) {","lastModifiedDate":"2024-09-28","isFullCredit":false},{"lineNumber":29,"author":{"gitId":"Progresst-8"},"content":"        this.description \u003d description;","lastModifiedDate":"2024-09-28","isFullCredit":false},{"lineNumber":30,"author":{"gitId":"Progresst-8"},"content":"    }","lastModifiedDate":"2024-09-28","isFullCredit":false},{"lineNumber":31,"author":{"gitId":"Progresst-8"},"content":"    public void setCategory(String category) {","lastModifiedDate":"2024-09-28","isFullCredit":false},{"lineNumber":32,"author":{"gitId":"Progresst-8"},"content":"        this.category \u003d category;","lastModifiedDate":"2024-09-28","isFullCredit":false},{"lineNumber":33,"author":{"gitId":"Progresst-8"},"content":"    }","lastModifiedDate":"2024-09-28","isFullCredit":false},{"lineNumber":34,"author":{"gitId":"Progresst-8"},"content":"","lastModifiedDate":"2024-09-28","isFullCredit":false},{"lineNumber":35,"author":{"gitId":"Progresst-8"},"content":"}","lastModifiedDate":"2024-09-28","isFullCredit":false}],"authorContributionMap":{"Progresst-8":35}},{"path":"src/main/java/wheresmymoney/ExpenseList.java","fileType":"functional-code","lines":[{"lineNumber":1,"author":{"gitId":"Progresst-8"},"content":"package wheresmymoney;","lastModifiedDate":"2024-09-28","isFullCredit":false},{"lineNumber":2,"author":{"gitId":"Progresst-8"},"content":"","lastModifiedDate":"2024-09-28","isFullCredit":false},{"lineNumber":3,"author":{"gitId":"Progresst-8"},"content":"import java.util.ArrayList;","lastModifiedDate":"2024-09-28","isFullCredit":false},{"lineNumber":4,"author":{"gitId":"Progresst-8"},"content":"import java.util.List;","lastModifiedDate":"2024-09-28","isFullCredit":false},{"lineNumber":5,"author":{"gitId":"Progresst-8"},"content":"","lastModifiedDate":"2024-09-28","isFullCredit":false},{"lineNumber":6,"author":{"gitId":"Progresst-8"},"content":"public class ExpenseList {","lastModifiedDate":"2024-10-04","isFullCredit":false},{"lineNumber":7,"author":{"gitId":"Progresst-8"},"content":"    private List\u003cExpense\u003e expenses;","lastModifiedDate":"2024-09-28","isFullCredit":false},{"lineNumber":8,"author":{"gitId":"Progresst-8"},"content":"","lastModifiedDate":"2024-09-28","isFullCredit":false},{"lineNumber":9,"author":{"gitId":"Progresst-8"},"content":"","lastModifiedDate":"2024-09-28","isFullCredit":false},{"lineNumber":10,"author":{"gitId":"Progresst-8"},"content":"    public ExpenseList() {","lastModifiedDate":"2024-10-04","isFullCredit":false},{"lineNumber":11,"author":{"gitId":"Progresst-8"},"content":"        expenses \u003d new ArrayList\u003c\u003e();","lastModifiedDate":"2024-09-28","isFullCredit":false},{"lineNumber":12,"author":{"gitId":"Progresst-8"},"content":"    }","lastModifiedDate":"2024-09-28","isFullCredit":false},{"lineNumber":13,"author":{"gitId":"Progresst-8"},"content":"","lastModifiedDate":"2024-09-28","isFullCredit":false},{"lineNumber":14,"author":{"gitId":"Progresst-8"},"content":"","lastModifiedDate":"2024-09-28","isFullCredit":false},{"lineNumber":15,"author":{"gitId":"Progresst-8"},"content":"    public List\u003cExpense\u003e getList() {","lastModifiedDate":"2024-09-28","isFullCredit":false},{"lineNumber":16,"author":{"gitId":"Progresst-8"},"content":"        return expenses;","lastModifiedDate":"2024-09-28","isFullCredit":false},{"lineNumber":17,"author":{"gitId":"Progresst-8"},"content":"    }","lastModifiedDate":"2024-09-28","isFullCredit":false},{"lineNumber":18,"author":{"gitId":"KHsienKit"},"content":"","lastModifiedDate":"2024-10-04","isFullCredit":false},{"lineNumber":19,"author":{"gitId":"Progresst-8"},"content":"    public int getTotal() {","lastModifiedDate":"2024-09-28","isFullCredit":false},{"lineNumber":20,"author":{"gitId":"Progresst-8"},"content":"        return expenses.size();","lastModifiedDate":"2024-09-28","isFullCredit":false},{"lineNumber":21,"author":{"gitId":"Progresst-8"},"content":"    }","lastModifiedDate":"2024-09-28","isFullCredit":false},{"lineNumber":22,"author":{"gitId":"KHsienKit"},"content":"","lastModifiedDate":"2024-10-04","isFullCredit":false},{"lineNumber":23,"author":{"gitId":"Progresst-8"},"content":"    public boolean isEmpty() {","lastModifiedDate":"2024-09-28","isFullCredit":false},{"lineNumber":24,"author":{"gitId":"Progresst-8"},"content":"        return expenses.isEmpty();","lastModifiedDate":"2024-09-28","isFullCredit":false},{"lineNumber":25,"author":{"gitId":"Progresst-8"},"content":"    }","lastModifiedDate":"2024-09-28","isFullCredit":false},{"lineNumber":26,"author":{"gitId":"KHsienKit"},"content":"","lastModifiedDate":"2024-10-04","isFullCredit":false},{"lineNumber":27,"author":{"gitId":"Progresst-8"},"content":"    public Expense getExpenseAtIndex(int i) {","lastModifiedDate":"2024-09-28","isFullCredit":false},{"lineNumber":28,"author":{"gitId":"Progresst-8"},"content":"        return expenses.get(i);","lastModifiedDate":"2024-09-28","isFullCredit":false},{"lineNumber":29,"author":{"gitId":"Progresst-8"},"content":"    }","lastModifiedDate":"2024-09-28","isFullCredit":false},{"lineNumber":30,"author":{"gitId":"KHsienKit"},"content":"    ","lastModifiedDate":"2024-10-04","isFullCredit":false},{"lineNumber":31,"author":{"gitId":"Progresst-8"},"content":"    public int getIndexOf(Expense expense) {","lastModifiedDate":"2024-09-28","isFullCredit":false},{"lineNumber":32,"author":{"gitId":"Progresst-8"},"content":"        return expenses.indexOf(expense);","lastModifiedDate":"2024-09-28","isFullCredit":false},{"lineNumber":33,"author":{"gitId":"Progresst-8"},"content":"    }","lastModifiedDate":"2024-09-28","isFullCredit":false},{"lineNumber":34,"author":{"gitId":"Progresst-8"},"content":"","lastModifiedDate":"2024-09-28","isFullCredit":false},{"lineNumber":35,"author":{"gitId":"Progresst-8"},"content":"","lastModifiedDate":"2024-09-28","isFullCredit":false},{"lineNumber":36,"author":{"gitId":"Progresst-8"},"content":"    public void addExpense(Expense expense) {","lastModifiedDate":"2024-09-28","isFullCredit":false},{"lineNumber":37,"author":{"gitId":"Progresst-8"},"content":"        expenses.add(expense);","lastModifiedDate":"2024-09-28","isFullCredit":false},{"lineNumber":38,"author":{"gitId":"Progresst-8"},"content":"    }","lastModifiedDate":"2024-09-28","isFullCredit":false},{"lineNumber":39,"author":{"gitId":"KHsienKit"},"content":"","lastModifiedDate":"2024-10-04","isFullCredit":false},{"lineNumber":40,"author":{"gitId":"KHsienKit"},"content":"    /**","lastModifiedDate":"2024-10-04","isFullCredit":false},{"lineNumber":41,"author":{"gitId":"KHsienKit"},"content":"     * Edit the details of an expense given its position in the list","lastModifiedDate":"2024-10-04","isFullCredit":false},{"lineNumber":42,"author":{"gitId":"KHsienKit"},"content":"     * @param index index of Expense in the list that is to be edited","lastModifiedDate":"2024-10-04","isFullCredit":false},{"lineNumber":43,"author":{"gitId":"KHsienKit"},"content":"     * @param category New category of expense","lastModifiedDate":"2024-10-04","isFullCredit":false},{"lineNumber":44,"author":{"gitId":"KHsienKit"},"content":"     * @param price New price of expense","lastModifiedDate":"2024-10-04","isFullCredit":false},{"lineNumber":45,"author":{"gitId":"KHsienKit"},"content":"     * @param description New description of expense","lastModifiedDate":"2024-10-04","isFullCredit":false},{"lineNumber":46,"author":{"gitId":"KHsienKit"},"content":"     */","lastModifiedDate":"2024-10-04","isFullCredit":false},{"lineNumber":47,"author":{"gitId":"KHsienKit"},"content":"    public void editExpense(int index, String category, float price, String description) {","lastModifiedDate":"2024-10-04","isFullCredit":false},{"lineNumber":48,"author":{"gitId":"KHsienKit"},"content":"        Expense expense \u003d expenses.get(index);","lastModifiedDate":"2024-10-04","isFullCredit":false},{"lineNumber":49,"author":{"gitId":"KHsienKit"},"content":"        expense.setCategory(category);","lastModifiedDate":"2024-10-04","isFullCredit":false},{"lineNumber":50,"author":{"gitId":"KHsienKit"},"content":"        expense.setPrice(price);","lastModifiedDate":"2024-10-04","isFullCredit":false},{"lineNumber":51,"author":{"gitId":"KHsienKit"},"content":"        expense.setDescription(description);","lastModifiedDate":"2024-10-04","isFullCredit":false},{"lineNumber":52,"author":{"gitId":"KHsienKit"},"content":"    }","lastModifiedDate":"2024-10-04","isFullCredit":false},{"lineNumber":53,"author":{"gitId":"KHsienKit"},"content":"","lastModifiedDate":"2024-10-04","isFullCredit":false},{"lineNumber":54,"author":{"gitId":"Progresst-8"},"content":"    public void deleteExpense(int i) {","lastModifiedDate":"2024-09-28","isFullCredit":false},{"lineNumber":55,"author":{"gitId":"Progresst-8"},"content":"        expenses.remove(i);","lastModifiedDate":"2024-09-28","isFullCredit":false},{"lineNumber":56,"author":{"gitId":"Progresst-8"},"content":"    }","lastModifiedDate":"2024-09-28","isFullCredit":false},{"lineNumber":57,"author":{"gitId":"Progresst-8"},"content":"","lastModifiedDate":"2024-09-28","isFullCredit":false},{"lineNumber":58,"author":{"gitId":"Progresst-8"},"content":"}","lastModifiedDate":"2024-09-28","isFullCredit":false}],"authorContributionMap":{"Progresst-8":39,"KHsienKit":19}},{"path":"src/main/java/wheresmymoney/Main.java","fileType":"functional-code","lines":[{"lineNumber":1,"author":{"gitId":"Hackin7"},"content":"package wheresmymoney;","lastModifiedDate":"2024-09-28","isFullCredit":false},{"lineNumber":2,"author":{"gitId":"Hackin7"},"content":"","lastModifiedDate":"2024-09-28","isFullCredit":false},{"lineNumber":3,"author":{"gitId":"Hackin7"},"content":"public class Main {","lastModifiedDate":"2024-09-28","isFullCredit":false},{"lineNumber":4,"author":{"gitId":"Hackin7"},"content":"    /**","lastModifiedDate":"2024-09-28","isFullCredit":false},{"lineNumber":5,"author":{"gitId":"Hackin7"},"content":"     * Main entry-point for the application","lastModifiedDate":"2024-09-28","isFullCredit":false},{"lineNumber":6,"author":{"gitId":"Hackin7"},"content":"     */","lastModifiedDate":"2024-09-28","isFullCredit":false},{"lineNumber":7,"author":{"gitId":"Hackin7"},"content":"    public static void main(String[] args) {","lastModifiedDate":"2024-09-28","isFullCredit":false},{"lineNumber":8,"author":{"gitId":"Hackin7"},"content":"        Ui ui \u003d new Ui();","lastModifiedDate":"2024-09-28","isFullCredit":false},{"lineNumber":9,"author":{"gitId":"KHsienKit"},"content":"        ExpenseList expenseList \u003d new ExpenseList();","lastModifiedDate":"2024-10-04","isFullCredit":false},{"lineNumber":10,"author":{"gitId":"KHsienKit"},"content":"        ui.run(expenseList);","lastModifiedDate":"2024-10-04","isFullCredit":false},{"lineNumber":11,"author":{"gitId":"Hackin7"},"content":"    }","lastModifiedDate":"2024-09-28","isFullCredit":false},{"lineNumber":12,"author":{"gitId":"Hackin7"},"content":"}","lastModifiedDate":"2024-09-28","isFullCredit":false}],"authorContributionMap":{"Hackin7":10,"KHsienKit":2}},{"path":"src/main/java/wheresmymoney/Parser.java","fileType":"functional-code","lines":[{"lineNumber":1,"author":{"gitId":"Hackin7"},"content":"package wheresmymoney;","lastModifiedDate":"2024-09-28","isFullCredit":false},{"lineNumber":2,"author":{"gitId":"Hackin7"},"content":"import java.util.HashMap;","lastModifiedDate":"2024-09-28","isFullCredit":false},{"lineNumber":3,"author":{"gitId":"Hackin7"},"content":"","lastModifiedDate":"2024-09-28","isFullCredit":false},{"lineNumber":4,"author":{"gitId":"Hackin7"},"content":"public class Parser{","lastModifiedDate":"2024-09-28","isFullCredit":false},{"lineNumber":5,"author":{"gitId":"Hackin7"},"content":"    public static final String ARGUMENT_COMMAND \u003d \"command\";","lastModifiedDate":"2024-09-28","isFullCredit":false},{"lineNumber":6,"author":{"gitId":"Hackin7"},"content":"    public static final String ARGUMENT_MAIN \u003d \"main\";","lastModifiedDate":"2024-09-28","isFullCredit":false},{"lineNumber":7,"author":{"gitId":"KHsienKit"},"content":"    public static final String ARGUMENT_CATEGORY \u003d \"category\";","lastModifiedDate":"2024-10-04","isFullCredit":false},{"lineNumber":8,"author":{"gitId":"KHsienKit"},"content":"    public static final String ARGUMENT_PRICE \u003d \"price\";","lastModifiedDate":"2024-10-04","isFullCredit":false},{"lineNumber":9,"author":{"gitId":"KHsienKit"},"content":"    public static final String ARGUMENT_DESCRIPTION \u003d \"description\";","lastModifiedDate":"2024-10-04","isFullCredit":false},{"lineNumber":10,"author":{"gitId":"Hackin7"},"content":"","lastModifiedDate":"2024-09-28","isFullCredit":false},{"lineNumber":11,"author":{"gitId":"Hackin7"},"content":"    /**","lastModifiedDate":"2024-09-28","isFullCredit":false},{"lineNumber":12,"author":{"gitId":"Hackin7"},"content":"     * Parses the given user input into command arguments","lastModifiedDate":"2024-09-28","isFullCredit":false},{"lineNumber":13,"author":{"gitId":"Hackin7"},"content":"     * @param line Line that a user inputs","lastModifiedDate":"2024-09-28","isFullCredit":false},{"lineNumber":14,"author":{"gitId":"Hackin7"},"content":"     * @return HashMap of Arguments, mapping the argument to its value given","lastModifiedDate":"2024-09-28","isFullCredit":false},{"lineNumber":15,"author":{"gitId":"Hackin7"},"content":"     */","lastModifiedDate":"2024-09-28","isFullCredit":false},{"lineNumber":16,"author":{"gitId":"Hackin7"},"content":"    public HashMap\u003cString, String\u003e parseCommandToArguments(String line) {","lastModifiedDate":"2024-09-28","isFullCredit":false},{"lineNumber":17,"author":{"gitId":"Hackin7"},"content":"        HashMap\u003cString, String\u003e argumentsList \u003d new HashMap\u003c\u003e();","lastModifiedDate":"2024-09-28","isFullCredit":false},{"lineNumber":18,"author":{"gitId":"Hackin7"},"content":"        String[] lineArgs \u003d line.split(\" \");","lastModifiedDate":"2024-09-28","isFullCredit":false},{"lineNumber":19,"author":{"gitId":"Hackin7"},"content":"","lastModifiedDate":"2024-09-28","isFullCredit":false},{"lineNumber":20,"author":{"gitId":"Hackin7"},"content":"        // Command","lastModifiedDate":"2024-09-28","isFullCredit":false},{"lineNumber":21,"author":{"gitId":"Hackin7"},"content":"        if (lineArgs.length \u003c\u003d 0) {","lastModifiedDate":"2024-09-28","isFullCredit":false},{"lineNumber":22,"author":{"gitId":"Hackin7"},"content":"            argumentsList.put(Parser.ARGUMENT_COMMAND,\"\");","lastModifiedDate":"2024-09-28","isFullCredit":false},{"lineNumber":23,"author":{"gitId":"Hackin7"},"content":"            return argumentsList;","lastModifiedDate":"2024-09-28","isFullCredit":false},{"lineNumber":24,"author":{"gitId":"Hackin7"},"content":"        }","lastModifiedDate":"2024-09-28","isFullCredit":false},{"lineNumber":25,"author":{"gitId":"Hackin7"},"content":"        argumentsList.put(Parser.ARGUMENT_COMMAND,lineArgs[0]);","lastModifiedDate":"2024-09-28","isFullCredit":false},{"lineNumber":26,"author":{"gitId":"Hackin7"},"content":"","lastModifiedDate":"2024-09-28","isFullCredit":false},{"lineNumber":27,"author":{"gitId":"Hackin7"},"content":"        // Arguments","lastModifiedDate":"2024-09-28","isFullCredit":false},{"lineNumber":28,"author":{"gitId":"Hackin7"},"content":"        String currArgumentName \u003d Parser.ARGUMENT_MAIN;","lastModifiedDate":"2024-09-28","isFullCredit":false},{"lineNumber":29,"author":{"gitId":"Hackin7"},"content":"        StringBuilder currArgument \u003d new StringBuilder();","lastModifiedDate":"2024-09-28","isFullCredit":false},{"lineNumber":30,"author":{"gitId":"Hackin7"},"content":"","lastModifiedDate":"2024-09-28","isFullCredit":false},{"lineNumber":31,"author":{"gitId":"Hackin7"},"content":"        for (int i\u003d1; i\u003clineArgs.length; i++) {","lastModifiedDate":"2024-09-28","isFullCredit":false},{"lineNumber":32,"author":{"gitId":"Hackin7"},"content":"            if (lineArgs[i].isEmpty()) { // Should be redundant but just in case","lastModifiedDate":"2024-09-28","isFullCredit":false},{"lineNumber":33,"author":{"gitId":"Hackin7"},"content":"                continue;","lastModifiedDate":"2024-09-28","isFullCredit":false},{"lineNumber":34,"author":{"gitId":"Hackin7"},"content":"            }","lastModifiedDate":"2024-09-28","isFullCredit":false},{"lineNumber":35,"author":{"gitId":"Hackin7"},"content":"            if (lineArgs[i].charAt(0) \u003d\u003d \u0027/\u0027) {","lastModifiedDate":"2024-09-28","isFullCredit":false},{"lineNumber":36,"author":{"gitId":"Hackin7"},"content":"                // New argument","lastModifiedDate":"2024-09-28","isFullCredit":false},{"lineNumber":37,"author":{"gitId":"Hackin7"},"content":"                if (!currArgument.toString().isEmpty()){","lastModifiedDate":"2024-09-28","isFullCredit":false},{"lineNumber":38,"author":{"gitId":"Hackin7"},"content":"                    argumentsList.put(currArgumentName, currArgument.toString().strip());","lastModifiedDate":"2024-09-28","isFullCredit":false},{"lineNumber":39,"author":{"gitId":"Hackin7"},"content":"                }","lastModifiedDate":"2024-09-28","isFullCredit":false},{"lineNumber":40,"author":{"gitId":"KHsienKit"},"content":"                currArgumentName \u003d lineArgs[i].replace(\"/\", \"\");","lastModifiedDate":"2024-10-04","isFullCredit":false},{"lineNumber":41,"author":{"gitId":"Hackin7"},"content":"                currArgument.setLength(0);","lastModifiedDate":"2024-09-28","isFullCredit":false},{"lineNumber":42,"author":{"gitId":"Hackin7"},"content":"            } else {","lastModifiedDate":"2024-09-28","isFullCredit":false},{"lineNumber":43,"author":{"gitId":"Hackin7"},"content":"                // Add on to existing argument","lastModifiedDate":"2024-09-28","isFullCredit":false},{"lineNumber":44,"author":{"gitId":"Hackin7"},"content":"                currArgument.append(\" \").append(lineArgs[i]);","lastModifiedDate":"2024-09-28","isFullCredit":false},{"lineNumber":45,"author":{"gitId":"Hackin7"},"content":"            }","lastModifiedDate":"2024-09-28","isFullCredit":false},{"lineNumber":46,"author":{"gitId":"Hackin7"},"content":"        }","lastModifiedDate":"2024-09-28","isFullCredit":false},{"lineNumber":47,"author":{"gitId":"Hackin7"},"content":"        // Add last command","lastModifiedDate":"2024-09-28","isFullCredit":false},{"lineNumber":48,"author":{"gitId":"Hackin7"},"content":"        if (!currArgument.toString().isEmpty()) {","lastModifiedDate":"2024-09-28","isFullCredit":false},{"lineNumber":49,"author":{"gitId":"Hackin7"},"content":"            argumentsList.put(currArgumentName, currArgument.toString().strip());","lastModifiedDate":"2024-09-28","isFullCredit":false},{"lineNumber":50,"author":{"gitId":"Hackin7"},"content":"        }","lastModifiedDate":"2024-09-28","isFullCredit":false},{"lineNumber":51,"author":{"gitId":"Hackin7"},"content":"        return argumentsList;","lastModifiedDate":"2024-09-28","isFullCredit":false},{"lineNumber":52,"author":{"gitId":"Hackin7"},"content":"    }","lastModifiedDate":"2024-09-28","isFullCredit":false},{"lineNumber":53,"author":{"gitId":"Hackin7"},"content":"","lastModifiedDate":"2024-09-28","isFullCredit":false},{"lineNumber":54,"author":{"gitId":"Hackin7"},"content":"    /**","lastModifiedDate":"2024-09-28","isFullCredit":false},{"lineNumber":55,"author":{"gitId":"Hackin7"},"content":"     * Matches the argument list to a related command and runs said command","lastModifiedDate":"2024-09-28","isFullCredit":false},{"lineNumber":56,"author":{"gitId":"Hackin7"},"content":"     * @param argumentsList List of arguments","lastModifiedDate":"2024-09-28","isFullCredit":false},{"lineNumber":57,"author":{"gitId":"KHsienKit"},"content":"     * @param expenseList List of expenses","lastModifiedDate":"2024-10-04","isFullCredit":false},{"lineNumber":58,"author":{"gitId":"Hackin7"},"content":"     * @return Whether to continue running the program","lastModifiedDate":"2024-09-28","isFullCredit":false},{"lineNumber":59,"author":{"gitId":"Hackin7"},"content":"     * @throws Exception If command fails to run","lastModifiedDate":"2024-09-28","isFullCredit":false},{"lineNumber":60,"author":{"gitId":"Hackin7"},"content":"     */","lastModifiedDate":"2024-09-28","isFullCredit":false},{"lineNumber":61,"author":{"gitId":"KHsienKit"},"content":"    public boolean commandMatching(HashMap\u003cString, String\u003e argumentsList, ExpenseList expenseList) ","lastModifiedDate":"2024-10-04","isFullCredit":false},{"lineNumber":62,"author":{"gitId":"KHsienKit"},"content":"            throws WheresMyMoneyException {","lastModifiedDate":"2024-10-04","isFullCredit":false},{"lineNumber":63,"author":{"gitId":"Hackin7"},"content":"        switch(argumentsList.get(Parser.ARGUMENT_COMMAND)){","lastModifiedDate":"2024-09-28","isFullCredit":false},{"lineNumber":64,"author":{"gitId":"Hackin7"},"content":"        case \"bye\":","lastModifiedDate":"2024-09-28","isFullCredit":false},{"lineNumber":65,"author":{"gitId":"Hackin7"},"content":"            System.out.println(\"Bye. Hope to see you again soon!\");","lastModifiedDate":"2024-09-28","isFullCredit":false},{"lineNumber":66,"author":{"gitId":"Hackin7"},"content":"            return false;","lastModifiedDate":"2024-09-28","isFullCredit":false},{"lineNumber":67,"author":{"gitId":"KHsienKit"},"content":"        case \"edit\":","lastModifiedDate":"2024-10-04","isFullCredit":false},{"lineNumber":68,"author":{"gitId":"KHsienKit"},"content":"            int index \u003d Integer.parseInt(argumentsList.get(Parser.ARGUMENT_MAIN)) - 1;","lastModifiedDate":"2024-10-04","isFullCredit":false},{"lineNumber":69,"author":{"gitId":"KHsienKit"},"content":"            String category \u003d argumentsList.get(Parser.ARGUMENT_CATEGORY);","lastModifiedDate":"2024-10-04","isFullCredit":false},{"lineNumber":70,"author":{"gitId":"KHsienKit"},"content":"            float price \u003d Float.parseFloat(argumentsList.get(Parser.ARGUMENT_PRICE));","lastModifiedDate":"2024-10-04","isFullCredit":false},{"lineNumber":71,"author":{"gitId":"KHsienKit"},"content":"            String description \u003d argumentsList.get(Parser.ARGUMENT_DESCRIPTION);","lastModifiedDate":"2024-10-04","isFullCredit":false},{"lineNumber":72,"author":{"gitId":"KHsienKit"},"content":"            expenseList.editExpense(index, category, price, description);","lastModifiedDate":"2024-10-04","isFullCredit":false},{"lineNumber":73,"author":{"gitId":"KHsienKit"},"content":"            break;","lastModifiedDate":"2024-10-04","isFullCredit":false},{"lineNumber":74,"author":{"gitId":"KHsienKit"},"content":"        case \"help\":","lastModifiedDate":"2024-10-04","isFullCredit":false},{"lineNumber":75,"author":{"gitId":"KHsienKit"},"content":"            Ui.displayHelp();","lastModifiedDate":"2024-10-04","isFullCredit":false},{"lineNumber":76,"author":{"gitId":"KHsienKit"},"content":"            break;","lastModifiedDate":"2024-10-04","isFullCredit":false},{"lineNumber":77,"author":{"gitId":"Hackin7"},"content":"        default:","lastModifiedDate":"2024-09-28","isFullCredit":false},{"lineNumber":78,"author":{"gitId":"Hackin7"},"content":"            System.out.println(\"No valid command given!\");","lastModifiedDate":"2024-09-28","isFullCredit":false},{"lineNumber":79,"author":{"gitId":"Hackin7"},"content":"            break;","lastModifiedDate":"2024-09-28","isFullCredit":false},{"lineNumber":80,"author":{"gitId":"Hackin7"},"content":"        }","lastModifiedDate":"2024-09-28","isFullCredit":false},{"lineNumber":81,"author":{"gitId":"Hackin7"},"content":"        return true;","lastModifiedDate":"2024-09-28","isFullCredit":false},{"lineNumber":82,"author":{"gitId":"Hackin7"},"content":"    }","lastModifiedDate":"2024-09-28","isFullCredit":false},{"lineNumber":83,"author":{"gitId":"Hackin7"},"content":"}","lastModifiedDate":"2024-09-28","isFullCredit":false}],"authorContributionMap":{"Hackin7":66,"KHsienKit":17}},{"path":"src/main/java/wheresmymoney/Ui.java","fileType":"functional-code","lines":[{"lineNumber":1,"author":{"gitId":"Hackin7"},"content":"package wheresmymoney;","lastModifiedDate":"2024-09-28","isFullCredit":false},{"lineNumber":2,"author":{"gitId":"Hackin7"},"content":"import java.util.HashMap;","lastModifiedDate":"2024-09-28","isFullCredit":false},{"lineNumber":3,"author":{"gitId":"Hackin7"},"content":"import java.util.Scanner;","lastModifiedDate":"2024-09-28","isFullCredit":false},{"lineNumber":4,"author":{"gitId":"Hackin7"},"content":"","lastModifiedDate":"2024-09-28","isFullCredit":false},{"lineNumber":5,"author":{"gitId":"Hackin7"},"content":"public class Ui {","lastModifiedDate":"2024-09-28","isFullCredit":false},{"lineNumber":6,"author":{"gitId":"Hackin7"},"content":"    public Parser parser;","lastModifiedDate":"2024-09-28","isFullCredit":false},{"lineNumber":7,"author":{"gitId":"Hackin7"},"content":"    public Ui(){","lastModifiedDate":"2024-09-28","isFullCredit":false},{"lineNumber":8,"author":{"gitId":"Hackin7"},"content":"        parser \u003d new Parser();","lastModifiedDate":"2024-09-28","isFullCredit":false},{"lineNumber":9,"author":{"gitId":"Hackin7"},"content":"    }","lastModifiedDate":"2024-09-28","isFullCredit":false},{"lineNumber":10,"author":{"gitId":"Hackin7"},"content":"","lastModifiedDate":"2024-09-28","isFullCredit":false},{"lineNumber":11,"author":{"gitId":"Hackin7"},"content":"    /**","lastModifiedDate":"2024-09-28","isFullCredit":false},{"lineNumber":12,"author":{"gitId":"Hackin7"},"content":"     * Displays an Introductory message to the user","lastModifiedDate":"2024-09-28","isFullCredit":false},{"lineNumber":13,"author":{"gitId":"Hackin7"},"content":"     */","lastModifiedDate":"2024-09-28","isFullCredit":false},{"lineNumber":14,"author":{"gitId":"Hackin7"},"content":"    public static void displayIntroText() {","lastModifiedDate":"2024-09-28","isFullCredit":false},{"lineNumber":15,"author":{"gitId":"Hackin7"},"content":"        System.out.println(\"WheresMyMoney\");","lastModifiedDate":"2024-09-28","isFullCredit":false},{"lineNumber":16,"author":{"gitId":"Hackin7"},"content":"        System.out.println(\"What can I do for you?\");","lastModifiedDate":"2024-09-28","isFullCredit":false},{"lineNumber":17,"author":{"gitId":"Hackin7"},"content":"    }","lastModifiedDate":"2024-09-28","isFullCredit":false},{"lineNumber":18,"author":{"gitId":"Hackin7"},"content":"","lastModifiedDate":"2024-09-28","isFullCredit":false},{"lineNumber":19,"author":{"gitId":"KHsienKit"},"content":"    /**","lastModifiedDate":"2024-10-04","isFullCredit":false},{"lineNumber":20,"author":{"gitId":"KHsienKit"},"content":"     * Displays list of all commands and its format and usage","lastModifiedDate":"2024-10-04","isFullCredit":false},{"lineNumber":21,"author":{"gitId":"KHsienKit"},"content":"     */","lastModifiedDate":"2024-10-04","isFullCredit":false},{"lineNumber":22,"author":{"gitId":"KHsienKit"},"content":"    public static void displayHelp() {","lastModifiedDate":"2024-10-04","isFullCredit":false},{"lineNumber":23,"author":{"gitId":"KHsienKit"},"content":"        System.out.println(\"Here are the list of commands\");","lastModifiedDate":"2024-10-04","isFullCredit":false},{"lineNumber":24,"author":{"gitId":"KHsienKit"},"content":"        System.out.println(\"Take note that any words in SCREAMING_SNAKE_CASE is a parameter\");","lastModifiedDate":"2024-10-04","isFullCredit":false},{"lineNumber":25,"author":{"gitId":"KHsienKit"},"content":"        System.out.println(\"\");","lastModifiedDate":"2024-10-04","isFullCredit":false},{"lineNumber":26,"author":{"gitId":"KHsienKit"},"content":"","lastModifiedDate":"2024-10-04","isFullCredit":false},{"lineNumber":27,"author":{"gitId":"KHsienKit"},"content":"        System.out.println(\"Use the add command to add an expense\");","lastModifiedDate":"2024-10-04","isFullCredit":false},{"lineNumber":28,"author":{"gitId":"KHsienKit"},"content":"        System.out.println(\"Format:  add [/price PRICE] [/description DESCRIPTION] [/category CATEGORY]\");","lastModifiedDate":"2024-10-04","isFullCredit":false},{"lineNumber":29,"author":{"gitId":"KHsienKit"},"content":"        System.out.println(\"Notes:\");","lastModifiedDate":"2024-10-04","isFullCredit":false},{"lineNumber":30,"author":{"gitId":"KHsienKit"},"content":"        System.out.println(\"    - Price is a decimal number\");","lastModifiedDate":"2024-10-04","isFullCredit":false},{"lineNumber":31,"author":{"gitId":"KHsienKit"},"content":"        System.out.println(\"    - Description and Category are Text\");","lastModifiedDate":"2024-10-04","isFullCredit":false},{"lineNumber":32,"author":{"gitId":"KHsienKit"},"content":"        System.out.println(\"Examples: add /price 4.50 /description chicken rice /category food\");","lastModifiedDate":"2024-10-04","isFullCredit":false},{"lineNumber":33,"author":{"gitId":"KHsienKit"},"content":"        System.out.println(\"\");","lastModifiedDate":"2024-10-04","isFullCredit":false},{"lineNumber":34,"author":{"gitId":"KHsienKit"},"content":"","lastModifiedDate":"2024-10-04","isFullCredit":false},{"lineNumber":35,"author":{"gitId":"KHsienKit"},"content":"        System.out.println(\"Use the edit command to edit an expense\");","lastModifiedDate":"2024-10-04","isFullCredit":false},{"lineNumber":36,"author":{"gitId":"KHsienKit"},"content":"        System.out.println(\"Format: edit INDEX [/price PRICE] [/description DESCRIPTION] [/category CATEGORY]\");","lastModifiedDate":"2024-10-04","isFullCredit":false},{"lineNumber":37,"author":{"gitId":"KHsienKit"},"content":"        System.out.println(\"Notes:\");","lastModifiedDate":"2024-10-04","isFullCredit":false},{"lineNumber":38,"author":{"gitId":"KHsienKit"},"content":"        System.out.println(\"    - Price is a decimal number\");","lastModifiedDate":"2024-10-04","isFullCredit":false},{"lineNumber":39,"author":{"gitId":"KHsienKit"},"content":"        System.out.println(\"    - Description and Category are Text\");","lastModifiedDate":"2024-10-04","isFullCredit":false},{"lineNumber":40,"author":{"gitId":"KHsienKit"},"content":"        System.out.println(\"    - All parameters are optional and only the parameters that are\" + ","lastModifiedDate":"2024-10-04","isFullCredit":false},{"lineNumber":41,"author":{"gitId":"KHsienKit"},"content":"                \"inputted will be reflected after the edit\");","lastModifiedDate":"2024-10-04","isFullCredit":false},{"lineNumber":42,"author":{"gitId":"KHsienKit"},"content":"        System.out.println(\"Examples: edit 1 /price 5.50 /description chicken rice /category food\");","lastModifiedDate":"2024-10-04","isFullCredit":false},{"lineNumber":43,"author":{"gitId":"KHsienKit"},"content":"        System.out.println(\"\");","lastModifiedDate":"2024-10-04","isFullCredit":false},{"lineNumber":44,"author":{"gitId":"KHsienKit"},"content":"","lastModifiedDate":"2024-10-04","isFullCredit":false},{"lineNumber":45,"author":{"gitId":"KHsienKit"},"content":"        System.out.println(\"Use the delete command to delete an expense\");","lastModifiedDate":"2024-10-04","isFullCredit":false},{"lineNumber":46,"author":{"gitId":"KHsienKit"},"content":"        System.out.println(\"Format:  delete [INDEX]\");","lastModifiedDate":"2024-10-04","isFullCredit":false},{"lineNumber":47,"author":{"gitId":"KHsienKit"},"content":"        System.out.println(\"Examples: delete 2\");","lastModifiedDate":"2024-10-04","isFullCredit":false},{"lineNumber":48,"author":{"gitId":"KHsienKit"},"content":"        System.out.println(\"\");","lastModifiedDate":"2024-10-04","isFullCredit":false},{"lineNumber":49,"author":{"gitId":"KHsienKit"},"content":"","lastModifiedDate":"2024-10-04","isFullCredit":false},{"lineNumber":50,"author":{"gitId":"KHsienKit"},"content":"        System.out.println(\"Use the list command to display expenses and gives the sum of all expenses listed\");","lastModifiedDate":"2024-10-04","isFullCredit":false},{"lineNumber":51,"author":{"gitId":"KHsienKit"},"content":"        System.out.println(\"Format:  list [/category CATEGORY]\");","lastModifiedDate":"2024-10-04","isFullCredit":false},{"lineNumber":52,"author":{"gitId":"KHsienKit"},"content":"        System.out.println(\"Notes:\");","lastModifiedDate":"2024-10-04","isFullCredit":false},{"lineNumber":53,"author":{"gitId":"KHsienKit"},"content":"        System.out.println(\"    - Category is text\");","lastModifiedDate":"2024-10-04","isFullCredit":false},{"lineNumber":54,"author":{"gitId":"KHsienKit"},"content":"        System.out.println(\"    - Lists all expenses the user has if the category is not specified\");","lastModifiedDate":"2024-10-04","isFullCredit":false},{"lineNumber":55,"author":{"gitId":"KHsienKit"},"content":"        System.out.println(\"    - Lists all expenses with that category if specified\");","lastModifiedDate":"2024-10-04","isFullCredit":false},{"lineNumber":56,"author":{"gitId":"KHsienKit"},"content":"        System.out.println(\"Examples: list /category food\");","lastModifiedDate":"2024-10-04","isFullCredit":false},{"lineNumber":57,"author":{"gitId":"KHsienKit"},"content":"        System.out.println(\"\");","lastModifiedDate":"2024-10-04","isFullCredit":false},{"lineNumber":58,"author":{"gitId":"KHsienKit"},"content":"    }","lastModifiedDate":"2024-10-04","isFullCredit":false},{"lineNumber":59,"author":{"gitId":"KHsienKit"},"content":"","lastModifiedDate":"2024-10-04","isFullCredit":false},{"lineNumber":60,"author":{"gitId":"Hackin7"},"content":"    /**","lastModifiedDate":"2024-09-28","isFullCredit":false},{"lineNumber":61,"author":{"gitId":"Hackin7"},"content":"     * Runs a loop where the user can enter commands, until they exit","lastModifiedDate":"2024-09-28","isFullCredit":false},{"lineNumber":62,"author":{"gitId":"KHsienKit"},"content":"     * @param expenseList Object representing the list of expenses","lastModifiedDate":"2024-10-04","isFullCredit":false},{"lineNumber":63,"author":{"gitId":"Hackin7"},"content":"     */","lastModifiedDate":"2024-09-28","isFullCredit":false},{"lineNumber":64,"author":{"gitId":"KHsienKit"},"content":"    public void commandEntryLoop(ExpenseList expenseList) {","lastModifiedDate":"2024-10-04","isFullCredit":false},{"lineNumber":65,"author":{"gitId":"Hackin7"},"content":"        // Command Entry","lastModifiedDate":"2024-09-28","isFullCredit":false},{"lineNumber":66,"author":{"gitId":"Hackin7"},"content":"        String line;","lastModifiedDate":"2024-09-28","isFullCredit":false},{"lineNumber":67,"author":{"gitId":"Hackin7"},"content":"        HashMap\u003cString, String\u003e argumentsList;","lastModifiedDate":"2024-09-28","isFullCredit":false},{"lineNumber":68,"author":{"gitId":"Hackin7"},"content":"        Scanner scanner \u003d new Scanner(System.in);","lastModifiedDate":"2024-09-28","isFullCredit":false},{"lineNumber":69,"author":{"gitId":"Hackin7"},"content":"        boolean isAskingInput \u003d true;","lastModifiedDate":"2024-09-28","isFullCredit":false},{"lineNumber":70,"author":{"gitId":"Hackin7"},"content":"        while (isAskingInput){","lastModifiedDate":"2024-09-28","isFullCredit":false},{"lineNumber":71,"author":{"gitId":"Hackin7"},"content":"            System.out.print(\"\u003e \");","lastModifiedDate":"2024-09-28","isFullCredit":false},{"lineNumber":72,"author":{"gitId":"Hackin7"},"content":"            line \u003d scanner.nextLine();","lastModifiedDate":"2024-09-28","isFullCredit":false},{"lineNumber":73,"author":{"gitId":"Hackin7"},"content":"            argumentsList \u003d parser.parseCommandToArguments(line);","lastModifiedDate":"2024-09-28","isFullCredit":false},{"lineNumber":74,"author":{"gitId":"Hackin7"},"content":"            try {","lastModifiedDate":"2024-09-28","isFullCredit":false},{"lineNumber":75,"author":{"gitId":"KHsienKit"},"content":"                isAskingInput \u003d parser.commandMatching(argumentsList, expenseList);","lastModifiedDate":"2024-10-04","isFullCredit":false},{"lineNumber":76,"author":{"gitId":"Hackin7"},"content":"            } catch (WheresMyMoneyException e){","lastModifiedDate":"2024-09-28","isFullCredit":false},{"lineNumber":77,"author":{"gitId":"Hackin7"},"content":"                System.out.println(e.getMessage());","lastModifiedDate":"2024-09-28","isFullCredit":false},{"lineNumber":78,"author":{"gitId":"Hackin7"},"content":"            }","lastModifiedDate":"2024-09-28","isFullCredit":false},{"lineNumber":79,"author":{"gitId":"Hackin7"},"content":"        }","lastModifiedDate":"2024-09-28","isFullCredit":false},{"lineNumber":80,"author":{"gitId":"KHsienKit"},"content":"        scanner.close();","lastModifiedDate":"2024-10-04","isFullCredit":false},{"lineNumber":81,"author":{"gitId":"Hackin7"},"content":"    }","lastModifiedDate":"2024-09-28","isFullCredit":false},{"lineNumber":82,"author":{"gitId":"Hackin7"},"content":"","lastModifiedDate":"2024-09-28","isFullCredit":false},{"lineNumber":83,"author":{"gitId":"Hackin7"},"content":"    /**","lastModifiedDate":"2024-09-28","isFullCredit":false},{"lineNumber":84,"author":{"gitId":"Hackin7"},"content":"     * Runs the entire program","lastModifiedDate":"2024-09-28","isFullCredit":false},{"lineNumber":85,"author":{"gitId":"KHsienKit"},"content":"     * @param expenseList Object representing the list of expenses","lastModifiedDate":"2024-10-04","isFullCredit":false},{"lineNumber":86,"author":{"gitId":"Hackin7"},"content":"     */","lastModifiedDate":"2024-09-28","isFullCredit":false},{"lineNumber":87,"author":{"gitId":"KHsienKit"},"content":"    public void run(ExpenseList expenseList){","lastModifiedDate":"2024-10-04","isFullCredit":false},{"lineNumber":88,"author":{"gitId":"Hackin7"},"content":"        displayIntroText();","lastModifiedDate":"2024-09-28","isFullCredit":false},{"lineNumber":89,"author":{"gitId":"KHsienKit"},"content":"        commandEntryLoop(expenseList);","lastModifiedDate":"2024-10-04","isFullCredit":false},{"lineNumber":90,"author":{"gitId":"Hackin7"},"content":"    }","lastModifiedDate":"2024-09-28","isFullCredit":false},{"lineNumber":91,"author":{"gitId":"Hackin7"},"content":"}","lastModifiedDate":"2024-09-28","isFullCredit":false}],"authorContributionMap":{"Hackin7":43,"KHsienKit":48}},{"path":"src/main/java/wheresmymoney/WheresMyMoneyException.java","fileType":"functional-code","lines":[{"lineNumber":1,"author":{"gitId":"Hackin7"},"content":"package wheresmymoney;","lastModifiedDate":"2024-09-28","isFullCredit":false},{"lineNumber":2,"author":{"gitId":"Hackin7"},"content":"public class WheresMyMoneyException extends Exception {","lastModifiedDate":"2024-09-28","isFullCredit":false},{"lineNumber":3,"author":{"gitId":"Hackin7"},"content":"    /**","lastModifiedDate":"2024-09-28","isFullCredit":false},{"lineNumber":4,"author":{"gitId":"Hackin7"},"content":"     * Creates WheresMyMoneyException","lastModifiedDate":"2024-09-28","isFullCredit":false},{"lineNumber":5,"author":{"gitId":"Hackin7"},"content":"     * @param errorMessage Error Message","lastModifiedDate":"2024-09-28","isFullCredit":false},{"lineNumber":6,"author":{"gitId":"Hackin7"},"content":"     */","lastModifiedDate":"2024-09-28","isFullCredit":false},{"lineNumber":7,"author":{"gitId":"Hackin7"},"content":"    public WheresMyMoneyException(String errorMessage) {","lastModifiedDate":"2024-09-28","isFullCredit":false},{"lineNumber":8,"author":{"gitId":"Hackin7"},"content":"        super(errorMessage);","lastModifiedDate":"2024-09-28","isFullCredit":false},{"lineNumber":9,"author":{"gitId":"Hackin7"},"content":"    }","lastModifiedDate":"2024-09-28","isFullCredit":false},{"lineNumber":10,"author":{"gitId":"Hackin7"},"content":"}","lastModifiedDate":"2024-09-28","isFullCredit":false}],"authorContributionMap":{"Hackin7":10}},{"path":"src/test/java/wheresmymoney/MainTest.java","fileType":"test-code","lines":[{"lineNumber":1,"author":{"gitId":"Hackin7"},"content":"package wheresmymoney;","lastModifiedDate":"2024-09-28","isFullCredit":false},{"lineNumber":2,"author":{"gitId":"-"},"content":"","lastModifiedDate":"2020-05-24","isFullCredit":false},{"lineNumber":3,"author":{"gitId":"-"},"content":"import static org.junit.jupiter.api.Assertions.assertTrue;","lastModifiedDate":"2020-05-24","isFullCredit":false},{"lineNumber":4,"author":{"gitId":"-"},"content":"","lastModifiedDate":"2020-05-24","isFullCredit":false},{"lineNumber":5,"author":{"gitId":"-"},"content":"import org.junit.jupiter.api.Test;","lastModifiedDate":"2020-05-24","isFullCredit":false},{"lineNumber":6,"author":{"gitId":"-"},"content":"","lastModifiedDate":"2020-05-24","isFullCredit":false},{"lineNumber":7,"author":{"gitId":"Hackin7"},"content":"class MainTest {","lastModifiedDate":"2024-09-28","isFullCredit":false},{"lineNumber":8,"author":{"gitId":"-"},"content":"    @Test","lastModifiedDate":"2020-05-24","isFullCredit":false},{"lineNumber":9,"author":{"gitId":"-"},"content":"    public void sampleTest() {","lastModifiedDate":"2020-05-24","isFullCredit":false},{"lineNumber":10,"author":{"gitId":"-"},"content":"        assertTrue(true);","lastModifiedDate":"2020-05-24","isFullCredit":false},{"lineNumber":11,"author":{"gitId":"-"},"content":"    }","lastModifiedDate":"2020-05-24","isFullCredit":false},{"lineNumber":12,"author":{"gitId":"-"},"content":"}","lastModifiedDate":"2020-05-24","isFullCredit":false}],"authorContributionMap":{"Hackin7":2,"-":10}}]
