{"authorDailyContributionsMap":{"Progresst-8":[{"date":"2024-09-28","commitResults":[{"hash":"cc916a68e56f27c874ba32c365d9f4169beca9b1","isMergeCommit":true,"messageTitle":"Merge branch \u0027master\u0027 of https://github.com/Progresst-8/tp","messageBody":"","fileTypesAndContributionMap":{}},{"hash":"e1019d3507026c732b8c7e63f35b9731e5050a72","isMergeCommit":false,"messageTitle":"Add Expense and ExpenseHandler classes","messageBody":"","fileTypesAndContributionMap":{"functional-code":{"insertions":72,"deletions":0}}},{"hash":"3c3c5ad9031b0ac53176777548530f6f4203306b","isMergeCommit":false,"messageTitle":"Remove my comments","messageBody":"","fileTypesAndContributionMap":{"functional-code":{"insertions":6,"deletions":4}}}]},{"date":"2024-10-02","commitResults":[{"hash":"f4fe52e1a05a8790211799da89f3fc0de96253a5","isMergeCommit":false,"messageTitle":"Add my name to AboutUs file","messageBody":"","fileTypesAndContributionMap":{"docs":{"insertions":3,"deletions":7}}},{"hash":"a186e8cbd3ee872ba043f68f980e38eed3dbcdc5","isMergeCommit":false,"messageTitle":"Add GitHub and Portfolio in AboutUs","messageBody":"","fileTypesAndContributionMap":{"docs":{"insertions":1,"deletions":1}}},{"hash":"3768d061a8b50429b0aaf378a69c83d097cb2d23","isMergeCommit":true,"messageTitle":"Merge branch \u0027master\u0027 of https://github.com/AY2425S1-CS2113-W12-3/tp into Kylan-AboutUs","messageBody":"# Conflicts:\n#\tdocs/AboutUs.md\n","fileTypesAndContributionMap":{}}]},{"date":"2024-10-04","commitResults":[{"hash":"4c048c74741caf6aeeaa2939b79d152d9e889002","isMergeCommit":true,"messageTitle":"Merge branch \u0027master\u0027 of https://github.com/AY2425S1-CS2113-W12-3/tp into Add-ExpenseHandler","messageBody":"","fileTypesAndContributionMap":{}},{"hash":"dce66f9e7dc3bc83d54d8b989617f92b4ee6f58b","isMergeCommit":false,"messageTitle":"Change class name","messageBody":"","fileTypesAndContributionMap":{"other":{"insertions":2,"deletions":2}}}]}],"Hackin7":[{"date":"2024-09-28","commitResults":[{"hash":"e39570fd145c57045994432819c6446bf6e8f7b7","isMergeCommit":false,"messageTitle":"Refactor Main","messageBody":"","fileTypesAndContributionMap":{"functional-code":{"insertions":13,"deletions":21}}},{"hash":"b8cf6adbd4929562b8f129b0bdeabfd3a14d021f","isMergeCommit":false,"messageTitle":"Add Parser, Ui, Exception","messageBody":"","fileTypesAndContributionMap":{"functional-code":{"insertions":129,"deletions":5},"other":{"insertions":4,"deletions":3}}},{"hash":"ca3c9585164fbf2805fc8f8610ba38c9fd6d019d","isMergeCommit":false,"messageTitle":"Fix Gradle Style issues","messageBody":"","fileTypesAndContributionMap":{"other":{"insertions":11,"deletions":13}}}]},{"date":"2024-10-02","commitResults":[{"hash":"b15d7352666d0a28b92aec186d891b6058cf176a","isMergeCommit":false,"messageTitle":"Add Terence to AboutUs.md","messageBody":"","fileTypesAndContributionMap":{"docs":{"insertions":13,"deletions":7}}},{"hash":"0dc3db7362ce606ecfd38ec590ec773f905678bc","isMergeCommit":true,"messageTitle":"Merge pull request #12 from KHsienKit/HsienKit-AboutUs","messageBody":"Add HsienKit to AboutUs.md","fileTypesAndContributionMap":{}},{"hash":"5c03a221f32264e46bc0cde79ea75dcd64317fc3","isMergeCommit":true,"messageTitle":"Merge branch \u0027master\u0027 into MinhDuc-AboutUs","messageBody":"","fileTypesAndContributionMap":{}},{"hash":"8d496ac6ee450440f39b792e3b9c026751e15a2f","isMergeCommit":true,"messageTitle":"Merge pull request #13 from AndrewNguyen4/MinhDuc-AboutUs","messageBody":"About Us - Minh Duc","fileTypesAndContributionMap":{}}]},{"date":"2024-10-04","commitResults":[{"hash":"f17408e92908930302f0a06e7fd1f9f0cfeb1ba5","isMergeCommit":true,"messageTitle":"Merge pull request #17 from KHsienKit/Edit-Command","messageBody":"Add edit command","fileTypesAndContributionMap":{}},{"hash":"59067efc13ddf6fae6f8a4f04d84140d63dd0e93","isMergeCommit":true,"messageTitle":"Merge pull request #18 from KHsienKit/Help-Command","messageBody":"Add help command","fileTypesAndContributionMap":{}}]},{"date":"2024-10-05","commitResults":[{"hash":"8fc22e961525669c1d91de9381fe4b796bae9cfc","isMergeCommit":true,"messageTitle":"Merge pull request #19 from AndrewNguyen4/Add-Expense-Command","messageBody":"Add support for adding expenses","fileTypesAndContributionMap":{}}]}],"KHsienKit":[{"date":"2024-09-28","commitResults":[{"hash":"edaac489ad4b91974b63b45f24a84c1e9b8fd02a","isMergeCommit":true,"messageTitle":"Merge pull request #9 from Hackin7/Add-Parser","messageBody":"Add Parser and other Skeleton Code","fileTypesAndContributionMap":{}}]},{"date":"2024-10-02","commitResults":[{"hash":"8a897da3c37fec5f11458a332bd3154502b8474a","isMergeCommit":false,"messageTitle":"Add hsienkit.md to docs/team/","messageBody":"","fileTypesAndContributionMap":{"docs":{"insertions":6,"deletions":0}}},{"hash":"b5f11ca3c4b8976a5416d50473885e73ac2dc910","isMergeCommit":false,"messageTitle":"Add Hsien Kit details to AboutUs.md","messageBody":"","fileTypesAndContributionMap":{"docs":{"insertions":1,"deletions":7}}},{"hash":"028193c586f65b57818c51e778d866e8acb67e22","isMergeCommit":true,"messageTitle":"Merge pull request #14 from Hackin7/Terence-AboutUs","messageBody":"Add Terence to AboutUs.md","fileTypesAndContributionMap":{}},{"hash":"c7d8a740eb208b84c769352cff3dc1c724623079","isMergeCommit":true,"messageTitle":"Merge pull request #11 from Hackin7/Fix-Week-6","messageBody":"Fix text-ui-test","fileTypesAndContributionMap":{}},{"hash":"3e5b74ce229a50ddd79f54b6e3175f7f90cf55cc","isMergeCommit":true,"messageTitle":"Merge branch \u0027master\u0027 into HsienKit-AboutUs","messageBody":"","fileTypesAndContributionMap":{}},{"hash":"377b9127879050abc6338a8aa6eceee478fb6706","isMergeCommit":false,"messageTitle":"Add HsienKit github profile to AboutUs.md","messageBody":"","fileTypesAndContributionMap":{"docs":{"insertions":1,"deletions":1}}},{"hash":"03b462dd6a216ecb4abe3fe08795752c86d48d01","isMergeCommit":true,"messageTitle":"Merge pull request #15 from Progresst-8/Kylan-AboutUs","messageBody":"Update tP AboutUs markdown file","fileTypesAndContributionMap":{}}]},{"date":"2024-10-04","commitResults":[{"hash":"43657b6df84a31bddc809a46b8b9451afd9a4bfc","isMergeCommit":true,"messageTitle":"Merge pull request #16 from shyaamald/shyaamal-AboutUs","messageBody":"Update AboutUs.md","fileTypesAndContributionMap":{}},{"hash":"6493cd96ebe27c9f309429bd8b69ca00b5033931","isMergeCommit":true,"messageTitle":"Merge pull request #10 from Progresst-8/Add-ExpenseHandler","messageBody":"Add classes for expenses and a collection of expenses","fileTypesAndContributionMap":{}},{"hash":"6c0b4d8fd8ecaac49aac4e8b19f72a9120ef4809","isMergeCommit":false,"messageTitle":"Add scanner.close() when exiting app","messageBody":"","fileTypesAndContributionMap":{"functional-code":{"insertions":1,"deletions":0}}},{"hash":"0a29ae421c93050d7e6d615d0a1aa2d90bc7ace6","isMergeCommit":false,"messageTitle":"Create instantiation of expenseList","messageBody":"","fileTypesAndContributionMap":{"functional-code":{"insertions":13,"deletions":6}}},{"hash":"fd490208684859458c6082ac1df2735d730cbdba","isMergeCommit":false,"messageTitle":"Remove \"/\" from currArgumentName in Parser","messageBody":"currArgumentName had \"/\" at the beginning of the String. This makes the keys of the hasmap have a \"/\" at the beggining which looks messy and unintuitive\nAfter the change, all keys will be a String that do not begin with a \"/\"\n","fileTypesAndContributionMap":{"functional-code":{"insertions":6,"deletions":2}}},{"hash":"7c57688db02d9937d92565b8df6af364a2ad2a71","isMergeCommit":false,"messageTitle":"Add edit expense feature","messageBody":"","fileTypesAndContributionMap":{"functional-code":{"insertions":17,"deletions":0}}},{"hash":"849773c09a27c88c802b1da98a5664f430604833","isMergeCommit":false,"messageTitle":"Fix edit command bug","messageBody":"","fileTypesAndContributionMap":{"functional-code":{"insertions":1,"deletions":3}}},{"hash":"ffa21d31baed8872c408899a47a0a79a7891895f","isMergeCommit":false,"messageTitle":"Add javadoc for editExpense command","messageBody":"","fileTypesAndContributionMap":{"functional-code":{"insertions":7,"deletions":0}}},{"hash":"5ac1ddb4bf4db8f708a405ae6a3984a3cb427afe","isMergeCommit":false,"messageTitle":"Shorten line 62 length in Parser.java","messageBody":"","fileTypesAndContributionMap":{"functional-code":{"insertions":2,"deletions":1}}},{"hash":"59458da04978d9e4676526169980298e18216339","isMergeCommit":false,"messageTitle":"Add help command","messageBody":"","fileTypesAndContributionMap":{"functional-code":{"insertions":46,"deletions":2}}}]}],"shyaamald":[{"date":"2024-10-02","commitResults":[{"hash":"2b42ac9493d2d72d2e160b50e050ba5683cdade1","isMergeCommit":false,"messageTitle":"Update AboutUs.md","messageBody":"","fileTypesAndContributionMap":{"docs":{"insertions":3,"deletions":7}}}]},{"date":"2024-10-03","commitResults":[{"hash":"069cb3684d8b76c217cea6ebb1a3ce3205dcaf9d","isMergeCommit":false,"messageTitle":"Revert \"Update AboutUs.md\"","messageBody":"This reverts commit 2b42ac9493d2d72d2e160b50e050ba5683cdade1.\n","fileTypesAndContributionMap":{"docs":{"insertions":7,"deletions":3}}}]},{"date":"2024-10-04","commitResults":[{"hash":"5ea0476d228a63bfdfa0f623c051abaf45ad70cb","isMergeCommit":true,"messageTitle":"Merge branch \u0027master\u0027 of https://github.com/AY2425S1-CS2113-W12-3/tp into shyaamal-AboutUs","messageBody":"","fileTypesAndContributionMap":{}}]}],"AndrewNguyen4":[{"date":"2024-10-02","commitResults":[{"hash":"9dee08931127a25c2e628aa794946f6938b3fef9","isMergeCommit":false,"messageTitle":"Edit AboutUs.md file","messageBody":"","fileTypesAndContributionMap":{"docs":{"insertions":4,"deletions":7}}},{"hash":"2639186fef17c8677ea81d96eefbacdbea1d1a22","isMergeCommit":false,"messageTitle":"Edit AboutUs.md file again","messageBody":"","fileTypesAndContributionMap":{"docs":{"insertions":1,"deletions":2}}},{"hash":"05bd0f433b890b7d695698e4b31c9b575cc1f059","isMergeCommit":true,"messageTitle":"Merge remote-tracking branch \u0027origin/master\u0027 into MinhDuc-AboutUs","messageBody":"","fileTypesAndContributionMap":{}}]},{"date":"2024-10-05","commitResults":[{"hash":"831bd087fc28878525df47effb555d4acaa38653","isMergeCommit":false,"messageTitle":"Add \"add\" command","messageBody":"","fileTypesAndContributionMap":{"functional-code":{"insertions":25,"deletions":4}}},{"hash":"dcf926744f18b65fb3cc60a70ce68b27ccd91d76","isMergeCommit":false,"messageTitle":"Add support for adding expenses","messageBody":"ExpenseList class: Create addExpense method\nParser: commandMatching:\n- Declare variables outside of switch block\n- Add case \"add\"\n","fileTypesAndContributionMap":{"functional-code":{"insertions":9,"deletions":12}}},{"hash":"30bb762e15ecec9220be6360812f6385830f536d","isMergeCommit":false,"messageTitle":"Remove unused import in ExpenseList class","messageBody":"","fileTypesAndContributionMap":{"functional-code":{"insertions":0,"deletions":1}}}]}]},"authorFileTypeContributionMap":{"Progresst-8":{"docs":1,"functional-code":71,"test-code":0},"Hackin7":{"docs":10,"functional-code":129,"test-code":2,"other":3},"KHsienKit":{"docs":7,"functional-code":81,"test-code":0},"shyaamald":{"docs":11,"functional-code":0,"test-code":0},"AndrewNguyen4":{"docs":1,"functional-code":25,"test-code":0}},"authorContributionVariance":{"Progresst-8":392.73438,"Hackin7":2312.7148,"KHsienKit":672.46484,"shyaamald":10.9375,"AndrewNguyen4":158.3086},"authorDisplayNameMap":{"Progresst-8":"CS2113-W12-3 KYLA.. XIN","Hackin7":"CS2113-W12-3 CHAN..ENCE","KHsienKit":"CS2113-W12-3 KHOR.. KIT","shyaamald":"CS2113-W12-3 DWIV..AMAL","AndrewNguyen4":"CS2113-W12-3 NGUY.. DUC"}}
