{"authorDailyContributionsMap":{"ctzeyong":[{"date":"2024-10-02","commitResults":[{"hash":"9c6c81d6d0907464e96b16cca1b6efcb8f7d180b","isMergeCommit":false,"messageTitle":"Update AboutUs.md","messageBody":"","fileTypesAndContributionMap":{"docs":{"insertions":3,"deletions":7}}},{"hash":"6b3444a863647d54d56dd163f6dd85ef32ba4d7b","isMergeCommit":true,"messageTitle":"Merge branch \u0027master\u0027 into TzeYong-AboutUs","messageBody":"","fileTypesAndContributionMap":{}},{"hash":"6a301cdbfb81bc43fa3c35d4fd7d1f91a8667fdf","isMergeCommit":true,"messageTitle":"Merge pull request #2 from ctzeyong/TzeYong-AboutUs","messageBody":"Update AboutUs","fileTypesAndContributionMap":{}},{"hash":"8f624b43c5583a3b1af2af1af1f9d64bb6e5cb98","isMergeCommit":false,"messageTitle":"Edit About Us","messageBody":"","fileTypesAndContributionMap":{"docs":{"insertions":4,"deletions":4}}},{"hash":"db115bcf000bf1f936a1254ef7998fbbe5db7c66","isMergeCommit":true,"messageTitle":"Merge pull request #28 from ctzeyong/TzeYong-AboutUs","messageBody":"Edit About Us","fileTypesAndContributionMap":{}}]},{"date":"2024-10-07","commitResults":[{"hash":"68ea84fc5756c3dae56879eebeb244ae3b199a32","isMergeCommit":false,"messageTitle":"Create Income class as child class of FinancialEntry","messageBody":"","fileTypesAndContributionMap":{"functional-code":{"insertions":13,"deletions":0}}},{"hash":"70d691a6cd5c85ffe7d619389200e3163de20612","isMergeCommit":false,"messageTitle":"Add new class AddIncomeCommand","messageBody":"","fileTypesAndContributionMap":{"functional-code":{"insertions":20,"deletions":1}}},{"hash":"5dfc2f0a2fcd3cbd0b942c0bac783b1ab9c41c0b","isMergeCommit":false,"messageTitle":"Add JavaDoc to new classes","messageBody":"","fileTypesAndContributionMap":{"functional-code":{"insertions":29,"deletions":0}}},{"hash":"8f04608b3277812dcfb1fc3bfc92844f7045e37d","isMergeCommit":false,"messageTitle":"Add new packages to organise classes","messageBody":"","fileTypesAndContributionMap":{"other":{"insertions":15,"deletions":7}}},{"hash":"e8f18323632083feb82f7c7b6cfd2b058ff22b93","isMergeCommit":true,"messageTitle":"Merge pull request #36 from ctzeyong/master","messageBody":"Add feature to add income","fileTypesAndContributionMap":{}},{"hash":"83fb5fea32f1de133cc2b805972867d0cb809648","isMergeCommit":false,"messageTitle":"Revert \"Add feature to add income\"","messageBody":"","fileTypesAndContributionMap":{"functional-code":{"insertions":0,"deletions":64},"other":{"insertions":6,"deletions":11}}},{"hash":"0e2250b451ea1031449bc51f9b2a7199fe905054","isMergeCommit":true,"messageTitle":"Merge pull request #37 from AY2425S1-CS2113-W14-3/revert-36-master","messageBody":"Revert \"Add feature to add income\"","fileTypesAndContributionMap":{}},{"hash":"e64ce4f22c95bff23422985622fa168e17f30354","isMergeCommit":false,"messageTitle":"Add income command","messageBody":"","fileTypesAndContributionMap":{"functional-code":{"insertions":1,"deletions":1}}},{"hash":"ff8422f7df985f31cff5b147432aa88d010451eb","isMergeCommit":true,"messageTitle":"Merge branch \u0027master\u0027 into Add_an_income","messageBody":"# Conflicts:\n#\tsrc/main/java/seedu/duke/command/AddIncomeCommand.java\n","fileTypesAndContributionMap":{}},{"hash":"a2281a1eee8252b1ebcb4ea8f6c47bcab3e3206e","isMergeCommit":true,"messageTitle":"Merge pull request #38 from ctzeyong/Add_an_income","messageBody":"Add an income","fileTypesAndContributionMap":{}}]},{"date":"2024-10-09","commitResults":[{"hash":"6acc352be37a100a95e0d4e84d53d84957e9f352","isMergeCommit":false,"messageTitle":"Add function SeeAllEntriesCommand","messageBody":"","fileTypesAndContributionMap":{"functional-code":{"insertions":21,"deletions":0}}}]},{"date":"2024-10-11","commitResults":[{"hash":"ec3da1e98c7454c59b622d42b99c514bf3d5de11","isMergeCommit":true,"messageTitle":"Merge pull request #48 from ctzeyong/See_All_Entries","messageBody":"Add function SeeAllEntriesCommand","fileTypesAndContributionMap":{}}]}],"kestryix":[{"date":"2024-10-02","commitResults":[{"hash":"6cbee1dc56cb78911e89bc51212cef4d6dbe083e","isMergeCommit":false,"messageTitle":"about us","messageBody":"","fileTypesAndContributionMap":{"docs":{"insertions":3,"deletions":7}}},{"hash":"cada9578f85cfa61cb26403ad4b6160b78159016","isMergeCommit":true,"messageTitle":"Merge branch \u0027kestryix-Verity-AboutUs\u0027","messageBody":"","fileTypesAndContributionMap":{}},{"hash":"3c02190cadda4813e3f955ac69348a1f56d79680","isMergeCommit":true,"messageTitle":"Merge branch \u0027master\u0027 into Verity-AboutUs","messageBody":"","fileTypesAndContributionMap":{}},{"hash":"7487af0a5dd49461e1ca857026a3dd5c4f73f044","isMergeCommit":true,"messageTitle":"Merge pull request #7 from kestryix/Verity-AboutUs","messageBody":"about us","fileTypesAndContributionMap":{}}]},{"date":"2024-10-11","commitResults":[{"hash":"d67af1c20bedabcde77964bca3087c258dd6e215","isMergeCommit":true,"messageTitle":"Merge remote-tracking branch \u0027origin/master\u0027","messageBody":"","fileTypesAndContributionMap":{}},{"hash":"b6ff6e4fa366d791f62125b974502e86f0d4b52d","isMergeCommit":false,"messageTitle":"Add input parser","messageBody":"","fileTypesAndContributionMap":{"functional-code":{"insertions":59,"deletions":0}}},{"hash":"cb49a9d5c8e0077bbdf9a2aa65c8e9e6764b4661","isMergeCommit":false,"messageTitle":"Add initial display ui","messageBody":"","fileTypesAndContributionMap":{"functional-code":{"insertions":62,"deletions":0}}},{"hash":"7dcaa9dbd6fe23de62fc845637df6f903f921cf3","isMergeCommit":false,"messageTitle":"Add initial ui and command menu","messageBody":"","fileTypesAndContributionMap":{"functional-code":{"insertions":71,"deletions":21},"other":{"insertions":1,"deletions":1}}},{"hash":"4a32badab7d7c7db2224f3d888f66d2b71933b49","isMergeCommit":false,"messageTitle":"Add javadoc comments","messageBody":"","fileTypesAndContributionMap":{"functional-code":{"insertions":29,"deletions":1}}},{"hash":"dcffecd424ff44922606ff18674dbb0955f1792c","isMergeCommit":true,"messageTitle":"Merge pull request #58 from kestryix/app-parser","messageBody":"Add input parser and initial UI","fileTypesAndContributionMap":{}},{"hash":"96a0d241e0e79b4928f22c4c16c5fae13c70e588","isMergeCommit":false,"messageTitle":"Add ui for add, edit and delete functions","messageBody":"","fileTypesAndContributionMap":{"functional-code":{"insertions":79,"deletions":7}}},{"hash":"81b0394064d90b056660615e59856337f4584547","isMergeCommit":true,"messageTitle":"Merge branch \u0027master\u0027 into app-ui","messageBody":"","fileTypesAndContributionMap":{}},{"hash":"3b9dd2a90223b9136813414097ae6150aacf3014","isMergeCommit":false,"messageTitle":"Add javadoc comments","messageBody":"","fileTypesAndContributionMap":{"functional-code":{"insertions":28,"deletions":0}}},{"hash":"0e81708665d78ed18ff8b8ab1a490577858a6684","isMergeCommit":false,"messageTitle":"Checkstyle fix","messageBody":"","fileTypesAndContributionMap":{"functional-code":{"insertions":14,"deletions":7}}},{"hash":"a7c71673185a5331c4536b0ec2f2ffb09c6461c5","isMergeCommit":false,"messageTitle":"Indentation fix","messageBody":"","fileTypesAndContributionMap":{"functional-code":{"insertions":24,"deletions":24}}},{"hash":"cb4cba28c396ffd034b4164734c80a1828707e3b","isMergeCommit":false,"messageTitle":"Use commands in command package","messageBody":"","fileTypesAndContributionMap":{"functional-code":{"insertions":56,"deletions":62}}},{"hash":"950ebc7647b938074c8743df0099b8754c5de895","isMergeCommit":false,"messageTitle":"Use commands in command package","messageBody":"","fileTypesAndContributionMap":{"functional-code":{"insertions":0,"deletions":2}}},{"hash":"ceb5cda90d66121fcaa75aecf6268de252d75e5e","isMergeCommit":false,"messageTitle":"Fix imports","messageBody":"","fileTypesAndContributionMap":{"functional-code":{"insertions":5,"deletions":1}}},{"hash":"9730961a877b9d259bd467f2e19ffa03248c446e","isMergeCommit":true,"messageTitle":"Merge pull request #61 from kestryix/app-ui","messageBody":"Add app UI to handle transactions","fileTypesAndContributionMap":{}}]}],"limkongkiat":[{"date":"2024-09-30","commitResults":[{"hash":"ab8dae78cee6d97022419c3b421e00abd1fbcfb3","isMergeCommit":false,"messageTitle":"Update README","messageBody":"","fileTypesAndContributionMap":{"docs":{"insertions":4,"deletions":2}}}]},{"date":"2024-10-02","commitResults":[{"hash":"44466744aa992e3327f1a5790433fbb24519df09","isMergeCommit":false,"messageTitle":"Update About Us page","messageBody":"","fileTypesAndContributionMap":{"docs":{"insertions":3,"deletions":7}}},{"hash":"f245f3fe95affd89f5231dc1e8e7d70ede589f6e","isMergeCommit":true,"messageTitle":"Merge pull request #1 from limkongkiat/kongkiat-AboutUs","messageBody":"Update About Us page","fileTypesAndContributionMap":{}}]},{"date":"2024-10-07","commitResults":[{"hash":"898eec779d14a014018632712fd9d75440bb00e9","isMergeCommit":false,"messageTitle":"Add method to get single Financial entry from Financial list","messageBody":"","fileTypesAndContributionMap":{"functional-code":{"insertions":5,"deletions":0}}},{"hash":"ffd6b887a527600874ae9d8799002d6bb4bdc658","isMergeCommit":false,"messageTitle":"Add method to get number of entries in financial list","messageBody":"","fileTypesAndContributionMap":{"functional-code":{"insertions":3,"deletions":0}}},{"hash":"9a538f508410108d98425d0685ca47323c20bfbe","isMergeCommit":false,"messageTitle":"Add method to view all Incomes logged in Financial list","messageBody":"","fileTypesAndContributionMap":{"functional-code":{"insertions":24,"deletions":0}}}]},{"date":"2024-10-09","commitResults":[{"hash":"b8a6f4509e657246a308fca21b97c971fae20d68","isMergeCommit":true,"messageTitle":"Merge pull request #39 from limkongkiat/add-see-all-incomes","messageBody":"Add see all incomes","fileTypesAndContributionMap":{}}]},{"date":"2024-10-11","commitResults":[{"hash":"82e9fbc000fb76d736adad488fb1d28d8a5960d2","isMergeCommit":false,"messageTitle":"Fix wrong numbering of see all incomes command","messageBody":"See all incomes command prints the index of each income relative to\nall financial entries instead of relative to recorded incomes only.\n\nLet\u0027s add a private variable incomeCount which records the number of\nincomes printed so far. incomeCount is printed together with each\nincome, serving as the correct index of the recorded income.\n","fileTypesAndContributionMap":{"functional-code":{"insertions":2,"deletions":1}}},{"hash":"331b7f1d24abd97c6f1235c97431ade19007b34c","isMergeCommit":false,"messageTitle":"Change message for seeAllIncomesCommand when no incomes are logged","messageBody":"Let\u0027s edit seeAllIncomesCommand such that when there are no incomes\nlogged, the program will inform the user that there are no recorded\nincomes instead of printing the standard message of \"Here\u0027s a list of\nall recorded incomes:\".\n","fileTypesAndContributionMap":{"functional-code":{"insertions":8,"deletions":2}}},{"hash":"b4dac01c16ab5ad966fb55f166f64e13a01497d3","isMergeCommit":false,"messageTitle":"Add JUnit tests for SeeAllIncomesCommand","messageBody":"","fileTypesAndContributionMap":{"test-code":{"insertions":60,"deletions":0}}},{"hash":"c42a099b382e0a6b7c9324aadadb5711a94e6fac","isMergeCommit":false,"messageTitle":"Fix bug in FinancialEntry class constructor","messageBody":"Fix bug in FinancialEntry class constructor causing description of\nall financial entries to be recorded as Expense or Income.\n","fileTypesAndContributionMap":{"functional-code":{"insertions":1,"deletions":1}}},{"hash":"15b2707484476e2c0722036bb4197cb814da5b1d","isMergeCommit":false,"messageTitle":"Amend toString of Expense/Income to show amount with 2 decimal places","messageBody":"","fileTypesAndContributionMap":{"functional-code":{"insertions":2,"deletions":2}}},{"hash":"c9e6844c0ad4ac24f0ecfc122791026c6646db0e","isMergeCommit":true,"messageTitle":"Merge pull request #50 from limkongkiat/fix-financial-entry-class","messageBody":"Fix bug in FinancialEntry class constructor","fileTypesAndContributionMap":{}},{"hash":"455952d865e5d68d6fcd09bd3406813fb8d9a786","isMergeCommit":false,"messageTitle":"Refactor repeatedly used variables used for Unit Tests","messageBody":"Let\u0027s:\n* Refactor print stream to initialize before each test and revert back\nto System.out after the end of the test.\n* Create methods setUp and tearDown to extract out repeated code\nto execute the aforementioned task.\n* Reinitialize test financial list before each test using setUp method\n* Extract code to initialize test SeeAllIncomeCommand at the start of\neach test into SetUp method to reduce repeated code\n","fileTypesAndContributionMap":{"test-code":{"insertions":20,"deletions":11}}},{"hash":"3bcf86e8d3fd528c06e50f7a050f66fe6960405b","isMergeCommit":false,"messageTitle":"Add Javadoc comments for SeeAllIncomeCommandTest","messageBody":"","fileTypesAndContributionMap":{"test-code":{"insertions":23,"deletions":0}}},{"hash":"07796d299b5fcefe8225ef0b623ce93b0261e94c","isMergeCommit":true,"messageTitle":"Merge pull request #53 from limkongkiat/add-test-see-all-incomes","messageBody":"Add JUnit tests for SeeAllIncomesCommand","fileTypesAndContributionMap":{}},{"hash":"b999554acf59aac8cc997b8b26be6dd826a74d08","isMergeCommit":true,"messageTitle":"Merge pull request #49 from limkongkiat/add-see-all-incomes","messageBody":"Edit seeAllIncomesCommand","fileTypesAndContributionMap":{}}]}],"Littleme1032":[{"date":"2024-10-02","commitResults":[{"hash":"490496afe71015974905a7ff54db7318cc0b6615","isMergeCommit":false,"messageTitle":"update AboutUs.md","messageBody":"","fileTypesAndContributionMap":{"docs":{"insertions":3,"deletions":3}}},{"hash":"591c4927f33b4ff710b68f6913308cdc4bbb15c8","isMergeCommit":true,"messageTitle":"Merge branch \u0027master\u0027 into juven-AboutUs","messageBody":"","fileTypesAndContributionMap":{}},{"hash":"30237b8cf1fd43b436d5c1a21253b5939614db3b","isMergeCommit":true,"messageTitle":"Merge pull request #6 from Littleme1032/juven-AboutUs","messageBody":"update AboutUs.md","fileTypesAndContributionMap":{}}]},{"date":"2024-10-07","commitResults":[{"hash":"e5f55a075cb6fb32a50a0fc11fbd6edde81057ad","isMergeCommit":false,"messageTitle":"add expense #10","messageBody":"created class to add expenses for user, fixes issue #10\n","fileTypesAndContributionMap":{"functional-code":{"insertions":96,"deletions":0}}},{"hash":"318db195c3c1c52cb0bc483ffa4c66fdeccfb390","isMergeCommit":false,"messageTitle":"added javadoc","messageBody":"","fileTypesAndContributionMap":{"functional-code":{"insertions":111,"deletions":5}}},{"hash":"9b12b0029ddb63f2bffe89d50d025b8f8b28f6e6","isMergeCommit":true,"messageTitle":"Merge pull request #34 from Littleme1032/Littleme1032-juven-add-expense","messageBody":"Littleme1032 juven add expense, issue #10","fileTypesAndContributionMap":{}}]},{"date":"2024-10-08","commitResults":[{"hash":"e0878cb94ccb3d7d84dd30e9033a750cf4ea49f0","isMergeCommit":false,"messageTitle":"Add DeleteCommand  #13","messageBody":"Add delete function #13\n","fileTypesAndContributionMap":{"functional-code":{"insertions":31,"deletions":0}}},{"hash":"2372a6968baa9513b83d558c4701250ec9cb51b5","isMergeCommit":true,"messageTitle":"Merge pull request #42 from Littleme1032/Littleme1032-Juven-delete","messageBody":"Add DeleteCommand  #13","fileTypesAndContributionMap":{}}]},{"date":"2024-10-11","commitResults":[{"hash":"a968110108faabb202cffbb5bc40255c74e27cac","isMergeCommit":true,"messageTitle":"Merge pull request #52 from limkongkiat/amend-financial-entry-print-format","messageBody":"Amend toString of Expense/Income to show amount with 2 decimal places","fileTypesAndContributionMap":{}},{"hash":"84398b48caffdfc288f8e406e8dd9c432604d55a","isMergeCommit":false,"messageTitle":"Updated DeleteCommand","messageBody":"Modified DeleteCommand so that it doesnt keep printing \"Entry deleted\" even after failing\n","fileTypesAndContributionMap":{"functional-code":{"insertions":7,"deletions":7}}},{"hash":"5507b1514b04d9016790573bbcda964fcf9c3300","isMergeCommit":false,"messageTitle":"Add DeleteCommandTest","messageBody":"Added JUnit test for delete function #13\n","fileTypesAndContributionMap":{"test-code":{"insertions":78,"deletions":0}}},{"hash":"066a89e3dbc9d2c53825a90ab8c6d2cb28697c4d","isMergeCommit":false,"messageTitle":"Add AddExpenseCommandTest for #10","messageBody":"Add Junit to test #10\n","fileTypesAndContributionMap":{"test-code":{"insertions":84,"deletions":0}}},{"hash":"058438eca958e4a1328e6e5180d6e7aafcba84a1","isMergeCommit":false,"messageTitle":"Update","messageBody":"Removed unused import\n","fileTypesAndContributionMap":{"test-code":{"insertions":0,"deletions":1}}},{"hash":"9c2b414668b01c5ed5c2261c91f4251023ee2a06","isMergeCommit":false,"messageTitle":"Update","messageBody":"Changed to check if it delete the correct index\n","fileTypesAndContributionMap":{"functional-code":{"insertions":1,"deletions":1},"test-code":{"insertions":16,"deletions":2}}},{"hash":"859b992a995cac05a5f75ef03edf8037dc56072b","isMergeCommit":true,"messageTitle":"Merge branch \u0027master\u0027 into littleme1032-juven-add-JUnit","messageBody":"","fileTypesAndContributionMap":{}},{"hash":"d573635222ed351064f16de5df2bebbb9fed7ac8","isMergeCommit":false,"messageTitle":"Update DeleteCommandTest","messageBody":"updated the Junit Test to match the new UI\n","fileTypesAndContributionMap":{"test-code":{"insertions":13,"deletions":10}}},{"hash":"7f2014c3af0805920574172be31abf9b6dccec12","isMergeCommit":true,"messageTitle":"Merge pull request #60 from Littleme1032/Littleme1032-Juven-add-JUnit-for-AddExpenseCommand","messageBody":"Add AddExpenseCommandTest for #10","fileTypesAndContributionMap":{}},{"hash":"727cee43b90bf3d9f3a7c06127e2e7129cd534ef","isMergeCommit":false,"messageTitle":"Update","messageBody":"Edit CheckStyle\n","fileTypesAndContributionMap":{"test-code":{"insertions":2,"deletions":2}}},{"hash":"3a5e9f1253bcf2646c589a24e3be4798448c20a6","isMergeCommit":false,"messageTitle":"Update Testcase","messageBody":"","fileTypesAndContributionMap":{"test-code":{"insertions":1,"deletions":1}}},{"hash":"1a9203cc9493ab22d95968b48625280c9caae10b","isMergeCommit":true,"messageTitle":"Merge pull request #59 from Littleme1032/littleme1032-juven-add-JUnit","messageBody":"Add junit for DeleteCommand #13, will edit AddExpenseCommandTest ","fileTypesAndContributionMap":{}},{"hash":"499380c95f61ca0ee518cd15f1d47f9e8aa3bc19","isMergeCommit":false,"messageTitle":"Update AddExpenseCommandTest","messageBody":"Update AddExpenseCommandTest #60 to include the new UI\n","fileTypesAndContributionMap":{"test-code":{"insertions":11,"deletions":6}}},{"hash":"5b29bfe1b280f2e631140adfd39dc172fea4682b","isMergeCommit":true,"messageTitle":"Merge pull request #64 from Littleme1032/Littleme1032-Juven-Update-AddExpenseCommandTest","messageBody":"Update AddExpenseCommandTest ","fileTypesAndContributionMap":{}}]}],"tsoudibi":[{"date":"2024-10-02","commitResults":[{"hash":"564a90b06d746d2eec1b10c828268dba3ddfee27","isMergeCommit":false,"messageTitle":"Update team member information in AboutUs.md","messageBody":"","fileTypesAndContributionMap":{"docs":{"insertions":3,"deletions":7}}},{"hash":"c139629043833c91538ab11615bdbfda95dd00d6","isMergeCommit":true,"messageTitle":"Merge branch \u0027master\u0027 into TengYuan-AboutUs","messageBody":"","fileTypesAndContributionMap":{}},{"hash":"62cc67f694ddd0b6b8eab1cba5343d59df0a0720","isMergeCommit":true,"messageTitle":"Merge branch \u0027master\u0027 into TengYuan-AboutUs","messageBody":"","fileTypesAndContributionMap":{}},{"hash":"4c3e43651c39ba435bd5ae0b476be2d17f73fcff","isMergeCommit":true,"messageTitle":"Merge pull request #5 from tsoudibi:TengYuan-AboutUs","messageBody":"Update team member information in AboutUs.md","fileTypesAndContributionMap":{}}]},{"date":"2024-10-08","commitResults":[{"hash":"af3ef03db7d74413bf27369a427fe8dafcd16a3f","isMergeCommit":false,"messageTitle":"Add EditExpenseCommand and editExpense method","messageBody":"","fileTypesAndContributionMap":{"functional-code":{"insertions":43,"deletions":0}}},{"hash":"a72b4451a94550c6e94715f9c20770d5003144ec","isMergeCommit":false,"messageTitle":"Add method to get entry from the FinancialList","messageBody":"","fileTypesAndContributionMap":{"functional-code":{"insertions":17,"deletions":1}}},{"hash":"c8cca7093ffb6d43421edf865329b27ecd727465","isMergeCommit":true,"messageTitle":"Merge branch \u0027master\u0027 of https://github.com/tsoudibi/tp","messageBody":"","fileTypesAndContributionMap":{}},{"hash":"6644e0b3a29e9aa5a4b8d895e7a05def9c17d6b9","isMergeCommit":false,"messageTitle":"Add method to get number of entries in the FinancialList","messageBody":"","fileTypesAndContributionMap":{"functional-code":{"insertions":9,"deletions":0}}},{"hash":"46e1cb9c41eccc9041d17a8e7727abe42a688627","isMergeCommit":false,"messageTitle":"Add SeeAllExpensesCommand to display all recorded expenses","messageBody":"","fileTypesAndContributionMap":{"functional-code":{"insertions":23,"deletions":0}}}]},{"date":"2024-10-09","commitResults":[{"hash":"8af45ac6f63d7e87c9850dbed98e9b2db958b52b","isMergeCommit":true,"messageTitle":"Merge pull request #43 from tsoudibi/master","messageBody":"Add edit an expense ","fileTypesAndContributionMap":{}},{"hash":"a6638a51195f1515dcecf0bee8928136cb2f75c2","isMergeCommit":true,"messageTitle":"Merge branch \u0027master\u0027 into add-see-all-incomes","messageBody":"","fileTypesAndContributionMap":{}},{"hash":"1313758ad0753c1595a9812b5dff3829b5e4c305","isMergeCommit":false,"messageTitle":"Change EditExpense to EditEntry","messageBody":"","fileTypesAndContributionMap":{"functional-code":{"insertions":9,"deletions":11},"other":{"insertions":3,"deletions":3}}}]},{"date":"2024-10-11","commitResults":[{"hash":"a65e5a3552bef414d8973136637e8a26f1711097","isMergeCommit":false,"messageTitle":"Change message for SeeAllExpensesCommand when no expenses are logged","messageBody":"","fileTypesAndContributionMap":{"functional-code":{"insertions":23,"deletions":2}}},{"hash":"e4dd4f9234f523c5259c44faf1c2b851100a57c8","isMergeCommit":false,"messageTitle":"Add JUnit tests for SeeAllExpensesCommand","messageBody":"","fileTypesAndContributionMap":{"test-code":{"insertions":54,"deletions":0}}},{"hash":"78bbef9eeafa3a379e396bfdc94f659d78aa4931","isMergeCommit":false,"messageTitle":"Refactor SeeAllExpensesCommandTest to fix newline issue","messageBody":"","fileTypesAndContributionMap":{"test-code":{"insertions":1,"deletions":1}}},{"hash":"a490596878f8824865142808adcebc8c3086568e","isMergeCommit":true,"messageTitle":"Merge pull request #47 from tsoudibi/edit-entry","messageBody":"Change EditExpense to EditEntry","fileTypesAndContributionMap":{}},{"hash":"c606a2e7ce6bc8137f919050be4d4a3cea7b3414","isMergeCommit":false,"messageTitle":"Add ExitCommand class to handle program termination","messageBody":"","fileTypesAndContributionMap":{"functional-code":{"insertions":17,"deletions":0}}},{"hash":"3375ccaa24d6ffa27de1bb2acea08aac7f787fbc","isMergeCommit":false,"messageTitle":"Add ExitCommandTest class to test the functionality of the ExitCommand class","messageBody":"","fileTypesAndContributionMap":{"test-code":{"insertions":37,"deletions":0}}},{"hash":"d25420c03ff30f2908c745693884b265d6b0d829","isMergeCommit":false,"messageTitle":"Refactor ExitCommandTest.java to fix newline issue","messageBody":"","fileTypesAndContributionMap":{"test-code":{"insertions":1,"deletions":1}}},{"hash":"afe74ec629b98d4148ac85b159459b3b7ece201b","isMergeCommit":false,"messageTitle":"Refactor ExitCommandTest.java to fix newline issue","messageBody":"","fileTypesAndContributionMap":{"test-code":{"insertions":3,"deletions":1}}},{"hash":"7775db2e2eb5b2fbe31becf61c7e8db574794563","isMergeCommit":false,"messageTitle":"Refactor ExitCommandTest.java to fix newline issue","messageBody":"","fileTypesAndContributionMap":{"test-code":{"insertions":1,"deletions":3}}},{"hash":"c2d4976cdaa6a0e9b5b77953ff9cae5f7292a670","isMergeCommit":false,"messageTitle":"Add Javadoc comments for SeeAllExpensesCommandTest","messageBody":"","fileTypesAndContributionMap":{"functional-code":{"insertions":0,"deletions":2},"test-code":{"insertions":16,"deletions":3}}},{"hash":"e310658de824af4a98826a2b66640b3307cf1073","isMergeCommit":false,"messageTitle":"Edit comments to make it prettier","messageBody":"","fileTypesAndContributionMap":{"test-code":{"insertions":25,"deletions":11}}},{"hash":"33700e7b3e4e377403f35eab59e37a00ecda888e","isMergeCommit":false,"messageTitle":"Edit comments format","messageBody":"","fileTypesAndContributionMap":{"test-code":{"insertions":20,"deletions":24}}},{"hash":"f9c611ed03d8be5a963b7e5f96bab1c99216f695","isMergeCommit":true,"messageTitle":"Merge pull request #56 from tsoudibi/see-all-expenses","messageBody":"Edit and add JUnit test for SeeAllExpensesCommand","fileTypesAndContributionMap":{}},{"hash":"4b56f2ab581cce97c75700dadda696174900f9fc","isMergeCommit":true,"messageTitle":"Merge pull request #57 from tsoudibi/exit-command","messageBody":"Add ExitCommand and it\u0027s JUnit tests","fileTypesAndContributionMap":{}}]}]},"authorFileTypeContributionMap":{"ctzeyong":{"docs":1,"functional-code":92,"test-code":0},"kestryix":{"docs":1,"functional-code":327,"test-code":1},"limkongkiat":{"docs":5,"functional-code":34,"test-code":92},"Littleme1032":{"docs":3,"functional-code":223,"test-code":183},"tsoudibi":{"docs":1,"functional-code":125,"test-code":114}},"authorContributionVariance":{"ctzeyong":1229.1509,"kestryix":13298.05,"limkongkiat":789.0847,"Littleme1032":4272.1406,"tsoudibi":2888.5889},"authorDisplayNameMap":{"ctzeyong":"CS2113-W14-3 CHEN..YONG","kestryix":"CS2113-W14-3 VERI.. LIM","limkongkiat":"CS2113-W14-3 LIM ..KIAT","Littleme1032":"CS2113-W14-3 JUVE..G YI","tsoudibi":"CS2113-W14-3 TSOU..YUAN"}}
