{"authorDailyContributionsMap":{"ctzeyong":[{"date":"2024-10-02","commitResults":[{"hash":"9c6c81d6d0907464e96b16cca1b6efcb8f7d180b","isMergeCommit":false,"messageTitle":"Update AboutUs.md","messageBody":"","fileTypesAndContributionMap":{"docs":{"insertions":3,"deletions":7}}},{"hash":"6b3444a863647d54d56dd163f6dd85ef32ba4d7b","isMergeCommit":true,"messageTitle":"Merge branch \u0027master\u0027 into TzeYong-AboutUs","messageBody":"","fileTypesAndContributionMap":{}},{"hash":"6a301cdbfb81bc43fa3c35d4fd7d1f91a8667fdf","isMergeCommit":true,"messageTitle":"Merge pull request #2 from ctzeyong/TzeYong-AboutUs","messageBody":"Update AboutUs","fileTypesAndContributionMap":{}},{"hash":"8f624b43c5583a3b1af2af1af1f9d64bb6e5cb98","isMergeCommit":false,"messageTitle":"Edit About Us","messageBody":"","fileTypesAndContributionMap":{"docs":{"insertions":4,"deletions":4}}},{"hash":"db115bcf000bf1f936a1254ef7998fbbe5db7c66","isMergeCommit":true,"messageTitle":"Merge pull request #28 from ctzeyong/TzeYong-AboutUs","messageBody":"Edit About Us","fileTypesAndContributionMap":{}}]},{"date":"2024-10-07","commitResults":[{"hash":"68ea84fc5756c3dae56879eebeb244ae3b199a32","isMergeCommit":false,"messageTitle":"Create Income class as child class of FinancialEntry","messageBody":"","fileTypesAndContributionMap":{"functional-code":{"insertions":13,"deletions":0}}},{"hash":"70d691a6cd5c85ffe7d619389200e3163de20612","isMergeCommit":false,"messageTitle":"Add new class AddIncomeCommand","messageBody":"","fileTypesAndContributionMap":{"functional-code":{"insertions":20,"deletions":1}}},{"hash":"5dfc2f0a2fcd3cbd0b942c0bac783b1ab9c41c0b","isMergeCommit":false,"messageTitle":"Add JavaDoc to new classes","messageBody":"","fileTypesAndContributionMap":{"functional-code":{"insertions":29,"deletions":0}}},{"hash":"8f04608b3277812dcfb1fc3bfc92844f7045e37d","isMergeCommit":false,"messageTitle":"Add new packages to organise classes","messageBody":"","fileTypesAndContributionMap":{"other":{"insertions":15,"deletions":7}}},{"hash":"e8f18323632083feb82f7c7b6cfd2b058ff22b93","isMergeCommit":true,"messageTitle":"Merge pull request #36 from ctzeyong/master","messageBody":"Add feature to add income","fileTypesAndContributionMap":{}},{"hash":"83fb5fea32f1de133cc2b805972867d0cb809648","isMergeCommit":false,"messageTitle":"Revert \"Add feature to add income\"","messageBody":"","fileTypesAndContributionMap":{"functional-code":{"insertions":0,"deletions":64},"other":{"insertions":6,"deletions":11}}},{"hash":"0e2250b451ea1031449bc51f9b2a7199fe905054","isMergeCommit":true,"messageTitle":"Merge pull request #37 from AY2425S1-CS2113-W14-3/revert-36-master","messageBody":"Revert \"Add feature to add income\"","fileTypesAndContributionMap":{}},{"hash":"e64ce4f22c95bff23422985622fa168e17f30354","isMergeCommit":false,"messageTitle":"Add income command","messageBody":"","fileTypesAndContributionMap":{"functional-code":{"insertions":1,"deletions":1}}},{"hash":"ff8422f7df985f31cff5b147432aa88d010451eb","isMergeCommit":true,"messageTitle":"Merge branch \u0027master\u0027 into Add_an_income","messageBody":"# Conflicts:\n#\tsrc/main/java/seedu/duke/command/AddIncomeCommand.java\n","fileTypesAndContributionMap":{}},{"hash":"a2281a1eee8252b1ebcb4ea8f6c47bcab3e3206e","isMergeCommit":true,"messageTitle":"Merge pull request #38 from ctzeyong/Add_an_income","messageBody":"Add an income","fileTypesAndContributionMap":{}}]}],"kestryix":[{"date":"2024-10-02","commitResults":[{"hash":"6cbee1dc56cb78911e89bc51212cef4d6dbe083e","isMergeCommit":false,"messageTitle":"about us","messageBody":"","fileTypesAndContributionMap":{"docs":{"insertions":3,"deletions":7}}},{"hash":"3c02190cadda4813e3f955ac69348a1f56d79680","isMergeCommit":true,"messageTitle":"Merge branch \u0027master\u0027 into Verity-AboutUs","messageBody":"","fileTypesAndContributionMap":{}},{"hash":"7487af0a5dd49461e1ca857026a3dd5c4f73f044","isMergeCommit":true,"messageTitle":"Merge pull request #7 from kestryix/Verity-AboutUs","messageBody":"about us","fileTypesAndContributionMap":{}}]}],"limkongkiat":[{"date":"2024-09-30","commitResults":[{"hash":"ab8dae78cee6d97022419c3b421e00abd1fbcfb3","isMergeCommit":false,"messageTitle":"Update README","messageBody":"","fileTypesAndContributionMap":{"docs":{"insertions":4,"deletions":2}}}]},{"date":"2024-10-02","commitResults":[{"hash":"44466744aa992e3327f1a5790433fbb24519df09","isMergeCommit":false,"messageTitle":"Update About Us page","messageBody":"","fileTypesAndContributionMap":{"docs":{"insertions":3,"deletions":7}}},{"hash":"f245f3fe95affd89f5231dc1e8e7d70ede589f6e","isMergeCommit":true,"messageTitle":"Merge pull request #1 from limkongkiat/kongkiat-AboutUs","messageBody":"Update About Us page","fileTypesAndContributionMap":{}}]}],"Littleme1032":[{"date":"2024-10-02","commitResults":[{"hash":"490496afe71015974905a7ff54db7318cc0b6615","isMergeCommit":false,"messageTitle":"update AboutUs.md","messageBody":"","fileTypesAndContributionMap":{"docs":{"insertions":3,"deletions":3}}},{"hash":"591c4927f33b4ff710b68f6913308cdc4bbb15c8","isMergeCommit":true,"messageTitle":"Merge branch \u0027master\u0027 into juven-AboutUs","messageBody":"","fileTypesAndContributionMap":{}},{"hash":"30237b8cf1fd43b436d5c1a21253b5939614db3b","isMergeCommit":true,"messageTitle":"Merge pull request #6 from Littleme1032/juven-AboutUs","messageBody":"update AboutUs.md","fileTypesAndContributionMap":{}}]},{"date":"2024-10-07","commitResults":[{"hash":"e5f55a075cb6fb32a50a0fc11fbd6edde81057ad","isMergeCommit":false,"messageTitle":"add expense #10","messageBody":"created class to add expenses for user, fixes issue #10\n","fileTypesAndContributionMap":{"functional-code":{"insertions":96,"deletions":0}}},{"hash":"318db195c3c1c52cb0bc483ffa4c66fdeccfb390","isMergeCommit":false,"messageTitle":"added javadoc","messageBody":"","fileTypesAndContributionMap":{"functional-code":{"insertions":111,"deletions":5}}},{"hash":"9b12b0029ddb63f2bffe89d50d025b8f8b28f6e6","isMergeCommit":true,"messageTitle":"Merge pull request #34 from Littleme1032/Littleme1032-juven-add-expense","messageBody":"Littleme1032 juven add expense, issue #10","fileTypesAndContributionMap":{}}]},{"date":"2024-10-08","commitResults":[{"hash":"e0878cb94ccb3d7d84dd30e9033a750cf4ea49f0","isMergeCommit":false,"messageTitle":"Add DeleteCommand  #13","messageBody":"Add delete function #13\n","fileTypesAndContributionMap":{"functional-code":{"insertions":31,"deletions":0}}},{"hash":"2372a6968baa9513b83d558c4701250ec9cb51b5","isMergeCommit":true,"messageTitle":"Merge pull request #42 from Littleme1032/Littleme1032-Juven-delete","messageBody":"Add DeleteCommand  #13","fileTypesAndContributionMap":{}}]}],"tsoudibi":[{"date":"2024-10-02","commitResults":[{"hash":"564a90b06d746d2eec1b10c828268dba3ddfee27","isMergeCommit":false,"messageTitle":"Update team member information in AboutUs.md","messageBody":"","fileTypesAndContributionMap":{"docs":{"insertions":3,"deletions":7}}},{"hash":"c139629043833c91538ab11615bdbfda95dd00d6","isMergeCommit":true,"messageTitle":"Merge branch \u0027master\u0027 into TengYuan-AboutUs","messageBody":"","fileTypesAndContributionMap":{}},{"hash":"62cc67f694ddd0b6b8eab1cba5343d59df0a0720","isMergeCommit":true,"messageTitle":"Merge branch \u0027master\u0027 into TengYuan-AboutUs","messageBody":"","fileTypesAndContributionMap":{}},{"hash":"4c3e43651c39ba435bd5ae0b476be2d17f73fcff","isMergeCommit":true,"messageTitle":"Merge pull request #5 from tsoudibi:TengYuan-AboutUs","messageBody":"Update team member information in AboutUs.md","fileTypesAndContributionMap":{}}]}]},"authorFileTypeContributionMap":{"ctzeyong":{"docs":1,"functional-code":74,"test-code":0},"kestryix":{"docs":1,"functional-code":0,"test-code":0},"limkongkiat":{"docs":5,"functional-code":0,"test-code":0},"Littleme1032":{"docs":3,"functional-code":227,"test-code":0},"tsoudibi":{"docs":1,"functional-code":0,"test-code":0}},"authorContributionVariance":{"ctzeyong":1406.6925,"kestryix":4.9861493,"limkongkiat":6.448755,"Littleme1032":2246.1997,"tsoudibi":4.9861493},"authorDisplayNameMap":{"ctzeyong":"CS2113-W14-3 CHEN..YONG","kestryix":"CS2113-W14-3 VERI.. LIM","limkongkiat":"CS2113-W14-3 LIM ..KIAT","Littleme1032":"CS2113-W14-3 JUVE..G YI","tsoudibi":"CS2113-W14-3 TSOU..YUAN"}}
