{"authorDailyContributionsMap":{"Zhang-Zhitong":[{"date":"2024-10-02","commitResults":[{"hash":"6916f0661fb374ebd569b289baac2122ed8c1281","isMergeCommit":false,"messageTitle":"Update AboutUs.md to add Zhang Zhitong profile","messageBody":"","fileTypesAndContributionMap":{"docs":{"insertions":1,"deletions":5}}},{"hash":"707ab99700a9ebe64e7d38196b618034eeddf1b6","isMergeCommit":true,"messageTitle":"Merge branch \u0027master\u0027 into AboutUs","messageBody":"# Conflicts:\n#\tdocs/AboutUs.md\n","fileTypesAndContributionMap":{}},{"hash":"52225a96694df983ed769d87cbdbb3e757d1883c","isMergeCommit":true,"messageTitle":"Merge pull request #3 from Zhang-Zhitong/AboutUs","messageBody":"Update AboutUs.md to add Zhang Zhitong profile","fileTypesAndContributionMap":{}}]}],"YubotKwng":[{"date":"2024-10-02","commitResults":[{"hash":"9678c77b0da8bdc236422bac40139e79cdc63625","isMergeCommit":false,"messageTitle":"Update docs/AboutUs.md","messageBody":"update github links and portfolio\n","fileTypesAndContributionMap":{"docs":{"insertions":3,"deletions":7}}},{"hash":"be4310381fc86a6e7721009a7193dcb455616148","isMergeCommit":true,"messageTitle":"Merge pull request #2 from YubotKwng/WangYubo-AboutUs","messageBody":"Update docs/AboutUs.md","fileTypesAndContributionMap":{}}]},{"date":"2024-10-14","commitResults":[{"hash":"f44226cdf0dff02994bb0070b2bd90eb4ba9316f","isMergeCommit":false,"messageTitle":"increment review","messageBody":"the review will return score in percentage and generated simple comment based on the score\n","fileTypesAndContributionMap":{"functional-code":{"insertions":49,"deletions":1}}},{"hash":"a5e0c34a6f21ce540fb919e46ace98de67d9d4e2","isMergeCommit":true,"messageTitle":"Merge pull request #15 from YubotKwng/increment-review","messageBody":"increment review","fileTypesAndContributionMap":{}},{"hash":"9ae17ade9f9c9e2e9457c773fe9b31fb16b4bdfc","isMergeCommit":false,"messageTitle":"correct bug exit code 1","messageBody":"","fileTypesAndContributionMap":{"functional-code":{"insertions":1,"deletions":0}}},{"hash":"076e0768e72f26d129452730c19aca43c96fb736","isMergeCommit":false,"messageTitle":"Resolve runtest.sh","messageBody":"","fileTypesAndContributionMap":{"test-code":{"insertions":15,"deletions":0}}},{"hash":"cf3f62fb867e4a0e7d34588110dcf01560735b17","isMergeCommit":true,"messageTitle":"Merge pull request #17 from YubotKwng/increment-review","messageBody":"Increment review","fileTypesAndContributionMap":{}}]},{"date":"2024-10-15","commitResults":[{"hash":"1bee95a10c08f0638a252b3571129d8bdccef9c8","isMergeCommit":true,"messageTitle":"Merge pull request #18 from AY2425S1-CS2113-W12-4/increment-review","messageBody":"Increment review","fileTypesAndContributionMap":{}}]},{"date":"2024-10-24","commitResults":[{"hash":"9bb672d1e239ff52c8ae8d381b43375685e31bef","isMergeCommit":false,"messageTitle":"new question type FITB","messageBody":"enable user to add FITB question in format: add FITB /q[question text] /a[correct answer]\n","fileTypesAndContributionMap":{"functional-code":{"insertions":24,"deletions":0}}},{"hash":"e37ee1a611639ece7c9168dd2a9625673b39bc33","isMergeCommit":false,"messageTitle":"enable exit","messageBody":"to exit the quiz anytime which only return to the main menu without stopping the progam\n","fileTypesAndContributionMap":{"functional-code":{"insertions":8,"deletions":0}}},{"hash":"59731bb30680b045ffd920096d50326c62978715","isMergeCommit":true,"messageTitle":"Merge pull request #42 from YubotKwng/Fill-in-the-blank","messageBody":"question type Fill in the blank","fileTypesAndContributionMap":{}},{"hash":"6beb16785cfb531aba31a8d2994fcfb74ae24ea7","isMergeCommit":false,"messageTitle":"class fill in the blank","messageBody":"","fileTypesAndContributionMap":{"functional-code":{"insertions":35,"deletions":0}}},{"hash":"9a1c5e628278acb65ebb9be1c344c34a6dedd0ed","isMergeCommit":true,"messageTitle":"Merge pull request #45 from YubotKwng/Fill-in-the-blank","messageBody":"Fill in the blank","fileTypesAndContributionMap":{}},{"hash":"40456340531427824c5ce97c0b9e07ac1f393b41","isMergeCommit":true,"messageTitle":"Merge pull request #46 from AY2425S1-CS2113-W12-4/FIll-in-the-blank","messageBody":"Fill in the blank","fileTypesAndContributionMap":{}}]},{"date":"2024-10-28","commitResults":[{"hash":"d39c8adee4c9bdebd6c841482991afaf4bca5136","isMergeCommit":false,"messageTitle":"delete separate adding question type FITB","messageBody":"","fileTypesAndContributionMap":{"functional-code":{"insertions":19,"deletions":38}}},{"hash":"acd768137de83ce512c0cac0b6975965f929a9ed","isMergeCommit":false,"messageTitle":"Timer implemented for the quiz","messageBody":"","fileTypesAndContributionMap":{"functional-code":{"insertions":49,"deletions":6}}},{"hash":"e35d4c4e66546eddc5b732bb8a3dde11e675c0f4","isMergeCommit":false,"messageTitle":"adjust methods in testing","messageBody":"","fileTypesAndContributionMap":{"test-code":{"insertions":10,"deletions":11}}}]},{"date":"2024-10-29","commitResults":[{"hash":"fff8d0a4c4029941526306e0d70d48840bb54f57","isMergeCommit":false,"messageTitle":"no message","messageBody":"","fileTypesAndContributionMap":{"test-code":{"insertions":7,"deletions":11}}},{"hash":"5a61f9990116a8972df47ccd78983d8d3dcacdf1","isMergeCommit":false,"messageTitle":"adjust error","messageBody":"","fileTypesAndContributionMap":{"functional-code":{"insertions":3,"deletions":4},"test-code":{"insertions":5,"deletions":5}}},{"hash":"b05dddd1ad82d3f1ad64de9da4c1cc932682cc5d","isMergeCommit":false,"messageTitle":"no message","messageBody":"","fileTypesAndContributionMap":{"functional-code":{"insertions":19,"deletions":19}}},{"hash":"0a940e6e6fff627dd92e81cbe499d8a987ce0553","isMergeCommit":true,"messageTitle":"Merge pull request #51 from YubotKwng/Timer","messageBody":"Timer","fileTypesAndContributionMap":{}},{"hash":"6e90f1c352aa7bc104fb620ad9ff17c1798ca7b6","isMergeCommit":true,"messageTitle":"Merge branch \u0027master\u0027 into Timer","messageBody":"","fileTypesAndContributionMap":{}},{"hash":"3621ada9ff6164dab55399ce6f1b644610603d8c","isMergeCommit":false,"messageTitle":"no message","messageBody":"","fileTypesAndContributionMap":{"functional-code":{"insertions":1,"deletions":0}}},{"hash":"ec651f3ac7e14012263884c70bf1189c88ea6ece","isMergeCommit":true,"messageTitle":"Merge pull request #55 from YubotKwng/Timer","messageBody":"no message","fileTypesAndContributionMap":{}},{"hash":"7027537a1eac71f92b02ccda79d5ff6925f2b3d1","isMergeCommit":true,"messageTitle":"Merge pull request #54 from AY2425S1-CS2113-W12-4/Timer","messageBody":"Timer","fileTypesAndContributionMap":{}},{"hash":"370971d7a02cb24bd688cf275f617fc890339a37","isMergeCommit":false,"messageTitle":"select number of questions","messageBody":"","fileTypesAndContributionMap":{"functional-code":{"insertions":10,"deletions":7},"test-code":{"insertions":5,"deletions":5}}},{"hash":"120d561c6e688c4a1f6f48c9e7df7c0ef47a761e","isMergeCommit":false,"messageTitle":"add assert","messageBody":"","fileTypesAndContributionMap":{"test-code":{"insertions":4,"deletions":1}}},{"hash":"5df27e696027eab8cf4433da651893817ebb0c18","isMergeCommit":true,"messageTitle":"Merge pull request #56 from YubotKwng/Quiz-number","messageBody":"select number of questions","fileTypesAndContributionMap":{}},{"hash":"50d8c04080e4e545744a9ca8c286ae9e1355c98e","isMergeCommit":true,"messageTitle":"Merge pull request #57 from AY2425S1-CS2113-W12-4/QuizNumber","messageBody":"Quiz number","fileTypesAndContributionMap":{}}]},{"date":"2024-10-30","commitResults":[{"hash":"bb2b82a3df1345ee7d3708c9343c1fc1f6705713","isMergeCommit":false,"messageTitle":"UserGuide update","messageBody":"","fileTypesAndContributionMap":{"docs":{"insertions":79,"deletions":12}}},{"hash":"886e998bbf4ad5c95ce6dd1aa3926b6cf3e540d6","isMergeCommit":false,"messageTitle":"Adjust error","messageBody":"","fileTypesAndContributionMap":{"functional-code":{"insertions":32,"deletions":34},"docs":{"insertions":5,"deletions":5}}},{"hash":"08b7b5f21d9e126be8e177e4965537fc2bd41c6a","isMergeCommit":false,"messageTitle":"adjust for issue","messageBody":"","fileTypesAndContributionMap":{"functional-code":{"insertions":2,"deletions":1}}},{"hash":"24e444aef6d597707ab1b3e3095c47c896a2d006","isMergeCommit":false,"messageTitle":"adjustment on failure test","messageBody":"","fileTypesAndContributionMap":{"test-code":{"insertions":2,"deletions":2}}},{"hash":"575b378f05a842a4a40909a5142190fc64be3903","isMergeCommit":true,"messageTitle":"Merge pull request #66 from YubotKwng/master","messageBody":"UserGuide update","fileTypesAndContributionMap":{}},{"hash":"47db21c4228d212d6b5556484830da4bf6970350","isMergeCommit":false,"messageTitle":"no message","messageBody":"","fileTypesAndContributionMap":{"docs":{"insertions":4,"deletions":0}}},{"hash":"e3358e1cc869012c202864071fbb75f2f8261712","isMergeCommit":false,"messageTitle":"add DG","messageBody":"","fileTypesAndContributionMap":{"docs":{"insertions":55,"deletions":0}}},{"hash":"afb17f3fcc733b5eb9fe8953076a397e11adfb4c","isMergeCommit":false,"messageTitle":"Add DG","messageBody":"","fileTypesAndContributionMap":{"docs":{"insertions":2,"deletions":0}}},{"hash":"66e8ed928655d6afc9d84dba53120eef439834e3","isMergeCommit":true,"messageTitle":"Merge pull request #71 from YubotKwng/master","messageBody":"Add DG for FITB","fileTypesAndContributionMap":{}}]},{"date":"2024-11-09","commitResults":[{"hash":"02f0ef0a3c31863fc0b57292ec957a06ff228a88","isMergeCommit":false,"messageTitle":"Cli Sequence diagram","messageBody":"","fileTypesAndContributionMap":{"docs":{"insertions":76,"deletions":0}}},{"hash":"35be1e0209c1dd94f8de314296f67df9d55127e6","isMergeCommit":true,"messageTitle":"Merge pull request #160 from YubotKwng/master","messageBody":"Cli Sequence diagram","fileTypesAndContributionMap":{}},{"hash":"27b338e1d2a83154a88756be55bd010f2b01b6df","isMergeCommit":false,"messageTitle":"Test for Cli class","messageBody":"","fileTypesAndContributionMap":{"test-code":{"insertions":88,"deletions":0}}},{"hash":"a1ba81b23a887ae1de1cd20a96e74fa188e7e8d2","isMergeCommit":false,"messageTitle":"Checkstyle fixing","messageBody":"","fileTypesAndContributionMap":{"test-code":{"insertions":14,"deletions":7}}},{"hash":"efd079a7010786a7f64a595da7ae7b86a0d7b2bc","isMergeCommit":true,"messageTitle":"Merge pull request #161 from YubotKwng/master","messageBody":"Test for Cli class","fileTypesAndContributionMap":{}},{"hash":"fc05394865b2e22e6ec8a85f31961d6f230becb7","isMergeCommit":false,"messageTitle":"Test for TopicManager","messageBody":"","fileTypesAndContributionMap":{"test-code":{"insertions":111,"deletions":0}}},{"hash":"1d9cdfa3855e9853799d98dc35ae5c5b59c620c3","isMergeCommit":false,"messageTitle":"checkstyle fix","messageBody":"","fileTypesAndContributionMap":{"test-code":{"insertions":0,"deletions":2}}},{"hash":"5c82e3caad6a1e7601e457d5f350ffaaa69352cd","isMergeCommit":true,"messageTitle":"Merge pull request #162 from YubotKwng/master","messageBody":"Test for TopicManager","fileTypesAndContributionMap":{}},{"hash":"62aa9b4fab8d690c99c8485bb5d9e5089f21dc54","isMergeCommit":false,"messageTitle":"test for FITB","messageBody":"","fileTypesAndContributionMap":{"test-code":{"insertions":61,"deletions":0}}},{"hash":"5159e60cebfe13520ed29932971e46950f2dd44a","isMergeCommit":true,"messageTitle":"Merge pull request #163 from YubotKwng/master","messageBody":"test for FITB","fileTypesAndContributionMap":{}},{"hash":"ee1049c1df79e627b8692882971178d3ce914205","isMergeCommit":false,"messageTitle":"Test for Parser","messageBody":"","fileTypesAndContributionMap":{"test-code":{"insertions":134,"deletions":1}}},{"hash":"71687b85de81608e7c0b6607c2787134296cf59d","isMergeCommit":true,"messageTitle":"Merge pull request #164 from YubotKwng/master","messageBody":"Test for Parser","fileTypesAndContributionMap":{}},{"hash":"11571413b2f6574c66bdc933df88386ac8b3202b","isMergeCommit":false,"messageTitle":"Header Comments for methods for classes: Storage, Topic, TopicManager","messageBody":"","fileTypesAndContributionMap":{"functional-code":{"insertions":72,"deletions":0},"test-code":{"insertions":0,"deletions":6}}},{"hash":"2603cfe99b89d868133da28f00143a4f02afd861","isMergeCommit":true,"messageTitle":"Merge pull request #165 from YubotKwng/master","messageBody":"Header Comments for methods for classes: Storage, Topic, TopicManager","fileTypesAndContributionMap":{}}]}],"Lucky-Yuan00":[{"date":"2024-10-02","commitResults":[{"hash":"07166bad388292e87cb5d591832fcd48c0750108","isMergeCommit":false,"messageTitle":"Update AboutUs.md.","messageBody":"","fileTypesAndContributionMap":{"docs":{"insertions":4,"deletions":7}}},{"hash":"f724f367dd63de5bda21805ba46e79a49ecdd908","isMergeCommit":true,"messageTitle":"Upadate Jinlin","messageBody":"","fileTypesAndContributionMap":{}},{"hash":"2da5d2b6c79b85fcbda7f6649ce80a15d1e82e05","isMergeCommit":true,"messageTitle":"Merge pull request #4 from Lucky-Yuan00/Jinlin-AboutUs","messageBody":"Update AboutUs.md.","fileTypesAndContributionMap":{}}]},{"date":"2024-10-13","commitResults":[{"hash":"6a117b6296881620c73fc5c39eec76cbc9bda882","isMergeCommit":false,"messageTitle":"Add JUnit tests for QuizManager.","messageBody":"","fileTypesAndContributionMap":{"functional-code":{"insertions":18,"deletions":4},"test-code":{"insertions":21,"deletions":0}}},{"hash":"1c0b3e3fcd77b9d9bd9399cd5e77b619af96d0f7","isMergeCommit":true,"messageTitle":"Merge pull request #14 from Lucky-Yuan00/Jinlin-Dev","messageBody":"Add JUnit tests for QuizManager.","fileTypesAndContributionMap":{}}]},{"date":"2024-10-18","commitResults":[{"hash":"fcc0af06bcdcbc9586d7183b1c97746c990f2b2b","isMergeCommit":false,"messageTitle":"Add tests, assert, and logging to QuizManager.","messageBody":"","fileTypesAndContributionMap":{"functional-code":{"insertions":26,"deletions":26}}},{"hash":"ca534ca5f747547dbf9c2a7706b0c97181546562","isMergeCommit":false,"messageTitle":"Fixed checkstyle issues and added logging/assertions.","messageBody":"","fileTypesAndContributionMap":{"functional-code":{"insertions":2,"deletions":2}}},{"hash":"e135e6cf59beb9eafd9c1867eacae0c4e04c3f81","isMergeCommit":false,"messageTitle":"Fixed checkstyle issues.","messageBody":"","fileTypesAndContributionMap":{"functional-code":{"insertions":1,"deletions":1},"test-code":{"insertions":4,"deletions":4}}},{"hash":"8b14a31582331ee61ad6ef6d92667385dce2a076","isMergeCommit":false,"messageTitle":"Fixed checkstyle issues.","messageBody":"","fileTypesAndContributionMap":{"functional-code":{"insertions":1,"deletions":3}}},{"hash":"65760935a7512c4976787e2ebbf25d333c736479","isMergeCommit":false,"messageTitle":"Fixed checkstyle issues.","messageBody":"","fileTypesAndContributionMap":{"functional-code":{"insertions":1,"deletions":1}}},{"hash":"5986b4b3b68b4a547b02f598ed1bf13dbf9e6287","isMergeCommit":false,"messageTitle":"Fixed checkstyle issues.","messageBody":"","fileTypesAndContributionMap":{"functional-code":{"insertions":3,"deletions":5}}},{"hash":"b0df6216786fb404c7125b63f54c7184794a712d","isMergeCommit":false,"messageTitle":"Fixed checkstyle issues.","messageBody":"","fileTypesAndContributionMap":{"functional-code":{"insertions":14,"deletions":16}}},{"hash":"788034f40e629ecf3f9e74ed18f6c4d21a92db6b","isMergeCommit":true,"messageTitle":"Merge pull request #29 from Lucky-Yuan00/Jinlin-Dev","messageBody":"Add tests, assert, and logging to QuizManager.","fileTypesAndContributionMap":{}},{"hash":"345837a514555d17e5bef80dbb5232a73356c301","isMergeCommit":false,"messageTitle":"Fixed checkstyle issues.","messageBody":"","fileTypesAndContributionMap":{"functional-code":{"insertions":16,"deletions":10}}},{"hash":"e468440b1d96e6352d30fc47eb9e1c96df1c2d82","isMergeCommit":false,"messageTitle":"Fxi checkstyle issues.","messageBody":"","fileTypesAndContributionMap":{"functional-code":{"insertions":9,"deletions":9}}},{"hash":"a6832dc6ef2e3fccb835d6ad6462e0083bfbfa1c","isMergeCommit":false,"messageTitle":"Fxi checkstyle issues.","messageBody":"","fileTypesAndContributionMap":{"test-code":{"insertions":4,"deletions":4}}},{"hash":"513395343b69c53749c0a2e9015c76953ecbc41b","isMergeCommit":false,"messageTitle":"Fxi checkstyle issues.","messageBody":"","fileTypesAndContributionMap":{"functional-code":{"insertions":1,"deletions":1}}},{"hash":"8fb5f7bcee48570f8d3ae48fed0da0ca537a215c","isMergeCommit":false,"messageTitle":"Fixed checkstyle issues.","messageBody":"","fileTypesAndContributionMap":{"test-code":{"insertions":3,"deletions":6}}},{"hash":"67eebfc7e3f321cbc88e7a124619966b7c8fdeeb","isMergeCommit":false,"messageTitle":"Fixed checkstyle issues.","messageBody":"","fileTypesAndContributionMap":{"test-code":{"insertions":2,"deletions":2}}},{"hash":"e5fdb2355c0930503230eb64453509412eaae6ad","isMergeCommit":false,"messageTitle":"Fixed checkstyle issues.","messageBody":"","fileTypesAndContributionMap":{"test-code":{"insertions":3,"deletions":3}}},{"hash":"63933b598cd41e3577d261fdd9fff7b427e7d3d5","isMergeCommit":false,"messageTitle":"Add tests, assert, and logging to QuizManager.","messageBody":"","fileTypesAndContributionMap":{"functional-code":{"insertions":1,"deletions":1}}},{"hash":"c17a7523a63da5199258c5acf4ce8f4858670915","isMergeCommit":false,"messageTitle":"Add tests, assert, and logging to QuizManager.","messageBody":"","fileTypesAndContributionMap":{"test-code":{"insertions":2,"deletions":2}}},{"hash":"8e5a7fb6621e79254ff66f5df04511c8060c54ed","isMergeCommit":false,"messageTitle":"Add tests, assert, and logging to QuizManager.","messageBody":"","fileTypesAndContributionMap":{"functional-code":{"insertions":2,"deletions":2},"test-code":{"insertions":1,"deletions":1}}},{"hash":"57670ab904be2a10af0a0c7f2d03b005e4aae33a","isMergeCommit":false,"messageTitle":"Fixed checkstyle issues.","messageBody":"","fileTypesAndContributionMap":{"test-code":{"insertions":2,"deletions":2}}},{"hash":"eaf50e0cb343a1738aa88cb8cc212a6141f9ebed","isMergeCommit":true,"messageTitle":"Merge pull request #30 from Lucky-Yuan00/Jinlin-Dev","messageBody":"Fixed checkstyle issues.","fileTypesAndContributionMap":{}}]},{"date":"2024-10-23","commitResults":[{"hash":"48a134c725461547afbd151155fd9747795cff50","isMergeCommit":false,"messageTitle":"Complete implementation of True/False functionality and input validation","messageBody":"","fileTypesAndContributionMap":{"functional-code":{"insertions":77,"deletions":4}}},{"hash":"6b937d58228d3e6a90a51615defaecdf1b8bb625","isMergeCommit":true,"messageTitle":"Merge pull request #38 from Lucky-Yuan00/jinlin-dev","messageBody":"Complete implementation of True/False functionality and input validation.","fileTypesAndContributionMap":{}}]},{"date":"2024-10-24","commitResults":[{"hash":"4321fa978e48207cf37342fd684596ac8b3d4595","isMergeCommit":false,"messageTitle":"Add new test methods and assertions for True/False question handling.","messageBody":"","fileTypesAndContributionMap":{"functional-code":{"insertions":6,"deletions":0},"test-code":{"insertions":44,"deletions":0}}},{"hash":"8f594fe0d3b171c75241f3b082ee9b9b8dabc1f6","isMergeCommit":true,"messageTitle":"Merge pull request #41 from Lucky-Yuan00/jinlin-dev","messageBody":"Add new test methods and assertions for True/False question handling.","fileTypesAndContributionMap":{}}]},{"date":"2024-10-28","commitResults":[{"hash":"de91e2fd56ad39ef7c942c4b7131b7e4ff3e94e2","isMergeCommit":false,"messageTitle":"Add TrueFalse class diagram to Developer Guide","messageBody":"","fileTypesAndContributionMap":{"docs":{"insertions":45,"deletions":0}}},{"hash":"6327ad3abde57b6cc45525a4b91bfaf1f42233fb","isMergeCommit":false,"messageTitle":"Complete True/False feature documentation in Developer Guide","messageBody":"","fileTypesAndContributionMap":{"docs":{"insertions":1,"deletions":1}}},{"hash":"ceeb3f14d0d89de995c65213db866061d64d617f","isMergeCommit":true,"messageTitle":"Merge pull request #50 from Lucky-Yuan00/jinlin-dev","messageBody":"Add TrueFalse Class Diagram and Documentation in Developer Guide","fileTypesAndContributionMap":{}},{"hash":"e5714aadff5d1ac2bcc16d74ff6d6e40983c6f66","isMergeCommit":false,"messageTitle":"Add saveQuestionToFile method to Storage class to resolve missing method error in QuizManager","messageBody":"","fileTypesAndContributionMap":{"functional-code":{"insertions":19,"deletions":1},"docs":{"insertions":20,"deletions":0}}},{"hash":"233ff52c0f61e5953344cde79329439359e436ea","isMergeCommit":true,"messageTitle":"Merge pull request #53 from Lucky-Yuan00/jinlin-dev","messageBody":"Add saveQuestionToFile method to Storage class to resolve missing method error in QuizManager","fileTypesAndContributionMap":{}}]},{"date":"2024-10-30","commitResults":[{"hash":"1a67bbf5b0eb2b748d7bfb32010e0096a4027da2","isMergeCommit":false,"messageTitle":"Updated UG","messageBody":"","fileTypesAndContributionMap":{"docs":{"insertions":29,"deletions":12}}},{"hash":"43b788ba28f91f07309c5bea0a0c922f2d2a3612","isMergeCommit":true,"messageTitle":"Merge pull request #72 from Lucky-Yuan00/jinlin-dev","messageBody":"Updated UG","fileTypesAndContributionMap":{}},{"hash":"60b8ceba7211f77873996e7d864d6e79067bb8ea","isMergeCommit":false,"messageTitle":"Updated DG","messageBody":"","fileTypesAndContributionMap":{"docs":{"insertions":87,"deletions":0}}},{"hash":"9f64ddb54519ca9570e027d1dee25bff48e7778b","isMergeCommit":true,"messageTitle":"Merge pull request #73 from Lucky-Yuan00/jinlin-dev","messageBody":"Updated DG","fileTypesAndContributionMap":{}}]},{"date":"2024-11-09","commitResults":[{"hash":"65e49b5eba1a8fb94b44e42525138e07ad0d5f12","isMergeCommit":false,"messageTitle":"Implement class and sequence diagrams for QuizSession section","messageBody":"","fileTypesAndContributionMap":{"docs":{"insertions":44,"deletions":33}}},{"hash":"ea5a18a738e5f8b31b9661ffc86aaca33e889a51","isMergeCommit":true,"messageTitle":"Merge pull request #167 from Lucky-Yuan00/jinlin-dev","messageBody":"Implement and improve class and sequence diagrams for QuizSession section.","fileTypesAndContributionMap":{}},{"hash":"1e34a21be25ce4760e8ae2706270b0f98f08136f","isMergeCommit":false,"messageTitle":"Improve JUnit Testing all the tests and complete the description in the DG.","messageBody":"","fileTypesAndContributionMap":{"docs":{"insertions":72,"deletions":1}}},{"hash":"317d5b735071edf43c6e8245e42dce51b7ec999c","isMergeCommit":true,"messageTitle":"Merge pull request #168 from Lucky-Yuan00/jinlin-dev","messageBody":"Improve JUnit Testing all the tests and complete the description in the DG.","fileTypesAndContributionMap":{}},{"hash":"9c759bce2a5ab2779ef0516d8dea42ac9a01c138","isMergeCommit":false,"messageTitle":"Added Display time left feature and added comments","messageBody":"","fileTypesAndContributionMap":{"functional-code":{"insertions":438,"deletions":86}}},{"hash":"a3928acd6b68176a0b3142c0ae9ab04500f0722d","isMergeCommit":false,"messageTitle":"Modify formatting issues","messageBody":"","fileTypesAndContributionMap":{"functional-code":{"insertions":35,"deletions":34}}},{"hash":"2d5cc91ee568a3fd4ff2e3a9dd51398c09074805","isMergeCommit":false,"messageTitle":"Modify formatting issues","messageBody":"","fileTypesAndContributionMap":{"functional-code":{"insertions":2,"deletions":1}}},{"hash":"66d4d876d9bf059a141d3cfc036e4c244e370087","isMergeCommit":true,"messageTitle":"Merge pull request #170 from Lucky-Yuan00/jinlin-dev","messageBody":"Added display time left feature and added many comments.","fileTypesAndContributionMap":{}},{"hash":"54da0c7b36604206b2f8da61538c9da0deaa7ce7","isMergeCommit":false,"messageTitle":"Implement Project Portfolio Page (PPP)","messageBody":"","fileTypesAndContributionMap":{"docs":{"insertions":70,"deletions":3}}},{"hash":"1db1038183ec75eb2b4ced6c3caa0260f468ed3e","isMergeCommit":true,"messageTitle":"Merge pull request #171 from Lucky-Yuan00/jinlin-dev","messageBody":"Implement Project Portfolio Page (PPP).","fileTypesAndContributionMap":{}}]}],"shaunngoh":[{"date":"2024-10-02","commitResults":[{"hash":"0f418ac33a8a2c2a553272db404d71e052a4b2e2","isMergeCommit":false,"messageTitle":"Add Shaun Goh into Abt Us","messageBody":"","fileTypesAndContributionMap":{"other":{"insertions":90,"deletions":0},"docs":{"insertions":4,"deletions":7}}},{"hash":"b56abd697d826655426ec4774249155e82903f84","isMergeCommit":true,"messageTitle":"Merge conflict resolved","messageBody":"","fileTypesAndContributionMap":{}},{"hash":"338a3d54a85cd12a62b7db6c72cebeb13e01e607","isMergeCommit":true,"messageTitle":"Merge pull request #1 from shaunngoh/Shaun-AboutUs","messageBody":"Add Shaun Goh into Abt Us","fileTypesAndContributionMap":{}}]},{"date":"2024-10-11","commitResults":[{"hash":"af181effc61c4f5ed631bd3f81e248f62da7d056","isMergeCommit":false,"messageTitle":"Add basic interface and structure of JavaNinja","messageBody":"","fileTypesAndContributionMap":{"functional-code":{"insertions":211,"deletions":21}}},{"hash":"cf5c29e05325c6c5518ec424dd563cd84283356c","isMergeCommit":true,"messageTitle":"Merge pull request #6 from shaunngoh/Class-Structure","messageBody":"Add basic interface and structure of JavaNinja","fileTypesAndContributionMap":{}},{"hash":"26da1d442989b8aafe2fd39d662541ae2cdc4be6","isMergeCommit":false,"messageTitle":"Revert \"Add basic interface and structure of JavaNinja\"","messageBody":"","fileTypesAndContributionMap":{"functional-code":{"insertions":21,"deletions":211}}},{"hash":"c9fade00fe424198d8473c3ae83540d609f10a99","isMergeCommit":true,"messageTitle":"Merge pull request #9 from AY2425S1-CS2113-W12-4/revert-6-Class-Structure","messageBody":"Revert \"Add basic interface and structure of JavaNinja\"","fileTypesAndContributionMap":{}},{"hash":"76f8726d3a9078516a8911415900d4064e5f2f1e","isMergeCommit":false,"messageTitle":"Add basic structure, implementation, JUnit test","messageBody":"","fileTypesAndContributionMap":{"other":{"insertions":9,"deletions":11},"test-code":{"insertions":24,"deletions":12}}},{"hash":"9523c39b0038169a4141273b643e7b7892b1862b","isMergeCommit":false,"messageTitle":"Add basic structure, implementation, JUnit test","messageBody":"","fileTypesAndContributionMap":{"test-code":{"insertions":0,"deletions":3}}},{"hash":"1dcd151638299d86bda4172e2ff328adeda22988","isMergeCommit":false,"messageTitle":"Add basic structure, implementation, JUnit test","messageBody":"","fileTypesAndContributionMap":{"functional-code":{"insertions":1,"deletions":0}}},{"hash":"6504117b89524fff98e66a09e0beca75d376e396","isMergeCommit":true,"messageTitle":"Merge pull request #11 from shaunngoh/Class-Structure","messageBody":"Class structure","fileTypesAndContributionMap":{}},{"hash":"e48a54ca87e52a65561ce387fff05d6874a0b493","isMergeCommit":true,"messageTitle":"Merge pull request #13 from shaunngoh/Class-Structure","messageBody":"Resolve runtest.sh","fileTypesAndContributionMap":{}}]},{"date":"2024-10-15","commitResults":[{"hash":"6766eee8d0a597fb70e5f3eea01d389f4d5c2309","isMergeCommit":false,"messageTitle":"Add Questions.txt","messageBody":"","fileTypesAndContributionMap":{"functional-code":{"insertions":50,"deletions":9}}},{"hash":"3de866fbcb8584c7f40b2c7791648650a86c3df8","isMergeCommit":true,"messageTitle":"Merge conflict resolved","messageBody":"","fileTypesAndContributionMap":{}},{"hash":"871517980b42fa9a224e780b4a4352b4a57dfbff","isMergeCommit":true,"messageTitle":"Merge pull request #20 from AY2425S1-CS2113-W12-4/File--Format","messageBody":"Add File format","tags":["v1.0"],"fileTypesAndContributionMap":{}}]},{"date":"2024-10-18","commitResults":[{"hash":"5a113d82911e1cc60df96a97a6b4b217dc0d63a9","isMergeCommit":false,"messageTitle":"Add assertions into Quiz","messageBody":"","fileTypesAndContributionMap":{"functional-code":{"insertions":5,"deletions":3}}},{"hash":"358370bd8fd7e93f34251b1bf6e95dbb91399017","isMergeCommit":true,"messageTitle":"Merge pull request #26 from AY2425S1-CS2113-W12-4/Assertions","messageBody":"Add assertions into Quiz","fileTypesAndContributionMap":{}},{"hash":"1bd80ca5ca1c9ee5150c9938ad06445f71ee5e1f","isMergeCommit":false,"messageTitle":"Resolve QuizManagerTest","messageBody":"","fileTypesAndContributionMap":{"test-code":{"insertions":20,"deletions":5}}},{"hash":"7d6139985fb780a31bfa60213b9b8477a6b1d550","isMergeCommit":false,"messageTitle":"Resolve QuizManagerTest","messageBody":"","fileTypesAndContributionMap":{"test-code":{"insertions":3,"deletions":1}}},{"hash":"54b56dc498769a08eb2fc318f8a9c2f1e2ea72a8","isMergeCommit":false,"messageTitle":"Resolve Quiztest","messageBody":"","fileTypesAndContributionMap":{"test-code":{"insertions":19,"deletions":6}}},{"hash":"31c2ac44a99fcbebc1e6f6d7a3deb55b75474db1","isMergeCommit":true,"messageTitle":"Merge pull request #27 from AY2425S1-CS2113-W12-4/QuizTest","messageBody":"Resolve QuizManagerTest","fileTypesAndContributionMap":{}}]},{"date":"2024-10-22","commitResults":[{"hash":"139728156f3dbe25e7adcb7f0d4a0cd1dbec2bce","isMergeCommit":false,"messageTitle":"Add Flashcard, user input","messageBody":"","fileTypesAndContributionMap":{"functional-code":{"insertions":91,"deletions":12}}},{"hash":"7403edcd796ec76eede9ada4e9030132b6107dea","isMergeCommit":true,"messageTitle":"Merge pull request #33 from AY2425S1-CS2113-W12-4/Flashcard","messageBody":"Add Flashcard, user input","fileTypesAndContributionMap":{}}]},{"date":"2024-10-25","commitResults":[{"hash":"e26ca29ee4c1ca0a9f405f1cdde57695fae15d66","isMergeCommit":false,"messageTitle":"Add developer guide architecture","messageBody":"","fileTypesAndContributionMap":{"functional-code":{"insertions":23,"deletions":23}}},{"hash":"55fad9e952b4f1afed79e0034326934bd076bd23","isMergeCommit":true,"messageTitle":"Merge pull request #48 from AY2425S1-CS2113-W12-4/developer-guide","messageBody":"Add developer guide architecture","fileTypesAndContributionMap":{}},{"hash":"85eee5dce4f765aa00062e9c6bb544113afbbd0e","isMergeCommit":false,"messageTitle":"Implement architecture for guide","messageBody":"","fileTypesAndContributionMap":{"docs":{"insertions":24,"deletions":0}}},{"hash":"0d9a78e295ee21938b0744f5ef83ac245b86cfe0","isMergeCommit":true,"messageTitle":"Merge pull request #49 from AY2425S1-CS2113-W12-4/developer-guide","messageBody":"Implement architecture for guide","fileTypesAndContributionMap":{}}]},{"date":"2024-10-29","commitResults":[{"hash":"66c3ffceb56a5a903e7349327817ed38b4bd2667","isMergeCommit":false,"messageTitle":"Add Parser class, refactor Question","messageBody":"","fileTypesAndContributionMap":{"functional-code":{"insertions":162,"deletions":153},"other":{"insertions":5,"deletions":5},"test-code":{"insertions":17,"deletions":15}}},{"hash":"387cb26c50d786d308c84deda68ee2923d45dcea","isMergeCommit":true,"messageTitle":"Refactor code, add Parser class","messageBody":"","fileTypesAndContributionMap":{}},{"hash":"8437c22dbdae30f48eed06b3946599263bc081ce","isMergeCommit":true,"messageTitle":"Merge pull request #60 from AY2425S1-CS2113-W12-4/code-refactor","messageBody":"Add Parser class, refactor Question","fileTypesAndContributionMap":{}},{"hash":"d75013418f0deb7d7a9a026f4ff15ed2edb72abf","isMergeCommit":false,"messageTitle":"Fix QuizManagerTest class","messageBody":"","fileTypesAndContributionMap":{"functional-code":{"insertions":42,"deletions":17},"test-code":{"insertions":7,"deletions":7}}},{"hash":"bd866345dc640c67ef63724a77c084e24b8cf053","isMergeCommit":true,"messageTitle":"Merge pull request #61 from AY2425S1-CS2113-W12-4/code-refactor","messageBody":"Fix QuizManagerTest class","fileTypesAndContributionMap":{}},{"hash":"c93269b2e722fba1723431406793b1ed72a81584","isMergeCommit":false,"messageTitle":"Include QuizTimer class","messageBody":"","fileTypesAndContributionMap":{"functional-code":{"insertions":61,"deletions":41},"test-code":{"insertions":14,"deletions":14}}}]},{"date":"2024-10-30","commitResults":[{"hash":"d0bdcf2a2706b0af8b0fa19dfcd2218e768ecc53","isMergeCommit":true,"messageTitle":"Merge pull request #62 from AY2425S1-CS2113-W12-4/code-refactor","messageBody":"Include QuizTimer class","fileTypesAndContributionMap":{}},{"hash":"9c2c31daca3bc519e8e111fc6fda2cc2700aede0","isMergeCommit":false,"messageTitle":"Add developer guide","messageBody":"","fileTypesAndContributionMap":{"docs":{"insertions":78,"deletions":0}}},{"hash":"d186e2fb7e5a4dad7f60f46e10c0ab4c25779e9d","isMergeCommit":true,"messageTitle":"Merge pull request #70 from AY2425S1-CS2113-W12-4/dev-guide","messageBody":"Add developer guide","fileTypesAndContributionMap":{}}]},{"date":"2024-10-31","commitResults":[{"hash":"d835360730acec02c78312d6abea79ce8976fba3","isMergeCommit":false,"messageTitle":"Add QuizResults, QuizSession class","messageBody":"","fileTypesAndContributionMap":{"functional-code":{"insertions":294,"deletions":245}}},{"hash":"bca659006ddaccf5d5f924f226c578ea735d7b31","isMergeCommit":true,"messageTitle":"Merge pull request #74 from AY2425S1-CS2113-W12-4/more-oop","messageBody":"Add QuizResults, QuizSession class","fileTypesAndContributionMap":{}},{"hash":"73c335ff0df280a2110ab7901823d1e65d034c3b","isMergeCommit":false,"messageTitle":"Adjust error in QuizManagerTest","messageBody":"","fileTypesAndContributionMap":{"functional-code":{"insertions":45,"deletions":6},"test-code":{"insertions":38,"deletions":17}}},{"hash":"7506dc62a7d140af4e0bda3fb9f1225a70f5bdac","isMergeCommit":true,"messageTitle":"Merge pull request #75 from AY2425S1-CS2113-W12-4/more-oop","messageBody":"Adjust error in QuizManagerTest","fileTypesAndContributionMap":{}},{"hash":"64a255e59043b3cfdae0ddd1d7e8fce8bd726207","isMergeCommit":false,"messageTitle":"Add developer details for QuizManager, Parser and JavaNinja","messageBody":"","fileTypesAndContributionMap":{"docs":{"insertions":152,"deletions":1}}},{"hash":"c13cb6e2f329d521f6c385ca0bb180d85a95e52a","isMergeCommit":true,"messageTitle":"Merge pull request #76 from AY2425S1-CS2113-W12-4/add-dev-guide","messageBody":"Add developer details for QuizManager, Parser and JavaNinja","fileTypesAndContributionMap":{}},{"hash":"19db943badfffe8a8f0c30587e53c48c0c0959c7","isMergeCommit":false,"messageTitle":"Add additional developer details","messageBody":"","fileTypesAndContributionMap":{"docs":{"insertions":206,"deletions":99}}},{"hash":"5e1ba04436f93eea7ee02b6027bb9a6b0ebc43af","isMergeCommit":true,"messageTitle":"Merge pull request #77 from AY2425S1-CS2113-W12-4/add-dev-guide","messageBody":"Add additional developer details","fileTypesAndContributionMap":{}},{"hash":"7fb77fa59eb6fb1690cb5dbe89dc9bc7f79522c5","isMergeCommit":false,"messageTitle":"Add User Guide details","messageBody":"","fileTypesAndContributionMap":{"docs":{"insertions":24,"deletions":2}}},{"hash":"d35691f0f2f681a38e59721c8315bc6dedc14faf","isMergeCommit":true,"messageTitle":"Merge pull request #78 from AY2425S1-CS2113-W12-4/add-user-guide","messageBody":"Add User Guide details","fileTypesAndContributionMap":{}}]},{"date":"2024-11-05","commitResults":[{"hash":"a8107e3565d918e4e0cdb90daa55e57b4c8801c1","isMergeCommit":false,"messageTitle":"Add additional test classes","messageBody":"","fileTypesAndContributionMap":{"docs":{"insertions":5,"deletions":5},"test-code":{"insertions":12,"deletions":0}}},{"hash":"785befe4e0890c4f58666e1e200826361669790c","isMergeCommit":false,"messageTitle":"Add methods to test classes \tmodified:   ../src/main/java/seedu/javaninja/Quiz.java \tmodified:   ../src/main/java/seedu/javaninja/QuizSession.java \tmodified:   ../src/test/java/seedu/javaninja/QuizResultsTest.java \tmodified:   ../src/test/java/seedu/javaninja/QuizSessionTest.java \tmodified:   ../src/test/java/seedu/javaninja/StorageTest.java","messageBody":"","fileTypesAndContributionMap":{"functional-code":{"insertions":6,"deletions":1},"test-code":{"insertions":244,"deletions":6}}},{"hash":"a822dce15ac37f8a830c745ad6c27e4aa056580d","isMergeCommit":true,"messageTitle":"Merge pull request #80 from AY2425S1-CS2113-W12-4/quiz-test","messageBody":"Add additional test classes","fileTypesAndContributionMap":{}},{"hash":"4578bbc053fdd13fc80312611d2a496fa691e6f0","isMergeCommit":false,"messageTitle":"Improve Code Quality","messageBody":"\tmodified:   src/main/java/seedu/javaninja/QuizManager.java\n\tmodified:   src/main/java/seedu/javaninja/QuizResults.java\n\tmodified:   src/main/java/seedu/javaninja/QuizSession.java\n\tmodified:   src/main/java/seedu/javaninja/QuizTimer.java\n\tmodified:   src/main/java/seedu/javaninja/Storage.java\n\tmodified:   src/main/java/seedu/javaninja/question/Flashcard.java\n\tmodified:   src/main/java/seedu/javaninja/question/Mcq.java\n\tmodified:   src/main/java/seedu/javaninja/question/Question.java\n\tmodified:   src/test/java/seedu/javaninja/QuizManagerTest.java\n\tmodified:   src/test/java/seedu/javaninja/QuizResultsTest.java\n","fileTypesAndContributionMap":{"functional-code":{"insertions":0,"deletions":14},"test-code":{"insertions":2,"deletions":2}}},{"hash":"2ffbd64d0d2fb108ac23e03021b4815798733deb","isMergeCommit":false,"messageTitle":"Improve code quality","messageBody":"\tmodified:   ../src/main/java/seedu/javaninja/QuizTimer.java\n\tmodified:   ../src/main/java/seedu/javaninja/Topic.java\n\tmodified:   ../src/main/java/seedu/javaninja/TopicManager.java\n","fileTypesAndContributionMap":{"functional-code":{"insertions":3,"deletions":5}}},{"hash":"409aa8ca6ec846ce58ceb1b1cb5d8e61600eb159","isMergeCommit":true,"messageTitle":"Merge pull request #81 from AY2425S1-CS2113-W12-4/quiz-test","messageBody":"Improve Code Quality","fileTypesAndContributionMap":{}},{"hash":"3d2fa5d47e0f62d53161b725f6486ac60efbefa8","isMergeCommit":false,"messageTitle":"Add TopicManager and Topic Initialisation in dev \tmodified:   ../docs/DeveloperGuide.md \tmodified:   ../docs/UML/ParserSequenceDiagram.png \tmodified:   ../docs/UML/QuizManagerSequenceDiagram.png \trenamed:    ../docs/UML/puml-files/QuizManagerArchitecture.puml -\u003e ../docs/UML/puml-files/QuizManagerClassHighLevel.puml \tmodified:   ../docs/UML/puml-files/QuizManagerSequenceDiagram.puml \tnew file:   ../docs/UML/puml-files/TopicInstantiationSequenceDiagram.puml \tnew file:   ../docs/UML/puml-files/TopicManager.puml \tmodified:   ../src/main/java/seedu/javaninja/Quiz.java \tmodified:   ../src/main/java/seedu/javaninja/TopicManager.java","messageBody":"","fileTypesAndContributionMap":{"functional-code":{"insertions":2,"deletions":2},"docs":{"insertions":119,"deletions":52}}},{"hash":"601bb8ffda024227d1c6f85835bfb379f48985c1","isMergeCommit":true,"messageTitle":"Merge pull request #82 from AY2425S1-CS2113-W12-4/developer-guide-details","messageBody":"Add TopicManager and Topic Initialisation in dev","fileTypesAndContributionMap":{}}]},{"date":"2024-11-06","commitResults":[{"hash":"1551bbf3bea618be98241365e51f1f7c318f1958","isMergeCommit":false,"messageTitle":"Add cli dependability to classes","messageBody":"\tmodified:   ../data/Questions.txt\n\tmodified:   ../src/main/java/seedu/javaninja/Cli.java\n\tmodified:   ../src/main/java/seedu/javaninja/JavaNinja.java\n\tmodified:   ../src/main/java/seedu/javaninja/Parser.java\n\tmodified:   ../src/main/java/seedu/javaninja/Quiz.java\n\tmodified:   ../src/main/java/seedu/javaninja/QuizManager.java\n\tmodified:   ../src/main/java/seedu/javaninja/QuizSession.java\n\tmodified:   ../src/main/java/seedu/javaninja/TopicManager.java\n\tmodified:   ../src/main/java/seedu/javaninja/question/FillInTheBlank.java\n\tmodified:   ../src/main/java/seedu/javaninja/question/Flashcard.java\n\tmodified:   ../src/main/java/seedu/javaninja/question/Mcq.java\n\tmodified:   ../src/main/java/seedu/javaninja/question/Question.java\n\tmodified:   ../src/main/java/seedu/javaninja/question/TrueFalse.java\n\tmodified:   ../src/test/java/seedu/javaninja/QuizManagerTest.java\n\tmodified:   ../src/test/java/seedu/javaninja/QuizSessionTest.java\n\n\t../docs/UML/TopicInstantiationSequenceDiagram.png\n\t../docs/UML/TopicManager.png\n","fileTypesAndContributionMap":{"functional-code":{"insertions":107,"deletions":56},"test-code":{"insertions":83,"deletions":174}}},{"hash":"b271b92091df07bb6289964754db2426de4761bb","isMergeCommit":false,"messageTitle":"Ensure gradlew testability \tmodified:   data/Questions.txt \tmodified:   src/main/java/seedu/javaninja/Quiz.java \tmodified:   src/main/java/seedu/javaninja/QuizSession.java \tmodified:   src/test/java/seedu/javaninja/QuizManagerTest.java \tmodified:   src/test/java/seedu/javaninja/QuizSessionTest.java","messageBody":"","fileTypesAndContributionMap":{"functional-code":{"insertions":0,"deletions":2},"test-code":{"insertions":10,"deletions":3}}},{"hash":"57c798a9faeb8f4687ed9a9f644224b98dc56eeb","isMergeCommit":true,"messageTitle":"Merge pull request #83 from AY2425S1-CS2113-W12-4/cli--development","messageBody":"Add cli dependability to classes","fileTypesAndContributionMap":{}},{"hash":"3caa28da2d8bcbdc9909761c9183d0ef3d7a38fa","isMergeCommit":false,"messageTitle":"Add RandomQuestion Method, improve QuizResults \tmodified:   ../data/Questions.txt \tmodified:   ../src/main/java/seedu/javaninja/Quiz.java \tmodified:   ../src/main/java/seedu/javaninja/QuizManager.java \tmodified:   ../src/main/java/seedu/javaninja/QuizResults.java \tmodified:   ../src/main/java/seedu/javaninja/QuizSession.java \tmodified:   ../src/main/java/seedu/javaninja/Topic.java \tmodified:   ../src/main/java/seedu/javaninja/TopicManager.java \tmodified:   ../src/main/java/seedu/javaninja/question/Mcq.java \tmodified:   ../src/main/java/seedu/javaninja/question/Question.java \tmodified:   ../src/test/java/seedu/javaninja/QuizResultsTest.java \tmodified:   ../src/test/java/seedu/javaninja/QuizSessionTest.java \tmodified:   EXPECTED.TXT","messageBody":"\t../docs/UML/TopicInstantiationSequenceDiagram.png\n\t../docs/UML/TopicManager.png\n","fileTypesAndContributionMap":{"functional-code":{"insertions":87,"deletions":26},"test-code":{"insertions":42,"deletions":18}}},{"hash":"ce03a2c1a9dd61d6d889c540a39a1e9202214122","isMergeCommit":false,"messageTitle":"Comply with gradlew check","messageBody":"","fileTypesAndContributionMap":{"functional-code":{"insertions":13,"deletions":4},"test-code":{"insertions":4,"deletions":4}}},{"hash":"a0d3203f2ef743072478b3f588dcffae659c1f65","isMergeCommit":true,"messageTitle":"Merge pull request #84 from AY2425S1-CS2113-W12-4/cli--development","messageBody":"Add RandomQuestion Method, improve QuizResults","fileTypesAndContributionMap":{}}]},{"date":"2024-11-07","commitResults":[{"hash":"85364d71161b60f6203f345214373a05ccfa6369","isMergeCommit":false,"messageTitle":"Fix bugs in time limit and Flashcard","messageBody":"","fileTypesAndContributionMap":{"functional-code":{"insertions":167,"deletions":45},"test-code":{"insertions":52,"deletions":1}}},{"hash":"9915f1dd1d2cca5c852263d2ea5fa6d5346e1e30","isMergeCommit":false,"messageTitle":"Comply with gradlew","messageBody":"","fileTypesAndContributionMap":{"functional-code":{"insertions":5,"deletions":2},"test-code":{"insertions":1,"deletions":12}}},{"hash":"580bc20970bfdfa900a32b7821f838f003e7e4d6","isMergeCommit":true,"messageTitle":"Merge pull request #85 from AY2425S1-CS2113-W12-4/bug--fixing","messageBody":"Fix bugs in time limit and Flashcard","tags":["v2.0"],"fileTypesAndContributionMap":{}}]},{"date":"2024-11-08","commitResults":[{"hash":"1a64ddf1d6d482e43437bb342133bde6af3ceee4","isMergeCommit":false,"messageTitle":"Furnish details for developer guide \tmodified:   ../../../docs/DeveloperGuide.md \tdeleted:    ../../../docs/UML/ParserSequenceDiagram.png \tnew file:   ../../../docs/UML/puml-files/Cli/CliClassDiagram.puml \trenamed:    ../../../docs/UML/FITBClassDiagram.png -\u003e ../../../docs/UML/puml-files/Fitb/FITBClassDiagram.png \trenamed:    ../../../docs/UML/puml-files/FillInTheBlank.puml -\u003e ../../../docs/UML/puml-files/Fitb/FillInTheBlank.puml \trenamed:    ../../../docs/UML/JavaNinja.png -\u003e ../../../docs/UML/puml-files/JavaNinja/JavaNinja.png \trenamed:    ../../../docs/UML/puml-files/JavaNinja.puml -\u003e ../../../docs/UML/puml-files/JavaNinja/JavaNinja.puml \tnew file:   ../../../docs/UML/puml-files/JavaNinja/JavaNinjaSequenceDiagram.puml \tnew file:   ../../../docs/UML/puml-files/Parser/ParserSequenceDiagram.png \trenamed:    ../../../docs/UML/puml-files/ParserSequenceDiagram.puml -\u003e ../../../docs/UML/puml-files/Parser/ParserSequenceDiagram.puml \trenamed:    ../../../docs/UML/QuizManager.png -\u003e ../../../docs/UML/puml-files/QuizManager/QuizManager.png \trenamed:    ../../../docs/UML/QuizManagerAndQuizRelations.png -\u003e ../../../docs/UML/puml-files/QuizManager/QuizManagerAndQuizRelations.png \trenamed:    ../../../docs/UML/puml-files/QuizManagerAndQuizRelations.puml -\u003e ../../../docs/UML/puml-files/QuizManager/QuizManagerAndQuizRelations.puml \trenamed:    ../../../docs/UML/QuizManagerArchitecture.png -\u003e ../../../docs/UML/puml-files/QuizManager/QuizManagerArchitecture.png \trenamed:    ../../../docs/UML/puml-files/QuizManagerClassDiagram.puml -\u003e ../../../docs/UML/puml-files/QuizManager/QuizManagerClassDiagram.puml \trenamed:    ../../../docs/UML/puml-files/QuizManagerClassHighLevel.puml -\u003e ../../../docs/UML/puml-files/QuizManager/QuizManagerClassHighLevel.puml \trenamed:    ../../../docs/UML/QuizManagerSequenceDiagram.png -\u003e ../../../docs/UML/puml-files/QuizManager/QuizManagerSequenceDiagram.png \trenamed:    ../../../docs/UML/puml-files/QuizManagerSequenceDiagram.puml -\u003e ../../../docs/UML/puml-files/QuizManager/QuizManagerSequenceDiagram.puml \tnew file:   ../../../docs/UML/puml-files/QuizSession/QuizSessionClassDiagram.puml \tnew file:   ../../../docs/UML/puml-files/QuizSession/QuizSessionSequenceDiagram.puml \trenamed:    ../../../docs/UML/TopicClasDiagram.png -\u003e ../../../docs/UML/puml-files/TopicManager/TopicClasDiagram.png \trenamed:    ../../../docs/UML/TopicInstantiationSequenceDiagram.png -\u003e ../../../docs/UML/puml-files/TopicManager/TopicInstantiationSequenceDiagram.png \trenamed:    ../../../docs/UML/puml-files/TopicInstantiationSequenceDiagram.puml -\u003e ../../../docs/UML/puml-files/TopicManager/TopicInstantiationSequenceDiagram.puml \trenamed:    ../../../docs/UML/TopicManager.png -\u003e ../../../docs/UML/puml-files/TopicManager/TopicManager.png \trenamed:    ../../../docs/UML/puml-files/TopicManager.puml -\u003e ../../../docs/UML/puml-files/TopicManager/TopicManager.puml \trenamed:    ../../../docs/UML/TrueFalseClassDiagram.png -\u003e ../../../docs/UML/puml-files/TrueFalse/TrueFalseClassDiagram.png \trenamed:    ../../../docs/UML/puml-files/TrueFalseClassDiagram.puml -\u003e ../../../docs/UML/puml-files/TrueFalse/TrueFalseClassDiagram.puml \t../../../docs/UML/puml-files/Cli/CliClassDiagram.png \t../../../docs/UML/puml-files/JavaNinja/JavaNinjaSequenceDiagram.png \t../../../docs/UML/puml-files/QuizSession/QuizSessionClassDiagram.png \t../../../docs/UML/puml-files/QuizSession/QuizSessionSequenceDiagram.png","messageBody":"","fileTypesAndContributionMap":{"docs":{"insertions":346,"deletions":130}}},{"hash":"945a129efb0fa05214e411a39f3fb0655244ff01","isMergeCommit":true,"messageTitle":"Merge pull request #90 from AY2425S1-CS2113-W12-4/add-details-dg","messageBody":"Furnish details for developer guide","fileTypesAndContributionMap":{}},{"hash":"1f57364e6a8815eaa06406ac3875c8c40364c73b","isMergeCommit":false,"messageTitle":"Add missing photo","messageBody":"","fileTypesAndContributionMap":{"docs":{"insertions":1,"deletions":1}}},{"hash":"9cacaf3ac598b3f51f26ed3579b838ac23a7085f","isMergeCommit":true,"messageTitle":"Merge pull request #91 from AY2425S1-CS2113-W12-4/add-details-dg","messageBody":"Add missing photo","fileTypesAndContributionMap":{}},{"hash":"ad00004ebbb5f878d6eae73dd577a59da25f9679","isMergeCommit":false,"messageTitle":"Add user guide details","messageBody":"","fileTypesAndContributionMap":{"docs":{"insertions":13,"deletions":6}}},{"hash":"6855703119120a659e58594401e98f7e4517f893","isMergeCommit":true,"messageTitle":"Merge pull request #92 from AY2425S1-CS2113-W12-4/add-details-dg","messageBody":"Add user guide details","fileTypesAndContributionMap":{}}]}],"naveen42x":[{"date":"2024-10-02","commitResults":[{"hash":"71086e90a77a5c563aefc6b32a5e58f530321a7a","isMergeCommit":false,"messageTitle":"Update Naveen-AboutUs","messageBody":"","fileTypesAndContributionMap":{"docs":{"insertions":5,"deletions":5}}},{"hash":"e5079739b68fcec8c5e0170db51be7fd2d32eef0","isMergeCommit":false,"messageTitle":"Update Branch","messageBody":"","fileTypesAndContributionMap":{"docs":{"insertions":1,"deletions":4}}},{"hash":"b4a144a70a5c5baf3888281a37c32e1717b4bbea","isMergeCommit":true,"messageTitle":"update about us","messageBody":"","fileTypesAndContributionMap":{}},{"hash":"962529fab4614933efd73cf172dfa28e54006d09","isMergeCommit":true,"messageTitle":"Merge pull request #5 from naveen42x/Naveen-AboutUs","messageBody":"Naveen about us","fileTypesAndContributionMap":{}}]},{"date":"2024-10-15","commitResults":[{"hash":"771c1762e07775b090e281b259cddf2eb36d5967","isMergeCommit":false,"messageTitle":"Implement help command","messageBody":"","fileTypesAndContributionMap":{"functional-code":{"insertions":16,"deletions":3}}},{"hash":"b0f7177da27a83cd7944904f3ced95468bb36460","isMergeCommit":false,"messageTitle":"Fix Checkstyle violations in QuizManager","messageBody":"","fileTypesAndContributionMap":{"functional-code":{"insertions":1,"deletions":2}}},{"hash":"3762a79d38dd407ee33451629208331a65825f9b","isMergeCommit":false,"messageTitle":"Normalize line endings to Unix and OS X","messageBody":"","fileTypesAndContributionMap":{"functional-code":{"insertions":1,"deletions":0}}},{"hash":"6d60f0d159461861a34be8005a7dd5569b2e473a","isMergeCommit":false,"messageTitle":"Implement help command","messageBody":"","fileTypesAndContributionMap":{"functional-code":{"insertions":1,"deletions":0}}}]},{"date":"2024-10-16","commitResults":[{"hash":"c29ce340eb17c7f62744c05916f974bf338cf138","isMergeCommit":false,"messageTitle":"Implement help message and fix check errors","messageBody":"","fileTypesAndContributionMap":{"functional-code":{"insertions":1,"deletions":22}}},{"hash":"362cc6653a5b6690229936e6739e21219f551d69","isMergeCommit":true,"messageTitle":"Merge pull request #22 from naveen42x/implement-help-command","messageBody":"Implement help command","fileTypesAndContributionMap":{}},{"hash":"b0df5ff047afb001f1771de8d4f39ee8ffdf5e1c","isMergeCommit":false,"messageTitle":"Implement save and load quiz results functionality","messageBody":"","fileTypesAndContributionMap":{"functional-code":{"insertions":86,"deletions":3}}},{"hash":"739921d3008ab6ac38035a495ee2fd7fd43fd3f6","isMergeCommit":true,"messageTitle":"Merge pull request #24 from naveen42x/implement-save-results","messageBody":"Implement save and load quiz results functionality","fileTypesAndContributionMap":{}},{"hash":"51f249d9ac0ae8e08143b212864c7b39e9883f18","isMergeCommit":false,"messageTitle":"Updated save feature and fixed test cases","messageBody":"","fileTypesAndContributionMap":{"functional-code":{"insertions":11,"deletions":0},"test-code":{"insertions":40,"deletions":3}}},{"hash":"825ceccd3694e779e23178d4b04c0c142583012f","isMergeCommit":true,"messageTitle":"Merge pull request #25 from naveen42x/implement-save-results","messageBody":"Updated save feature and fixed test cases","tags":["v0.9"],"fileTypesAndContributionMap":{}}]},{"date":"2024-10-22","commitResults":[{"hash":"ed46e6b271bfd2b587dd937d3985d7cb973626bb","isMergeCommit":false,"messageTitle":"Enabled assertions in build.gradle","messageBody":"","fileTypesAndContributionMap":{"other":{"insertions":3,"deletions":2}}},{"hash":"add93a51ac10411a5d8f970e2db548a1d3c75d60","isMergeCommit":true,"messageTitle":"Merge pull request #34 from naveen42x/enable-assertions","messageBody":"Enabled assertions in build.gradle","fileTypesAndContributionMap":{}}]},{"date":"2024-10-23","commitResults":[{"hash":"4b25995535234082c197b9c99356f2dbfe1723cc","isMergeCommit":false,"messageTitle":"Updated QuizManager and test cases","messageBody":"","fileTypesAndContributionMap":{"functional-code":{"insertions":90,"deletions":44},"test-code":{"insertions":34,"deletions":54}}},{"hash":"628fc9ccc890db4bf16a7fce8a9d0b4016ac3643","isMergeCommit":true,"messageTitle":"Merge pull request #35 from naveen42x/enable-assertions","messageBody":"Updated QuizManager and test cases","fileTypesAndContributionMap":{}}]},{"date":"2024-10-29","commitResults":[{"hash":"e8a4353942697b00342bfac41ec37ff5f76cf852","isMergeCommit":false,"messageTitle":"Updated User Guide","messageBody":"","fileTypesAndContributionMap":{"docs":{"insertions":17,"deletions":3}}},{"hash":"957245b5b28049789704592d8cf0020403e4fb5e","isMergeCommit":true,"messageTitle":"Merge pull request #59 from naveen42x/ug1","messageBody":"Updated User Guide","fileTypesAndContributionMap":{}}]},{"date":"2024-10-30","commitResults":[{"hash":"fe97b885e940bc63c2bd556ceb765ea247724691","isMergeCommit":false,"messageTitle":"Updated Developer Guide","messageBody":"","fileTypesAndContributionMap":{"functional-code":{"insertions":1,"deletions":1},"docs":{"insertions":28,"deletions":5}}},{"hash":"a5ed651ce5da40d69f9a4c6b39d98414f24b9163","isMergeCommit":true,"messageTitle":"Merge pull request #63 from naveen42x/dg","messageBody":"Updated Developer Guide","fileTypesAndContributionMap":{}},{"hash":"ffb2cb2b45e31469e67e57364c669c9bd428f2f7","isMergeCommit":false,"messageTitle":"Updated User Guide","messageBody":"","fileTypesAndContributionMap":{"docs":{"insertions":6,"deletions":6}}},{"hash":"ff105c20fec5cadb799d5db9c74cdf1b357a2b09","isMergeCommit":true,"messageTitle":"Merge pull request #64 from naveen42x/dg","messageBody":"Updated User Guide","fileTypesAndContributionMap":{}},{"hash":"d5b91a511291ff54412d34652f3f253ff96785b5","isMergeCommit":false,"messageTitle":"Updated Developer Guide","messageBody":"","fileTypesAndContributionMap":{"docs":{"insertions":7,"deletions":7}}},{"hash":"7714c8e781035967448e3b3515d67f4c4eaf8d3d","isMergeCommit":true,"messageTitle":"Merge pull request #65 from naveen42x/dg","messageBody":"Updated Developer Guide","fileTypesAndContributionMap":{}},{"hash":"1b23672453e333e50f47b450dc84a5fa34fa785a","isMergeCommit":false,"messageTitle":"Updated Developer Guide","messageBody":"","fileTypesAndContributionMap":{"docs":{"insertions":40,"deletions":0}}},{"hash":"39094155852bb6bb56056b2c767219a317285208","isMergeCommit":true,"messageTitle":"Merge pull request #67 from naveen42x/dg","messageBody":"Updated Developer Guide","fileTypesAndContributionMap":{}},{"hash":"7816248793525351b99ba387442b1c73fadc2727","isMergeCommit":false,"messageTitle":"Added Topic class diagram","messageBody":"","fileTypesAndContributionMap":{"docs":{"insertions":1,"deletions":1}}},{"hash":"4625e1ff7029911985dbf6d6a5a5679dc369af49","isMergeCommit":false,"messageTitle":"Added Topic class diagram","messageBody":"","fileTypesAndContributionMap":{"docs":{"insertions":2,"deletions":2}}},{"hash":"b7aac5a22c63db81288d14b15b5d4cb9ecf65418","isMergeCommit":true,"messageTitle":"Merge pull request #68 from naveen42x/dg","messageBody":"Added Topic class diagram link in DG","fileTypesAndContributionMap":{}}]},{"date":"2024-11-08","commitResults":[{"hash":"1fbca53ca852da0b20ccab4cd4ecd873acb46a63","isMergeCommit":false,"messageTitle":"Create PPP","messageBody":"","fileTypesAndContributionMap":{"docs":{"insertions":43,"deletions":0}}},{"hash":"d2450e138f55d5be75b469c26419cc8d83d2df4f","isMergeCommit":true,"messageTitle":"Merge pull request #88 from naveen42x/PPP1","messageBody":"Create PPP","fileTypesAndContributionMap":{}}]},{"date":"2024-11-10","commitResults":[{"hash":"5bfda3f80b2eb7c8db433bf7376684f8ec23a0f5","isMergeCommit":false,"messageTitle":"update comments and topics","messageBody":"","fileTypesAndContributionMap":{"functional-code":{"insertions":150,"deletions":11},"test-code":{"insertions":72,"deletions":7}}},{"hash":"1a00e81fb072f4c36abc498e31740ac6d589c140","isMergeCommit":true,"messageTitle":"Merge pull request #172 from naveen42x/update-topic-and-comments","messageBody":"Update comments and topics","fileTypesAndContributionMap":{}},{"hash":"6247254a66ec16ca9706649738e2b76f3519021e","isMergeCommit":false,"messageTitle":"Create QuizTimerTest","messageBody":"","fileTypesAndContributionMap":{"functional-code":{"insertions":10,"deletions":8},"test-code":{"insertions":48,"deletions":0}}},{"hash":"ea4d0ca5ca2f47d8bfe11ed1405ce0aef62c8883","isMergeCommit":true,"messageTitle":"Merge pull request #173 from naveen42x/update-topic-and-comments","messageBody":"Create QuizTimerTest","fileTypesAndContributionMap":{}},{"hash":"2a65ebc3690785a0694b2f9d2678cb41c0449629","isMergeCommit":false,"messageTitle":"Fix checkstyle error","messageBody":"","fileTypesAndContributionMap":{"functional-code":{"insertions":1,"deletions":1}}},{"hash":"49d9b7262d96e9d19dd1df8309b092c3f5b0a58e","isMergeCommit":true,"messageTitle":"Merge pull request #174 from naveen42x/update-topic-and-comments","messageBody":"Fix checkstyle error","fileTypesAndContributionMap":{}},{"hash":"d184b734b2dbbdc41f655eb9abdcf8f5320a5aeb","isMergeCommit":false,"messageTitle":"fix error to pass checks","messageBody":"","fileTypesAndContributionMap":{"functional-code":{"insertions":1,"deletions":1},"test-code":{"insertions":1,"deletions":1}}},{"hash":"518fb60a5681b94c1a65533e8a257f296f9981af","isMergeCommit":true,"messageTitle":"Merge pull request #176 from naveen42x/update-topic-and-comments","messageBody":"Fix error to pass checks","fileTypesAndContributionMap":{}}]}]},"authorFileTypeContributionMap":{"Zhang-Zhitong":{"docs":1,"functional-code":0,"test-code":0},"YubotKwng":{"docs":164,"functional-code":135,"test-code":386},"Lucky-Yuan00":{"docs":322,"functional-code":470,"test-code":6},"shaunngoh":{"docs":759,"functional-code":852,"test-code":384,"other":92},"naveen42x":{"docs":84,"functional-code":242,"test-code":130,"other":1}},"authorContributionVariance":{"Zhang-Zhitong":0.6789939,"YubotKwng":7559.4634,"Lucky-Yuan00":13589.967,"shaunngoh":47263.273,"naveen42x":3320.0508},"authorDisplayNameMap":{"Zhang-Zhitong":"CS2113-W12-4 ZHAN..TONG","YubotKwng":"CS2113-W12-4 WANG..YUBO","Lucky-Yuan00":"CS2113-W12-4 WANG..NLIN","shaunngoh":"CS2113-W12-4 GOH ..HAUN","naveen42x":"CS2113-W12-4 NAVE..RESH"}}
