{"authorDailyContributionsMap":{"Zhang-Zhitong":[{"date":"2024-10-02","commitResults":[{"hash":"6916f0661fb374ebd569b289baac2122ed8c1281","isMergeCommit":false,"messageTitle":"Update AboutUs.md to add Zhang Zhitong profile","messageBody":"","fileTypesAndContributionMap":{"docs":{"insertions":1,"deletions":5}}},{"hash":"707ab99700a9ebe64e7d38196b618034eeddf1b6","isMergeCommit":true,"messageTitle":"Merge branch \u0027master\u0027 into AboutUs","messageBody":"# Conflicts:\n#\tdocs/AboutUs.md\n","fileTypesAndContributionMap":{}},{"hash":"52225a96694df983ed769d87cbdbb3e757d1883c","isMergeCommit":true,"messageTitle":"Merge pull request #3 from Zhang-Zhitong/AboutUs","messageBody":"Update AboutUs.md to add Zhang Zhitong profile","fileTypesAndContributionMap":{}}]}],"YubotKwng":[{"date":"2024-10-02","commitResults":[{"hash":"9678c77b0da8bdc236422bac40139e79cdc63625","isMergeCommit":false,"messageTitle":"Update docs/AboutUs.md","messageBody":"update github links and portfolio\n","fileTypesAndContributionMap":{"docs":{"insertions":3,"deletions":7}}},{"hash":"be4310381fc86a6e7721009a7193dcb455616148","isMergeCommit":true,"messageTitle":"Merge pull request #2 from YubotKwng/WangYubo-AboutUs","messageBody":"Update docs/AboutUs.md","fileTypesAndContributionMap":{}}]},{"date":"2024-10-14","commitResults":[{"hash":"f44226cdf0dff02994bb0070b2bd90eb4ba9316f","isMergeCommit":false,"messageTitle":"increment review","messageBody":"the review will return score in percentage and generated simple comment based on the score\n","fileTypesAndContributionMap":{"functional-code":{"insertions":49,"deletions":1}}},{"hash":"a5e0c34a6f21ce540fb919e46ace98de67d9d4e2","isMergeCommit":true,"messageTitle":"Merge pull request #15 from YubotKwng/increment-review","messageBody":"increment review","fileTypesAndContributionMap":{}},{"hash":"9ae17ade9f9c9e2e9457c773fe9b31fb16b4bdfc","isMergeCommit":false,"messageTitle":"correct bug exit code 1","messageBody":"","fileTypesAndContributionMap":{"functional-code":{"insertions":1,"deletions":0}}},{"hash":"076e0768e72f26d129452730c19aca43c96fb736","isMergeCommit":false,"messageTitle":"Resolve runtest.sh","messageBody":"","fileTypesAndContributionMap":{"test-code":{"insertions":15,"deletions":0}}},{"hash":"cf3f62fb867e4a0e7d34588110dcf01560735b17","isMergeCommit":true,"messageTitle":"Merge pull request #17 from YubotKwng/increment-review","messageBody":"Increment review","fileTypesAndContributionMap":{}}]},{"date":"2024-10-15","commitResults":[{"hash":"1bee95a10c08f0638a252b3571129d8bdccef9c8","isMergeCommit":true,"messageTitle":"Merge pull request #18 from AY2425S1-CS2113-W12-4/increment-review","messageBody":"Increment review","fileTypesAndContributionMap":{}}]}],"Lucky-Yuan00":[{"date":"2024-10-02","commitResults":[{"hash":"07166bad388292e87cb5d591832fcd48c0750108","isMergeCommit":false,"messageTitle":"Update AboutUs.md.","messageBody":"","fileTypesAndContributionMap":{"docs":{"insertions":4,"deletions":7}}},{"hash":"f724f367dd63de5bda21805ba46e79a49ecdd908","isMergeCommit":true,"messageTitle":"Upadate Jinlin","messageBody":"","fileTypesAndContributionMap":{}},{"hash":"2da5d2b6c79b85fcbda7f6649ce80a15d1e82e05","isMergeCommit":true,"messageTitle":"Merge pull request #4 from Lucky-Yuan00/Jinlin-AboutUs","messageBody":"Update AboutUs.md.","fileTypesAndContributionMap":{}}]},{"date":"2024-10-13","commitResults":[{"hash":"6a117b6296881620c73fc5c39eec76cbc9bda882","isMergeCommit":false,"messageTitle":"Add JUnit tests for QuizManager.","messageBody":"","fileTypesAndContributionMap":{"functional-code":{"insertions":18,"deletions":4},"test-code":{"insertions":21,"deletions":0}}},{"hash":"1c0b3e3fcd77b9d9bd9399cd5e77b619af96d0f7","isMergeCommit":true,"messageTitle":"Merge pull request #14 from Lucky-Yuan00/Jinlin-Dev","messageBody":"Add JUnit tests for QuizManager.","fileTypesAndContributionMap":{}}]},{"date":"2024-10-18","commitResults":[{"hash":"fcc0af06bcdcbc9586d7183b1c97746c990f2b2b","isMergeCommit":false,"messageTitle":"Add tests, assert, and logging to QuizManager.","messageBody":"","fileTypesAndContributionMap":{"functional-code":{"insertions":26,"deletions":26}}},{"hash":"ca534ca5f747547dbf9c2a7706b0c97181546562","isMergeCommit":false,"messageTitle":"Fixed checkstyle issues and added logging/assertions.","messageBody":"","fileTypesAndContributionMap":{"functional-code":{"insertions":2,"deletions":2}}},{"hash":"e135e6cf59beb9eafd9c1867eacae0c4e04c3f81","isMergeCommit":false,"messageTitle":"Fixed checkstyle issues.","messageBody":"","fileTypesAndContributionMap":{"functional-code":{"insertions":1,"deletions":1},"test-code":{"insertions":4,"deletions":4}}},{"hash":"8b14a31582331ee61ad6ef6d92667385dce2a076","isMergeCommit":false,"messageTitle":"Fixed checkstyle issues.","messageBody":"","fileTypesAndContributionMap":{"functional-code":{"insertions":1,"deletions":3}}},{"hash":"65760935a7512c4976787e2ebbf25d333c736479","isMergeCommit":false,"messageTitle":"Fixed checkstyle issues.","messageBody":"","fileTypesAndContributionMap":{"functional-code":{"insertions":1,"deletions":1}}},{"hash":"5986b4b3b68b4a547b02f598ed1bf13dbf9e6287","isMergeCommit":false,"messageTitle":"Fixed checkstyle issues.","messageBody":"","fileTypesAndContributionMap":{"functional-code":{"insertions":3,"deletions":5}}},{"hash":"b0df6216786fb404c7125b63f54c7184794a712d","isMergeCommit":false,"messageTitle":"Fixed checkstyle issues.","messageBody":"","fileTypesAndContributionMap":{"functional-code":{"insertions":14,"deletions":16}}},{"hash":"788034f40e629ecf3f9e74ed18f6c4d21a92db6b","isMergeCommit":true,"messageTitle":"Merge pull request #29 from Lucky-Yuan00/Jinlin-Dev","messageBody":"Add tests, assert, and logging to QuizManager.","fileTypesAndContributionMap":{}},{"hash":"345837a514555d17e5bef80dbb5232a73356c301","isMergeCommit":false,"messageTitle":"Fixed checkstyle issues.","messageBody":"","fileTypesAndContributionMap":{"functional-code":{"insertions":16,"deletions":10}}},{"hash":"e468440b1d96e6352d30fc47eb9e1c96df1c2d82","isMergeCommit":false,"messageTitle":"Fxi checkstyle issues.","messageBody":"","fileTypesAndContributionMap":{"functional-code":{"insertions":9,"deletions":9}}},{"hash":"a6832dc6ef2e3fccb835d6ad6462e0083bfbfa1c","isMergeCommit":false,"messageTitle":"Fxi checkstyle issues.","messageBody":"","fileTypesAndContributionMap":{"test-code":{"insertions":4,"deletions":4}}},{"hash":"513395343b69c53749c0a2e9015c76953ecbc41b","isMergeCommit":false,"messageTitle":"Fxi checkstyle issues.","messageBody":"","fileTypesAndContributionMap":{"functional-code":{"insertions":1,"deletions":1}}},{"hash":"8fb5f7bcee48570f8d3ae48fed0da0ca537a215c","isMergeCommit":false,"messageTitle":"Fixed checkstyle issues.","messageBody":"","fileTypesAndContributionMap":{"test-code":{"insertions":3,"deletions":6}}},{"hash":"67eebfc7e3f321cbc88e7a124619966b7c8fdeeb","isMergeCommit":false,"messageTitle":"Fixed checkstyle issues.","messageBody":"","fileTypesAndContributionMap":{"test-code":{"insertions":2,"deletions":2}}},{"hash":"e5fdb2355c0930503230eb64453509412eaae6ad","isMergeCommit":false,"messageTitle":"Fixed checkstyle issues.","messageBody":"","fileTypesAndContributionMap":{"test-code":{"insertions":3,"deletions":3}}},{"hash":"63933b598cd41e3577d261fdd9fff7b427e7d3d5","isMergeCommit":false,"messageTitle":"Add tests, assert, and logging to QuizManager.","messageBody":"","fileTypesAndContributionMap":{"functional-code":{"insertions":1,"deletions":1}}},{"hash":"c17a7523a63da5199258c5acf4ce8f4858670915","isMergeCommit":false,"messageTitle":"Add tests, assert, and logging to QuizManager.","messageBody":"","fileTypesAndContributionMap":{"test-code":{"insertions":2,"deletions":2}}},{"hash":"8e5a7fb6621e79254ff66f5df04511c8060c54ed","isMergeCommit":false,"messageTitle":"Add tests, assert, and logging to QuizManager.","messageBody":"","fileTypesAndContributionMap":{"functional-code":{"insertions":2,"deletions":2},"test-code":{"insertions":1,"deletions":1}}},{"hash":"57670ab904be2a10af0a0c7f2d03b005e4aae33a","isMergeCommit":false,"messageTitle":"Fixed checkstyle issues.","messageBody":"","fileTypesAndContributionMap":{"test-code":{"insertions":2,"deletions":2}}},{"hash":"eaf50e0cb343a1738aa88cb8cc212a6141f9ebed","isMergeCommit":true,"messageTitle":"Merge pull request #30 from Lucky-Yuan00/Jinlin-Dev","messageBody":"Fixed checkstyle issues.","fileTypesAndContributionMap":{}}]}],"shaunngoh":[{"date":"2024-10-02","commitResults":[{"hash":"0f418ac33a8a2c2a553272db404d71e052a4b2e2","isMergeCommit":false,"messageTitle":"Add Shaun Goh into Abt Us","messageBody":"","fileTypesAndContributionMap":{"other":{"insertions":90,"deletions":0},"docs":{"insertions":4,"deletions":7}}},{"hash":"b56abd697d826655426ec4774249155e82903f84","isMergeCommit":true,"messageTitle":"Merge conflict resolved","messageBody":"","fileTypesAndContributionMap":{}},{"hash":"338a3d54a85cd12a62b7db6c72cebeb13e01e607","isMergeCommit":true,"messageTitle":"Merge pull request #1 from shaunngoh/Shaun-AboutUs","messageBody":"Add Shaun Goh into Abt Us","fileTypesAndContributionMap":{}}]},{"date":"2024-10-11","commitResults":[{"hash":"af181effc61c4f5ed631bd3f81e248f62da7d056","isMergeCommit":false,"messageTitle":"Add basic interface and structure of JavaNinja","messageBody":"","fileTypesAndContributionMap":{"functional-code":{"insertions":211,"deletions":21}}},{"hash":"cf5c29e05325c6c5518ec424dd563cd84283356c","isMergeCommit":true,"messageTitle":"Merge pull request #6 from shaunngoh/Class-Structure","messageBody":"Add basic interface and structure of JavaNinja","fileTypesAndContributionMap":{}},{"hash":"26da1d442989b8aafe2fd39d662541ae2cdc4be6","isMergeCommit":false,"messageTitle":"Revert \"Add basic interface and structure of JavaNinja\"","messageBody":"","fileTypesAndContributionMap":{"functional-code":{"insertions":21,"deletions":211}}},{"hash":"c9fade00fe424198d8473c3ae83540d609f10a99","isMergeCommit":true,"messageTitle":"Merge pull request #9 from AY2425S1-CS2113-W12-4/revert-6-Class-Structure","messageBody":"Revert \"Add basic interface and structure of JavaNinja\"","fileTypesAndContributionMap":{}},{"hash":"76f8726d3a9078516a8911415900d4064e5f2f1e","isMergeCommit":false,"messageTitle":"Add basic structure, implementation, JUnit test","messageBody":"","fileTypesAndContributionMap":{"other":{"insertions":9,"deletions":11},"test-code":{"insertions":24,"deletions":12}}},{"hash":"9523c39b0038169a4141273b643e7b7892b1862b","isMergeCommit":false,"messageTitle":"Add basic structure, implementation, JUnit test","messageBody":"","fileTypesAndContributionMap":{"test-code":{"insertions":0,"deletions":3}}},{"hash":"1dcd151638299d86bda4172e2ff328adeda22988","isMergeCommit":false,"messageTitle":"Add basic structure, implementation, JUnit test","messageBody":"","fileTypesAndContributionMap":{"functional-code":{"insertions":1,"deletions":0}}},{"hash":"6504117b89524fff98e66a09e0beca75d376e396","isMergeCommit":true,"messageTitle":"Merge pull request #11 from shaunngoh/Class-Structure","messageBody":"Class structure","fileTypesAndContributionMap":{}},{"hash":"e48a54ca87e52a65561ce387fff05d6874a0b493","isMergeCommit":true,"messageTitle":"Merge pull request #13 from shaunngoh/Class-Structure","messageBody":"Resolve runtest.sh","fileTypesAndContributionMap":{}}]},{"date":"2024-10-15","commitResults":[{"hash":"6766eee8d0a597fb70e5f3eea01d389f4d5c2309","isMergeCommit":false,"messageTitle":"Add Questions.txt","messageBody":"","fileTypesAndContributionMap":{"functional-code":{"insertions":50,"deletions":9}}},{"hash":"3de866fbcb8584c7f40b2c7791648650a86c3df8","isMergeCommit":true,"messageTitle":"Merge conflict resolved","messageBody":"","fileTypesAndContributionMap":{}},{"hash":"871517980b42fa9a224e780b4a4352b4a57dfbff","isMergeCommit":true,"messageTitle":"Merge pull request #20 from AY2425S1-CS2113-W12-4/File--Format","messageBody":"Add File format","tags":["v1.0"],"fileTypesAndContributionMap":{}}]},{"date":"2024-10-18","commitResults":[{"hash":"5a113d82911e1cc60df96a97a6b4b217dc0d63a9","isMergeCommit":false,"messageTitle":"Add assertions into Quiz","messageBody":"","fileTypesAndContributionMap":{"functional-code":{"insertions":5,"deletions":3}}},{"hash":"358370bd8fd7e93f34251b1bf6e95dbb91399017","isMergeCommit":true,"messageTitle":"Merge pull request #26 from AY2425S1-CS2113-W12-4/Assertions","messageBody":"Add assertions into Quiz","fileTypesAndContributionMap":{}},{"hash":"1bd80ca5ca1c9ee5150c9938ad06445f71ee5e1f","isMergeCommit":false,"messageTitle":"Resolve QuizManagerTest","messageBody":"","fileTypesAndContributionMap":{"test-code":{"insertions":20,"deletions":5}}},{"hash":"7d6139985fb780a31bfa60213b9b8477a6b1d550","isMergeCommit":false,"messageTitle":"Resolve QuizManagerTest","messageBody":"","fileTypesAndContributionMap":{"test-code":{"insertions":3,"deletions":1}}},{"hash":"54b56dc498769a08eb2fc318f8a9c2f1e2ea72a8","isMergeCommit":false,"messageTitle":"Resolve Quiztest","messageBody":"","fileTypesAndContributionMap":{"test-code":{"insertions":19,"deletions":6}}},{"hash":"31c2ac44a99fcbebc1e6f6d7a3deb55b75474db1","isMergeCommit":true,"messageTitle":"Merge pull request #27 from AY2425S1-CS2113-W12-4/QuizTest","messageBody":"Resolve QuizManagerTest","fileTypesAndContributionMap":{}}]},{"date":"2024-10-22","commitResults":[{"hash":"139728156f3dbe25e7adcb7f0d4a0cd1dbec2bce","isMergeCommit":false,"messageTitle":"Add Flashcard, user input","messageBody":"","fileTypesAndContributionMap":{"functional-code":{"insertions":91,"deletions":12}}},{"hash":"7403edcd796ec76eede9ada4e9030132b6107dea","isMergeCommit":true,"messageTitle":"Merge pull request #33 from AY2425S1-CS2113-W12-4/Flashcard","messageBody":"Add Flashcard, user input","fileTypesAndContributionMap":{}}]}],"naveen42x":[{"date":"2024-10-02","commitResults":[{"hash":"71086e90a77a5c563aefc6b32a5e58f530321a7a","isMergeCommit":false,"messageTitle":"Update Naveen-AboutUs","messageBody":"","fileTypesAndContributionMap":{"docs":{"insertions":5,"deletions":5}}},{"hash":"e5079739b68fcec8c5e0170db51be7fd2d32eef0","isMergeCommit":false,"messageTitle":"Update Branch","messageBody":"","fileTypesAndContributionMap":{"docs":{"insertions":1,"deletions":4}}},{"hash":"b4a144a70a5c5baf3888281a37c32e1717b4bbea","isMergeCommit":true,"messageTitle":"update about us","messageBody":"","fileTypesAndContributionMap":{}},{"hash":"962529fab4614933efd73cf172dfa28e54006d09","isMergeCommit":true,"messageTitle":"Merge pull request #5 from naveen42x/Naveen-AboutUs","messageBody":"Naveen about us","fileTypesAndContributionMap":{}}]},{"date":"2024-10-15","commitResults":[{"hash":"771c1762e07775b090e281b259cddf2eb36d5967","isMergeCommit":false,"messageTitle":"Implement help command","messageBody":"","fileTypesAndContributionMap":{"functional-code":{"insertions":16,"deletions":3}}},{"hash":"b0f7177da27a83cd7944904f3ced95468bb36460","isMergeCommit":false,"messageTitle":"Fix Checkstyle violations in QuizManager","messageBody":"","fileTypesAndContributionMap":{"functional-code":{"insertions":1,"deletions":2}}},{"hash":"3762a79d38dd407ee33451629208331a65825f9b","isMergeCommit":false,"messageTitle":"Normalize line endings to Unix and OS X","messageBody":"","fileTypesAndContributionMap":{"functional-code":{"insertions":1,"deletions":0}}},{"hash":"6d60f0d159461861a34be8005a7dd5569b2e473a","isMergeCommit":false,"messageTitle":"Implement help command","messageBody":"","fileTypesAndContributionMap":{"functional-code":{"insertions":1,"deletions":0}}}]},{"date":"2024-10-16","commitResults":[{"hash":"c29ce340eb17c7f62744c05916f974bf338cf138","isMergeCommit":false,"messageTitle":"Implement help message and fix check errors","messageBody":"","fileTypesAndContributionMap":{"functional-code":{"insertions":1,"deletions":22}}},{"hash":"362cc6653a5b6690229936e6739e21219f551d69","isMergeCommit":true,"messageTitle":"Merge pull request #22 from naveen42x/implement-help-command","messageBody":"Implement help command","fileTypesAndContributionMap":{}},{"hash":"b0df5ff047afb001f1771de8d4f39ee8ffdf5e1c","isMergeCommit":false,"messageTitle":"Implement save and load quiz results functionality","messageBody":"","fileTypesAndContributionMap":{"functional-code":{"insertions":86,"deletions":3}}},{"hash":"739921d3008ab6ac38035a495ee2fd7fd43fd3f6","isMergeCommit":true,"messageTitle":"Merge pull request #24 from naveen42x/implement-save-results","messageBody":"Implement save and load quiz results functionality","fileTypesAndContributionMap":{}},{"hash":"51f249d9ac0ae8e08143b212864c7b39e9883f18","isMergeCommit":false,"messageTitle":"Updated save feature and fixed test cases","messageBody":"","fileTypesAndContributionMap":{"functional-code":{"insertions":11,"deletions":0},"test-code":{"insertions":40,"deletions":3}}},{"hash":"825ceccd3694e779e23178d4b04c0c142583012f","isMergeCommit":true,"messageTitle":"Merge pull request #25 from naveen42x/implement-save-results","messageBody":"Updated save feature and fixed test cases","tags":["v0.9"],"fileTypesAndContributionMap":{}}]},{"date":"2024-10-22","commitResults":[{"hash":"ed46e6b271bfd2b587dd937d3985d7cb973626bb","isMergeCommit":false,"messageTitle":"Enabled assertions in build.gradle","messageBody":"","fileTypesAndContributionMap":{"other":{"insertions":3,"deletions":2}}},{"hash":"add93a51ac10411a5d8f970e2db548a1d3c75d60","isMergeCommit":true,"messageTitle":"Merge pull request #34 from naveen42x/enable-assertions","messageBody":"Enabled assertions in build.gradle","fileTypesAndContributionMap":{}}]},{"date":"2024-10-23","commitResults":[{"hash":"4b25995535234082c197b9c99356f2dbfe1723cc","isMergeCommit":false,"messageTitle":"Updated QuizManager and test cases","messageBody":"","fileTypesAndContributionMap":{"functional-code":{"insertions":90,"deletions":44},"test-code":{"insertions":34,"deletions":54}}},{"hash":"628fc9ccc890db4bf16a7fce8a9d0b4016ac3643","isMergeCommit":true,"messageTitle":"Merge pull request #35 from naveen42x/enable-assertions","messageBody":"Updated QuizManager and test cases","fileTypesAndContributionMap":{}}]}]},"authorFileTypeContributionMap":{"Zhang-Zhitong":{"docs":1,"functional-code":0,"test-code":0},"YubotKwng":{"docs":1,"functional-code":40,"test-code":9},"Lucky-Yuan00":{"docs":3,"functional-code":23,"test-code":10},"shaunngoh":{"docs":1,"functional-code":295,"test-code":28,"other":92},"naveen42x":{"docs":2,"functional-code":190,"test-code":54,"other":1}},"authorContributionVariance":{"Zhang-Zhitong":1.0276824,"YubotKwng":126.0623,"Lucky-Yuan00":1167.3054,"shaunngoh":8279.735,"naveen42x":2122.8545},"authorDisplayNameMap":{"Zhang-Zhitong":"CS2113-W12-4 ZHAN..TONG","YubotKwng":"CS2113-W12-4 WANG..YUBO","Lucky-Yuan00":"CS2113-W12-4 WANG..NLIN","shaunngoh":"CS2113-W12-4 GOH ..HAUN","naveen42x":"CS2113-W12-4 NAVE..RESH"}}
