{"authorDailyContributionsMap":{"Chinorea":[{"date":"2024-10-02","commitResults":[{"hash":"e8ccbe3cbe72d0b10a2addbcd3d5562193df1b40","isMergeCommit":false,"messageTitle":"Update Profile on AboutUs","messageBody":"","fileTypesAndContributionMap":{"docs":{"insertions":3,"deletions":7}}},{"hash":"364bb85bd66b7371c118bd96b1010c7280737f96","isMergeCommit":true,"messageTitle":"Merge branch \u0027master\u0027 into Kenneth-AboutUs","messageBody":"","fileTypesAndContributionMap":{}},{"hash":"03739c6328c8434c15bbcb4d12fbcac30c40bc6d","isMergeCommit":true,"messageTitle":"Merge pull request #5 from Chinorea/Kenneth-AboutUs","messageBody":"Update Kenneth\u0027s Profile on AboutUs","fileTypesAndContributionMap":{}}]},{"date":"2024-10-09","commitResults":[{"hash":"14e7b2063f2c6e29fe79f2297b2f08b537f7e318","isMergeCommit":false,"messageTitle":"Add Display Expense Feature","messageBody":"","fileTypesAndContributionMap":{"functional-code":{"insertions":197,"deletions":20}}},{"hash":"adb2ef17a39d82eb72cbd163003dbc2860ccb788","isMergeCommit":false,"messageTitle":"Remove Unused imports \u0026 .* types imports Add JavaDoc Comments to DisplayExpense Features","messageBody":"","fileTypesAndContributionMap":{"functional-code":{"insertions":86,"deletions":24}}},{"hash":"4ae6308dafad01dab63ed86541b4233b77399a6a","isMergeCommit":true,"messageTitle":"Merge branch \u0027branch-display-expense\u0027","messageBody":"","fileTypesAndContributionMap":{}},{"hash":"88221cdae78b380ac0a5bd0f8009013cb725ba20","isMergeCommit":true,"messageTitle":"Merge pull request #27 from Chinorea/branch-display-expense","messageBody":"Add Display Expense with Filters","fileTypesAndContributionMap":{}},{"hash":"35d4be947bb9f98f396945d17f03d99356a45af9","isMergeCommit":false,"messageTitle":"Add Display Income Feature","messageBody":"Add JavaDoc Comments with Text-UI test\n","fileTypesAndContributionMap":{"functional-code":{"insertions":137,"deletions":2}}},{"hash":"b399ec01f28341942927c432d4a468cea878e064","isMergeCommit":false,"messageTitle":"Update Help Text for Display Income Feature","messageBody":"","fileTypesAndContributionMap":{"functional-code":{"insertions":11,"deletions":9}}},{"hash":"099de8ac31efc49d827a186ae29f4957d4783769","isMergeCommit":true,"messageTitle":"Merge pull request #28 from Chinorea/branch-display-income","messageBody":"Add Display Income with Filters","fileTypesAndContributionMap":{}},{"hash":"d715e9b3c9bd131bc932fc4d8c5b2552ea2ab073","isMergeCommit":true,"messageTitle":"Merge branch \u0027branch-display-income\u0027","messageBody":"","fileTypesAndContributionMap":{}}]},{"date":"2024-10-10","commitResults":[{"hash":"ba2b80c03ed01eb7a81e7d7cedd49d977d673a80","isMergeCommit":false,"messageTitle":"Add JUnit Test","messageBody":"JUnit test for DisplayExpense and DisplayExpenseValidator\n","fileTypesAndContributionMap":{"functional-code":{"insertions":21,"deletions":9},"test-code":{"insertions":103,"deletions":0}}},{"hash":"8327362d43f6551fc855e102a00fd5e8bc25d699","isMergeCommit":false,"messageTitle":"Remove wildcard imports from ExpenseManagerTest","messageBody":"","fileTypesAndContributionMap":{"test-code":{"insertions":3,"deletions":2}}},{"hash":"4e848af935301dacba2da4f26436ddb62e40972b","isMergeCommit":false,"messageTitle":"Fix Checkstyle Error on test file","messageBody":"Fix [NewlineAtEndOfFile] error for DisplayExpenseValidatorTest and ExpenseManagerTest\n","fileTypesAndContributionMap":{"test-code":{"insertions":2,"deletions":2}}},{"hash":"801219c1c5d955a78dccefdbdbaefdf4c113c476","isMergeCommit":true,"messageTitle":"Merge pull request #30 from Chinorea/JUnit-Test","messageBody":"Add JUnit test for DisplayExpense Feature","fileTypesAndContributionMap":{}}]},{"date":"2024-10-14","commitResults":[{"hash":"e86ee4f974c7b6d08771223742cc705a1f9ed2a1","isMergeCommit":true,"messageTitle":"Merge branch \u0027master\u0027 of https://github.com/AY2425S1-CS2113-W10-1/tp","messageBody":"","fileTypesAndContributionMap":{}},{"hash":"c06547134978416bcda73cd2f402301e2da70db7","isMergeCommit":false,"messageTitle":"Add Logging to DisplayExpenseCommand","messageBody":"","fileTypesAndContributionMap":{"functional-code":{"insertions":7,"deletions":0}}},{"hash":"e254c3f3113b4f4b8cf552763a9c21cc800cf079","isMergeCommit":false,"messageTitle":"Add Assertion to ExpenseManager","messageBody":"","fileTypesAndContributionMap":{"functional-code":{"insertions":4,"deletions":0}}},{"hash":"208882e92e465c14e428b1272e4355008fbeb3c1","isMergeCommit":false,"messageTitle":"Add Logger to DisplayExpenseValidator","messageBody":"","fileTypesAndContributionMap":{"functional-code":{"insertions":6,"deletions":0}}},{"hash":"34f0b033f112b50e177a5041295201ae74302b5c","isMergeCommit":true,"messageTitle":"Merge pull request #39 from Chinorea/branch-CodeDefense","messageBody":"Add Code Defense to DisplayExpense Feature","fileTypesAndContributionMap":{}}]},{"date":"2024-10-22","commitResults":[{"hash":"ee0304533f047cb3957ced2c5be8c0b7e97bf387","isMergeCommit":true,"messageTitle":"Merge branch \u0027master\u0027 of https://github.com/AY2425S1-CS2113-W10-1/tp","messageBody":"","fileTypesAndContributionMap":{}},{"hash":"cf035434202eb4e62d0e7d74bdfb3cf2384a3c79","isMergeCommit":false,"messageTitle":"Add Edit Expenses Feature: Initialise \u0026 Empty change","messageBody":"Add initial logic of starting edit expenses command\nAdd expectation if empty field is detected.\n","fileTypesAndContributionMap":{"functional-code":{"insertions":97,"deletions":0}}},{"hash":"6595e5b482e5858886caac3d68212b39d7475638","isMergeCommit":false,"messageTitle":"Add Edit Expense Feature: Edit Category, Date, Amount","messageBody":"Add ability to take in user input for category, date and amount\nAdd error checking and error handling for invalid input\n","fileTypesAndContributionMap":{"functional-code":{"insertions":128,"deletions":21}}}]},{"date":"2024-10-23","commitResults":[{"hash":"dc3aeb1fb3101ffe2b02ac586b4ab105f34b3c47","isMergeCommit":false,"messageTitle":"Add JavaDoc Comments to EditExpense","messageBody":"","fileTypesAndContributionMap":{"functional-code":{"insertions":60,"deletions":14}}},{"hash":"56b3af7bbac8e2f761951f71e4403594473c2500","isMergeCommit":false,"messageTitle":"Add JUnit Test \u0026 Fix Error Handling","messageBody":"Added JUnit Test for processEdit for EditExpenses\nFix error handling for erronous index input\n","fileTypesAndContributionMap":{"functional-code":{"insertions":22,"deletions":4},"test-code":{"insertions":62,"deletions":0}}},{"hash":"e62821a5a66c4765f7a0809b27608effd333e3e4","isMergeCommit":true,"messageTitle":"Merge branch \u0027master\u0027 of https://github.com/AY2425S1-CS2113-W10-1/tp into branch-Edit-Expense","messageBody":"# Conflicts:\n#\tdata/BudgetBuddy.txt\n#\tlogs/app.log\n#\tsrc/main/java/seedu/budgetbuddy/Parser.java\n#\tsrc/main/java/seedu/budgetbuddy/transaction/expense/ExpenseManager.java\n#\ttext-ui-test/input.txt\n","fileTypesAndContributionMap":{}},{"hash":"40de474d7c0c10318847d7e21b3101aa547271d0","isMergeCommit":false,"messageTitle":"Fix Checkstyle Error","messageBody":"","fileTypesAndContributionMap":{"functional-code":{"insertions":6,"deletions":5}}},{"hash":"b441667020729f4b2ab0eddfeaf3b9602b5c2e15","isMergeCommit":false,"messageTitle":"Fix Checkstyle Error","messageBody":"","fileTypesAndContributionMap":{"functional-code":{"insertions":10,"deletions":9},"test-code":{"insertions":1,"deletions":1}}},{"hash":"d9bb29413a00be044b20dcefacba1e6c3d53b580","isMergeCommit":true,"messageTitle":"Merge pull request #65 from Chinorea/branch-Edit-Expense","messageBody":"Add Edit Expense Function","fileTypesAndContributionMap":{}}]},{"date":"2024-10-24","commitResults":[{"hash":"c3ee2fc5f1a783554d73899515b475c10a1c9036","isMergeCommit":true,"messageTitle":"Merge branch \u0027master\u0027 of https://github.com/AY2425S1-CS2113-W10-1/tp into branch-Edit-Expense","messageBody":"","fileTypesAndContributionMap":{}},{"hash":"bdfd684288b178ae8452c48de04a49a2bd8ff0d4","isMergeCommit":false,"messageTitle":"Change Empty Category Fields","messageBody":"Change checking of empty user input of category from an enum type to a null\n","fileTypesAndContributionMap":{"functional-code":{"insertions":2,"deletions":4},"test-code":{"insertions":1,"deletions":1}}},{"hash":"064954c967ebe03bb5604126171e73de24ddab31","isMergeCommit":true,"messageTitle":"Merge branch \u0027branch-Edit-Expense\u0027","messageBody":"","fileTypesAndContributionMap":{}},{"hash":"0fafd8d5186f88904a39403873b63a5a948e1903","isMergeCommit":true,"messageTitle":"Merge branch \u0027master\u0027 into branch-display-expense","messageBody":"","fileTypesAndContributionMap":{}},{"hash":"2694d1fb6e72b27fef98ba0d51d427d961696e91","isMergeCommit":false,"messageTitle":"Refactor display expenses to list expenses","messageBody":"","fileTypesAndContributionMap":{"functional-code":{"insertions":88,"deletions":116},"other":{"insertions":21,"deletions":21},"test-code":{"insertions":3,"deletions":3}}},{"hash":"4af9cc7dac5311d335f4022177d0480dacec0084","isMergeCommit":false,"messageTitle":"Fix Checkstyle \u0026 Remove Logs from tracking","messageBody":"","fileTypesAndContributionMap":{"functional-code":{"insertions":0,"deletions":3}}},{"hash":"77888a31f89e5cbef6bf9b423d6727f6eb786540","isMergeCommit":true,"messageTitle":"Merge pull request #70 from Chinorea/branch-display-expense","messageBody":"Change Display Expenses command to List Expenses command","fileTypesAndContributionMap":{}},{"hash":"681240cb8c826e835e8d5ba36a3533076438beae","isMergeCommit":true,"messageTitle":"Merge branch \u0027branch-display-expense\u0027","messageBody":"","fileTypesAndContributionMap":{}},{"hash":"81020fb05059dfedb7f6dc47c744899dc5e1efc5","isMergeCommit":true,"messageTitle":"Merge branch \u0027master\u0027 of https://github.com/AY2425S1-CS2113-W10-1/tp into branch-DeveloperGuide","messageBody":"","fileTypesAndContributionMap":{}},{"hash":"9574d5b8b38b83f00aa2f5a6e22c1a0daf02dd9d","isMergeCommit":false,"messageTitle":"Update Developer Guide","messageBody":"Added user story and setup prerequisites\n","fileTypesAndContributionMap":{"docs":{"insertions":13,"deletions":5}}},{"hash":"aca1546c6ebaa2bafb4fe0732b18d6794c866118","isMergeCommit":true,"messageTitle":"Merge pull request #77 from Chinorea/branch-DeveloperGuide","messageBody":"Update developer guide","fileTypesAndContributionMap":{}}]}],"ZiliaAJY":[{"date":"2024-10-02","commitResults":[{"hash":"6176124a0b6898be8ca679bcfdd953f2a65948c8","isMergeCommit":false,"messageTitle":"Update personal details in AboutUs.md","messageBody":"","fileTypesAndContributionMap":{"docs":{"insertions":3,"deletions":7}}},{"hash":"bdf6ce38496b041cdfc2bd369924d9dbab14483a","isMergeCommit":true,"messageTitle":"Resolve merge conflict in master and Zilia-AboutUs","messageBody":"","fileTypesAndContributionMap":{}},{"hash":"d1a471d5db5ce17d633a08638748739f98434f79","isMergeCommit":true,"messageTitle":"Merge pull request #7 from ZiliaAJY/Zilia-AboutUs","messageBody":"Update personal details in AboutUs.md","fileTypesAndContributionMap":{}}]},{"date":"2024-10-07","commitResults":[{"hash":"6fb2e6378ce06ac804a056a59e2cd9041d9b18bb","isMergeCommit":false,"messageTitle":"Implement add budget functionality","messageBody":"- Add \u0027AddBudgetCommand.java\u0027, \u0027AddBudgetValidator.java\u0027, \u0027Budget.java\u0027 and \u0027BudgetManager.java\u0027 files\n- Add main functionality for adding budgets to the budget manager\n- Implement validation for budget amount input\n- Add date parsing and validation for the budget command\n- Include UI message to acknowledge budget transactions\n- Integrate \u0027add budget\u0027 feature into test cases\n","fileTypesAndContributionMap":{"functional-code":{"insertions":279,"deletions":21}}},{"hash":"a6ee12a0f6eb116749aefbc65daa566f014e6394","isMergeCommit":false,"messageTitle":"Replace wildcard import command to import individual commands","messageBody":"","fileTypesAndContributionMap":{"functional-code":{"insertions":16,"deletions":2}}},{"hash":"a38d7cb2b2534d0af1b40c6e74e82d19e9c90d92","isMergeCommit":true,"messageTitle":"Merge pull request #13 from ZiliaAJY/branch-add-budget","messageBody":"As a user I can add/set an amount to a monthly budget","fileTypesAndContributionMap":{}},{"hash":"faefa4bc688852fc723aa39dbaa282261655dcba","isMergeCommit":false,"messageTitle":"Add \u0027DeductBudgetCommand.java\u0027 and \u0027DeductBudgetValidator.java\u0027 files","messageBody":"","fileTypesAndContributionMap":{"functional-code":{"insertions":139,"deletions":0}}},{"hash":"6a77a9036a022176d98ddeab04f5cfda07b34ed0","isMergeCommit":false,"messageTitle":"Create method for deducting amounts from the budget in \u0027Budget.java\u0027","messageBody":"- Deletes budget from budget list when amount becomes zero\n","fileTypesAndContributionMap":{"functional-code":{"insertions":15,"deletions":0}}},{"hash":"6ac73b502f9babc6975ce4afe8debac833a9f9ed","isMergeCommit":false,"messageTitle":"Create method to handle budget deletion in \u0027BudgetManager.java\u0027","messageBody":"","fileTypesAndContributionMap":{"functional-code":{"insertions":12,"deletions":0}}},{"hash":"7850de3f3ae0825fa17e7fc3e616f72b9620a32c","isMergeCommit":false,"messageTitle":"Update UI messages to reflect budget deletion","messageBody":"","fileTypesAndContributionMap":{"functional-code":{"insertions":14,"deletions":0}}},{"hash":"d0aeae1ca5164fa05c07a71c675af77127f6a502","isMergeCommit":false,"messageTitle":"Add support for deduct budget functionality in Parser","messageBody":"","fileTypesAndContributionMap":{"functional-code":{"insertions":5,"deletions":1}}},{"hash":"5ef71913d88ea6f80b1f81a7acaec9dd28a608ee","isMergeCommit":false,"messageTitle":"Remove unused import","messageBody":"","fileTypesAndContributionMap":{"functional-code":{"insertions":0,"deletions":1}}},{"hash":"9b56672c1abcd2a35e6e5cf1a0e4d341cec54092","isMergeCommit":true,"messageTitle":"Merge pull request #17 from ZiliaAJY/branch-deduct-budget","messageBody":"As a user, I can deduct an amount from monthly budget","fileTypesAndContributionMap":{}},{"hash":"d2e0c22a75bf9cb89037007204cf3357ce3d060b","isMergeCommit":false,"messageTitle":"Update JavaDoc comments","messageBody":"","fileTypesAndContributionMap":{"functional-code":{"insertions":15,"deletions":9}}},{"hash":"639f447e0beac7e723e2d5a93bc916a6a1deb6a6","isMergeCommit":false,"messageTitle":"Add \u0027ListBudgetCommand.java\u0027 and \u0027ListBudgetValidator.java\u0027 files","messageBody":"- Validate and execute command to list budget\n","fileTypesAndContributionMap":{"functional-code":{"insertions":88,"deletions":0}}},{"hash":"ffe02f00f0dc413286b7d4d792ac64823c7da6b2","isMergeCommit":false,"messageTitle":"Modify instructions to list specific budgets","messageBody":"","fileTypesAndContributionMap":{"functional-code":{"insertions":5,"deletions":3}}},{"hash":"d03922ccca4e546848a9bdcba4bff6269fd98adb","isMergeCommit":false,"messageTitle":"Add support for list budget functionality in Parser","messageBody":"","fileTypesAndContributionMap":{"functional-code":{"insertions":5,"deletions":0}}},{"hash":"3d6ab02fdd52fe13698331ad0bd5238ad4cbfc73","isMergeCommit":false,"messageTitle":"Create method to list budget","messageBody":"- Display up to 12 recent budgets or a specific budget for a given month.\n","fileTypesAndContributionMap":{"functional-code":{"insertions":26,"deletions":0}}},{"hash":"ca1a4d1bf28f5377e7f2718dbcb15ca2aa1cb8c7","isMergeCommit":false,"messageTitle":"Update JavaDoc comments","messageBody":"","fileTypesAndContributionMap":{"functional-code":{"insertions":1,"deletions":1}}},{"hash":"93c1a965d22f732aca7df066f1dce1677386168d","isMergeCommit":false,"messageTitle":"Refactor code to use ValidateAmount and ValidateDate","messageBody":"","fileTypesAndContributionMap":{"functional-code":{"insertions":28,"deletions":75}}},{"hash":"edba6aeaf41081061ce682516933ac6da7bf946d","isMergeCommit":true,"messageTitle":"Merge pull request #18 from ZiliaAJY/branch-list-budget","messageBody":"As a user, I can view a history of my past budgets","fileTypesAndContributionMap":{}}]},{"date":"2024-10-08","commitResults":[{"hash":"f07a183ccf842bca1f134f5cf4da917503386755","isMergeCommit":false,"messageTitle":"Create method to reset static state of BudgetManager","messageBody":"- Used for JUnit Testing\n","fileTypesAndContributionMap":{"functional-code":{"insertions":14,"deletions":0}}},{"hash":"cf0eb572df773d2b80d8eed071a64c1940d68c1b","isMergeCommit":false,"messageTitle":"Add JUnit tests for Budget and BudgetManager classes","messageBody":"","fileTypesAndContributionMap":{"test-code":{"insertions":129,"deletions":0}}},{"hash":"c0237986a9ec1ca5cc2e8b53ef50983a56b33756","isMergeCommit":false,"messageTitle":"Remove unused imports","messageBody":"","fileTypesAndContributionMap":{"test-code":{"insertions":0,"deletions":2}}},{"hash":"2d34acecc47808bc8123f83e5fb33b94dbee4ab4","isMergeCommit":true,"messageTitle":"Merge pull request #24 from ZiliaAJY/branch-JUnit","messageBody":"Add JUnit Tests for Budget and BudgetManager Classes","fileTypesAndContributionMap":{}}]},{"date":"2024-10-09","commitResults":[{"hash":"c5607e81d9b1043a2bbebfa90d5b623276953e0d","isMergeCommit":false,"messageTitle":"Refactor and improve Budget and BudgetManager tests","messageBody":"- Renamed test methods for better clarity\n- Add test methods for deleteBudget\n","fileTypesAndContributionMap":{"test-code":{"insertions":41,"deletions":37}}},{"hash":"c702b919db22efb834a77bc8d20d7de1fd7a60bc","isMergeCommit":true,"messageTitle":"Merge pull request #29 from ZiliaAJY/branch-JUnit","messageBody":"Refactor and improve Budget and BudgetManager tests","fileTypesAndContributionMap":{}}]},{"date":"2024-10-12","commitResults":[{"hash":"db0e153d5a12bb9d2ac27a5112d9ab8753135034","isMergeCommit":false,"messageTitle":"Enable assertions in build.gradle file","messageBody":"","fileTypesAndContributionMap":{"other":{"insertions":2,"deletions":0}}},{"hash":"4484008e76302342cac5f653296e06329ff390a3","isMergeCommit":false,"messageTitle":"Add assertions to ensure budget amounts are valid","messageBody":"","fileTypesAndContributionMap":{"functional-code":{"insertions":3,"deletions":0}}},{"hash":"507567038183a471912b27074f6c5055fa1885ae","isMergeCommit":false,"messageTitle":"Fix numberOfBudgets not updated after loading from Storage","messageBody":"","fileTypesAndContributionMap":{"functional-code":{"insertions":1,"deletions":2}}},{"hash":"d737eeff3597b30fb61e3f9a06a6f39de3f2a021","isMergeCommit":false,"messageTitle":"Add assertions and logging to ensure budgets are valid","messageBody":"","fileTypesAndContributionMap":{"functional-code":{"insertions":23,"deletions":3}}},{"hash":"506f934d53c85bd3fefb111079a80e37eed26eef","isMergeCommit":false,"messageTitle":"Add assertions, logging, and input validation for AddBudgetCommand","messageBody":"","fileTypesAndContributionMap":{"functional-code":{"insertions":10,"deletions":2}}},{"hash":"65eb5d95c5d48bb36156171289b8fb6561a2cc9c","isMergeCommit":false,"messageTitle":"Add assertions and logging for DeductBudgetCommand","messageBody":"","fileTypesAndContributionMap":{"functional-code":{"insertions":5,"deletions":6}}},{"hash":"5d8285d7d1725d9664368dc10792f4132212cc3d","isMergeCommit":false,"messageTitle":"Add assertions, logging, and throw exceptions for AddBudgetValidator","messageBody":"","fileTypesAndContributionMap":{"functional-code":{"insertions":10,"deletions":6}}},{"hash":"892e5ef0f38b3d2eb7e7eb6b7ff450792a4ff8f3","isMergeCommit":false,"messageTitle":"Add BudgetBudgetException to handle exception","messageBody":"- Implemented try-catch blocks in BudgetBuddy.java\n","fileTypesAndContributionMap":{"functional-code":{"insertions":27,"deletions":6}}},{"hash":"cdbf79eb24b02eabafa9ded3ef0fc7f3135dda91","isMergeCommit":false,"messageTitle":"Add assertions, logging and throw exceptions for DeductBudgetValidator","messageBody":"","fileTypesAndContributionMap":{"functional-code":{"insertions":12,"deletions":7}}},{"hash":"f148e7510b25ea7437e1f9185b9606ae0048c7f7","isMergeCommit":false,"messageTitle":"Use BudgetBuddyException for all exception handling","messageBody":"","fileTypesAndContributionMap":{"functional-code":{"insertions":10,"deletions":10}}},{"hash":"80f0d7103674059e0fa23d8b4e42e2e93a206183","isMergeCommit":true,"messageTitle":"Resolve merge conflict in upstream/master and branch-defense","messageBody":"","fileTypesAndContributionMap":{}},{"hash":"7663150421566596320385863997df511611a43a","isMergeCommit":false,"messageTitle":"Change logger to static","messageBody":"","fileTypesAndContributionMap":{"functional-code":{"insertions":2,"deletions":2}}},{"hash":"2f6d7404a1df5363e18e667ccd31020dd48143a8","isMergeCommit":false,"messageTitle":"Fix logger declaration order","messageBody":"","fileTypesAndContributionMap":{"functional-code":{"insertions":2,"deletions":2}}},{"hash":"30429680449cc581bb4f901ee328040637fbeec8","isMergeCommit":true,"messageTitle":"Merge pull request #35 from ZiliaAJY/branch-defense","messageBody":"Branch defense","fileTypesAndContributionMap":{}}]},{"date":"2024-10-21","commitResults":[{"hash":"3d5a83383e0bee4120c930ad7865c2b2f993a1fb","isMergeCommit":false,"messageTitle":"Setup designated log file","messageBody":"","fileTypesAndContributionMap":{"functional-code":{"insertions":28,"deletions":0}}},{"hash":"a692ba2ca84e4e40cb77a5784627f33529a5df2f","isMergeCommit":false,"messageTitle":"Configure all loggers to save logs to a log file","messageBody":"","fileTypesAndContributionMap":{"functional-code":{"insertions":44,"deletions":33}}},{"hash":"26c2f45e42b76ef66f64de8a60dce377cfa25a5f","isMergeCommit":true,"messageTitle":"Merge pull request #48 from ZiliaAJY/branch-bugfixes","messageBody":"Branch bugfixes","fileTypesAndContributionMap":{}},{"hash":"17cb398b3d8be313727a79cf75d574876ba60c75","isMergeCommit":false,"messageTitle":"Move Category.java from ./transaction.expense to ./transaction","messageBody":"","fileTypesAndContributionMap":{"functional-code":{"insertions":7,"deletions":5},"other":{"insertions":1,"deletions":1},"test-code":{"insertions":3,"deletions":2}}},{"hash":"d0b7bb3887639de39b7a3eea97c9ee2c9286a5df","isMergeCommit":false,"messageTitle":"Extract and rename parseCategory to validateCategory","messageBody":"- Removed duplicate code to parse category\n","fileTypesAndContributionMap":{"functional-code":{"insertions":28,"deletions":33}}},{"hash":"6d02398ebcac83a9d832ce75d4047ac859816ca4","isMergeCommit":false,"messageTitle":"Enable setting monthly budget for each category","messageBody":"- Modified all budgets to be displayed in categories\n","fileTypesAndContributionMap":{"functional-code":{"insertions":100,"deletions":37},"test-code":{"insertions":25,"deletions":21}}},{"hash":"fa7cb6495a8effdb684c93a1a74a6d1f09d184d6","isMergeCommit":false,"messageTitle":"Update JUnit tests to include categorising budgets","messageBody":"","fileTypesAndContributionMap":{"test-code":{"insertions":12,"deletions":22}}},{"hash":"371c82353ad6ab16a0612578416f1672a808339d","isMergeCommit":true,"messageTitle":"Merge pull request #57 from ZiliaAJY/branch-add-budget","messageBody":"As a user, I can set a monthly budget for each category","fileTypesAndContributionMap":{}},{"hash":"6625dafdd045fd7646a153b8fedd7b12278d96d1","isMergeCommit":false,"messageTitle":"Fix add budgets display","messageBody":"- UI was not printing updated budget properly\n","fileTypesAndContributionMap":{"functional-code":{"insertions":6,"deletions":2}}},{"hash":"5719ca51c23eaa172081747aa85c947792dbb07c","isMergeCommit":true,"messageTitle":"Merge pull request #59 from ZiliaAJY/branch-add-budget","messageBody":"Fix add budgets display","fileTypesAndContributionMap":{}}]},{"date":"2024-10-22","commitResults":[{"hash":"0a313c10882cc17637dbd71e68b0f01dc4570a98","isMergeCommit":false,"messageTitle":"Enhance budget display functionality","messageBody":"- List budgets in reverse chronological order\n- Display a message when no budget is found for a provided date\n","fileTypesAndContributionMap":{"functional-code":{"insertions":8,"deletions":2}}},{"hash":"2f925202570eafdc9d5df6ec2b727279d1b4bfd8","isMergeCommit":true,"messageTitle":"Merge pull request #64 from ZiliaAJY/branch-bugfixes","messageBody":"Enhance budget display","fileTypesAndContributionMap":{}}]},{"date":"2024-10-24","commitResults":[{"hash":"cb576839eb5a4c2f4a55693cf74c632c782eb3c8","isMergeCommit":false,"messageTitle":"Add getMonthlyIncome() function","messageBody":"","fileTypesAndContributionMap":{"functional-code":{"insertions":16,"deletions":0}}},{"hash":"18056307e4b37b40cb9238690ea255dbdb8d92b2","isMergeCommit":false,"messageTitle":"Add getMonthlyExpense() function","messageBody":"","fileTypesAndContributionMap":{"functional-code":{"insertions":17,"deletions":1}}},{"hash":"f8189d71f5d2da2889ff14ae9a9cc5f2acde3d86","isMergeCommit":false,"messageTitle":"Add IncomeSpent class to calculate and display income spending percentage","messageBody":"","fileTypesAndContributionMap":{"functional-code":{"insertions":47,"deletions":0}}},{"hash":"86802c795981c9748fe94494cbf6c3c9148ff8b9","isMergeCommit":false,"messageTitle":"Throw exception if there is no income recorded for specified month","messageBody":"","fileTypesAndContributionMap":{"functional-code":{"insertions":12,"deletions":3}}},{"hash":"2c5c1aed033dc84a09f500f131c03bb77dbabfda","isMergeCommit":false,"messageTitle":"Add functionality to display percentage of income spent","messageBody":"- Add DisplayIncomeSpentCommand and DisplayIncomeSpentValidator classes\n","fileTypesAndContributionMap":{"functional-code":{"insertions":102,"deletions":14}}},{"hash":"787bc1c29e2888f553be89cc62819c2ae19eee10","isMergeCommit":false,"messageTitle":"Remove unused import","messageBody":"","fileTypesAndContributionMap":{"functional-code":{"insertions":0,"deletions":1}}},{"hash":"790e2df066945b2fbee29743e8761f6b321f7d8c","isMergeCommit":true,"messageTitle":"Merge pull request #71 from ZiliaAJY/branch-income-percent","messageBody":"As a user, I can view the percentage of my total income spent","fileTypesAndContributionMap":{}}]},{"date":"2024-10-25","commitResults":[{"hash":"a26e6af787261648259d53083dc87f3fed645ede","isMergeCommit":false,"messageTitle":"Update Developer Guide for Add and Deduct Budget features","messageBody":"","fileTypesAndContributionMap":{"docs":{"insertions":22,"deletions":0}}},{"hash":"1d5a262369c047214fbeb100f4d85dfa61fc2d38","isMergeCommit":true,"messageTitle":"Merge pull request #82 from ZiliaAJY/branch-DG","messageBody":"Update Developer Guide for Add and Deduct Budget features","fileTypesAndContributionMap":{}}]}],"ChuaCleon":[{"date":"2024-10-02","commitResults":[{"hash":"5ae50d46c6465f3958347a1b9457bd120d4f8013","isMergeCommit":false,"messageTitle":"Update my details in AboutUs.md","messageBody":"","fileTypesAndContributionMap":{"docs":{"insertions":3,"deletions":7}}},{"hash":"f386c051af3a28f0411e6f9fa925b4c6400eb998","isMergeCommit":true,"messageTitle":"Merge branch \u0027master\u0027 of https://github.com/AY2425S1-CS2113-W10-1/tp into Cleon-AboutUs","messageBody":"# Conflicts:\n#\tdocs/AboutUs.md\n","fileTypesAndContributionMap":{}},{"hash":"01aedf197e760d43623ba4b8b13db1ad62e22067","isMergeCommit":true,"messageTitle":"Merge branch \u0027master\u0027 of https://github.com/AY2425S1-CS2113-W10-1/tp into Cleon-AboutUs","messageBody":"# Conflicts:\n#\tdocs/AboutUs.md\n","fileTypesAndContributionMap":{}},{"hash":"adfba4043ef882ac985fe784685695d7902b5453","isMergeCommit":true,"messageTitle":"Merge pull request #6 from ChuaCleon/Cleon-AboutUs","messageBody":"Update Cleon\u0027s details in AboutUs.md","fileTypesAndContributionMap":{}}]},{"date":"2024-10-06","commitResults":[{"hash":"ca33aeba8ee8a074862120a4791a9964cf0c9ded","isMergeCommit":true,"messageTitle":"Merge branch \u0027master\u0027 of https://github.com/AY2425S1-CS2113-W10-1/tp","messageBody":"","fileTypesAndContributionMap":{}},{"hash":"305577d5cd88917e4df092eccd98313f071ec594","isMergeCommit":false,"messageTitle":"Create method to display help message to a new user.","messageBody":"","fileTypesAndContributionMap":{"functional-code":{"insertions":21,"deletions":0}}},{"hash":"00d74d5646a4dcc528d6793d69cf6fa4f8d74bc9","isMergeCommit":false,"messageTitle":"Create new HelpCommand class to execute help command that displays message to guide new users. Integrate functionality to parse user input for help command in Parser class.","messageBody":"","fileTypesAndContributionMap":{"functional-code":{"insertions":40,"deletions":17}}},{"hash":"4b05149351985528f826bb720d5298f92d2edad3","isMergeCommit":false,"messageTitle":"Replace wildcard import command to import individual commands instead","messageBody":"","fileTypesAndContributionMap":{"functional-code":{"insertions":10,"deletions":1}}},{"hash":"9c4eb93f64e1b96fdd55548eccc408d606f49f3a","isMergeCommit":true,"messageTitle":"Merge pull request #12 from ChuaCleon/branch-CreateHelpGuide","messageBody":"Branch create help guide","fileTypesAndContributionMap":{}}]},{"date":"2024-10-10","commitResults":[{"hash":"a7d96e8355641fdb7bbcfef69c7c0d869b8577a6","isMergeCommit":true,"messageTitle":"Merge branch \u0027master\u0027 of https://github.com/AY2425S1-CS2113-W10-1/tp","messageBody":"","fileTypesAndContributionMap":{}},{"hash":"c9f85d42df9385a14bd18aef445e825ef84a3c89","isMergeCommit":false,"messageTitle":"Implement search expense functionality to search expenses based on keywords","messageBody":"","fileTypesAndContributionMap":{"functional-code":{"insertions":68,"deletions":0}}},{"hash":"c78c0ea598b4636f434090a3e5011eaf287fd265","isMergeCommit":false,"messageTitle":"Include parsing functionality to parse user input to determine if search functionality is being called by user","messageBody":"","fileTypesAndContributionMap":{"functional-code":{"insertions":32,"deletions":0}}},{"hash":"0bef4d42fedca9adedab7cf1a93ce61b5827f2f9","isMergeCommit":true,"messageTitle":"Merge pull request #32 from ChuaCleon/branch_SearchExpense","messageBody":"Branch search expense","fileTypesAndContributionMap":{}},{"hash":"7beeaca30ff8c957d4ceb60dbed5a966d890d262","isMergeCommit":false,"messageTitle":"Incorporate non case-sensitive searching of keywords","messageBody":"","fileTypesAndContributionMap":{"functional-code":{"insertions":5,"deletions":1}}},{"hash":"c4f796e72195b0abcf4b9f0851ed037b1f2d7e03","isMergeCommit":false,"messageTitle":"Include JUnit testing of searchExpenses","messageBody":"","fileTypesAndContributionMap":{"test-code":{"insertions":19,"deletions":0}}},{"hash":"84186144b4d9b0de0948418c8589b2ac62949664","isMergeCommit":true,"messageTitle":"Merge pull request #33 from ChuaCleon/branch_SearchExpense","messageBody":"Branch search expense","fileTypesAndContributionMap":{}}]},{"date":"2024-10-14","commitResults":[{"hash":"0836e2c633898ca31519ff0b79a30eccb2c641f6","isMergeCommit":true,"messageTitle":"Merge branch \u0027master\u0027 of https://github.com/AY2425S1-CS2113-W10-1/tp","messageBody":"","fileTypesAndContributionMap":{}},{"hash":"e25963bdf48cba3836019d08fc7f788ec2246c27","isMergeCommit":false,"messageTitle":"Fix bug for search expense function. Search for input starting with \"search expense\" rather than \"search\"","messageBody":"","fileTypesAndContributionMap":{"functional-code":{"insertions":3,"deletions":3}}},{"hash":"8c427b75c19c9209b329cee49b53ac132c7c9111","isMergeCommit":true,"messageTitle":"Merge pull request #38 from ChuaCleon/branch_FixBugSearchExpense","messageBody":"Fix search expense bug","fileTypesAndContributionMap":{}}]},{"date":"2024-10-15","commitResults":[{"hash":"81fa9036e39e72a8fe5be236fe7a1621a42a66d6","isMergeCommit":false,"messageTitle":"Add assertion to searchExpense to ensure command not null","messageBody":"","fileTypesAndContributionMap":{"functional-code":{"insertions":3,"deletions":0}}},{"hash":"b26404668f5f5106303b946fc5d180a2da203608","isMergeCommit":true,"messageTitle":"Merge pull request #46 from ChuaCleon/branch_AddAssertionSearchExpense","messageBody":"Add assertion to searchExpense to ensure command not null","tags":["v1.0"],"fileTypesAndContributionMap":{}}]},{"date":"2024-10-24","commitResults":[{"hash":"2b7d1e422e1d1ba85586f1ee93ab4cb8e15dd6b5","isMergeCommit":false,"messageTitle":"Add functionality to display savings of the user, based on their incomes - expenses. Display savings on a monthly basis or on an aggregate, based on the user preferences.","messageBody":"","fileTypesAndContributionMap":{"functional-code":{"insertions":245,"deletions":1}}},{"hash":"95295f79c2a331beece8adde813731bba0c2e7a1","isMergeCommit":false,"messageTitle":"Fix checkstyle errors.","messageBody":"","fileTypesAndContributionMap":{"functional-code":{"insertions":5,"deletions":9}}},{"hash":"b8918a0329bb25fda77308d09d777aadbae68da1","isMergeCommit":true,"messageTitle":"Merge pull request #76 from ChuaCleon/branch-SavingsTracker","messageBody":"Add functionality to display savings of the user, based on their incomes and expenses","fileTypesAndContributionMap":{}},{"hash":"b4df1e177d32ad6f79e7b366437109d73c5d20a0","isMergeCommit":false,"messageTitle":"Edit SavingsManager to return String instead of void. Include JUnit test for SavingsManager class.","messageBody":"","fileTypesAndContributionMap":{"functional-code":{"insertions":18,"deletions":9},"test-code":{"insertions":71,"deletions":0}}},{"hash":"7c488cb0b22f3eb77194d93814eae74ea6853764","isMergeCommit":true,"messageTitle":"Merge pull request #78 from ChuaCleon/branch-SavingsTracker","messageBody":"Include JUnit testing for display savings.","fileTypesAndContributionMap":{}},{"hash":"e2d9ba52a3a6e72f4881ea9b8f5af7fd00ee2a46","isMergeCommit":false,"messageTitle":"Update developer guide user stories","messageBody":"","fileTypesAndContributionMap":{"docs":{"insertions":5,"deletions":0}}},{"hash":"46149e4aff9c4e15571dcb5660a6516992b39b67","isMergeCommit":true,"messageTitle":"Merge pull request #79 from ChuaCleon/branch-updateDG","messageBody":"Update developer guide user stories","fileTypesAndContributionMap":{}}]}],"Alfred-Goh02":[{"date":"2024-10-02","commitResults":[{"hash":"5148e975c24adf9e78fbe917330c43132941eb43","isMergeCommit":false,"messageTitle":"Update name in AboutUs Page","messageBody":"","fileTypesAndContributionMap":{"docs":{"insertions":3,"deletions":7}}},{"hash":"5d6f1082f36fdea37fc280c1072a45168b512cd8","isMergeCommit":false,"messageTitle":"Modify portfolio and Profile Link","messageBody":"","fileTypesAndContributionMap":{"docs":{"insertions":1,"deletions":1}}},{"hash":"431295c85da84011a6c516470a3c5ba62d17a494","isMergeCommit":false,"messageTitle":"Update About Us Page","messageBody":"","fileTypesAndContributionMap":{"docs":{"insertions":7,"deletions":3}}},{"hash":"8e925d24c2b035bba695b8fcea90d0a78d82b937","isMergeCommit":false,"messageTitle":"Modify AboutUs","messageBody":"","fileTypesAndContributionMap":{"docs":{"insertions":7,"deletions":7}}},{"hash":"aa1204ca3c7a503c3a3eae732f8bb0b8324c3811","isMergeCommit":false,"messageTitle":"Modify AboutUs","messageBody":"","fileTypesAndContributionMap":{"docs":{"insertions":2,"deletions":2}}},{"hash":"b64f4e9e355f1bf03d718107805952d40459e9d9","isMergeCommit":true,"messageTitle":"Merge branch \u0027master\u0027 of https://github.com/AY2425S1-CS2113-W10-1/tp into Alfred-AboutUs","messageBody":"","fileTypesAndContributionMap":{}},{"hash":"8a4ff92fe4f29c2a2357b5c4a2232d12679d6686","isMergeCommit":true,"messageTitle":"Merge pull request #3 from Alfred-Goh02/Alfred-AboutUs","messageBody":"Update name in AboutUs Page","fileTypesAndContributionMap":{}}]},{"date":"2024-10-07","commitResults":[{"hash":"d0b3b8a6799d949ddf75be3db8697bc4da61373d","isMergeCommit":false,"messageTitle":"Add Save and Load function to BudgetBuddy","messageBody":"The Chatbot is unable to retain any information between sessions.\n\nPersistent storage for financial data (expenses, incomes, and budgets)\nneeds to be implemented to maintain data between app sessions.\n\nImplement save() and load() methods in the Storage class to write to\nand read from a file. Integrate these methods in the main program to\nautomatically save after each command and load data upon startup.\n\nThis approach ensures data persistence while keeping the logic\nencapsulated within the Storage class.\n\nError handling is added to display a message if there is an issue with\nfile updates during save/load operations.\n","fileTypesAndContributionMap":{"functional-code":{"insertions":399,"deletions":4}}},{"hash":"6ed64049ca888dd557e4d85fa246a8d7ef5034d0","isMergeCommit":false,"messageTitle":"Modify Code to ensure alignment with Coding Standard","messageBody":"","fileTypesAndContributionMap":{"functional-code":{"insertions":13,"deletions":10}}},{"hash":"f3bfecd8410506973d181a2ae9f2670f6143fc4e","isMergeCommit":true,"messageTitle":"Merge pull request #21 from Alfred-Goh02/branch-save","messageBody":"As a user, I want to the app to save and load my data automatically when I enter the application","fileTypesAndContributionMap":{}},{"hash":"a586199a63a429d69c0a84b9ec359d4658c22015","isMergeCommit":false,"messageTitle":"Fix Display Issue on Expense and Income","messageBody":"The number of expenses and income reflected currently is not accurate.\n\nThe size will be included in the constructors.\n\nEnsure the Object can be easily instantiated and maintained.\n","fileTypesAndContributionMap":{"functional-code":{"insertions":17,"deletions":5}}},{"hash":"6b73df2fab927ffb84dc939ed9cc1bb1bbce2248","isMergeCommit":true,"messageTitle":"Merge pull request #23 from Alfred-Goh02/branch-save","messageBody":"numberOfExpenses and numberOfIncomes not updated after loading from Strorage","fileTypesAndContributionMap":{}}]},{"date":"2024-10-12","commitResults":[{"hash":"6b3db500ba283acd4ed88b82f3937034de5a519f","isMergeCommit":false,"messageTitle":"Add JUnit Tests for Income IncomeManagerTest","messageBody":"Add JUnit tests to ensure code remains bug-free after iterations.\n","fileTypesAndContributionMap":{"test-code":{"insertions":74,"deletions":0}}},{"hash":"76c039fe6328809ea29f49d5388b28131f39575f","isMergeCommit":false,"messageTitle":"Add JUnit Tests for AddExpenseValidator","messageBody":"","fileTypesAndContributionMap":{"functional-code":{"insertions":20,"deletions":0},"test-code":{"insertions":82,"deletions":0}}},{"hash":"c29adf58a83a29dd9dea76ad5c73a3dd947ebe5e","isMergeCommit":true,"messageTitle":"Merge pull request #34 from Alfred-Goh02/branch-J-Unit","messageBody":"Add JUnit test Validator and Manager","fileTypesAndContributionMap":{}}]},{"date":"2024-10-14","commitResults":[{"hash":"d04ab01efb5ccd7cbc8d118393a658aa96f6bfaa","isMergeCommit":false,"messageTitle":"Add Loggings and Assertions to Storage Class","messageBody":"The Storage class lacks logging and assertions, making it difficult to\ntrack file operations and validate data integrity.\n\nAdd logging to track loading and saving operations, and implement\nassertions to ensure absence of null objects during save operations.\n\nThis improves maintainability and helps identify issues more\neffectively during runtime.\n","fileTypesAndContributionMap":{"functional-code":{"insertions":13,"deletions":0},"other":{"insertions":1,"deletions":0}}},{"hash":"e545fcf18a56ba2c003bc34ae968c968aeedc5fd","isMergeCommit":false,"messageTitle":"Fix Style to Ensure Checks Pass","messageBody":"","fileTypesAndContributionMap":{"functional-code":{"insertions":5,"deletions":4}}},{"hash":"0d9aaf4b9e9b0c6b512ca71a6fad5c1e4db8ba38","isMergeCommit":true,"messageTitle":"Merge pull request #42 from Alfred-Goh02/branch-assert-log","messageBody":"Add Asserts and Logs for Storage Class","fileTypesAndContributionMap":{}}]},{"date":"2024-10-21","commitResults":[{"hash":"d9059fb907ebbd73eea888dc0f5396b6460c2e4c","isMergeCommit":false,"messageTitle":"Add Function to Display a Graph for Expenses","messageBody":"Users are unable to see their expenses trend over time.\n\nImplement XChart to generate graph which shows a graph.\n\nXChart generates clearer and higher quality graphs compared to\ntext-based CLI graphs. User can easily close the window after\nviewing without interfering with the running application.\n","fileTypesAndContributionMap":{"functional-code":{"insertions":144,"deletions":9},"other":{"insertions":1,"deletions":0}}},{"hash":"89b4d2f5f2a6d1bb58dfeebcabe2da11d87f8962","isMergeCommit":false,"messageTitle":"Add Monthly Expense Amount Function","messageBody":"Allows user to see their total expenses for a particular month.\n","fileTypesAndContributionMap":{"functional-code":{"insertions":82,"deletions":15}}},{"hash":"e2ae6557131d3b561b07de0afb6a60a5e3fdcb59","isMergeCommit":false,"messageTitle":"Add JavaDoc Comments for new Functions","messageBody":"","fileTypesAndContributionMap":{"functional-code":{"insertions":103,"deletions":42},"other":{"insertions":27,"deletions":5}}},{"hash":"08808893c6f50eae8de5572f47de1944711a6a00","isMergeCommit":false,"messageTitle":"Add Logging to Total Expenses Function","messageBody":"","fileTypesAndContributionMap":{"functional-code":{"insertions":8,"deletions":1}}},{"hash":"dd7f29f31e7871ab296a7e1c98f820ba2499f9e9","isMergeCommit":false,"messageTitle":"Edit build.gradle To Include Dependencies","messageBody":"","fileTypesAndContributionMap":{"other":{"insertions":1,"deletions":1}}}]},{"date":"2024-10-22","commitResults":[{"hash":"4a39231be5faf8d641749d2ffe28b5a8a3cf0f03","isMergeCommit":true,"messageTitle":"Merge branch \u0027master\u0027 of upstream into branch-graph","messageBody":"","fileTypesAndContributionMap":{}},{"hash":"0722361831972755ce2c4c99c1752905d52070d7","isMergeCommit":false,"messageTitle":"Include directory creation in Logs","messageBody":"","fileTypesAndContributionMap":{"functional-code":{"insertions":7,"deletions":0}}},{"hash":"cd004cb7dccb068302d3015e9afab2d14b91a68f","isMergeCommit":false,"messageTitle":"Fix Code Style","messageBody":"","fileTypesAndContributionMap":{"functional-code":{"insertions":13,"deletions":7}}},{"hash":"ee23c9d0c3b717edb1676d99c52ea251fe0d55ab","isMergeCommit":false,"messageTitle":"Change Code Style to Pass Checks","messageBody":"","fileTypesAndContributionMap":{"functional-code":{"insertions":6,"deletions":3}}},{"hash":"25a057a86ece367950d678a5b9a1985a68769823","isMergeCommit":true,"messageTitle":"Merge pull request #61 from Alfred-Goh02/branch-graph","messageBody":"Merge branch-graph into master","fileTypesAndContributionMap":{}}]}],"telferang":[{"date":"2024-09-20","commitResults":[{"hash":"86a8c405294a05b44b256951345484e081fec3e6","isMergeCommit":false,"messageTitle":"Update README.md title to BudgetBuddy","messageBody":"","fileTypesAndContributionMap":{"docs":{"insertions":1,"deletions":1}}}]},{"date":"2024-09-24","commitResults":[{"hash":"1bc38c25e0db53e1ab2b3106529508bc84122263","isMergeCommit":false,"messageTitle":"Rename Duke to BudgetBuddy","messageBody":"- Added the main method to start the application\n- Displayed welcome message to the user\n- Captured user input for commands and executed them\n- Included loop to continue processing commands until exit command is\nreceived\n- Displayed exit message before terminating the application\n","fileTypesAndContributionMap":{"functional-code":{"insertions":19,"deletions":21},"other":{"insertions":4,"deletions":4}}},{"hash":"7ed2a6e42ecbe6b020db5f701c473d558b3dc73f","isMergeCommit":false,"messageTitle":"Add Parser class to Implement command parsing logic","messageBody":"This structure allows the application to process user commands\neffectively and respond with appropriate actions or errors.\n\nBy delegating command handling to specific command classes and\nvalidators, the design adheres to the Single Responsibility Principle,\nenhancing maintainability and scalability.\n","fileTypesAndContributionMap":{"functional-code":{"insertions":39,"deletions":0}}},{"hash":"424df1358831336ab919556b943fb026607d4060","isMergeCommit":false,"messageTitle":"Add Transaction class to represent financial transactions","messageBody":"The Transaction class will be inherited by the Expense and Income class\n\nThe Transaction class encapsulate transaction details such as\ndescription, amount, and date.\n","fileTypesAndContributionMap":{"functional-code":{"insertions":32,"deletions":0}}},{"hash":"39845e5227c995a1590ba5529749b119d0cc57a2","isMergeCommit":false,"messageTitle":"Add Ui class for user interface methods while using BudgetBuddy","messageBody":"The Ui class will retrieve commands, display messages, and acknowledge\ntransaction updates.\n\nThis implementation enhances user experience by ensuring consistent text\n formatting and alignment\n","fileTypesAndContributionMap":{"functional-code":{"insertions":73,"deletions":0}}},{"hash":"eea17d4db926947b04d9163db9244c969f1c0024","isMergeCommit":false,"messageTitle":"Add abstract Command class","messageBody":"This Commands that will be inherited by other Command sub-classes\nfor executing user commands\n\nThis design allows for future command implementations to inherit from\nthe Command class, promoting code reuse and adherence to object-oriented\n principles.\n","fileTypesAndContributionMap":{"functional-code":{"insertions":10,"deletions":0}}},{"hash":"b295fc870b044a9084bd34dbf71f6eee9f96736b","isMergeCommit":false,"messageTitle":"Add Category enum for Income class","messageBody":"The Category enum helps to classify expense categories\n","fileTypesAndContributionMap":{"functional-code":{"insertions":10,"deletions":0}}},{"hash":"beea7015fa22dbf9e5bc7ec6bf7bcee59637a82c","isMergeCommit":false,"messageTitle":"Add Expense and Income class to represent financial expenses","messageBody":"The Expense class, inherits from the Transaction class to include a\ncategory attribute\n\nThis design promotes clear organization of expense data and provides a\n comprehensive representation of each expense or income entry.\n","fileTypesAndContributionMap":{"functional-code":{"insertions":34,"deletions":0}}},{"hash":"6cc0dbb3068f2488ee4678bca29b92b5390f498d","isMergeCommit":false,"messageTitle":"Implement ExpenseManager and IncomeManager class for managing expenses and incomes transactions respectively","messageBody":"The ExpenseManager / IncomeManager class help to facilitate adding,\ndeleting, and listing expenses, along with maintaining the count of\nexpenses\n\nThis structure enhances organization and provides a straightforward\ninterface for managing expenses or incomes transaction\n","fileTypesAndContributionMap":{"functional-code":{"insertions":110,"deletions":0}}},{"hash":"6728a3353452403b0006f6c0e6e0fe3e5f0d63eb","isMergeCommit":false,"messageTitle":"Add ExitCommand class to support application exit functionality","messageBody":"The class is empty because the ExitCommand class is necessary for the\nmain code to run. The exit function will be coded by other teammates\n","fileTypesAndContributionMap":{"functional-code":{"insertions":5,"deletions":0}}},{"hash":"1cce99bc2d07553e5538f07bdb85b0be4fb253c1","isMergeCommit":false,"messageTitle":"Add AddExpenseValidator and AddIncomeValidator for validating add expense and add income commands respectively","messageBody":"The AddExpenseValidator and AddIncomeValidator class helps to parse and\nvalidate user commands for adding expenses or income, ensuring that all\nrequired fields are correctly formatted\n\nThe 2 add classes will create and return addExpenseCommand or\naddIncomeCommand if the input is validAn A invalidCommand will be\ncreated which will provide informative error messages for invalid inputs\n","fileTypesAndContributionMap":{"functional-code":{"insertions":128,"deletions":0}}},{"hash":"f72a49fc82f54b434a4ece23fff2780bbc7cbf30","isMergeCommit":false,"messageTitle":"Add AddExpenseCommand and AddIncomeCommand for adding expenses and incomes respectively","messageBody":"Let\u0027s create the AddExpenseCommand class to encapsulate the details of\nan expense and execute the addition of the expense to the ExpenseManager\n","fileTypesAndContributionMap":{"functional-code":{"insertions":56,"deletions":0}}},{"hash":"7f58c69c5f2879a014fe2a1c9374412337b884e2","isMergeCommit":false,"messageTitle":"Add IncorrectCommand class for handling invalid commands","messageBody":"The IncorrectCommand class encapsulates feedback for the user regarding\nspecific command errors and execute the display of this feedback\n","fileTypesAndContributionMap":{"functional-code":{"insertions":16,"deletions":0}}},{"hash":"02f00bd904de0c5fd1054bc6aef7a4633c4ce04c","isMergeCommit":false,"messageTitle":"Add ExpenseIndexValidator and IncomeIndexValidator for validating expense and income indices","messageBody":"The ExpenseIndexValidator and IncomeIndexValidator class check if the\nprovided index is a valid integer and falls within the range of existing\nexpenses or incomes count\n","fileTypesAndContributionMap":{"functional-code":{"insertions":36,"deletions":0}}},{"hash":"14da1f44a234abc195d8ea51e6a638a996887b8c","isMergeCommit":false,"messageTitle":"Add DeleteExpenseValidator and DeleteIncomeValidator for validating delete expense and income commands respectively","messageBody":"The DeleteExpenseValidator and DeleteIncomeValidator class parse and\nvalidate user input for deleting expenses or income, ensuring that the\nprovided index is valid.\n","fileTypesAndContributionMap":{"functional-code":{"insertions":37,"deletions":0}}},{"hash":"e3c40c50910c01a08d7659653bda06acda415172","isMergeCommit":false,"messageTitle":"Add DeleteExpenseCommand and DeleteIncomeCommand classes for removing expenses and income respectively","messageBody":"The DeleteExpenseCommand class encapsulate the index of the\nexpense/income to be deleted and execute the deletion through the\nExpenseManager/IncomeManager.\n","fileTypesAndContributionMap":{"functional-code":{"insertions":36,"deletions":0}}},{"hash":"13cbfbfe9a86b0c818607c13351e644582e04026","isMergeCommit":false,"messageTitle":"Add ListExpenseCommand and ListIncomeCommand for displaying expenses and income respectively","messageBody":"The ListExpenseCommand/ListIncomeCommand class to encapsulate the\nfunctionality for retrieving and displaying the list of expenses/incomes\n through the ExpenseManager/IncomeManager.\n","fileTypesAndContributionMap":{"functional-code":{"insertions":26,"deletions":0}}},{"hash":"c0e1491dae9dbf8381c4a70ee8ef1c3195949d79","isMergeCommit":false,"messageTitle":"Remove the displayExitMessage function","messageBody":"Moved the displayExitMessage function to ExitCommand class\n","fileTypesAndContributionMap":{"functional-code":{"insertions":0,"deletions":1}}},{"hash":"0a22f7b427b2965366e62a49596431967f3d6d85","isMergeCommit":false,"messageTitle":"Add ExitCommand to parser function","messageBody":"","fileTypesAndContributionMap":{"functional-code":{"insertions":5,"deletions":0}}},{"hash":"e5609e8a618ed7defbf752d2d810aaf3031aa3e9","isMergeCommit":false,"messageTitle":"Reduce Line 67 length to be shorter than 120 characters","messageBody":"","fileTypesAndContributionMap":{"functional-code":{"insertions":2,"deletions":1}}},{"hash":"4604a353587b1ef7c98d1815216af13d829b8368","isMergeCommit":false,"messageTitle":"Move the constructor of the class to the front","messageBody":"","fileTypesAndContributionMap":{"functional-code":{"insertions":16,"deletions":14}}},{"hash":"569866656368eec06e9a3a251f4aecf0ac62878d","isMergeCommit":false,"messageTitle":"Add exit command","messageBody":"","fileTypesAndContributionMap":{"functional-code":{"insertions":14,"deletions":0}}},{"hash":"7b2c03b7a48caa301b69e464a957255d81259e95","isMergeCommit":false,"messageTitle":"Add newline at the end of file","messageBody":"","fileTypesAndContributionMap":{"functional-code":{"insertions":2,"deletions":3}}},{"hash":"fd9abdc8fbdf2687fe437b471a8cf69c73ce01fe","isMergeCommit":false,"messageTitle":"Remove unused import","messageBody":"","fileTypesAndContributionMap":{"functional-code":{"insertions":0,"deletions":1}}},{"hash":"f386e043076d25d4ec451d8d8b68463b46517abd","isMergeCommit":false,"messageTitle":"Change references the correct main class","messageBody":"","fileTypesAndContributionMap":{"other":{"insertions":1,"deletions":1}}}]},{"date":"2024-09-25","commitResults":[{"hash":"9c1416f0c7048f12e212b0e5355335805d137a9e","isMergeCommit":false,"messageTitle":"Add back Duke","messageBody":"","fileTypesAndContributionMap":{"functional-code":{"insertions":21,"deletions":0},"other":{"insertions":1,"deletions":1}}},{"hash":"31c2d4baf3c8b3b3993efc2e5119e44786a91db6","isMergeCommit":false,"messageTitle":"Add newline at the end for Duke","messageBody":"","fileTypesAndContributionMap":{"functional-code":{"insertions":1,"deletions":1}}},{"hash":"9f2accfb942ceee1129e71b50df51b339c467a01","isMergeCommit":false,"messageTitle":"Move Duke class to budgetbuddy package","messageBody":"","fileTypesAndContributionMap":{"other":{"insertions":1,"deletions":1}}}]},{"date":"2024-10-01","commitResults":[{"hash":"3870bf530bc8c3c453bd50ef8eaec4ded11169ed","isMergeCommit":false,"messageTitle":"Change mainClass in gradle to BudgetBuddy","messageBody":"","fileTypesAndContributionMap":{"other":{"insertions":1,"deletions":1}}},{"hash":"4e944a6b8a63ff3d5af3523fa5458a95fd15bf01","isMergeCommit":false,"messageTitle":"Add gradle code to install xargs","messageBody":"","fileTypesAndContributionMap":{"other":{"insertions":4,"deletions":0}}},{"hash":"c0db86631b21d890c29adc102891e35d152fd102","isMergeCommit":false,"messageTitle":"Add gradle code to install xargs for macOS","messageBody":"","fileTypesAndContributionMap":{"other":{"insertions":9,"deletions":10}}},{"hash":"4e815fab41005d9e1c3d419f1da8c1fa20b93cdc","isMergeCommit":false,"messageTitle":"Remove gradle code to install xargs","messageBody":"","fileTypesAndContributionMap":{"other":{"insertions":6,"deletions":9}}}]},{"date":"2024-10-02","commitResults":[{"hash":"f7fe3accb1a8d172129dd870acb997a9ab7f1d53","isMergeCommit":false,"messageTitle":"Add Telfer info to AboutUs.md","messageBody":"","fileTypesAndContributionMap":{"docs":{"insertions":3,"deletions":7}}},{"hash":"41a3e77037f3d277ca59f2a0b3bc0c329d3dd08b","isMergeCommit":true,"messageTitle":"Merge pull request #4 from telferang/Telfer-AboutUs","messageBody":"Add Telfer info to AboutUs.md","fileTypesAndContributionMap":{}},{"hash":"f6aa9fa6ef2ed7cf128836711c5309a53bd2083c","isMergeCommit":false,"messageTitle":"Remove Duke.java file","messageBody":"","fileTypesAndContributionMap":{"functional-code":{"insertions":0,"deletions":21}}},{"hash":"bb8d6979c0d970c7cb2bd67d41da2485861f657d","isMergeCommit":false,"messageTitle":"Add Javadoc comments to all the files","messageBody":"","fileTypesAndContributionMap":{"functional-code":{"insertions":431,"deletions":76}}},{"hash":"311abe09b47db83101b928da3847698fee770edd","isMergeCommit":false,"messageTitle":"Add Expense, Income and Transaction into transaction package","messageBody":"","fileTypesAndContributionMap":{"functional-code":{"insertions":13,"deletions":13},"other":{"insertions":8,"deletions":8}}},{"hash":"1b2f4e5fea6f8d6297db673f69dba08e0d850cbb","isMergeCommit":true,"messageTitle":"Merge pull request #2 from telferang/branch-add-remove-expenses-incomes","messageBody":"Branch add remove expenses incomes","fileTypesAndContributionMap":{}}]},{"date":"2024-10-07","commitResults":[{"hash":"17a46851f9a6aa3457b5e65faddbddb75acfcc12","isMergeCommit":false,"messageTitle":"Combine ExpenseIndexValidator and IncomeIndexValidator into 1 class","messageBody":"","fileTypesAndContributionMap":{"functional-code":{"insertions":47,"deletions":56}}},{"hash":"1a8e52a04c6200acf401449728e20f3b712ad65d","isMergeCommit":false,"messageTitle":"Refactor code by creating AmountValidator and DateValidator","messageBody":"Previously, validateAmount and validateDate functions are in both\nAddIncomeValidator and AddExpenseValidator class. Moving the two\nfunctions into a separate class improves code reusability.\n","fileTypesAndContributionMap":{"functional-code":{"insertions":56,"deletions":66}}},{"hash":"9cb952de1a616a7b2c83dcbdbec917f89c6bd8b8","isMergeCommit":false,"messageTitle":"Add Junit code to test validateAmount method","messageBody":"","fileTypesAndContributionMap":{"test-code":{"insertions":25,"deletions":0}}},{"hash":"505f4187fcf2f89d5b0097f7e404436cf402441c","isMergeCommit":true,"messageTitle":"Merge pull request #16 from telferang/branch-Junit-code","messageBody":"Branch junit code","fileTypesAndContributionMap":{}}]},{"date":"2024-10-14","commitResults":[{"hash":"547abb0ce861cc5b3c773c0d4485c0e3f433805d","isMergeCommit":false,"messageTitle":"Add packages to commands and validators","messageBody":"","fileTypesAndContributionMap":{"functional-code":{"insertions":23,"deletions":23},"other":{"insertions":47,"deletions":33},"test-code":{"insertions":5,"deletions":2}}},{"hash":"4f6d185ca969cbe26d6f4185622b5d413017a061","isMergeCommit":false,"messageTitle":"Add logging and assertion for ExpenseManager and IncomeManager","messageBody":"","fileTypesAndContributionMap":{"functional-code":{"insertions":11,"deletions":1}}},{"hash":"ce62e1e2ada6917ae37a3d038ee791cb93989aea","isMergeCommit":false,"messageTitle":"Fix code style","messageBody":"","fileTypesAndContributionMap":{"functional-code":{"insertions":2,"deletions":3}}},{"hash":"60c23d9b770149f683ed5d1dab80147b0da90bd8","isMergeCommit":false,"messageTitle":"Fix assertion for IncomeManager","messageBody":"","fileTypesAndContributionMap":{"functional-code":{"insertions":1,"deletions":1}}},{"hash":"f9805181d5e0519d95a531be7fe652e19fbf16b6","isMergeCommit":true,"messageTitle":"Merge pull request #43 from telferang/branch-logging-and-assertion","messageBody":"Branch logging and assertion","fileTypesAndContributionMap":{}}]},{"date":"2024-10-22","commitResults":[{"hash":"615b194e54a9402c7d08e2cddda18d179f9258c7","isMergeCommit":false,"messageTitle":"Remove displayAcknowledgementMessage to reduce coupling between ui and ExpenseManager and IncomeManager","messageBody":"","fileTypesAndContributionMap":{"functional-code":{"insertions":0,"deletions":17}}},{"hash":"5a3d16f951277e986af08538728790166da820fb","isMergeCommit":false,"messageTitle":"Add ListRemainingBudgetCommand to Parser","messageBody":"","fileTypesAndContributionMap":{"functional-code":{"insertions":4,"deletions":0}}},{"hash":"ae56f7fd7cb2f870185e34ab11b2449e6adffb8f","isMergeCommit":false,"messageTitle":"Add RemainingBudgetManager class to find the budget remaining after deducting expenses","messageBody":"","fileTypesAndContributionMap":{"functional-code":{"insertions":245,"deletions":4}}},{"hash":"48457e0356f9624588d7526130e07c17f93bd31a","isMergeCommit":false,"messageTitle":"Add Junit test for RemainingBudgetManager, DateValidator and IndexValidator","messageBody":"","fileTypesAndContributionMap":{"test-code":{"insertions":168,"deletions":0}}},{"hash":"28b94cc5163629995b4412d16e79331d34e48751","isMergeCommit":false,"messageTitle":"Update RemainingBudgetMangerTest to include the latest changes","messageBody":"","fileTypesAndContributionMap":{"test-code":{"insertions":2,"deletions":1}}},{"hash":"9e85de93ade1555b84637172682ca98d0ded1183","isMergeCommit":false,"messageTitle":"Add streams to sort the budget categories","messageBody":"","fileTypesAndContributionMap":{"functional-code":{"insertions":10,"deletions":1}}},{"hash":"4586f36a44d914de71ef45d9a8013019818d0f8d","isMergeCommit":true,"messageTitle":"Merge pull request #62 from telferang/branch-Junit-code2","messageBody":"Add remaining budget function","fileTypesAndContributionMap":{}},{"hash":"7eedb1718ef1228156754b00a5532eaaa75ddc49","isMergeCommit":true,"messageTitle":"Merge remote-tracking branch \u0027tpUpstream/master\u0027","messageBody":"","fileTypesAndContributionMap":{}}]},{"date":"2024-10-24","commitResults":[{"hash":"1837a292874cf145ffd88eb7e770b9eb8c73d2a2","isMergeCommit":false,"messageTitle":"Remove amount in the constructor for Budget class.","messageBody":"- The amount will be added by addAmount() method in Budget class\n","fileTypesAndContributionMap":{"functional-code":{"insertions":5,"deletions":6},"test-code":{"insertions":14,"deletions":14}}},{"hash":"0845d61e97978a7017343dbbfe15f0a484e16bc4","isMergeCommit":true,"messageTitle":"Merge remote-tracking branch \u0027tpUpstream/master\u0027 into branch-refactor-budget","messageBody":"","fileTypesAndContributionMap":{}},{"hash":"281713dcd6379be2d222695d9a175363b78a9a91","isMergeCommit":true,"messageTitle":"Merge pull request #69 from telferang/branch-refactor-budget","messageBody":"Branch refactor budget","fileTypesAndContributionMap":{}},{"hash":"4c589c2a8f92c5a7e5655081e779d8804938fcca","isMergeCommit":false,"messageTitle":"Update developer guide","messageBody":"-Added introduction, set-up and design section\n","fileTypesAndContributionMap":{"docs":{"insertions":11,"deletions":0}}},{"hash":"61cb4ecca1b1d8a5cdc4e15fea8d34a5b212ea47","isMergeCommit":true,"messageTitle":"Merge branch \u0027master\u0027 into branch-DG","messageBody":"# Conflicts:\n#\tdata/BudgetBuddy.txt\n","fileTypesAndContributionMap":{}},{"hash":"e77422cc693cfde76212686e785c2b94f0aab5be","isMergeCommit":true,"messageTitle":"Merge pull request #74 from telferang/branch-DG","messageBody":"Update developer guide","fileTypesAndContributionMap":{}}]}]},"authorFileTypeContributionMap":{"Chinorea":{"docs":10,"functional-code":629,"test-code":166},"ZiliaAJY":{"docs":22,"functional-code":938,"test-code":116,"other":2},"ChuaCleon":{"docs":5,"functional-code":391,"test-code":90},"Alfred-Goh02":{"docs":7,"functional-code":747,"test-code":154,"other":2},"telferang":{"docs":11,"functional-code":1270,"test-code":211,"other":2}},"authorContributionVariance":{"Chinorea":10590.783,"ZiliaAJY":20933.11,"ChuaCleon":4044.2473,"Alfred-Goh02":10842.201,"telferang":29332.371},"authorDisplayNameMap":{"Chinorea":"CS2113-W10-1 ANG ..N EN","ZiliaAJY":"CS2113-W10-1 ANG ..A YU","ChuaCleon":"CS2113-W10-1 CHUA..LEON","Alfred-Goh02":"CS2113-W10-1 ALFR.. GOH","telferang":"CS2113-W10-1 ANG ..LFER"}}
