{"authorDailyContributionsMap":{"Chinorea":[{"date":"2024-10-02","commitResults":[{"hash":"e8ccbe3cbe72d0b10a2addbcd3d5562193df1b40","isMergeCommit":false,"messageTitle":"Update Profile on AboutUs","messageBody":"","fileTypesAndContributionMap":{"docs":{"insertions":3,"deletions":7}}},{"hash":"364bb85bd66b7371c118bd96b1010c7280737f96","isMergeCommit":true,"messageTitle":"Merge branch \u0027master\u0027 into Kenneth-AboutUs","messageBody":"","fileTypesAndContributionMap":{}},{"hash":"03739c6328c8434c15bbcb4d12fbcac30c40bc6d","isMergeCommit":true,"messageTitle":"Merge pull request #5 from Chinorea/Kenneth-AboutUs","messageBody":"Update Kenneth\u0027s Profile on AboutUs","fileTypesAndContributionMap":{}}]}],"ZiliaAJY":[{"date":"2024-10-02","commitResults":[{"hash":"6176124a0b6898be8ca679bcfdd953f2a65948c8","isMergeCommit":false,"messageTitle":"Update personal details in AboutUs.md","messageBody":"","fileTypesAndContributionMap":{"docs":{"insertions":3,"deletions":7}}},{"hash":"bdf6ce38496b041cdfc2bd369924d9dbab14483a","isMergeCommit":true,"messageTitle":"Resolve merge conflict in master and Zilia-AboutUs","messageBody":"","fileTypesAndContributionMap":{}},{"hash":"d1a471d5db5ce17d633a08638748739f98434f79","isMergeCommit":true,"messageTitle":"Merge pull request #7 from ZiliaAJY/Zilia-AboutUs","messageBody":"Update personal details in AboutUs.md","fileTypesAndContributionMap":{}}]}],"ChuaCleon":[{"date":"2024-10-02","commitResults":[{"hash":"5ae50d46c6465f3958347a1b9457bd120d4f8013","isMergeCommit":false,"messageTitle":"Update my details in AboutUs.md","messageBody":"","fileTypesAndContributionMap":{"docs":{"insertions":3,"deletions":7}}},{"hash":"f386c051af3a28f0411e6f9fa925b4c6400eb998","isMergeCommit":true,"messageTitle":"Merge branch \u0027master\u0027 of https://github.com/AY2425S1-CS2113-W10-1/tp into Cleon-AboutUs","messageBody":"# Conflicts:\n#\tdocs/AboutUs.md\n","fileTypesAndContributionMap":{}},{"hash":"01aedf197e760d43623ba4b8b13db1ad62e22067","isMergeCommit":true,"messageTitle":"Merge branch \u0027master\u0027 of https://github.com/AY2425S1-CS2113-W10-1/tp into Cleon-AboutUs","messageBody":"# Conflicts:\n#\tdocs/AboutUs.md\n","fileTypesAndContributionMap":{}},{"hash":"adfba4043ef882ac985fe784685695d7902b5453","isMergeCommit":true,"messageTitle":"Merge pull request #6 from ChuaCleon/Cleon-AboutUs","messageBody":"Update Cleon\u0027s details in AboutUs.md","fileTypesAndContributionMap":{}}]},{"date":"2024-10-06","commitResults":[{"hash":"ca33aeba8ee8a074862120a4791a9964cf0c9ded","isMergeCommit":true,"messageTitle":"Merge branch \u0027master\u0027 of https://github.com/AY2425S1-CS2113-W10-1/tp","messageBody":"","fileTypesAndContributionMap":{}},{"hash":"305577d5cd88917e4df092eccd98313f071ec594","isMergeCommit":false,"messageTitle":"Create method to display help message to a new user.","messageBody":"","fileTypesAndContributionMap":{"functional-code":{"insertions":21,"deletions":0}}},{"hash":"00d74d5646a4dcc528d6793d69cf6fa4f8d74bc9","isMergeCommit":false,"messageTitle":"Create new HelpCommand class to execute help command that displays message to guide new users. Integrate functionality to parse user input for help command in Parser class.","messageBody":"","fileTypesAndContributionMap":{"functional-code":{"insertions":40,"deletions":17}}},{"hash":"4b05149351985528f826bb720d5298f92d2edad3","isMergeCommit":false,"messageTitle":"Replace wildcard import command to import individual commands instead","messageBody":"","fileTypesAndContributionMap":{"functional-code":{"insertions":10,"deletions":1}}},{"hash":"9c4eb93f64e1b96fdd55548eccc408d606f49f3a","isMergeCommit":true,"messageTitle":"Merge pull request #12 from ChuaCleon/branch-CreateHelpGuide","messageBody":"Branch create help guide","fileTypesAndContributionMap":{}}]}],"Alfred-Goh02":[{"date":"2024-10-02","commitResults":[{"hash":"5148e975c24adf9e78fbe917330c43132941eb43","isMergeCommit":false,"messageTitle":"Update name in AboutUs Page","messageBody":"","fileTypesAndContributionMap":{"docs":{"insertions":3,"deletions":7}}},{"hash":"5d6f1082f36fdea37fc280c1072a45168b512cd8","isMergeCommit":false,"messageTitle":"Modify portfolio and Profile Link","messageBody":"","fileTypesAndContributionMap":{"docs":{"insertions":1,"deletions":1}}},{"hash":"431295c85da84011a6c516470a3c5ba62d17a494","isMergeCommit":false,"messageTitle":"Update About Us Page","messageBody":"","fileTypesAndContributionMap":{"docs":{"insertions":7,"deletions":3}}},{"hash":"8e925d24c2b035bba695b8fcea90d0a78d82b937","isMergeCommit":false,"messageTitle":"Modify AboutUs","messageBody":"","fileTypesAndContributionMap":{"docs":{"insertions":7,"deletions":7}}},{"hash":"aa1204ca3c7a503c3a3eae732f8bb0b8324c3811","isMergeCommit":false,"messageTitle":"Modify AboutUs","messageBody":"","fileTypesAndContributionMap":{"docs":{"insertions":2,"deletions":2}}},{"hash":"b64f4e9e355f1bf03d718107805952d40459e9d9","isMergeCommit":true,"messageTitle":"Merge branch \u0027master\u0027 of https://github.com/AY2425S1-CS2113-W10-1/tp into Alfred-AboutUs","messageBody":"","fileTypesAndContributionMap":{}},{"hash":"8a4ff92fe4f29c2a2357b5c4a2232d12679d6686","isMergeCommit":true,"messageTitle":"Merge pull request #3 from Alfred-Goh02/Alfred-AboutUs","messageBody":"Update name in AboutUs Page","fileTypesAndContributionMap":{}}]}],"telferang":[{"date":"2024-09-20","commitResults":[{"hash":"86a8c405294a05b44b256951345484e081fec3e6","isMergeCommit":false,"messageTitle":"Update README.md title to BudgetBuddy","messageBody":"","fileTypesAndContributionMap":{"docs":{"insertions":1,"deletions":1}}}]},{"date":"2024-09-24","commitResults":[{"hash":"1bc38c25e0db53e1ab2b3106529508bc84122263","isMergeCommit":false,"messageTitle":"Rename Duke to BudgetBuddy","messageBody":"- Added the main method to start the application\n- Displayed welcome message to the user\n- Captured user input for commands and executed them\n- Included loop to continue processing commands until exit command is\nreceived\n- Displayed exit message before terminating the application\n","fileTypesAndContributionMap":{"functional-code":{"insertions":19,"deletions":21},"other":{"insertions":4,"deletions":4}}},{"hash":"7ed2a6e42ecbe6b020db5f701c473d558b3dc73f","isMergeCommit":false,"messageTitle":"Add Parser class to Implement command parsing logic","messageBody":"This structure allows the application to process user commands\neffectively and respond with appropriate actions or errors.\n\nBy delegating command handling to specific command classes and\nvalidators, the design adheres to the Single Responsibility Principle,\nenhancing maintainability and scalability.\n","fileTypesAndContributionMap":{"functional-code":{"insertions":39,"deletions":0}}},{"hash":"424df1358831336ab919556b943fb026607d4060","isMergeCommit":false,"messageTitle":"Add Transaction class to represent financial transactions","messageBody":"The Transaction class will be inherited by the Expense and Income class\n\nThe Transaction class encapsulate transaction details such as\ndescription, amount, and date.\n","fileTypesAndContributionMap":{"functional-code":{"insertions":32,"deletions":0}}},{"hash":"39845e5227c995a1590ba5529749b119d0cc57a2","isMergeCommit":false,"messageTitle":"Add Ui class for user interface methods while using BudgetBuddy","messageBody":"The Ui class will retrieve commands, display messages, and acknowledge\ntransaction updates.\n\nThis implementation enhances user experience by ensuring consistent text\n formatting and alignment\n","fileTypesAndContributionMap":{"functional-code":{"insertions":73,"deletions":0}}},{"hash":"eea17d4db926947b04d9163db9244c969f1c0024","isMergeCommit":false,"messageTitle":"Add abstract Command class","messageBody":"This Commands that will be inherited by other Command sub-classes\nfor executing user commands\n\nThis design allows for future command implementations to inherit from\nthe Command class, promoting code reuse and adherence to object-oriented\n principles.\n","fileTypesAndContributionMap":{"functional-code":{"insertions":10,"deletions":0}}},{"hash":"b295fc870b044a9084bd34dbf71f6eee9f96736b","isMergeCommit":false,"messageTitle":"Add Category enum for Income class","messageBody":"The Category enum helps to classify expense categories\n","fileTypesAndContributionMap":{"functional-code":{"insertions":10,"deletions":0}}},{"hash":"beea7015fa22dbf9e5bc7ec6bf7bcee59637a82c","isMergeCommit":false,"messageTitle":"Add Expense and Income class to represent financial expenses","messageBody":"The Expense class, inherits from the Transaction class to include a\ncategory attribute\n\nThis design promotes clear organization of expense data and provides a\n comprehensive representation of each expense or income entry.\n","fileTypesAndContributionMap":{"functional-code":{"insertions":34,"deletions":0}}},{"hash":"6cc0dbb3068f2488ee4678bca29b92b5390f498d","isMergeCommit":false,"messageTitle":"Implement ExpenseManager and IncomeManager class for managing expenses and incomes transactions respectively","messageBody":"The ExpenseManager / IncomeManager class help to facilitate adding,\ndeleting, and listing expenses, along with maintaining the count of\nexpenses\n\nThis structure enhances organization and provides a straightforward\ninterface for managing expenses or incomes transaction\n","fileTypesAndContributionMap":{"functional-code":{"insertions":110,"deletions":0}}},{"hash":"6728a3353452403b0006f6c0e6e0fe3e5f0d63eb","isMergeCommit":false,"messageTitle":"Add ExitCommand class to support application exit functionality","messageBody":"The class is empty because the ExitCommand class is necessary for the\nmain code to run. The exit function will be coded by other teammates\n","fileTypesAndContributionMap":{"functional-code":{"insertions":5,"deletions":0}}},{"hash":"1cce99bc2d07553e5538f07bdb85b0be4fb253c1","isMergeCommit":false,"messageTitle":"Add AddExpenseValidator and AddIncomeValidator for validating add expense and add income commands respectively","messageBody":"The AddExpenseValidator and AddIncomeValidator class helps to parse and\nvalidate user commands for adding expenses or income, ensuring that all\nrequired fields are correctly formatted\n\nThe 2 add classes will create and return addExpenseCommand or\naddIncomeCommand if the input is validAn A invalidCommand will be\ncreated which will provide informative error messages for invalid inputs\n","fileTypesAndContributionMap":{"functional-code":{"insertions":128,"deletions":0}}},{"hash":"f72a49fc82f54b434a4ece23fff2780bbc7cbf30","isMergeCommit":false,"messageTitle":"Add AddExpenseCommand and AddIncomeCommand for adding expenses and incomes respectively","messageBody":"Let\u0027s create the AddExpenseCommand class to encapsulate the details of\nan expense and execute the addition of the expense to the ExpenseManager\n","fileTypesAndContributionMap":{"functional-code":{"insertions":56,"deletions":0}}},{"hash":"7f58c69c5f2879a014fe2a1c9374412337b884e2","isMergeCommit":false,"messageTitle":"Add IncorrectCommand class for handling invalid commands","messageBody":"The IncorrectCommand class encapsulates feedback for the user regarding\nspecific command errors and execute the display of this feedback\n","fileTypesAndContributionMap":{"functional-code":{"insertions":16,"deletions":0}}},{"hash":"02f00bd904de0c5fd1054bc6aef7a4633c4ce04c","isMergeCommit":false,"messageTitle":"Add ExpenseIndexValidator and IncomeIndexValidator for validating expense and income indices","messageBody":"The ExpenseIndexValidator and IncomeIndexValidator class check if the\nprovided index is a valid integer and falls within the range of existing\nexpenses or incomes count\n","fileTypesAndContributionMap":{"functional-code":{"insertions":36,"deletions":0}}},{"hash":"14da1f44a234abc195d8ea51e6a638a996887b8c","isMergeCommit":false,"messageTitle":"Add DeleteExpenseValidator and DeleteIncomeValidator for validating delete expense and income commands respectively","messageBody":"The DeleteExpenseValidator and DeleteIncomeValidator class parse and\nvalidate user input for deleting expenses or income, ensuring that the\nprovided index is valid.\n","fileTypesAndContributionMap":{"functional-code":{"insertions":37,"deletions":0}}},{"hash":"e3c40c50910c01a08d7659653bda06acda415172","isMergeCommit":false,"messageTitle":"Add DeleteExpenseCommand and DeleteIncomeCommand classes for removing expenses and income respectively","messageBody":"The DeleteExpenseCommand class encapsulate the index of the\nexpense/income to be deleted and execute the deletion through the\nExpenseManager/IncomeManager.\n","fileTypesAndContributionMap":{"functional-code":{"insertions":36,"deletions":0}}},{"hash":"13cbfbfe9a86b0c818607c13351e644582e04026","isMergeCommit":false,"messageTitle":"Add ListExpenseCommand and ListIncomeCommand for displaying expenses and income respectively","messageBody":"The ListExpenseCommand/ListIncomeCommand class to encapsulate the\nfunctionality for retrieving and displaying the list of expenses/incomes\n through the ExpenseManager/IncomeManager.\n","fileTypesAndContributionMap":{"functional-code":{"insertions":26,"deletions":0}}},{"hash":"c0e1491dae9dbf8381c4a70ee8ef1c3195949d79","isMergeCommit":false,"messageTitle":"Remove the displayExitMessage function","messageBody":"Moved the displayExitMessage function to ExitCommand class\n","fileTypesAndContributionMap":{"functional-code":{"insertions":0,"deletions":1}}},{"hash":"0a22f7b427b2965366e62a49596431967f3d6d85","isMergeCommit":false,"messageTitle":"Add ExitCommand to parser function","messageBody":"","fileTypesAndContributionMap":{"functional-code":{"insertions":5,"deletions":0}}},{"hash":"e5609e8a618ed7defbf752d2d810aaf3031aa3e9","isMergeCommit":false,"messageTitle":"Reduce Line 67 length to be shorter than 120 characters","messageBody":"","fileTypesAndContributionMap":{"functional-code":{"insertions":2,"deletions":1}}},{"hash":"4604a353587b1ef7c98d1815216af13d829b8368","isMergeCommit":false,"messageTitle":"Move the constructor of the class to the front","messageBody":"","fileTypesAndContributionMap":{"functional-code":{"insertions":16,"deletions":14}}},{"hash":"569866656368eec06e9a3a251f4aecf0ac62878d","isMergeCommit":false,"messageTitle":"Add exit command","messageBody":"","fileTypesAndContributionMap":{"functional-code":{"insertions":14,"deletions":0}}},{"hash":"7b2c03b7a48caa301b69e464a957255d81259e95","isMergeCommit":false,"messageTitle":"Add newline at the end of file","messageBody":"","fileTypesAndContributionMap":{"functional-code":{"insertions":2,"deletions":3}}},{"hash":"fd9abdc8fbdf2687fe437b471a8cf69c73ce01fe","isMergeCommit":false,"messageTitle":"Remove unused import","messageBody":"","fileTypesAndContributionMap":{"functional-code":{"insertions":0,"deletions":1}}},{"hash":"f386e043076d25d4ec451d8d8b68463b46517abd","isMergeCommit":false,"messageTitle":"Change references the correct main class","messageBody":"","fileTypesAndContributionMap":{"other":{"insertions":1,"deletions":1}}}]},{"date":"2024-09-25","commitResults":[{"hash":"9c1416f0c7048f12e212b0e5355335805d137a9e","isMergeCommit":false,"messageTitle":"Add back Duke","messageBody":"","fileTypesAndContributionMap":{"functional-code":{"insertions":21,"deletions":0},"other":{"insertions":1,"deletions":1}}},{"hash":"31c2d4baf3c8b3b3993efc2e5119e44786a91db6","isMergeCommit":false,"messageTitle":"Add newline at the end for Duke","messageBody":"","fileTypesAndContributionMap":{"functional-code":{"insertions":1,"deletions":1}}},{"hash":"9f2accfb942ceee1129e71b50df51b339c467a01","isMergeCommit":false,"messageTitle":"Move Duke class to budgetbuddy package","messageBody":"","fileTypesAndContributionMap":{"other":{"insertions":1,"deletions":1}}}]},{"date":"2024-10-01","commitResults":[{"hash":"3870bf530bc8c3c453bd50ef8eaec4ded11169ed","isMergeCommit":false,"messageTitle":"Change mainClass in gradle to BudgetBuddy","messageBody":"","fileTypesAndContributionMap":{"other":{"insertions":1,"deletions":1}}},{"hash":"4e944a6b8a63ff3d5af3523fa5458a95fd15bf01","isMergeCommit":false,"messageTitle":"Add gradle code to install xargs","messageBody":"","fileTypesAndContributionMap":{"other":{"insertions":4,"deletions":0}}},{"hash":"c0db86631b21d890c29adc102891e35d152fd102","isMergeCommit":false,"messageTitle":"Add gradle code to install xargs for macOS","messageBody":"","fileTypesAndContributionMap":{"other":{"insertions":9,"deletions":10}}},{"hash":"4e815fab41005d9e1c3d419f1da8c1fa20b93cdc","isMergeCommit":false,"messageTitle":"Remove gradle code to install xargs","messageBody":"","fileTypesAndContributionMap":{"other":{"insertions":6,"deletions":9}}}]},{"date":"2024-10-02","commitResults":[{"hash":"f7fe3accb1a8d172129dd870acb997a9ab7f1d53","isMergeCommit":false,"messageTitle":"Add Telfer info to AboutUs.md","messageBody":"","fileTypesAndContributionMap":{"docs":{"insertions":3,"deletions":7}}},{"hash":"41a3e77037f3d277ca59f2a0b3bc0c329d3dd08b","isMergeCommit":true,"messageTitle":"Merge pull request #4 from telferang/Telfer-AboutUs","messageBody":"Add Telfer info to AboutUs.md","fileTypesAndContributionMap":{}},{"hash":"f6aa9fa6ef2ed7cf128836711c5309a53bd2083c","isMergeCommit":false,"messageTitle":"Remove Duke.java file","messageBody":"","fileTypesAndContributionMap":{"functional-code":{"insertions":0,"deletions":21}}},{"hash":"bb8d6979c0d970c7cb2bd67d41da2485861f657d","isMergeCommit":false,"messageTitle":"Add Javadoc comments to all the files","messageBody":"","fileTypesAndContributionMap":{"functional-code":{"insertions":431,"deletions":76}}},{"hash":"311abe09b47db83101b928da3847698fee770edd","isMergeCommit":false,"messageTitle":"Add Expense, Income and Transaction into transaction package","messageBody":"","fileTypesAndContributionMap":{"functional-code":{"insertions":13,"deletions":13},"other":{"insertions":8,"deletions":8}}},{"hash":"1b2f4e5fea6f8d6297db673f69dba08e0d850cbb","isMergeCommit":true,"messageTitle":"Merge pull request #2 from telferang/branch-add-remove-expenses-incomes","messageBody":"Branch add remove expenses incomes","fileTypesAndContributionMap":{}}]}]},"authorFileTypeContributionMap":{"Chinorea":{"docs":0,"functional-code":0,"test-code":0},"ZiliaAJY":{"docs":0,"functional-code":0,"test-code":0},"ChuaCleon":{"docs":0,"functional-code":62,"test-code":0},"Alfred-Goh02":{"docs":7,"functional-code":0,"test-code":0},"telferang":{"docs":1,"functional-code":1032,"test-code":2,"other":2}},"authorContributionVariance":{"Chinorea":5.5363336,"ZiliaAJY":5.5363336,"ChuaCleon":437.91,"Alfred-Goh02":88.58134,"telferang":46793.97},"authorDisplayNameMap":{"Chinorea":"CS2113-W10-1 ANG ..N EN","ZiliaAJY":"CS2113-W10-1 ANG ..A YU","ChuaCleon":"CS2113-W10-1 CHUA..LEON","Alfred-Goh02":"CS2113-W10-1 ALFR.. GOH","telferang":"CS2113-W10-1 ANG ..LFER"}}
