{"authorDailyContributionsMap":{"TheDinos":[{"date":"2024-10-02","commitResults":[{"hash":"42dbc077ea9c7f76ce13c0d4596743f7bb46f2c5","isMergeCommit":false,"messageTitle":"Updated AboutUs.md page","messageBody":"","fileTypesAndContributionMap":{"docs":{"insertions":4,"deletions":8}}},{"hash":"c6c24098c10d3085437cd7e88a50870f873a4eb1","isMergeCommit":true,"messageTitle":"Merge branch \u0027master\u0027 into Marcus-AboutUs","messageBody":"","fileTypesAndContributionMap":{}},{"hash":"fe3a32b49228bbee401beeb3d02a21a6eed31bdd","isMergeCommit":true,"messageTitle":"Merge pull request #3 from TheDinos/Marcus-AboutUs","messageBody":"[Marcus Wong] Updated AboutUs.md page","fileTypesAndContributionMap":{}}]},{"date":"2024-10-09","commitResults":[{"hash":"55fbe7083fe70f87de2e18b6bb22d3eddb5b8788","isMergeCommit":false,"messageTitle":"Add TrainingSession class. Add support for constructor and editing exercise reps.","messageBody":"","fileTypesAndContributionMap":{"functional-code":{"insertions":24,"deletions":0}}},{"hash":"37a2fe9d98f1a0ad7e863467703e9ffd649feb2f","isMergeCommit":false,"messageTitle":"Add support for calculating award. Add support for outputting list of exercises.","messageBody":"","fileTypesAndContributionMap":{"functional-code":{"insertions":55,"deletions":0}}},{"hash":"70cb86e1a6f92b174f1f0357b71ada77483b4118","isMergeCommit":true,"messageTitle":"Merge pull request #25 from CheeKiangg/18-implement-exercisestation-abstract-class-and-the-6-inherited-station-class","messageBody":"feat: implemented ExerciseStation Abstract Class and its 6 inherited …","fileTypesAndContributionMap":{}},{"hash":"8ac3cd1092156ba992f115815701442f191f6dba","isMergeCommit":true,"messageTitle":"Merge pull request #26 from CheeKiangg/19-implement-abstract-calculator-class-and-its-inherited-calculator-class","messageBody":"feat: implemented Calculator Abstract Class and its inherited classes","fileTypesAndContributionMap":{}},{"hash":"6056d97029372113b13253bbffce554dfd3d303b","isMergeCommit":true,"messageTitle":"Merge pull request #28 from CheeKiangg/27-refactor-calculator-package-exercisestation-package-and-lookupkey-class-to-fittrack-package","messageBody":"Refactor: insert calculator package, exercisestaton package and lookupkey class into fittrack package","fileTypesAndContributionMap":{}},{"hash":"738bad5c7c863e7929a64c3a516634ac9bd1f80a","isMergeCommit":false,"messageTitle":"Refactor multiple classes Ensure consistent variable naming Ensure appropriate imports","messageBody":"","fileTypesAndContributionMap":{"functional-code":{"insertions":20,"deletions":15},"other":{"insertions":5,"deletions":3}}},{"hash":"4e4af0969fb157529ac9d6e14ab56018bb3a1e98","isMergeCommit":true,"messageTitle":"Merge pull request #30 from TheDinos/29-refactor-multiple-classes-under-fittrack-package","messageBody":"Refactor multiple classes","fileTypesAndContributionMap":{}},{"hash":"47f651880c4c225a85b5e4441c517910643a28ea","isMergeCommit":false,"messageTitle":"Add user parameters to get points. Add additional output functionalities for training session.","messageBody":"","fileTypesAndContributionMap":{"functional-code":{"insertions":11,"deletions":4}}},{"hash":"f9d32c54548397eba2dbd5914c506ff1d6eb246b","isMergeCommit":true,"messageTitle":"Merge pull request #34 from CheeKiangg/33-refactor-exercisestation-class","messageBody":"Refactor: changed input parameters and abstract setPerformance function","fileTypesAndContributionMap":{}}]},{"date":"2024-10-15","commitResults":[{"hash":"0f894db7ff600e09d018a96c8564c725cd71499f","isMergeCommit":true,"messageTitle":"Merge pull request #49 from CheeKiangg/Branch-UpdateCalculatorClasses","messageBody":"Branch update calculator classes","fileTypesAndContributionMap":{}},{"hash":"efb3ef0d9b1e7ee69bf4fba7986db1c44d2e0ef5","isMergeCommit":false,"messageTitle":"Add test for TrainingSession","messageBody":"","fileTypesAndContributionMap":{"test-code":{"insertions":65,"deletions":0}}},{"hash":"79571615e02edfbed2c4d2802d9586bfc285030e","isMergeCommit":false,"messageTitle":"Update TrainingSession test class","messageBody":"","fileTypesAndContributionMap":{"test-code":{"insertions":1,"deletions":1}}},{"hash":"b322bbbb0fff6c27df80e8d5de7e10e71a4db6ec","isMergeCommit":false,"messageTitle":"Fix input for TrainingSession test","messageBody":"","fileTypesAndContributionMap":{"test-code":{"insertions":5,"deletions":5}}},{"hash":"a1aae0e7ee9e61243223111b62005b3df02bc480","isMergeCommit":false,"messageTitle":"Fix datetime","messageBody":"","fileTypesAndContributionMap":{"test-code":{"insertions":10,"deletions":7}}},{"hash":"0c98ff53e55521a130fb0e2e059cd4684ffb8b59","isMergeCommit":false,"messageTitle":"Update test","messageBody":"","fileTypesAndContributionMap":{"test-code":{"insertions":10,"deletions":10}}},{"hash":"7436e1aac071e808fc770af6d21918c0d07c30aa","isMergeCommit":false,"messageTitle":"Update printsessiondescription","messageBody":"","fileTypesAndContributionMap":{"test-code":{"insertions":1,"deletions":1}}}]}],"ayushi0803":[{"date":"2024-10-02","commitResults":[{"hash":"5327260520399fcb13305141b682ada350139805","isMergeCommit":false,"messageTitle":"this commit has an updated first line in the about us readme file with my personal details instead","messageBody":"","fileTypesAndContributionMap":{"docs":{"insertions":3,"deletions":7}}},{"hash":"a9ef5a2b77fcf411a20b9fd4d1fde33338c86a1a","isMergeCommit":false,"messageTitle":"this is a commit message with my details added to the readme","messageBody":"","fileTypesAndContributionMap":{"docs":{"insertions":3,"deletions":7}}},{"hash":"6bfcc78294234a67ece4eceb403797d5a2017899","isMergeCommit":true,"messageTitle":"commit for my line in the read me","messageBody":"","fileTypesAndContributionMap":{}},{"hash":"e30b49b320960f4c61316c9f1226119878fad3fe","isMergeCommit":true,"messageTitle":"Merge pull request #5 from ayushi0803/master","messageBody":"tP","fileTypesAndContributionMap":{}}]}],"Zackermax":[{"date":"2024-10-02","commitResults":[{"hash":"abc9b35e85fbb0e069a5de2dccfc2589105bcdce","isMergeCommit":false,"messageTitle":"Docs: Rename placeholders","messageBody":"","fileTypesAndContributionMap":{"docs":{"insertions":4,"deletions":8}}},{"hash":"bdbd8645c486f6111d2f681b2a5c4816b015e070","isMergeCommit":true,"messageTitle":"Merge branch \u0027master\u0027 into Zackermax-AboutUs","messageBody":"","fileTypesAndContributionMap":{}},{"hash":"fc50cb5ecafe35d10936b593398acbf6422878ea","isMergeCommit":true,"messageTitle":"Merge pull request #1 from Zackermax/Zackermax-AboutUs","messageBody":"Docs: Rename placeholders","fileTypesAndContributionMap":{}}]},{"date":"2024-10-08","commitResults":[{"hash":"a27cafab2d548cca88a4fbee40b16de80138fd50","isMergeCommit":false,"messageTitle":"Feat: Parse input, set user gender and age, framework to save and read savefile, i/o interactions","messageBody":"","fileTypesAndContributionMap":{"functional-code":{"insertions":331,"deletions":21},"docs":{"insertions":4,"deletions":4}}},{"hash":"92ee824ee64911a1ed648819ea5044b7e04b94b4","isMergeCommit":true,"messageTitle":"Merge pull request #6 from Zackermax/master","messageBody":"Feat: Parse input, set user gender and age, savefile framework, i/o interactions","fileTypesAndContributionMap":{}}]},{"date":"2024-10-09","commitResults":[{"hash":"7250bda0c11a941d8ea72ac1ee247f965b3322a4","isMergeCommit":false,"messageTitle":"Revert \"Feat: Parse input, set user gender and age, savefile framework, i/o interactions\"","messageBody":"","fileTypesAndContributionMap":{"functional-code":{"insertions":21,"deletions":331},"docs":{"insertions":4,"deletions":4}}},{"hash":"1bc14c0c70d883b744c0a76a7040382450f4c7ba","isMergeCommit":true,"messageTitle":"Merge pull request #7 from AY2425S1-CS2113-W13-2/revert-6-master","messageBody":"Revert \"Feat: Parse input, set user gender and age, savefile framework, i/o interactions\"","fileTypesAndContributionMap":{}},{"hash":"3404e3c7e10ae36e5d3d71a80241dbd0d9aba244","isMergeCommit":false,"messageTitle":"Docs: Add personal info to portfolio","messageBody":"","fileTypesAndContributionMap":{"docs":{"insertions":1,"deletions":1}}},{"hash":"abd492572b9c3e789917b1214012486509379832","isMergeCommit":true,"messageTitle":"Merge pull request #8 from Zackermax/add-Zackermax-info","messageBody":"Docs: Add personal info to portfolio","fileTypesAndContributionMap":{}},{"hash":"6580e43e5d87fa276c06432fdf24f9ddd6dfc2f9","isMergeCommit":false,"messageTitle":"Feat: Add Gender Enum","messageBody":"","fileTypesAndContributionMap":{"functional-code":{"insertions":6,"deletions":0}}},{"hash":"9d9512704876ae20f44d15c27fcdeb13b75f68f2","isMergeCommit":false,"messageTitle":"Bugfix: Add newline to end of Gender","messageBody":"","fileTypesAndContributionMap":{"other":{"insertions":4,"deletions":4}}},{"hash":"f05596296451474b7a7befe2217cfb4e549293f3","isMergeCommit":true,"messageTitle":"Merge pull request #14 from Zackermax/9-implement-gender-enum-for-user-class","messageBody":"Feat: Add Gender Enum","fileTypesAndContributionMap":{}},{"hash":"117a32000a0ba5351c4a04514d0bd7f6f427b869","isMergeCommit":false,"messageTitle":"Feat: Add user class","messageBody":"","fileTypesAndContributionMap":{"functional-code":{"insertions":29,"deletions":0},"other":{"insertions":2,"deletions":2},"docs":{"insertions":1,"deletions":1}}},{"hash":"59f752afba60617c024a14002b9183689fb9c305","isMergeCommit":true,"messageTitle":"Merge pull request #15 from Zackermax/10-implement-user-class-to-store-user-data","messageBody":"Feat: Add user class","fileTypesAndContributionMap":{}},{"hash":"ac033987917e77b39d66edf35ec02e49a8a410ab","isMergeCommit":false,"messageTitle":"Feat: Add command parser, ui and savefile framework","messageBody":"","fileTypesAndContributionMap":{"functional-code":{"insertions":290,"deletions":13}}},{"hash":"a05d6ae796894646d4b6420647faa9a16b3d766d","isMergeCommit":true,"messageTitle":"Merge pull request #16 from Zackermax/11-implement-command-parser-for-fittrack-cli","messageBody":"Feat: Add command parser, ui and savefile framework","fileTypesAndContributionMap":{}},{"hash":"49f7cd33890d92509da3f858e1483b0fea53ba2e","isMergeCommit":true,"messageTitle":"Merge pull request #21 from CheeKiangg/17-implement-lookupkey-class","messageBody":"feat: Implemented LookUpKey Class that takes into account gender and age","fileTypesAndContributionMap":{}}]},{"date":"2024-10-10","commitResults":[{"hash":"ba3d818783d64b3591f7234bb37888b552f86286","isMergeCommit":false,"messageTitle":"Refactor: Syntax standardization","messageBody":"","fileTypesAndContributionMap":{"functional-code":{"insertions":10,"deletions":8}}},{"hash":"65a7b2618dd09b614ae1b740676fb40f77187f3c","isMergeCommit":true,"messageTitle":"Merge pull request #37 from CheeKiangg/35-include-tostring-function-to-exercisestations-class","messageBody":"feat: implement tostring() function for all exercisestation classes","fileTypesAndContributionMap":{}},{"hash":"2fe5111ec3a4467848b565498af8daa296072666","isMergeCommit":true,"messageTitle":"Merge pull request #38 from Zackermax/36-refactor-syntax-standardization","messageBody":"Refactor: Syntax standardization","fileTypesAndContributionMap":{}}]},{"date":"2024-10-11","commitResults":[{"hash":"4c47e0bb26318da3bf053d88fa78738b960da94f","isMergeCommit":false,"messageTitle":"Feat: Implement ui for add and delete sessions","messageBody":"","fileTypesAndContributionMap":{"functional-code":{"insertions":45,"deletions":12}}}]},{"date":"2024-10-12","commitResults":[{"hash":"e50a62873dc76e09ff15c78b69982dabceb802f9","isMergeCommit":false,"messageTitle":"Refactor: Adhere to CI Java Style","messageBody":"","fileTypesAndContributionMap":{"functional-code":{"insertions":63,"deletions":66}}},{"hash":"ee0d8d29f43f220bfc2eba48974f536f6467aee0","isMergeCommit":false,"messageTitle":"Refactor: Adhere to CI Java Style","messageBody":"","fileTypesAndContributionMap":{"functional-code":{"insertions":33,"deletions":24}}},{"hash":"c05faa0b85d8139d851357d2fcdfabc61ade893b","isMergeCommit":true,"messageTitle":"Merge pull request #41 from Zackermax/40-implement-ui-for-add-and-delete-sessions","messageBody":"Feat: Implement ui for add and delete sessions","fileTypesAndContributionMap":{}},{"hash":"95195f65a21918cc0c9bfbc8e922675fcad72ec7","isMergeCommit":false,"messageTitle":"Feat: JUnit tests for Ui class","messageBody":"","fileTypesAndContributionMap":{"functional-code":{"insertions":5,"deletions":0},"docs":{"insertions":2,"deletions":2},"test-code":{"insertions":119,"deletions":12}}}]},{"date":"2024-10-13","commitResults":[{"hash":"94743c9b4e79ee8950c99b34439c23123c7008ec","isMergeCommit":true,"messageTitle":"Merge pull request #43 from Zackermax/42-implement-framework-for-junit-tests","messageBody":"Feat: JUnit tests for Ui class","fileTypesAndContributionMap":{}},{"hash":"40b736cee5d4b7fdcc41aede070afe521174ef76","isMergeCommit":false,"messageTitle":"Feat: Implement Logger class","messageBody":"","fileTypesAndContributionMap":{"functional-code":{"insertions":28,"deletions":0}}},{"hash":"603b898e1abf604ceb1c8100931b1fcb85ccb301","isMergeCommit":false,"messageTitle":"Refactor: Adhere to CI style","messageBody":"","fileTypesAndContributionMap":{"functional-code":{"insertions":9,"deletions":1}}},{"hash":"a6790a031ed9cff428675e2bca7811c96e34445a","isMergeCommit":false,"messageTitle":"Bugfix: Missing semicolon","messageBody":"","fileTypesAndContributionMap":{"functional-code":{"insertions":1,"deletions":1}}},{"hash":"6c433fb0a24bdbd6f51d63274f641fbff3e7ad58","isMergeCommit":false,"messageTitle":"Refactor: Adhere to CI styling","messageBody":"","fileTypesAndContributionMap":{"functional-code":{"insertions":5,"deletions":1}}},{"hash":"8447fa80acb5f33b3727e2625907ee6f5b67b67b","isMergeCommit":false,"messageTitle":"Refactor: Adhere to CI styling","messageBody":"","fileTypesAndContributionMap":{"functional-code":{"insertions":7,"deletions":3}}},{"hash":"e6452b93f764795a694daa3a13e606fd64c65758","isMergeCommit":false,"messageTitle":"Feat: Implement Logging for SaveFile","messageBody":"","fileTypesAndContributionMap":{"functional-code":{"insertions":2,"deletions":1}}},{"hash":"65508aa03d6ab6badce8f8bf942da3f7a530be69","isMergeCommit":false,"messageTitle":"Feat: Enable assertions and implement for FitTrack, Ui, Parser and Storage","messageBody":"","fileTypesAndContributionMap":{"functional-code":{"insertions":81,"deletions":22},"other":{"insertions":1,"deletions":0}}},{"hash":"51112d876e1852e0f29d41e41007374d83512514","isMergeCommit":true,"messageTitle":"Merge pull request #47 from Zackermax/46-enable-assertions","messageBody":"Feat: Enable assertions and implement for FitTrack, Ui, Parser, Storage","fileTypesAndContributionMap":{}}]}],"CheeKiangg":[{"date":"2024-10-02","commitResults":[{"hash":"b9a8321eb608f93137d3cd2c6a5fbc4d90806c32","isMergeCommit":false,"messageTitle":"Docs: Rename placeholders","messageBody":"","fileTypesAndContributionMap":{"docs":{"insertions":4,"deletions":8}}},{"hash":"ddea82c75fe073d7a23234af193b84d804153941","isMergeCommit":true,"messageTitle":"Merge pull request #2 from CheeKiangg/CheeKiang-AboutUs","messageBody":"Docs: Rename placeholders","fileTypesAndContributionMap":{}}]},{"date":"2024-10-09","commitResults":[{"hash":"d385f32ff46e904543386e4cc169043caa097b02","isMergeCommit":false,"messageTitle":"feat: Implemented LookUpKey Class that takes into account gender and age","messageBody":"","fileTypesAndContributionMap":{"functional-code":{"insertions":30,"deletions":0}}},{"hash":"962f3d6a018538345cdb012f7d94123ffe210520","isMergeCommit":true,"messageTitle":"Merge pull request #23 from TheDinos/20-implement-trainingsession-class-to-store-and-edit-training-session-details","messageBody":"Add TrainingSession class.","fileTypesAndContributionMap":{}},{"hash":"31c082946de280b64c6a4e1c649c4f616c3db8e1","isMergeCommit":true,"messageTitle":"Merge pull request #24 from TheDinos/22-implement-printing-of-training-session-to-console-output","messageBody":"Add support for outputting list of exercises.","fileTypesAndContributionMap":{}},{"hash":"165babcbf57488978c8082995267dbf8ed55977a","isMergeCommit":false,"messageTitle":"feat: implemented ExerciseStation Abstract Class and its 6 inherited classes","messageBody":"","fileTypesAndContributionMap":{"functional-code":{"insertions":217,"deletions":0}}},{"hash":"ce397c1e9ff393bcc7575a6b4163d1615d4f8099","isMergeCommit":false,"messageTitle":"feat: implemented Calculator Abstract Class and its inherited classes","messageBody":"","fileTypesAndContributionMap":{"functional-code":{"insertions":171,"deletions":0}}},{"hash":"56ad6266791a80a1aec47eebd0c56b5651031a85","isMergeCommit":false,"messageTitle":"Refactor: insert calculator package, exercisestaton package and lookupkey class into fittrack","messageBody":"","fileTypesAndContributionMap":{"other":{"insertions":37,"deletions":37}}},{"hash":"723409ceef31d758b453b00278993ce7423763c7","isMergeCommit":true,"messageTitle":"Merge pull request #32 from TheDinos/31-implement-additional-user-and-session-output-functionalities","messageBody":"Add user parameters to get points.","fileTypesAndContributionMap":{}},{"hash":"37c805de7592773f2be42105887a2108a0011173","isMergeCommit":false,"messageTitle":"Refactor: changed input parameters gender and age to just user class \u0026 abstract setPerformance function","messageBody":"","fileTypesAndContributionMap":{"functional-code":{"insertions":37,"deletions":24}}}]},{"date":"2024-10-10","commitResults":[{"hash":"3106acb1b6fa83c72d6d2758aad779922042354f","isMergeCommit":false,"messageTitle":"feat: implement tostring() function for all of the exercisestation classes","messageBody":"","fileTypesAndContributionMap":{"functional-code":{"insertions":32,"deletions":6}}}]},{"date":"2024-10-13","commitResults":[{"hash":"d1827396d5f83bafabf71043c05f556425a0d078","isMergeCommit":true,"messageTitle":"Merge pull request #45 from Zackermax/44-implement-logger-class","messageBody":"Feat: Implement Logger class","fileTypesAndContributionMap":{}}]},{"date":"2024-10-15","commitResults":[{"hash":"a10974087ea6a0c0a4073fd6b97f3cbc2dfc7da6","isMergeCommit":false,"messageTitle":"feat: added whole data sets for pull ups, situps, sitandreach and standingbroadjump calculator classes.","messageBody":"- abstracted common utility functions to prevent repetition of codes.\n","fileTypesAndContributionMap":{"functional-code":{"insertions":229,"deletions":86}}},{"hash":"7d896175921be6012f13732703b71792a2f41e43","isMergeCommit":true,"messageTitle":"Merge pull request #59 from TheDinos/58-implement-junit-test-for-trainingsession","messageBody":"Add test class for TrainingSession","fileTypesAndContributionMap":{}},{"hash":"868c9f8cfbf1b4982e5423045e8b0099069a0b88","isMergeCommit":false,"messageTitle":"Feat: implement JUnits test for PullUpCalculator","messageBody":"","fileTypesAndContributionMap":{"test-code":{"insertions":109,"deletions":0}}},{"hash":"806903489670bd335e447660b497d826914b5b78","isMergeCommit":false,"messageTitle":"adhere to coding style","messageBody":"","fileTypesAndContributionMap":{"test-code":{"insertions":5,"deletions":5}}},{"hash":"0c90e3ef44659ef66ea8097021577ecda9196c85","isMergeCommit":true,"messageTitle":"Merge pull request #60 from CheeKiangg/Branch-JUnitTestsPullUpCalculator","messageBody":"Branch JUnits for PullUpCalculator","fileTypesAndContributionMap":{}}]}],"Yvorm":[{"date":"2024-10-02","commitResults":[{"hash":"1aa24a1e47054325017b5490c36a733dfe3fa71f","isMergeCommit":false,"messageTitle":"Implement \"AboutUs\" Tutorial section","messageBody":"","fileTypesAndContributionMap":{"docs":{"insertions":3,"deletions":7}}},{"hash":"b7c89e5806f90e977b9fb103a3f9472c8bfa0971","isMergeCommit":true,"messageTitle":"Merge branch \u0027master\u0027 into Avjay-AboutUs","messageBody":"","fileTypesAndContributionMap":{}},{"hash":"e5aaa00f9736e1c7b34b3084e10deb76b574e8d1","isMergeCommit":true,"messageTitle":"Merge pull request #4 from Yvorm/Avjay-AboutUs","messageBody":"[Avjay Bhar] Implement \"Avjay-AboutUs\" Tutorial section","fileTypesAndContributionMap":{}}]}]},"authorFileTypeContributionMap":{"TheDinos":{"docs":2,"functional-code":90,"test-code":68},"ayushi0803":{"docs":1,"functional-code":0,"test-code":0},"Zackermax":{"docs":6,"functional-code":504,"test-code":119,"other":1},"CheeKiangg":{"docs":2,"functional-code":582,"test-code":109},"Yvorm":{"docs":2,"functional-code":0,"test-code":0}},"authorContributionVariance":{"TheDinos":1141.0784,"ayushi0803":14.792894,"Zackermax":25817.17,"CheeKiangg":17476.639,"Yvorm":3.6982236},"authorDisplayNameMap":{"TheDinos":"CS2113-W13-2 MARC..HENG","ayushi0803":"CS2113-W13-2 AYUS..ADAV","Zackermax":"CS2113-W13-2 ZACK..FENG","CheeKiangg":"CS2113-W13-2 NG C..IANG","Yvorm":"CS2113-W13-2 BHAR..INGH"}}
