{"authorDailyContributionsMap":{"jinzihan2002":[{"date":"2024-10-02","commitResults":[{"hash":"328316e3aa075470b37335b455aea5b443d56b11","isMergeCommit":false,"messageTitle":"Update Zihan\u0027s AboutUs.md","messageBody":"","fileTypesAndContributionMap":{"docs":{"insertions":3,"deletions":7}}}]}],"TrungBui32":[{"date":"2024-10-02","commitResults":[{"hash":"b42a2d5f70ac976ed728deee5fa847c404e411e8","isMergeCommit":false,"messageTitle":"Add About Us Trung Bui","messageBody":"","fileTypesAndContributionMap":{"docs":{"insertions":5,"deletions":8}}}]}],"yeekian":[{"date":"2024-10-02","commitResults":[{"hash":"0d4eb28b732995cb86f15210f2c552dc6cbaad59","isMergeCommit":false,"messageTitle":"Update AboutUs","messageBody":"","fileTypesAndContributionMap":{"docs":{"insertions":3,"deletions":7}}},{"hash":"54ac65ef155d11a0aec10e494ab30cdd2ba32f77","isMergeCommit":true,"messageTitle":"Merge pull request #3 from yeekian/LimYeeKian-AboutUs","messageBody":"Update AboutUs","fileTypesAndContributionMap":{}}]}],"ThienDuc3112":[{"date":"2024-10-02","commitResults":[{"hash":"480a42a7e92a2bc6dd9e9c5f15a88a1887048772","isMergeCommit":false,"messageTitle":"Thien Duc about us","messageBody":"","fileTypesAndContributionMap":{"docs":{"insertions":1,"deletions":9}}},{"hash":"c8abf08bc126d67d8fbb5b04c23dff18d0d0032c","isMergeCommit":false,"messageTitle":"Fix the format","messageBody":"","fileTypesAndContributionMap":{"docs":{"insertions":4,"deletions":0}}},{"hash":"49c75a37c6ef32f76ace57e0118b65bc5bfebc2b","isMergeCommit":true,"messageTitle":"Merge branch \u0027master\u0027 into Duc-AboutUs","messageBody":"","fileTypesAndContributionMap":{}},{"hash":"aaddd682e1208ec4ab4f62e6f2a695202949239a","isMergeCommit":true,"messageTitle":"Merge pull request #1 from ThienDuc3112/Duc-AboutUs","messageBody":"Resolved\r\n","fileTypesAndContributionMap":{}},{"hash":"475548fb1757ba47e39604b16d7a3c0d17727ec4","isMergeCommit":true,"messageTitle":"Merge branch \u0027master\u0027 into Trung-AboutUs","messageBody":"","fileTypesAndContributionMap":{}},{"hash":"dfbe71a4ca2b06422896cdd7a040034f68a7640a","isMergeCommit":true,"messageTitle":"Merge pull request #4 from TrungBui32/Trung-AboutUs","messageBody":"Resolved","fileTypesAndContributionMap":{}},{"hash":"6458654c3d500a9e43befd11a14eeb2d1134ccf4","isMergeCommit":true,"messageTitle":"Merge branch \u0027master\u0027 into Zihan-AboutUs","messageBody":"","fileTypesAndContributionMap":{}},{"hash":"9f65c71a7c494d5cf6c13ca5a18be82cf90712bd","isMergeCommit":true,"messageTitle":"Merge pull request #5 from jinzihan2002/Zihan-AboutUs","messageBody":"Resovled","fileTypesAndContributionMap":{}},{"hash":"216e742f121540be495837cc918c3ff741277709","isMergeCommit":true,"messageTitle":"Merge branch \u0027master\u0027 into Ethan-AboutUs","messageBody":"","fileTypesAndContributionMap":{}},{"hash":"cbe6d206a8237702928adc5e76657a1f990f9ccc","isMergeCommit":true,"messageTitle":"Merge pull request #2 from RCPilot1604/Ethan-AboutUs","messageBody":"Resolved","fileTypesAndContributionMap":{}}]}],"RCPilot1604":[{"date":"2024-09-20","commitResults":[{"hash":"77698543fe70dd8209628c3624286e03bd6e1ef6","isMergeCommit":false,"messageTitle":"Update UserGuide.md","messageBody":"","fileTypesAndContributionMap":{"docs":{"insertions":1,"deletions":1}}}]},{"date":"2024-10-02","commitResults":[{"hash":"fc5193c4e98b6cccec82226e97f5a033c4476964","isMergeCommit":false,"messageTitle":"Update AboutUs.md","messageBody":"","fileTypesAndContributionMap":{"docs":{"insertions":4,"deletions":7}}},{"hash":"2942dca261ee83ba0ace1bb2b8342a6b39db1cce","isMergeCommit":false,"messageTitle":"Increase size of profile picture","messageBody":"","fileTypesAndContributionMap":{"docs":{"insertions":1,"deletions":1}}},{"hash":"a79b1484d28d8fb4389a7b037d96d76be2592c08","isMergeCommit":true,"messageTitle":"Merge pull request #6 from RCPilot1604/Ethan-AboutUs","messageBody":"Increase size of RCPilot1604 profile picture","fileTypesAndContributionMap":{}}]}]},"authorFileTypeContributionMap":{"jinzihan2002":{"docs":1,"functional-code":0,"test-code":0},"TrungBui32":{"docs":2,"functional-code":0,"test-code":0},"yeekian":{"docs":1,"functional-code":0,"test-code":0},"ThienDuc3112":{"docs":1,"functional-code":0,"test-code":0},"RCPilot1604":{"docs":3,"functional-code":0,"test-code":0}},"authorContributionVariance":{"jinzihan2002":7.1005917,"TrungBui32":12.0,"yeekian":7.1005917,"ThienDuc3112":13.917159,"RCPilot1604":11.976333},"authorDisplayNameMap":{"jinzihan2002":"CS2113-W13-4 JIN ..IHAN","TrungBui32":"CS2113-W13-4 BUI ..RUNG","yeekian":"CS2113-W13-4 LIM ..KIAN","ThienDuc3112":"CS2113-W13-4 NGUY.. DUC","RCPilot1604":"CS2113-W13-4 ETHA.. XIA"}}
