{"authorDailyContributionsMap":{"jinzihan2002":[{"date":"2024-10-02","commitResults":[{"hash":"328316e3aa075470b37335b455aea5b443d56b11","isMergeCommit":false,"messageTitle":"Update Zihan\u0027s AboutUs.md","messageBody":"","fileTypesAndContributionMap":{"docs":{"insertions":3,"deletions":7}}}]},{"date":"2024-10-09","commitResults":[{"hash":"ecb00b554c1c18a199d229873d87767137650d5f","isMergeCommit":false,"messageTitle":"Rename tutorlink package to follow convention","messageBody":"","fileTypesAndContributionMap":{"other":{"insertions":0,"deletions":0}}},{"hash":"9ae8b526f72767c110c2facd2fcca53ae27228b2","isMergeCommit":false,"messageTitle":"Add code for Add and Remove AssignmentCommands","messageBody":"","fileTypesAndContributionMap":{"functional-code":{"insertions":3,"deletions":8}}}]},{"date":"2024-10-10","commitResults":[{"hash":"f81ee0d924e22788a012b6205e17bcc6458d87b9","isMergeCommit":false,"messageTitle":"Add basic JUnit test for AddAssignmentCommand","messageBody":"","fileTypesAndContributionMap":{"test-code":{"insertions":23,"deletions":0}}},{"hash":"e47b556e03ad108afd7c6fd546262a9a6bda8b80","isMergeCommit":false,"messageTitle":"Rename command packages to follow convention","messageBody":"","fileTypesAndContributionMap":{"other":{"insertions":10,"deletions":10}}},{"hash":"8476a394e0cc370d24945b8cac216ceb7c2ad8cc","isMergeCommit":true,"messageTitle":"Merge pull request #18 from jinzihan2002/Zihan-9-Oct","messageBody":"Add and delete assignments using AssignmentCommand","fileTypesAndContributionMap":{}}]},{"date":"2024-10-11","commitResults":[{"hash":"f5ad16c9b7911d70887828342ea52f1f11ea8fc8","isMergeCommit":false,"messageTitle":"Attempt fix for task directory","messageBody":"","fileTypesAndContributionMap":{"test-code":{"insertions":2,"deletions":25}}},{"hash":"88faa44d7f682dc733d94074d86707c95e07c6f0","isMergeCommit":false,"messageTitle":"Add basic JUnit test for DeleteAssignmentCommand","messageBody":"","fileTypesAndContributionMap":{"test-code":{"insertions":22,"deletions":0}}},{"hash":"d298f8b5d2e4140f6f0805bbe778581a73754be8","isMergeCommit":true,"messageTitle":"Merge pull request #21 from jinzihan2002/Zihan-11-Oct","messageBody":"Add basic JUnit test for DeleteAssignmentCommand","fileTypesAndContributionMap":{}},{"hash":"d30619d4a3ecde0d858b4c6342170ca4fbb16d1a","isMergeCommit":true,"messageTitle":"Merge pull request #23 from yeekian/branch-AddStudents","messageBody":"Refactor code to pass CI","fileTypesAndContributionMap":{}},{"hash":"fca2c9de387bfb0739f93f4de6680a9f5e445ef5","isMergeCommit":false,"messageTitle":"Attempt fix for TutorLink duplicate test folder","messageBody":"","fileTypesAndContributionMap":{"test-code":{"insertions":0,"deletions":47}}},{"hash":"0def57ad96578f0ba3f8e7349659a5a916fe28ff","isMergeCommit":true,"messageTitle":"Merge branch \u0027master\u0027 of github.com:AY2425S1-CS2113-W13-4/tp","messageBody":"* \u0027master\u0027 of github.com:AY2425S1-CS2113-W13-4/tp:\n  Refactor code to pass CI\n  Add basic JUnit test for DeleteAssignmentCommand\n  Attempt fix for task directory\n\n# Conflicts:\n#\tsrc/test/java/tutorlink/command/assignmentcommand/AddAssignmentCommandTest.java\n#\tsrc/test/java/tutorlink/command/assignmentcommand/DeleteAssignmentCommandTest.java\n","fileTypesAndContributionMap":{}},{"hash":"9b65b246bc765b188aa64b8f06e5c1031f28ed41","isMergeCommit":false,"messageTitle":"Update DeleteAssignmentCommand","messageBody":"","fileTypesAndContributionMap":{"functional-code":{"insertions":7,"deletions":2},"test-code":{"insertions":1,"deletions":1}}},{"hash":"9e9b59498a1fbe892ecc6ed85825045eaef9c4e7","isMergeCommit":true,"messageTitle":"Merge pull request #24 from jinzihan2002/Zihan-11-Oct-2","messageBody":"Update DeleteAssignmentCommand","fileTypesAndContributionMap":{}}]},{"date":"2024-10-15","commitResults":[{"hash":"3fa1f8e182d55cdc6b30366c3e70e40cddb2b847","isMergeCommit":false,"messageTitle":"Add feature to delete assignments from a student\u0027s course","messageBody":"","fileTypesAndContributionMap":{"functional-code":{"insertions":91,"deletions":6}}},{"hash":"decfb3c40adcafb7dfeae86cab350a2051874eaf","isMergeCommit":true,"messageTitle":"Merge branch \u0027master\u0027 of github.com:AY2425S1-CS2113-W13-4/tp into Zihan-DeleteAssignment","messageBody":"* \u0027master\u0027 of github.com:AY2425S1-CS2113-W13-4/tp:\n  Modify formatting to comply with coding standard\n  Add logging functionality\n  Implement AddAssignmentCommand functionality\n  Refactor code to pass CI\n  Create logger\n\n# Conflicts:\n#\tsrc/main/java/tutorlink/listpackage/CourseList.java\n","fileTypesAndContributionMap":{}},{"hash":"186fcfd3ac06a4586adad6c20decbf2e7a079b60","isMergeCommit":false,"messageTitle":"Add error message constant to DeleteAssignmentCommand","messageBody":"","fileTypesAndContributionMap":{"functional-code":{"insertions":5,"deletions":6}}},{"hash":"38ae5c6c52ac4f6f63f91064ebc93ce6b6ae4faf","isMergeCommit":false,"messageTitle":"Refactor code to pass CI","messageBody":"","fileTypesAndContributionMap":{"functional-code":{"insertions":5,"deletions":5}}},{"hash":"cfff86129f0c022a09d2ecd36e760d4aad92e978","isMergeCommit":true,"messageTitle":"Merge pull request #31 from jinzihan2002/Zihan-DeleteAssignment","messageBody":"Add DeleteAssignmentCommand","fileTypesAndContributionMap":{}}]},{"date":"2024-10-16","commitResults":[{"hash":"13345040c859f4b6d5e3caddb6f867b2a50352d4","isMergeCommit":false,"messageTitle":"Enable assertions in Gradle","messageBody":"","fileTypesAndContributionMap":{"other":{"insertions":1,"deletions":0}}},{"hash":"35b67ba7d9ce476dca3d92ada5084592110e7334","isMergeCommit":false,"messageTitle":"Add assertions to DeleteAssignmentCommand execute method","messageBody":"","fileTypesAndContributionMap":{"functional-code":{"insertions":3,"deletions":0}}},{"hash":"bfb565aa920fc74d4058dec913428c63fc96e4bd","isMergeCommit":false,"messageTitle":"Add logging for extractCommandWord in Parser","messageBody":"","fileTypesAndContributionMap":{"functional-code":{"insertions":10,"deletions":4}}}]},{"date":"2024-10-19","commitResults":[{"hash":"d18dea9531966c06b20aea04f408f134d20b0d39","isMergeCommit":true,"messageTitle":"Merge pull request #38 from ThienDuc3112/Remove_Course","messageBody":"Remove all reference to course class","fileTypesAndContributionMap":{}}]},{"date":"2024-10-22","commitResults":[{"hash":"c526b96b03ac68348830389922e678bfc84e5b7a","isMergeCommit":false,"messageTitle":"Add ComponentList with find, add, delete, toString methods","messageBody":"","fileTypesAndContributionMap":{"functional-code":{"insertions":54,"deletions":0}}},{"hash":"2ea9c7f12a8547cd0889654ccf4089328107383d","isMergeCommit":false,"messageTitle":"Add exception for adding duplicate component","messageBody":"","fileTypesAndContributionMap":{"functional-code":{"insertions":26,"deletions":5}}}]},{"date":"2024-10-23","commitResults":[{"hash":"2abc60fb0e2b312c20b3eb4ac55edfa05f7a7f0e","isMergeCommit":true,"messageTitle":"Merge commit \u0027848746a59edb50d3df632cda583443c32b217266\u0027 into Zihan-ComponentList","messageBody":"* commit \u0027848746a59edb50d3df632cda583443c32b217266\u0027:\n  Add InvalidCommand\n  Add isSameSubmission()\n  Replace getGradeMatricNumber() and getGradeComponentDescription() by getStudent() and getComponent()\n  Add getGradeMatricNumber() and getGradeComponentDescription()\n  Refactor code to pass CI\n  Add null check for argumentPrefixes in getArguments method\n  Refactor getArgumentPrefixes to return null instead of empty array\n  Remove unused code in TutorLink\n  Add getArguments and getCommand methods in Parser\n  Use parser functions in TutorLink class\n  Add Grade\n  Update .gitignore to ignore log files\n","fileTypesAndContributionMap":{}},{"hash":"b853974b2dc3e2198c09a2697eaf7394aa8e72dd","isMergeCommit":true,"messageTitle":"Merge commit \u0027d827a71458c457de414f6755d8384883da534ea9\u0027 into Zihan-ComponentList","messageBody":"* commit \u0027d827a71458c457de414f6755d8384883da534ea9\u0027:\n  Rename test case\n  Update getArguments to allow multiple word arguments\n  Add test for getArguments\n  Add test for getCommand\n","fileTypesAndContributionMap":{}},{"hash":"7647477e2d89c44c191969b95b919d0891d15809","isMergeCommit":true,"messageTitle":"Merge commit \u0027f4871fd97df29327efa07d645cdd1de2fbd7d1e8\u0027 into Zihan-ComponentList","messageBody":"* commit \u0027f4871fd97df29327efa07d645cdd1de2fbd7d1e8\u0027: (22 commits)\n  Fix codestyle with variable naming in StudentList\n  Replace \"\u003d\u003d\" with .equals()\n  Fix indentation Component\n  Remove unused import in StudentList\n  Remove AttendanceList\n  Add JUnit tests\n  Fix bug in Student\n  Extract magic String in StudentList\n  Fix codestyle in GradeList\n  Add toString for Grade\n  Fix bug in Component\n  Modify FindStudentCommand\n  Make extracted magic Strings public\n  Add FindStudentCommandTest\n  Rename package\n  Remove AddDeleteStudentTest\n  Fix bug in type of gradeToCompare\n  Implement GradeList\n  Add GradeNotFoundException\n  Add DuplicateGradeException\n  ...\n","fileTypesAndContributionMap":{}},{"hash":"4e5213adf6e256e9c128477ce72b56acc5043aa0","isMergeCommit":true,"messageTitle":"Merge pull request #57 from jinzihan2002/Zihan-ComponentList","messageBody":"Add ComponentList","fileTypesAndContributionMap":{}}]}],"TrungBui32":[{"date":"2024-10-02","commitResults":[{"hash":"b42a2d5f70ac976ed728deee5fa847c404e411e8","isMergeCommit":false,"messageTitle":"Add About Us Trung Bui","messageBody":"","fileTypesAndContributionMap":{"docs":{"insertions":5,"deletions":8}}}]},{"date":"2024-10-19","commitResults":[{"hash":"2fc69869edebc2e86af8ebae92784831fb5faf81","isMergeCommit":false,"messageTitle":"Add Component","messageBody":"","fileTypesAndContributionMap":{"functional-code":{"insertions":22,"deletions":0}}},{"hash":"358113b898ab4d127f6d83b06e445492cc8922d8","isMergeCommit":false,"messageTitle":"Update Component abstract","messageBody":"","fileTypesAndContributionMap":{"functional-code":{"insertions":1,"deletions":1}}},{"hash":"dded0a858f67fcfe515619f208976a4b222e0499","isMergeCommit":false,"messageTitle":"Add class Assignment","messageBody":"","fileTypesAndContributionMap":{"functional-code":{"insertions":7,"deletions":0}}},{"hash":"6189752cdb62aaf7d7af093839ba1cb3ff424000","isMergeCommit":false,"messageTitle":"Add class Exam","messageBody":"","fileTypesAndContributionMap":{"functional-code":{"insertions":7,"deletions":0}}},{"hash":"e56db144a4fb0e94d89e9dc6e73b90de8d3bdbb3","isMergeCommit":false,"messageTitle":"Add class ClassParticipation","messageBody":"","fileTypesAndContributionMap":{"functional-code":{"insertions":7,"deletions":0}}},{"hash":"20be8d66cd82811e087719e547494d0092b1404e","isMergeCommit":false,"messageTitle":"Change class Component to abstract class in UML","messageBody":"","fileTypesAndContributionMap":{"docs":{"insertions":1,"deletions":1}}},{"hash":"53d744a16315b4c48a2b8a39a6222ae9406c49e7","isMergeCommit":false,"messageTitle":"Override equals and toString","messageBody":"","fileTypesAndContributionMap":{"functional-code":{"insertions":18,"deletions":1}}},{"hash":"f902d4cfefac90a4942cc0ecb2a5fcbdb5cefdb4","isMergeCommit":false,"messageTitle":"Override toString","messageBody":"","fileTypesAndContributionMap":{"functional-code":{"insertions":13,"deletions":0}}}]},{"date":"2024-10-20","commitResults":[{"hash":"8c4838310e9678f3dbbcd6e2ef6d92a392682d2a","isMergeCommit":false,"messageTitle":"Replace Component comp in equals with pattern variable","messageBody":"","fileTypesAndContributionMap":{"functional-code":{"insertions":1,"deletions":2}}},{"hash":"554d486e755883bae8f1b2c8ffd1976c9a5f4065","isMergeCommit":false,"messageTitle":"Fix checkstyle error","messageBody":"","fileTypesAndContributionMap":{"functional-code":{"insertions":4,"deletions":2}}}]},{"date":"2024-10-22","commitResults":[{"hash":"848d1c3532c71105266f3dba92f5f5005493b46a","isMergeCommit":false,"messageTitle":"Add Grade","messageBody":"","fileTypesAndContributionMap":{"functional-code":{"insertions":26,"deletions":0}}},{"hash":"eb75a7c4a6ed5ba366c8320af1ef5aa3d1ae9a69","isMergeCommit":false,"messageTitle":"Add getGradeMatricNumber() and getGradeComponentDescription()","messageBody":"","fileTypesAndContributionMap":{"functional-code":{"insertions":8,"deletions":0}}},{"hash":"225bd57b8b00baa2d5efb0df46d200bc3eefba81","isMergeCommit":false,"messageTitle":"Replace getGradeMatricNumber() and getGradeComponentDescription() by getStudent() and getComponent()","messageBody":"","fileTypesAndContributionMap":{"functional-code":{"insertions":4,"deletions":4}}},{"hash":"ee96dd84201dc3d9ee537f87aa362d9418297d05","isMergeCommit":false,"messageTitle":"Add isSameSubmission()","messageBody":"","fileTypesAndContributionMap":{"functional-code":{"insertions":9,"deletions":1}}}]}],"yeekian":[{"date":"2024-10-02","commitResults":[{"hash":"0d4eb28b732995cb86f15210f2c552dc6cbaad59","isMergeCommit":false,"messageTitle":"Update AboutUs","messageBody":"","fileTypesAndContributionMap":{"docs":{"insertions":3,"deletions":7}}},{"hash":"54ac65ef155d11a0aec10e494ab30cdd2ba32f77","isMergeCommit":true,"messageTitle":"Merge pull request #3 from yeekian/LimYeeKian-AboutUs","messageBody":"Update AboutUs","fileTypesAndContributionMap":{}}]},{"date":"2024-10-09","commitResults":[{"hash":"de22379022060f66f6c11bd63d145548423ee73e","isMergeCommit":false,"messageTitle":"Create StudentList and Student class","messageBody":"","fileTypesAndContributionMap":{"functional-code":{"insertions":45,"deletions":0}}},{"hash":"da1eb6acc7052dae6a113e576e2b1e4c3eb14df9","isMergeCommit":true,"messageTitle":"Merge branch \u0027branch-AddStudents\u0027","messageBody":"","fileTypesAndContributionMap":{}}]},{"date":"2024-10-10","commitResults":[{"hash":"1eb849c744aa47fd8421378424a6a5b6705403b5","isMergeCommit":true,"messageTitle":"Merge branch \u0027master\u0027 of https://github.com/AY2425S1-CS2113-W13-4/tp","messageBody":"","fileTypesAndContributionMap":{}},{"hash":"459aaab18b3bc5b296e351b3aa196df305b36b12","isMergeCommit":true,"messageTitle":"Merge branch \u0027master\u0027 of https://github.com/yeekian/tp into branch-AddStudents","messageBody":"","fileTypesAndContributionMap":{}},{"hash":"9e58b0a96bd295a560d99fed96222abb1c3d7b1e","isMergeCommit":false,"messageTitle":"Refactor list classes to extend List class","messageBody":"","fileTypesAndContributionMap":{"functional-code":{"insertions":66,"deletions":42},"test-code":{"insertions":42,"deletions":1}}},{"hash":"591814ef508f66569efa46f022c207c65ea7a668","isMergeCommit":false,"messageTitle":"Add AddStudentCommand and DeleteStudentCommand","messageBody":"","fileTypesAndContributionMap":{"functional-code":{"insertions":89,"deletions":12}}},{"hash":"95d526b7f7749d27220303b3616b23b4d9b2e1be","isMergeCommit":false,"messageTitle":"Revert \"Refactor list classes to extend List class\"","messageBody":"This reverts commit 9e58b0a96bd295a560d99fed96222abb1c3d7b1e.\n","fileTypesAndContributionMap":{"functional-code":{"insertions":42,"deletions":66},"test-code":{"insertions":1,"deletions":42}}},{"hash":"972eb98d09551391cc4375bf8f363ee6a8fd1448","isMergeCommit":false,"messageTitle":"Reapply \"Refactor list classes to extend List class\"","messageBody":"This reverts commit 95d526b7f7749d27220303b3616b23b4d9b2e1be.\n","fileTypesAndContributionMap":{"functional-code":{"insertions":66,"deletions":42},"test-code":{"insertions":42,"deletions":1}}}]},{"date":"2024-10-11","commitResults":[{"hash":"00ca053b742458e243ae13b981d0427155e59398","isMergeCommit":false,"messageTitle":"Refactor code to pass CI","messageBody":"","fileTypesAndContributionMap":{"functional-code":{"insertions":78,"deletions":78},"other":{"insertions":60,"deletions":75}}},{"hash":"3131b0baba6ebaee292bf819bcf97e3e873e8c2a","isMergeCommit":false,"messageTitle":"Refactor code to pass CI","messageBody":"","fileTypesAndContributionMap":{"functional-code":{"insertions":57,"deletions":61},"test-code":{"insertions":8,"deletions":7}}},{"hash":"62632b6624f2139c37b6f876b500fd50be8a7d9e","isMergeCommit":false,"messageTitle":"Add getAssignmentArrayList","messageBody":"","fileTypesAndContributionMap":{"functional-code":{"insertions":4,"deletions":0}}},{"hash":"9269c99e0899dee320c293f4e087dfd38ca2ed29","isMergeCommit":false,"messageTitle":"Refactor tests to pass CI","messageBody":"","fileTypesAndContributionMap":{"test-code":{"insertions":9,"deletions":12}}},{"hash":"ff8bf87355e93562d32b70d426322a0b4e48893d","isMergeCommit":false,"messageTitle":"Merge branch \u0027master\u0027 of https://github.com/AY2425S1-CS2113-W13-4/tp into branch-AddStudents","messageBody":"# Conflicts:\n#\tsrc/main/java/TutorLink.java\n#\tsrc/main/java/TutorLink/TutorLink.java\n#\tsrc/main/java/TutorLink/assignment/Assignment.java\n#\tsrc/main/java/TutorLink/attendance/Attendance.java\n#\tsrc/main/java/TutorLink/command/Command.java\n#\tsrc/main/java/TutorLink/command/assignment_command/AddAssignmentCommand.java\n#\tsrc/main/java/TutorLink/command/assignment_command/AssignmentCommand.java\n#\tsrc/main/java/TutorLink/command/attendance_command/AttendanceCommand.java\n#\tsrc/main/java/TutorLink/command/attendance_command/DeleteAttendanceCommand.java\n#\tsrc/main/java/TutorLink/course/Course.java\n#\tsrc/main/java/TutorLink/course/LetterGrade.java\n#\tsrc/main/java/TutorLink/list/AssignmentList.java\n#\tsrc/main/java/TutorLink/list/AttendanceList.java\n#\tsrc/main/java/TutorLink/list/CourseList.java\n#\tsrc/main/java/tutorlink/TutorLink.java\n#\tsrc/main/java/tutorlink/assignment/Assignment.java\n#\tsrc/main/java/tutorlink/assignmentpackage/Assignment.java\n#\tsrc/main/java/tutorlink/attendance/Attendance.java\n#\tsrc/main/java/tutorlink/attendancepackage/Attendance.java\n#\tsrc/main/java/tutorlink/command/Command.java\n#\tsrc/main/java/tutorlink/command/assignmentcommand/AddAssignmentCommand.java\n#\tsrc/main/java/tutorlink/command/assignmentcommand/AssignmentCommand.java\n#\tsrc/main/java/tutorlink/command/assignmentcommand/DeleteAssignmentCommand.java\n#\tsrc/main/java/tutorlink/command/attendancecommand/AddAttendanceCommand.java\n#\tsrc/main/java/tutorlink/command/attendancecommand/AttendanceCommand.java\n#\tsrc/main/java/tutorlink/command/attendancecommand/DeleteAttendanceCommand.java\n#\tsrc/main/java/tutorlink/command/studentcommand/DeleteStudentCommand.java\n#\tsrc/main/java/tutorlink/command/studentcommand/StudentCommand.java\n#\tsrc/main/java/tutorlink/command/studentcommand/addStudentCommand.java\n#\tsrc/main/java/tutorlink/commandpackage/Command.java\n#\tsrc/main/java/tutorlink/commandpackage/assignmentcommand/AddAssignmentCommand.java\n#\tsrc/main/java/tutorlink/commandpackage/assignmentcommand/AssignmentCommand.java\n#\tsrc/main/java/tutorlink/commandpackage/attendancecommand/AttendanceCommand.java\n#\tsrc/main/java/tutorlink/commandpackage/attendancecommand/DeleteAttendanceCommand.java\n#\tsrc/main/java/tutorlink/course/Course.java\n#\tsrc/main/java/tutorlink/course/LetterGrade.java\n#\tsrc/main/java/tutorlink/coursepackage/Course.java\n#\tsrc/main/java/tutorlink/coursepackage/LetterGrade.java\n#\tsrc/main/java/tutorlink/list/AssignmentList.java\n#\tsrc/main/java/tutorlink/list/AttendanceList.java\n#\tsrc/main/java/tutorlink/list/CourseList.java\n#\tsrc/main/java/tutorlink/list/StudentList.java\n#\tsrc/main/java/tutorlink/listpackage/AssignmentList.java\n#\tsrc/main/java/tutorlink/listpackage/AttendanceList.java\n#\tsrc/main/java/tutorlink/listpackage/CourseList.java\n#\tsrc/main/java/tutorlink/parser/Parser.java\n#\tsrc/main/java/tutorlink/student/Student.java\n#\tsrc/test/java/TutorLink/list/AssignmentListTest.java\n#\tsrc/test/java/TutorLink/list/AttendanceListTest.java\n#\tsrc/test/java/TutorLink/list/CourseListTest.java\n#\tsrc/test/java/listpackage/AssignmentListTest.java\n#\tsrc/test/java/listpackage/AttendanceListTest.java\n#\tsrc/test/java/listpackage/CourseListTest.java\n#\tsrc/test/java/tutorlink/list/AssignmentListTest.java\n#\tsrc/test/java/tutorlink/list/AttendanceListTest.java\n#\tsrc/test/java/tutorlink/list/CourseListTest.java\n#\tsrc/test/java/tutorlink/list/StudentListTest.java\n","fileTypesAndContributionMap":{"functional-code":{"insertions":7,"deletions":2},"test-code":{"insertions":24,"deletions":0}}},{"hash":"48963ac396637941efa8d067102a9990e4908b53","isMergeCommit":true,"messageTitle":"Merge pull request #19 from yeekian/branch-AddStudents","messageBody":"Add AddStudentCommand and DeleteStudentCommand","fileTypesAndContributionMap":{}},{"hash":"c7a6e3f181f3b812afd39f45467122eb20e96716","isMergeCommit":true,"messageTitle":"Merge branch \u0027master\u0027 of https://github.com/AY2425S1-CS2113-W13-4/tp","messageBody":"","fileTypesAndContributionMap":{}},{"hash":"253a87f18e6c46160dfb62551bfa8ad3779e66f8","isMergeCommit":true,"messageTitle":"Merge branch \u0027master\u0027 of https://github.com/yeekian/tp into branch-AddStudents","messageBody":"","fileTypesAndContributionMap":{}},{"hash":"5966e15314c52063d0d72533a563d2ef42ee39fc","isMergeCommit":false,"messageTitle":"Refactor code to pass CI","messageBody":"","fileTypesAndContributionMap":{"functional-code":{"insertions":1,"deletions":432},"other":{"insertions":4,"deletions":6},"test-code":{"insertions":9,"deletions":82}}},{"hash":"fc73a27e69f5ecad55eb8002e67cf24834d295c8","isMergeCommit":true,"messageTitle":"Merge branch \u0027master\u0027 of https://github.com/AY2425S1-CS2113-W13-4/tp into branch-AddStudents","messageBody":"# Conflicts:\n#\tsrc/test/java/tutorlink/command/assignmentcommand/AddAssignmentCommandTest.java\n","fileTypesAndContributionMap":{}},{"hash":"51ff36b3941431e94922a7f5d42e5da30f0b82ac","isMergeCommit":false,"messageTitle":"Refactor code","messageBody":"","fileTypesAndContributionMap":{"test-code":{"insertions":0,"deletions":47}}},{"hash":"2f81ec2d466cf555efaa4bed159bd56382450b90","isMergeCommit":true,"messageTitle":"Merge branch \u0027master\u0027 of https://github.com/AY2425S1-CS2113-W13-4/tp","messageBody":"# Conflicts:\n#\tsrc/test/java/tutorlink/command/assignmentcommand/AddAssignmentCommandTest.java\n#\tsrc/test/java/tutorlink/command/assignmentcommand/DeleteAssignmentCommandTest.java\n","fileTypesAndContributionMap":{}}]},{"date":"2024-10-15","commitResults":[{"hash":"284f1be52bf4a543a76d1ff5a97851ec83a51241","isMergeCommit":true,"messageTitle":"Merge branch \u0027master\u0027 of https://github.com/AY2425S1-CS2113-W13-4/tp","messageBody":"","fileTypesAndContributionMap":{}},{"hash":"d9c5d12043cef18326464852434f50afaba903fa","isMergeCommit":true,"messageTitle":"Merge branch \u0027master\u0027 of https://github.com/yeekian/tp into branch-AddStudents","messageBody":"","fileTypesAndContributionMap":{}},{"hash":"0a15ae783c671d3c4179d628eb7544b532edbd37","isMergeCommit":false,"messageTitle":"Add getLetterGrade() in Course class","messageBody":"","fileTypesAndContributionMap":{"functional-code":{"insertions":90,"deletions":0},"test-code":{"insertions":63,"deletions":0}}},{"hash":"3ad1d49f918faeb08a5b94261652252626e73f23","isMergeCommit":false,"messageTitle":"Refactor code to pass CI","messageBody":"","fileTypesAndContributionMap":{"other":{"insertions":0,"deletions":0}}},{"hash":"931d28fa43008f1fb0585f5e0d29057602bd9652","isMergeCommit":false,"messageTitle":"Add GetCourseGradeStudentCommand()","messageBody":"","fileTypesAndContributionMap":{"functional-code":{"insertions":93,"deletions":9},"other":{"insertions":1,"deletions":1},"test-code":{"insertions":5,"deletions":5}}},{"hash":"4a058933f9fd5f2bb2b069db395bf76a1afef989","isMergeCommit":true,"messageTitle":"Merge pull request #27 from RCPilot1604/branch-deleteCourseCommand-15-Oct","messageBody":"Merge branch delete course command 15 oct into master","fileTypesAndContributionMap":{}},{"hash":"bc08779f40ef0e31f937286aac953722d0947efc","isMergeCommit":true,"messageTitle":"Merge branch \u0027master\u0027 of https://github.com/AY2425S1-CS2113-W13-4/tp","messageBody":"","fileTypesAndContributionMap":{}},{"hash":"533f95861216b8ba1649e8790d8d5d1b73d6040c","isMergeCommit":false,"messageTitle":"Create logger","messageBody":"","fileTypesAndContributionMap":{"functional-code":{"insertions":28,"deletions":0}}},{"hash":"21ebd8a7d686899e9de454bd0ed39c339bfca9ce","isMergeCommit":false,"messageTitle":"Refactor code to pass CI","messageBody":"","fileTypesAndContributionMap":{"functional-code":{"insertions":5,"deletions":2}}},{"hash":"769acc8f0fc4ec2d71fb0e804f3c3f8e0489266a","isMergeCommit":true,"messageTitle":"Merge pull request #29 from yeekian/branch-Logger","messageBody":"Setup logger ","fileTypesAndContributionMap":{}},{"hash":"1e3f282f34d233dead90a72226419cec99a6a04f","isMergeCommit":true,"messageTitle":"Merge branch \u0027master\u0027 of https://github.com/AY2425S1-CS2113-W13-4/tp","messageBody":"","fileTypesAndContributionMap":{}},{"hash":"cd16cd4e86530e426febb2b9094ea669274a4144","isMergeCommit":true,"messageTitle":"Merge branch \u0027master\u0027 of https://github.com/AY2425S1-CS2113-W13-4/tp","messageBody":"","fileTypesAndContributionMap":{}},{"hash":"58d6e7b297c3ae29090602be7b88f2d1f4a24c7c","isMergeCommit":true,"messageTitle":"Merge branch \u0027master\u0027 of https://github.com/AY2425S1-CS2113-W13-4/tp","messageBody":"# Conflicts:\n#\t.gitignore\n","fileTypesAndContributionMap":{}},{"hash":"c376987a1d34aa4e7eb40fa54cf95f6def377898","isMergeCommit":true,"messageTitle":"Merge pull request #33 from RCPilot1604/branch-bugfix-15-Oct","messageBody":"Merge Branch bugfix 15 oct to Master","fileTypesAndContributionMap":{}}]},{"date":"2024-10-22","commitResults":[{"hash":"75315cde75f9d20a5c034ca748e1b64254a589c1","isMergeCommit":true,"messageTitle":"Merge pull request #51 from ThienDuc3112/UiClass","messageBody":"Combine Console and Ui","fileTypesAndContributionMap":{}},{"hash":"3f772028fb7fe0ca421a92561ac9273940ce7509","isMergeCommit":true,"messageTitle":"Merge branch \u0027master\u0027 of https://github.com/AY2425S1-CS2113-W13-4/tp","messageBody":"","fileTypesAndContributionMap":{}},{"hash":"323ee218eb17151405d7a3c6738a2ac508b6e09c","isMergeCommit":false,"messageTitle":"Use parser functions in TutorLink class","messageBody":"","fileTypesAndContributionMap":{"functional-code":{"insertions":4,"deletions":4}}},{"hash":"345a9f26cb810db0e8ed96d7d2cfba1887bd62e4","isMergeCommit":false,"messageTitle":"Add getArguments and getCommand methods in Parser","messageBody":"","fileTypesAndContributionMap":{"functional-code":{"insertions":58,"deletions":8}}},{"hash":"bc4355490c40924c8642307e107a9a2411d49c05","isMergeCommit":false,"messageTitle":"Remove unused code in TutorLink","messageBody":"","fileTypesAndContributionMap":{"functional-code":{"insertions":0,"deletions":3}}},{"hash":"15a843bbd599c299da8a4be3d2ef8e832d25f078","isMergeCommit":false,"messageTitle":"Refactor getArgumentPrefixes to return null instead of empty array","messageBody":"","fileTypesAndContributionMap":{"functional-code":{"insertions":2,"deletions":2}}},{"hash":"909dca4056ba35c370de45808e691fb457eafd09","isMergeCommit":false,"messageTitle":"Add null check for argumentPrefixes in getArguments method","messageBody":"","fileTypesAndContributionMap":{"functional-code":{"insertions":4,"deletions":0}}},{"hash":"f4fb22c128c1e13746235edd951165166d94f03b","isMergeCommit":false,"messageTitle":"Refactor code to pass CI","messageBody":"","fileTypesAndContributionMap":{"functional-code":{"insertions":8,"deletions":4}}}]},{"date":"2024-10-23","commitResults":[{"hash":"4deefbe0389d811a9ebbd758e07ec30c179b7e86","isMergeCommit":false,"messageTitle":"Add InvalidCommand","messageBody":"","fileTypesAndContributionMap":{"functional-code":{"insertions":32,"deletions":2}}},{"hash":"3144452119ae4f4179fbbd509b3fe927dfc6dc7d","isMergeCommit":true,"messageTitle":"Merge pull request #58 from yeekian/branch-Parser","messageBody":"Implement parser","fileTypesAndContributionMap":{}},{"hash":"c9b12b666a2caafed207d7c94eec6b4fc258d95a","isMergeCommit":true,"messageTitle":"Merge branch \u0027master\u0027 of https://github.com/AY2425S1-CS2113-W13-4/tp","messageBody":"","fileTypesAndContributionMap":{}},{"hash":"92e44fb767b0dd2f6a232e04b8b463f2afc85065","isMergeCommit":false,"messageTitle":"Add test for getCommand","messageBody":"","fileTypesAndContributionMap":{"test-code":{"insertions":84,"deletions":0}}},{"hash":"c8de864a36c3bee9a458991d9964f7beb7df8929","isMergeCommit":true,"messageTitle":"Merge branch \u0027master\u0027 of https://github.com/yeekian/tp into branch-Parser","messageBody":"","fileTypesAndContributionMap":{}},{"hash":"2467e0ba27f78522178446bc213e9f0880ad3b5d","isMergeCommit":false,"messageTitle":"Add test for getArguments","messageBody":"","fileTypesAndContributionMap":{"test-code":{"insertions":50,"deletions":18}}},{"hash":"b12535259e8bac9a4647682d64001860e097ab51","isMergeCommit":false,"messageTitle":"Update getArguments to allow multiple word arguments","messageBody":"","fileTypesAndContributionMap":{"functional-code":{"insertions":5,"deletions":4},"test-code":{"insertions":49,"deletions":7}}},{"hash":"6df8ad4f39667dad6acc71cc639fb9a91e391b1f","isMergeCommit":false,"messageTitle":"Rename test case","messageBody":"","fileTypesAndContributionMap":{"test-code":{"insertions":1,"deletions":1}}},{"hash":"d827a71458c457de414f6755d8384883da534ea9","isMergeCommit":true,"messageTitle":"Merge pull request #60 from yeekian/branch-Parser","messageBody":"Add JUnit tests for Parser","fileTypesAndContributionMap":{}},{"hash":"0178a1f4a926c581e8ad4fc15fbfcd3ed0deaa0f","isMergeCommit":true,"messageTitle":"Merge branch \u0027master\u0027 of https://github.com/AY2425S1-CS2113-W13-4/tp","messageBody":"","fileTypesAndContributionMap":{}},{"hash":"9be6a690cb5c115131d88a96e54cfa4d120c9436","isMergeCommit":false,"messageTitle":"Align student list entries","messageBody":"","fileTypesAndContributionMap":{"functional-code":{"insertions":2,"deletions":2}}},{"hash":"5a601a6b13d552c1798d26a76c1b97d0a9237089","isMergeCommit":true,"messageTitle":"Merge branch \u0027master\u0027 of https://github.com/AY2425S1-CS2113-W13-4/tp","messageBody":"","fileTypesAndContributionMap":{}},{"hash":"482609894a8921a4c88e297d8e328e1210354929","isMergeCommit":true,"messageTitle":"Merge branch \u0027master\u0027 of https://github.com/yeekian/tp into branch-refactor","messageBody":"# Conflicts:\n#\tsrc/main/java/tutorlink/lists/StudentList.java\n","fileTypesAndContributionMap":{}},{"hash":"65d877ea81c7ea088fc5caea81fea5a186bf903f","isMergeCommit":false,"messageTitle":"Refactor DUPLICATE_MATRIC_NUMBER_ON_ADD to display matric number","messageBody":"","fileTypesAndContributionMap":{"functional-code":{"insertions":4,"deletions":2}}},{"hash":"a696b110df3ed0813c1a0c59a36204d80557b7b3","isMergeCommit":false,"messageTitle":"Change InvalidCommand message to follow message style","messageBody":"","fileTypesAndContributionMap":{"functional-code":{"insertions":1,"deletions":1}}},{"hash":"86e5768203c8322198050479deefcbfa62b4bedc","isMergeCommit":false,"messageTitle":"Refactor code to pass CI","messageBody":"","fileTypesAndContributionMap":{"functional-code":{"insertions":4,"deletions":4}}},{"hash":"890dd0d5b31dbb57e84492a5d5e65fb23099e66f","isMergeCommit":false,"messageTitle":"Update test cases","messageBody":"","fileTypesAndContributionMap":{"test-code":{"insertions":3,"deletions":3}}}]},{"date":"2024-10-24","commitResults":[{"hash":"4691f337960f01cf9c6c20ca9dad6f4949c7c596","isMergeCommit":true,"messageTitle":"Merge pull request #62 from yeekian/branch-refactor","messageBody":"General Refactoring","fileTypesAndContributionMap":{}}]}],"ThienDuc3112":[{"date":"2024-10-02","commitResults":[{"hash":"480a42a7e92a2bc6dd9e9c5f15a88a1887048772","isMergeCommit":false,"messageTitle":"Thien Duc about us","messageBody":"","fileTypesAndContributionMap":{"docs":{"insertions":1,"deletions":9}}},{"hash":"c8abf08bc126d67d8fbb5b04c23dff18d0d0032c","isMergeCommit":false,"messageTitle":"Fix the format","messageBody":"","fileTypesAndContributionMap":{"docs":{"insertions":4,"deletions":0}}},{"hash":"49c75a37c6ef32f76ace57e0118b65bc5bfebc2b","isMergeCommit":true,"messageTitle":"Merge branch \u0027master\u0027 into Duc-AboutUs","messageBody":"","fileTypesAndContributionMap":{}},{"hash":"aaddd682e1208ec4ab4f62e6f2a695202949239a","isMergeCommit":true,"messageTitle":"Merge pull request #1 from ThienDuc3112/Duc-AboutUs","messageBody":"Resolved\r\n","fileTypesAndContributionMap":{}},{"hash":"475548fb1757ba47e39604b16d7a3c0d17727ec4","isMergeCommit":true,"messageTitle":"Merge branch \u0027master\u0027 into Trung-AboutUs","messageBody":"","fileTypesAndContributionMap":{}},{"hash":"dfbe71a4ca2b06422896cdd7a040034f68a7640a","isMergeCommit":true,"messageTitle":"Merge pull request #4 from TrungBui32/Trung-AboutUs","messageBody":"Resolved","fileTypesAndContributionMap":{}},{"hash":"6458654c3d500a9e43befd11a14eeb2d1134ccf4","isMergeCommit":true,"messageTitle":"Merge branch \u0027master\u0027 into Zihan-AboutUs","messageBody":"","fileTypesAndContributionMap":{}},{"hash":"9f65c71a7c494d5cf6c13ca5a18be82cf90712bd","isMergeCommit":true,"messageTitle":"Merge pull request #5 from jinzihan2002/Zihan-AboutUs","messageBody":"Resovled","fileTypesAndContributionMap":{}},{"hash":"216e742f121540be495837cc918c3ff741277709","isMergeCommit":true,"messageTitle":"Merge branch \u0027master\u0027 into Ethan-AboutUs","messageBody":"","fileTypesAndContributionMap":{}},{"hash":"cbe6d206a8237702928adc5e76657a1f990f9ccc","isMergeCommit":true,"messageTitle":"Merge pull request #2 from RCPilot1604/Ethan-AboutUs","messageBody":"Resolved","fileTypesAndContributionMap":{}}]},{"date":"2024-10-17","commitResults":[{"hash":"4fe459132abe6833c3eaf386ca31122d7faadf1e","isMergeCommit":false,"messageTitle":"Remove all reference to course class","messageBody":"","fileTypesAndContributionMap":{"functional-code":{"insertions":163,"deletions":495},"test-code":{"insertions":0,"deletions":63}}},{"hash":"140fe1141e2c77f03211cc212f9ba2dc6404d555","isMergeCommit":false,"messageTitle":"Fix code style","messageBody":"","fileTypesAndContributionMap":{"functional-code":{"insertions":45,"deletions":43}}}]},{"date":"2024-10-19","commitResults":[{"hash":"2224405b31f53da08aa30715808cabc464724ec4","isMergeCommit":true,"messageTitle":"Merge branch \u0027master\u0027 into Remove_Course","messageBody":"","fileTypesAndContributionMap":{}},{"hash":"b90300bf927676006035db079b6f0982f69d4ce6","isMergeCommit":false,"messageTitle":"Fix code style","messageBody":"","fileTypesAndContributionMap":{"functional-code":{"insertions":0,"deletions":1}}},{"hash":"8cfeeda42f1e77b2f2d48e4a35969dd323c7dbb2","isMergeCommit":false,"messageTitle":"Combine Console and Ui, remove broken tests, typo","messageBody":"","fileTypesAndContributionMap":{"functional-code":{"insertions":48,"deletions":47},"docs":{"insertions":118,"deletions":0},"test-code":{"insertions":0,"deletions":202}}},{"hash":"66a7ec7301c4b3f4ea3ccbc1f159f32854e84b46","isMergeCommit":false,"messageTitle":"Temporarily disabled test","messageBody":"","fileTypesAndContributionMap":{"other":{"insertions":42,"deletions":42}}}]},{"date":"2024-10-20","commitResults":[{"hash":"c657dd943ff5d137fb5b4766b4824018c7cdf541","isMergeCommit":true,"messageTitle":"Merge pull request #49 from TrungBui32/Component","messageBody":"","fileTypesAndContributionMap":{}},{"hash":"738bf83e22b2ea9fc67126cd8db97d7d323679b3","isMergeCommit":true,"messageTitle":"Merge branch \u0027master\u0027 into UiClass","messageBody":"","fileTypesAndContributionMap":{}},{"hash":"74c32ac603ed164851f7553a1f39919b75690919","isMergeCommit":false,"messageTitle":"Added temporary test, minor fix to UML and other","messageBody":"","fileTypesAndContributionMap":{"functional-code":{"insertions":1,"deletions":1},"other":{"insertions":42,"deletions":42},"docs":{"insertions":26,"deletions":22}}},{"hash":"143e1a7799471d2ef1c1e44069bc7c3c6254d1ab","isMergeCommit":false,"messageTitle":"Fix the overall ui test","messageBody":"","fileTypesAndContributionMap":{"other":{"insertions":2,"deletions":2}}}]},{"date":"2024-10-21","commitResults":[{"hash":"cf4f23793e51a124acaf4069cc9bb648a84316a6","isMergeCommit":true,"messageTitle":"Merge branch \u0027master\u0027 into UiClass","messageBody":"","fileTypesAndContributionMap":{}},{"hash":"7b242d77f77c374058eba444828eacb4d374cfb2","isMergeCommit":false,"messageTitle":"Remane all package to remove \"package\" subfix","messageBody":"","fileTypesAndContributionMap":{"functional-code":{"insertions":8,"deletions":7},"other":{"insertions":73,"deletions":68},"test-code":{"insertions":5,"deletions":5}}}]},{"date":"2024-10-22","commitResults":[{"hash":"329cc0eace896044245743aed7e1092c516f55da","isMergeCommit":false,"messageTitle":"Codestyle check","messageBody":"","fileTypesAndContributionMap":{"functional-code":{"insertions":19,"deletions":13}}},{"hash":"5891ea94a8725c8c8390f7cfbf2cb84cf9a902ae","isMergeCommit":false,"messageTitle":"Edit command, UML and stulist auto cap matricNum","messageBody":"","fileTypesAndContributionMap":{"functional-code":{"insertions":55,"deletions":14},"docs":{"insertions":3,"deletions":120}}},{"hash":"33a1cfb3dc35079728a41a68a2873733d8d7ec60","isMergeCommit":false,"messageTitle":"Command change only argPrefixes need a get method","messageBody":"","fileTypesAndContributionMap":{"functional-code":{"insertions":51,"deletions":40},"docs":{"insertions":2,"deletions":10}}},{"hash":"19c987cd4dcaea271caca888341070803365bb94","isMergeCommit":false,"messageTitle":"Delete v1 assignment and list, pass the ui test","messageBody":"","fileTypesAndContributionMap":{"functional-code":{"insertions":24,"deletions":150},"other":{"insertions":2,"deletions":2}}},{"hash":"e433370059e8aa4e0365466547cf794b5f5dc5c2","isMergeCommit":false,"messageTitle":"Codestyle again","messageBody":"","fileTypesAndContributionMap":{"functional-code":{"insertions":4,"deletions":3}}},{"hash":"69a24865303ef5fcfad01dc65bf16873f67ba0ca","isMergeCommit":false,"messageTitle":"Make the ui text actually pass this time","messageBody":"","fileTypesAndContributionMap":{"functional-code":{"insertions":8,"deletions":4}}},{"hash":"a2fff8ed808b2aea0b81a5b6ede50ad0dfc12b79","isMergeCommit":false,"messageTitle":"Very minor change to pass the test","messageBody":"","fileTypesAndContributionMap":{"functional-code":{"insertions":2,"deletions":2}}}]}],"RCPilot1604":[{"date":"2024-09-20","commitResults":[{"hash":"77698543fe70dd8209628c3624286e03bd6e1ef6","isMergeCommit":false,"messageTitle":"Update UserGuide.md","messageBody":"","fileTypesAndContributionMap":{"docs":{"insertions":1,"deletions":1}}}]},{"date":"2024-10-02","commitResults":[{"hash":"fc5193c4e98b6cccec82226e97f5a033c4476964","isMergeCommit":false,"messageTitle":"Update AboutUs.md","messageBody":"","fileTypesAndContributionMap":{"docs":{"insertions":4,"deletions":7}}},{"hash":"2942dca261ee83ba0ace1bb2b8342a6b39db1cce","isMergeCommit":false,"messageTitle":"Increase size of profile picture","messageBody":"","fileTypesAndContributionMap":{"docs":{"insertions":1,"deletions":1}}},{"hash":"a79b1484d28d8fb4389a7b037d96d76be2592c08","isMergeCommit":true,"messageTitle":"Merge pull request #6 from RCPilot1604/Ethan-AboutUs","messageBody":"Increase size of RCPilot1604 profile picture","fileTypesAndContributionMap":{}}]},{"date":"2024-10-08","commitResults":[{"hash":"0fbbb1ff6cfa277356acdb1815f857009f510d0c","isMergeCommit":false,"messageTitle":"Add TutorLink packages","messageBody":"","fileTypesAndContributionMap":{"other":{"insertions":1,"deletions":1}}},{"hash":"f77232611bb522f8c7f99faf9b06698ae8e45803","isMergeCommit":false,"messageTitle":"Modify TutorLink main class","messageBody":"","fileTypesAndContributionMap":{"functional-code":{"insertions":10,"deletions":6},"test-code":{"insertions":1,"deletions":1}}},{"hash":"e0d22bc0c50097d2b931f6ac45804f08488f8c43","isMergeCommit":false,"messageTitle":"Add Command and Parser helper classes","messageBody":"","fileTypesAndContributionMap":{"functional-code":{"insertions":8,"deletions":0}}}]},{"date":"2024-10-09","commitResults":[{"hash":"a575e1d9a3c1a63de9bf7764059361732240f061","isMergeCommit":false,"messageTitle":"Modify test files","messageBody":"","fileTypesAndContributionMap":{"other":{"insertions":1,"deletions":1}}},{"hash":"af24bd2bbeb9982b74e8b1759d836f60057f81fb","isMergeCommit":false,"messageTitle":"Add Command.java","messageBody":"","fileTypesAndContributionMap":{"functional-code":{"insertions":18,"deletions":1}}},{"hash":"401797b431dca1a26de2863bf44e9d1790bd5e99","isMergeCommit":false,"messageTitle":"Add Assignment class","messageBody":"","fileTypesAndContributionMap":{"functional-code":{"insertions":19,"deletions":0}}},{"hash":"ef712797f4f9ec86052e4dadaac469209fd9002f","isMergeCommit":false,"messageTitle":"Add Attendance class","messageBody":"","fileTypesAndContributionMap":{"functional-code":{"insertions":23,"deletions":0}}},{"hash":"1c4634f8f6e5267c019bfd093d2a42e498d3d79c","isMergeCommit":false,"messageTitle":"Add AssignmentCommand classes","messageBody":"","fileTypesAndContributionMap":{"functional-code":{"insertions":56,"deletions":0}}},{"hash":"4270e5c7a3471d77c2f8550633738e875b743ee6","isMergeCommit":false,"messageTitle":"Add AttendanceCommand classes","messageBody":"","fileTypesAndContributionMap":{"functional-code":{"insertions":53,"deletions":0}}},{"hash":"7fe580a9962726a714e2c38362d6e01069765785","isMergeCommit":false,"messageTitle":"Add StudentCommand classes","messageBody":"","fileTypesAndContributionMap":{"functional-code":{"insertions":49,"deletions":0}}},{"hash":"9351e993d25e51fe9dd20b095eeb745d55265f60","isMergeCommit":false,"messageTitle":"Add Student class","messageBody":"","fileTypesAndContributionMap":{"functional-code":{"insertions":19,"deletions":0}}},{"hash":"45dd0bd6dea4f7a69d70405a20e868c7d4696459","isMergeCommit":true,"messageTitle":"Merge pull request #15 from yeekian/master","messageBody":"Add and Delete Students from StudentList","fileTypesAndContributionMap":{}},{"hash":"9d9af490a669fa3783efa03ef8bc444f00cab245","isMergeCommit":true,"messageTitle":"Merge branch \u0027master\u0027 into branch-Ethan-8-Oct","messageBody":"","fileTypesAndContributionMap":{}},{"hash":"ab67b04e8b0fef824a85f21368ad7d0728e60b38","isMergeCommit":false,"messageTitle":"Modify build.gradle","messageBody":"","fileTypesAndContributionMap":{"other":{"insertions":1,"deletions":1}}},{"hash":"ac2e4379b8bca64c7ef302e3e60b9f0138e80bbf","isMergeCommit":false,"messageTitle":"Modify package name","messageBody":"","fileTypesAndContributionMap":{"functional-code":{"insertions":26,"deletions":27}}},{"hash":"4d296fdfed0446c183510fa9936dbb9fcfa91589","isMergeCommit":false,"messageTitle":"Add setGPA() method","messageBody":"","fileTypesAndContributionMap":{"functional-code":{"insertions":6,"deletions":2}}},{"hash":"d70e663b6bbc796e0ee3fdf961e5661d498090ed","isMergeCommit":false,"messageTitle":"Modify tutorlink package import statement in tests","messageBody":"","fileTypesAndContributionMap":{"test-code":{"insertions":1,"deletions":1}}},{"hash":"4908206ea782c3a6ded6a8144b01340751a19d43","isMergeCommit":false,"messageTitle":"Delete redundant files","messageBody":"","fileTypesAndContributionMap":{"functional-code":{"insertions":0,"deletions":45}}},{"hash":"aed55e48c9b7937bd3068fc44694378384260430","isMergeCommit":false,"messageTitle":"Add modified StudentList class","messageBody":"","fileTypesAndContributionMap":{"functional-code":{"insertions":23,"deletions":0}}},{"hash":"520d2e12d67255796a826c34963ad9203056a5c1","isMergeCommit":false,"messageTitle":"Add override for equals method for testing","messageBody":"","fileTypesAndContributionMap":{"functional-code":{"insertions":10,"deletions":0}}},{"hash":"8dce83fa7981d76bbc6a6604d5dec1b2836e8582","isMergeCommit":false,"messageTitle":"Add Course class","messageBody":"","fileTypesAndContributionMap":{"functional-code":{"insertions":29,"deletions":0}}},{"hash":"951de5b2b0ab0b6c12a80f6e7b7cf7feeaf9f61c","isMergeCommit":false,"messageTitle":"Add LetterGrade Enum","messageBody":"","fileTypesAndContributionMap":{"functional-code":{"insertions":29,"deletions":0}}},{"hash":"944b63ad57af3c30133a7496df2268fcdd39b321","isMergeCommit":false,"messageTitle":"Add List classes","messageBody":"","fileTypesAndContributionMap":{"functional-code":{"insertions":70,"deletions":0}}},{"hash":"bdb14be23ee38b7070f0b74182778c1a006fed89","isMergeCommit":false,"messageTitle":"Add list classes JUnit tests","messageBody":"","fileTypesAndContributionMap":{"test-code":{"insertions":74,"deletions":0}}},{"hash":"aa5f6a45a239e56a35c974e3bad5d6694d1b517e","isMergeCommit":false,"messageTitle":"Edit code for codestyle","messageBody":"","fileTypesAndContributionMap":{"functional-code":{"insertions":10,"deletions":6}}},{"hash":"23c71c3c66bdb95c2d9cd1cce5d29f515d887a1d","isMergeCommit":true,"messageTitle":"Merge pull request #16 from RCPilot1604/branch-Ethan-8-Oct","messageBody":"Merge Branch-Ethan-8-Oct into master ","fileTypesAndContributionMap":{}},{"hash":"bc7953abc141bfe4f548557695d3c4346f3725ba","isMergeCommit":true,"messageTitle":"Merge pull request #17 from RCPilot1604/branch-Ethan-9-Oct","messageBody":"Merge Branch-Ethan-9-Oct into Master","fileTypesAndContributionMap":{}}]},{"date":"2024-10-12","commitResults":[{"hash":"8c8707fa8aa711c91cf79d9b8fe6c60093cd1535","isMergeCommit":false,"messageTitle":"Add Exception classes","messageBody":"","fileTypesAndContributionMap":{"functional-code":{"insertions":14,"deletions":0}}},{"hash":"b1f49c5d690b2a4a99a09e10fbcbaeffe78c966f","isMergeCommit":false,"messageTitle":"Delete outdated classes/packages","messageBody":"","fileTypesAndContributionMap":{"functional-code":{"insertions":0,"deletions":177}}},{"hash":"46275c8f1d5aebd5135d8225c62ea91b3bacca3b","isMergeCommit":false,"messageTitle":"Modify StudentList","messageBody":"","fileTypesAndContributionMap":{"functional-code":{"insertions":17,"deletions":2}}},{"hash":"7a3b046617aeaae8cd111d843d1050e8b6e52f6e","isMergeCommit":false,"messageTitle":"Modify Command","messageBody":"","fileTypesAndContributionMap":{"functional-code":{"insertions":9,"deletions":6}}},{"hash":"a009db43137915da058f40f5e118c0760b9b6c9b","isMergeCommit":false,"messageTitle":"Modify Parser","messageBody":"","fileTypesAndContributionMap":{"functional-code":{"insertions":60,"deletions":30}}},{"hash":"7f0f0614173979be820ca243ca55a55645158419","isMergeCommit":false,"messageTitle":"Modify StudentClass","messageBody":"","fileTypesAndContributionMap":{"functional-code":{"insertions":8,"deletions":2}}},{"hash":"e29e13b9412aead71aeb26a3e3867abee97f142c","isMergeCommit":false,"messageTitle":"Add Command subclasses","messageBody":"","fileTypesAndContributionMap":{"functional-code":{"insertions":166,"deletions":0}}},{"hash":"12f105fff760d74739aad54336cb263e3bb574d4","isMergeCommit":false,"messageTitle":"Add CommandResult class","messageBody":"","fileTypesAndContributionMap":{"functional-code":{"insertions":18,"deletions":0}}},{"hash":"5b91b5b9d253f672607f3dcda236561b6ba492ef","isMergeCommit":false,"messageTitle":"Modify execute() method to utilize students.filterList()","messageBody":"","fileTypesAndContributionMap":{"functional-code":{"insertions":11,"deletions":29}}},{"hash":"c097d3e1a1b1233bae4bd737d0b32e042af0606c","isMergeCommit":false,"messageTitle":"Modify FindStudentCommand error message formatting","messageBody":"","fileTypesAndContributionMap":{"functional-code":{"insertions":5,"deletions":3}}},{"hash":"c5f085f970de1f35c75de3a91341b1a0f7584ccb","isMergeCommit":false,"messageTitle":"Modify formatting","messageBody":"","fileTypesAndContributionMap":{"functional-code":{"insertions":1,"deletions":0}}}]},{"date":"2024-10-13","commitResults":[{"hash":"c2913ae8cfdd39f0e77342592cf878a49985a55d","isMergeCommit":false,"messageTitle":"Rework TutorLink main class","messageBody":"","fileTypesAndContributionMap":{"functional-code":{"insertions":33,"deletions":23}}},{"hash":"a2e7dd317f9d46e42e26580b05521afb84341804","isMergeCommit":false,"messageTitle":"Modify Student Command classes","messageBody":"","fileTypesAndContributionMap":{"functional-code":{"insertions":8,"deletions":21}}},{"hash":"11d7810489c9dad5aaf8ac3f9db1400f9ea66857","isMergeCommit":false,"messageTitle":"Modify ItemList subclasses","messageBody":"","fileTypesAndContributionMap":{"functional-code":{"insertions":13,"deletions":6}}},{"hash":"5da8a57746bd56db391bbc9f646715bec61409c4","isMergeCommit":false,"messageTitle":"Modify TutorLink","messageBody":"","fileTypesAndContributionMap":{"functional-code":{"insertions":7,"deletions":8}}},{"hash":"02d77c463de39b1db7ade42f3794504c0a2cc0c9","isMergeCommit":false,"messageTitle":"Modify Parser","messageBody":"","fileTypesAndContributionMap":{"functional-code":{"insertions":28,"deletions":26}}},{"hash":"cc7308570a647dbc0616f71b89ffb8c743f3e204","isMergeCommit":false,"messageTitle":"Override toString method in StudentClass","messageBody":"","fileTypesAndContributionMap":{"functional-code":{"insertions":5,"deletions":0}}},{"hash":"4a52b097c1c1d1543a55fc72bb91cd1a6bdb39e5","isMergeCommit":false,"messageTitle":"Add toString method in CommandResult","messageBody":"","fileTypesAndContributionMap":{"functional-code":{"insertions":8,"deletions":0}}},{"hash":"10a1d7858e32d6f7e1494f0fcf8a28f7ffc777e0","isMergeCommit":false,"messageTitle":"Add Console class","messageBody":"","fileTypesAndContributionMap":{"functional-code":{"insertions":33,"deletions":0}}},{"hash":"b266080a0ec67db56f193061171fc14a4ec612c9","isMergeCommit":false,"messageTitle":"Add MissingLineException","messageBody":"","fileTypesAndContributionMap":{"functional-code":{"insertions":7,"deletions":0}}},{"hash":"ce487f48d170debeb1b14179db88d96d3cee7fbb","isMergeCommit":false,"messageTitle":"Add Ui class","messageBody":"","fileTypesAndContributionMap":{"functional-code":{"insertions":14,"deletions":0}}},{"hash":"f564a1013163afed8df80ad140d8443029970f4d","isMergeCommit":false,"messageTitle":"Modify Regex","messageBody":"","fileTypesAndContributionMap":{"functional-code":{"insertions":5,"deletions":8}}},{"hash":"f694bf9c4aad5a8da1a94d2ccda9fae8354b5080","isMergeCommit":false,"messageTitle":"Modify error statements","messageBody":"","fileTypesAndContributionMap":{"functional-code":{"insertions":8,"deletions":5}}},{"hash":"53c2366e5fdbe2d14b94b2bf7fda8b7414ea8114","isMergeCommit":false,"messageTitle":"Modify extraction algorithm for name and matricNumber parameters","messageBody":"","fileTypesAndContributionMap":{"functional-code":{"insertions":12,"deletions":2}}},{"hash":"0f5b62c06df0006b7565bc92e0df0b4ee908b7f8","isMergeCommit":false,"messageTitle":"Modify format for printing StudentClass objects","messageBody":"","fileTypesAndContributionMap":{"functional-code":{"insertions":1,"deletions":1}}},{"hash":"cda17cbe8761e3d415a009832bd81ed2dad5faec","isMergeCommit":false,"messageTitle":"Modify DeleteCommand execute() method","messageBody":"Support the printing of removed entries\n","fileTypesAndContributionMap":{"functional-code":{"insertions":13,"deletions":11}}},{"hash":"6c985244fd4fa6b1a77648ff705e3ef7965d4395","isMergeCommit":false,"messageTitle":"Modify FindStudentCommand print statement","messageBody":"","fileTypesAndContributionMap":{"functional-code":{"insertions":4,"deletions":2}}},{"hash":"7da6c9e8237734df81f1722a4bc2811507ae6f27","isMergeCommit":false,"messageTitle":"Add parsing support for deleteStudentCommand","messageBody":"","fileTypesAndContributionMap":{"functional-code":{"insertions":13,"deletions":3}}},{"hash":"78b342f4b8a87ef37591d2fbcdb2be8a47f45b8f","isMergeCommit":false,"messageTitle":"Format toString() method of StudentList","messageBody":"","fileTypesAndContributionMap":{"functional-code":{"insertions":1,"deletions":1}}},{"hash":"7f89dacb52c6e95ec5f40f50d0088c60bd9ed2ec","isMergeCommit":false,"messageTitle":"Remove redundant code from AddStudentCommand","messageBody":"","fileTypesAndContributionMap":{"functional-code":{"insertions":0,"deletions":3}}},{"hash":"5808e1812690ea41f836d065e792bb01428fbbfe","isMergeCommit":false,"messageTitle":"Add toString() override for Course class","messageBody":"","fileTypesAndContributionMap":{"functional-code":{"insertions":6,"deletions":0}}},{"hash":"9a6c61bd438ab253ee2c83785332eeac4e6b1946","isMergeCommit":false,"messageTitle":"Add toString() override for LetterGrade enum","messageBody":"","fileTypesAndContributionMap":{"functional-code":{"insertions":18,"deletions":0}}},{"hash":"f0d6db3db5a341d2559b451feafc5d48dea07ed2","isMergeCommit":false,"messageTitle":"Add getStudent() method in StudentList to return Student","messageBody":"Allow the retrieval of Student object to add Course objects to\n","fileTypesAndContributionMap":{"functional-code":{"insertions":10,"deletions":1}}},{"hash":"fc2aa7888c486527a72fa4bd2fb7a252522dede7","isMergeCommit":false,"messageTitle":"Add support for parsing add_course commands","messageBody":"","fileTypesAndContributionMap":{"functional-code":{"insertions":14,"deletions":2}}},{"hash":"44a14535e17ff63fe90f517ec2d07a2107c3ae26","isMergeCommit":false,"messageTitle":"Modify StudentClass to instantiate a CourseList object","messageBody":"","fileTypesAndContributionMap":{"functional-code":{"insertions":5,"deletions":0}}},{"hash":"6d66396b6bbff2594c5b48aba9c0fb9f5ffe369d","isMergeCommit":false,"messageTitle":"Rename StudentListTest to AddDeleteStudentTest","messageBody":"","fileTypesAndContributionMap":{"test-code":{"insertions":72,"deletions":40}}},{"hash":"9c785f1545b1fb8b9ea229889b021e43e8fe080c","isMergeCommit":false,"messageTitle":"Add AddCourseCommand class","messageBody":"","fileTypesAndContributionMap":{"functional-code":{"insertions":38,"deletions":0}}},{"hash":"1bba6026a7568cbb51341062d1b4735b0a698fc0","isMergeCommit":false,"messageTitle":"Modify code to comply with codestyle checks","messageBody":"","fileTypesAndContributionMap":{"functional-code":{"insertions":59,"deletions":54},"test-code":{"insertions":8,"deletions":9}}},{"hash":"dd8c1641d180e3d0403c1963ba26561af0dd449c","isMergeCommit":false,"messageTitle":"Modify code to comply with codestyle checks","messageBody":"","fileTypesAndContributionMap":{"functional-code":{"insertions":0,"deletions":1},"test-code":{"insertions":1,"deletions":1}}},{"hash":"643cb09413b5bc7b2549105de3b93e066816669c","isMergeCommit":false,"messageTitle":"Modify build.gradle and IO redirection tests","messageBody":"","fileTypesAndContributionMap":{"other":{"insertions":2,"deletions":2}}},{"hash":"79dffeb761dae082f792cdf487114e585f717ed8","isMergeCommit":false,"messageTitle":"Add support for exiting the program","messageBody":"","fileTypesAndContributionMap":{"functional-code":{"insertions":26,"deletions":4}}}]},{"date":"2024-10-14","commitResults":[{"hash":"c80552a7662870cae4fe5df2fa7567a6a9b73f88","isMergeCommit":true,"messageTitle":"Merge pull request #25 from RCPilot1604/branch-OOP-structure","messageBody":"Merge branch-OOP-structure to main","fileTypesAndContributionMap":{}}]},{"date":"2024-10-15","commitResults":[{"hash":"f6516b13365c4fd4277f119eb77dde5270b16a54","isMergeCommit":true,"messageTitle":"Merge pull request #26 from yeekian/branch-AddStudents","messageBody":"Add getLetterGrade() in Course class","fileTypesAndContributionMap":{}},{"hash":"eabdeb2c1e08955c24d3bf54e9e6a4ccb3bcae0e","isMergeCommit":false,"messageTitle":"Modify SUCCESSFUL_MESSAGE in AddCourseCommand","messageBody":"","fileTypesAndContributionMap":{"functional-code":{"insertions":3,"deletions":2}}},{"hash":"03fdc95142dfe1b768c0d1045dd8da468636a056","isMergeCommit":false,"messageTitle":"Modify import statements in Command.java","messageBody":"","fileTypesAndContributionMap":{"functional-code":{"insertions":2,"deletions":0}}},{"hash":"34743e877bcd633da830d111fb04f47b3ee0ba7f","isMergeCommit":false,"messageTitle":"Implement support for DeleteCourseCommand","messageBody":"","fileTypesAndContributionMap":{"functional-code":{"insertions":71,"deletions":12}}},{"hash":"a728759c06ffd3276c55d652d5941bc484e3a3f2","isMergeCommit":false,"messageTitle":"Fix StudentNotFoundException","messageBody":"","fileTypesAndContributionMap":{"functional-code":{"insertions":7,"deletions":5}}},{"hash":"ea964ea5050531c1b35dfe2617cc3465ab736e11","isMergeCommit":true,"messageTitle":"Merge branch \u0027master\u0027 into branch-deleteCourseCommand-15-Oct","messageBody":"# Conflicts:\n#\tsrc/main/java/tutorlink/coursepackage/Course.java\n#\tsrc/main/java/tutorlink/exceptionspackage/StudentNotFoundException.java\n#\tsrc/main/java/tutorlink/listpackage/CourseList.java\n","fileTypesAndContributionMap":{}},{"hash":"5e495d45aa8ce3166a6a2f816b75ddc7fa1eb2ec","isMergeCommit":false,"messageTitle":"Fix coding style errors","messageBody":"","fileTypesAndContributionMap":{"functional-code":{"insertions":12,"deletions":52}}},{"hash":"9ed5292c488fc55f92195971be6f8f948e54f39d","isMergeCommit":false,"messageTitle":"Implement AddAssignmentCommand functionality","messageBody":"","fileTypesAndContributionMap":{"functional-code":{"insertions":81,"deletions":2}}},{"hash":"f899c0a9b16d02b9ef8acd975b06365816977de3","isMergeCommit":false,"messageTitle":"Add logging functionality","messageBody":"","fileTypesAndContributionMap":{"functional-code":{"insertions":1,"deletions":0}}},{"hash":"b50b1f90d63f2f42780f980ef4970cd102450239","isMergeCommit":false,"messageTitle":"Modify formatting to comply with coding standard","messageBody":"","fileTypesAndContributionMap":{"functional-code":{"insertions":3,"deletions":2}}},{"hash":"d1ed8cbe7140ca2e427bbb56f54ac2b93a93c475","isMergeCommit":true,"messageTitle":"Merge pull request #30 from RCPilot1604/branch-AddAssignmentCommand","messageBody":"Merge branch add assignment command into master","fileTypesAndContributionMap":{}},{"hash":"f98e223539c4f41de791e516f0e01a35991ad170","isMergeCommit":false,"messageTitle":"Add toString method for Assignment class","messageBody":"","fileTypesAndContributionMap":{"functional-code":{"insertions":5,"deletions":0}}},{"hash":"0e7e4f839a38f89bf1aa0b31a6917d6c301f0382","isMergeCommit":false,"messageTitle":"Add getAssignments method to Course class","messageBody":"","fileTypesAndContributionMap":{"functional-code":{"insertions":4,"deletions":0}}},{"hash":"8d6256805bee5761fd5936517120e2b2e44dd2c9","isMergeCommit":false,"messageTitle":"Add toString method to AssignmentList class","messageBody":"","fileTypesAndContributionMap":{"functional-code":{"insertions":9,"deletions":0}}},{"hash":"5e351752ccb42f67ea5ba71c6f1884bc0da20f1e","isMergeCommit":false,"messageTitle":"Modify Parser.java to support ListAssignmentCommand","messageBody":"","fileTypesAndContributionMap":{"functional-code":{"insertions":14,"deletions":2}}},{"hash":"f6d56caef322b7b5477318713e8d0258eb300347","isMergeCommit":false,"messageTitle":"Add ListAssignmentCommand","messageBody":"","fileTypesAndContributionMap":{"functional-code":{"insertions":26,"deletions":0}}},{"hash":"bf5723884beea28189a3fc8a0e0553098ec8681b","isMergeCommit":false,"messageTitle":"Add assertions to check for validity of inputs","messageBody":"","fileTypesAndContributionMap":{"functional-code":{"insertions":2,"deletions":0}}},{"hash":"b01aa27d61a7ef64093d9482d7498f21eb74974c","isMergeCommit":false,"messageTitle":"Fix indentation","messageBody":"","fileTypesAndContributionMap":{"functional-code":{"insertions":19,"deletions":19}}},{"hash":"c14bb10d45e4df0880b93c840d43c15cdffbcbb3","isMergeCommit":true,"messageTitle":"Merge branch \u0027master\u0027 into branch-listAssignmentCommand-15-Oct","messageBody":"# Conflicts:\n#\tsrc/main/java/tutorlink/parserpackage/Parser.java\n","fileTypesAndContributionMap":{}},{"hash":"1ca1d20ea0769f758d88903d5766f5ce2ba6187d","isMergeCommit":true,"messageTitle":"Merge pull request #32 from RCPilot1604/branch-listAssignmentCommand-15-Oct","messageBody":"Merge branch list assignment command 15 oct into master","fileTypesAndContributionMap":{}},{"hash":"e14c1cafd1b43ae4e2671790a942d488c95c28a1","isMergeCommit":false,"messageTitle":"Modify execute() method in DeleteStudentCommand","messageBody":"Remove redundant function calls\n","fileTypesAndContributionMap":{"functional-code":{"insertions":13,"deletions":9}}},{"hash":"ed39e866c32569c0a49c279d825f42fc87e7b6a9","isMergeCommit":false,"messageTitle":"Refactor and extract out repeated function","messageBody":"","fileTypesAndContributionMap":{"functional-code":{"insertions":8,"deletions":4}}},{"hash":"1eb51d8c45c81cb5b25d6934e6be21408306f059","isMergeCommit":false,"messageTitle":"Modify condition to match substrings of names","messageBody":"","fileTypesAndContributionMap":{"functional-code":{"insertions":1,"deletions":1}}},{"hash":"621356d11782f15e576905c3abefea10bf5eab6e","isMergeCommit":false,"messageTitle":"Remove unused import statement","messageBody":"","fileTypesAndContributionMap":{"functional-code":{"insertions":0,"deletions":1}}},{"hash":"785389a6a020a9edcd5ec232b7d19b1dbc5dbda9","isMergeCommit":false,"messageTitle":"Handle exceptions for ListAssignmentCommand","messageBody":"","fileTypesAndContributionMap":{"functional-code":{"insertions":8,"deletions":2}}},{"hash":"781b69d8448a5d84d5b7559796f43b3b68e1c183","isMergeCommit":false,"messageTitle":"Modify exception handling text in getCourseByID() in CourseList","messageBody":"","fileTypesAndContributionMap":{"functional-code":{"insertions":1,"deletions":1}}},{"hash":"2207328aee5cac9699eff52089c70abf4b7bc4ee","isMergeCommit":true,"messageTitle":"Merge pull request #34 from RCPilot1604/branch-bugfix-15-Oct","messageBody":"Further bugfix and tag","tags":["v1.0"],"fileTypesAndContributionMap":{}}]},{"date":"2024-10-16","commitResults":[{"hash":"2d0afb9dd90238c67240ab867be79fc82969a666","isMergeCommit":false,"messageTitle":"Add plantUML diagrams","messageBody":"","fileTypesAndContributionMap":{"docs":{"insertions":91,"deletions":0}}},{"hash":"d54fed40e79af233edfc232371cf0df4dea1c6f0","isMergeCommit":false,"messageTitle":"Remove redundant attributes in UML diagram","messageBody":"","fileTypesAndContributionMap":{"docs":{"insertions":0,"deletions":2}}}]},{"date":"2024-10-17","commitResults":[{"hash":"c003ffac71265a128cac49a4bf1219dccdf784a8","isMergeCommit":true,"messageTitle":"Merge pull request #37 from jinzihan2002/Zihan-16-Oct","messageBody":"Add basic logging for Parser","fileTypesAndContributionMap":{}}]},{"date":"2024-10-18","commitResults":[{"hash":"df588fd2080c7f6933a57e327aa590e5fdf0cff3","isMergeCommit":false,"messageTitle":"Modify UML diagram","messageBody":"","fileTypesAndContributionMap":{"docs":{"insertions":77,"deletions":58}}}]},{"date":"2024-10-19","commitResults":[{"hash":"d20e85960b9e652dc10a3d5be5897397d8d623da","isMergeCommit":false,"messageTitle":"Modify uml diagram","messageBody":"","fileTypesAndContributionMap":{"docs":{"insertions":12,"deletions":1}}},{"hash":"81848e1febf3b45865aae3797cdb748790b1cf76","isMergeCommit":true,"messageTitle":"Merge pull request #36 from RCPilot1604/branch-UML","messageBody":"Add plantUML diagrams","fileTypesAndContributionMap":{}},{"hash":"4fa70dbe312801e2eedf0bbb2d68fb020d4a1b8f","isMergeCommit":false,"messageTitle":"Modify UML diagram","messageBody":"","fileTypesAndContributionMap":{"docs":{"insertions":13,"deletions":6}}},{"hash":"cd0c7470a1f72d0cbe93799a3e300fbb3fdad9b2","isMergeCommit":false,"messageTitle":"Modify AddStudentCommand to the new UML diagram","messageBody":"","fileTypesAndContributionMap":{"functional-code":{"insertions":22,"deletions":19}}},{"hash":"6b93f437a9e6d7fdab07b6d7b9a5892947a9a0b1","isMergeCommit":false,"messageTitle":"Modify Command class","messageBody":"","fileTypesAndContributionMap":{"functional-code":{"insertions":6,"deletions":13}}},{"hash":"0b43c16baaad825d169efe2775c8904f354bd273","isMergeCommit":false,"messageTitle":"Modify DeleteStudent","messageBody":"","fileTypesAndContributionMap":{"functional-code":{"insertions":3,"deletions":3}}},{"hash":"e580a4dfabf399483c52aaba64e2bcd23eefef01","isMergeCommit":false,"messageTitle":"Modify FindStudentCommand","messageBody":"","fileTypesAndContributionMap":{"functional-code":{"insertions":33,"deletions":26}}},{"hash":"20da4b06830945752d68c6e80072b8752c36cc42","isMergeCommit":false,"messageTitle":"Modify IllegalValueException","messageBody":"","fileTypesAndContributionMap":{"functional-code":{"insertions":1,"deletions":1}}},{"hash":"2a713299f921d2f587b64f7080b3dcf65b4d4e32","isMergeCommit":false,"messageTitle":"Modify InvalidWeightingException","messageBody":"","fileTypesAndContributionMap":{"functional-code":{"insertions":4,"deletions":2}}},{"hash":"d22d03f2a1479cdcb01d65f663c73bfe1bec1b42","isMergeCommit":false,"messageTitle":"Modify ItemNotFoundException","messageBody":"","fileTypesAndContributionMap":{"functional-code":{"insertions":1,"deletions":1}}},{"hash":"7ebba309df16b7c6fb906ae29b47e382b4c5e4d5","isMergeCommit":false,"messageTitle":"Modify MissingNextLineException","messageBody":"","fileTypesAndContributionMap":{"functional-code":{"insertions":1,"deletions":1}}},{"hash":"ee6098807c2f4a6b5efd8f4a5606fa3559abed9e","isMergeCommit":false,"messageTitle":"Modify StudentNotFoundException","messageBody":"","fileTypesAndContributionMap":{"functional-code":{"insertions":3,"deletions":3}}},{"hash":"2799a31271950c518b087e2163d0b21eeab3b1d1","isMergeCommit":false,"messageTitle":"Modify StudentList","messageBody":"","fileTypesAndContributionMap":{"functional-code":{"insertions":22,"deletions":19}}},{"hash":"b0df73d35bdc1d287c0bbad03afd19257a7c594d","isMergeCommit":false,"messageTitle":"Modify CommandResult","messageBody":"","fileTypesAndContributionMap":{"functional-code":{"insertions":1,"deletions":8}}},{"hash":"0870cb6502d8f4b81710ac1aaad7ebbf9e861cde","isMergeCommit":false,"messageTitle":"Rename StudentClass to Student","messageBody":"","fileTypesAndContributionMap":{"functional-code":{"insertions":25,"deletions":39}}},{"hash":"1ccc1f972ece17c5d78a6e0bc700f573f035a705","isMergeCommit":false,"messageTitle":"Add AppState","messageBody":"","fileTypesAndContributionMap":{"functional-code":{"insertions":9,"deletions":0}}},{"hash":"f07b52314b3427f6ef23b883c500aeecca437081","isMergeCommit":false,"messageTitle":"Add DuplicateMatricNumberException","messageBody":"","fileTypesAndContributionMap":{"functional-code":{"insertions":7,"deletions":0}}},{"hash":"7c6c2aa252f7087a13f2c10782e5aa60c4a2b995","isMergeCommit":false,"messageTitle":"Add TutorLinkException superclass","messageBody":"","fileTypesAndContributionMap":{"functional-code":{"insertions":7,"deletions":0}}},{"hash":"3e24af24d5605a28a2f7a027ce3694d103dcee0f","isMergeCommit":false,"messageTitle":"Write JUnit test code for AddStudentCommand","messageBody":"","fileTypesAndContributionMap":{"test-code":{"insertions":49,"deletions":0}}}]},{"date":"2024-10-20","commitResults":[{"hash":"ed2cd71cb38f7da66ed6a84161e64123ecd40c32","isMergeCommit":false,"messageTitle":"Add checking for duplicate MatricNumber in StudentList","messageBody":"","fileTypesAndContributionMap":{"functional-code":{"insertions":12,"deletions":3}}},{"hash":"88389c7bc45919bd911b2cc62f86346bf4e38991","isMergeCommit":false,"messageTitle":"Add equals override to Student","messageBody":"","fileTypesAndContributionMap":{"functional-code":{"insertions":9,"deletions":0}}},{"hash":"ca6f3e1cae1946146303fa031615f29724d9ca2d","isMergeCommit":false,"messageTitle":"Delete files causing CI conflicts","messageBody":"","fileTypesAndContributionMap":{"functional-code":{"insertions":0,"deletions":159}}},{"hash":"0ff976ad17f779c88453ac6694d1b41351326f4f","isMergeCommit":false,"messageTitle":"Implemented requested fixes","messageBody":"","fileTypesAndContributionMap":{"functional-code":{"insertions":37,"deletions":208}}},{"hash":"0ccb118224f2e07dd33048f5a832c243feac5724","isMergeCommit":false,"messageTitle":"Remove checking for studentArrayList.size() in FindStudentCommand","messageBody":"","fileTypesAndContributionMap":{"functional-code":{"insertions":1,"deletions":3}}},{"hash":"4b09849b7d6ec5a6512c6fe48cea7deb40c17d3f","isMergeCommit":false,"messageTitle":"Remove redundant test cases","messageBody":"","fileTypesAndContributionMap":{"test-code":{"insertions":0,"deletions":38}}},{"hash":"58dbd4d0277faa80deac00bcb3c79d9c2f9f0654","isMergeCommit":false,"messageTitle":"Fix codestyle issues (Gradle)","messageBody":"","fileTypesAndContributionMap":{"functional-code":{"insertions":0,"deletions":1},"test-code":{"insertions":0,"deletions":4}}}]},{"date":"2024-10-21","commitResults":[{"hash":"d65cd3dd23f070e0ee7cdf59b58fe22968bafc25","isMergeCommit":false,"messageTitle":"Fix AddStudentCommandTest codestyle errors","messageBody":"","fileTypesAndContributionMap":{"test-code":{"insertions":4,"deletions":3}}},{"hash":"55eeaae6cc2b784ac246aa3587efc7bf1c476c56","isMergeCommit":true,"messageTitle":"Merge pull request #52 from RCPilot1604/branch-restructure-student-list","messageBody":"Restructure codebase according to V2.0 UML","fileTypesAndContributionMap":{}}]},{"date":"2024-10-22","commitResults":[{"hash":"595a135028c1d4474bc91a1d2a1213e83a8a4928","isMergeCommit":false,"messageTitle":"Modify UML diagram","messageBody":"","fileTypesAndContributionMap":{"docs":{"insertions":5,"deletions":2}}},{"hash":"80ca75bb0c235c02c8869eed6b88d92ad38559ec","isMergeCommit":false,"messageTitle":"Remove ItemList","messageBody":"","fileTypesAndContributionMap":{"functional-code":{"insertions":2,"deletions":11}}},{"hash":"e7f12bfdc894af3e0d05f5a9fa8f0b501c8943e0","isMergeCommit":false,"messageTitle":"Add DuplicateGradeException","messageBody":"","fileTypesAndContributionMap":{"functional-code":{"insertions":7,"deletions":0}}},{"hash":"664cde227c50a92c3dfc127f54b484565497540c","isMergeCommit":false,"messageTitle":"Add GradeNotFoundException","messageBody":"","fileTypesAndContributionMap":{"functional-code":{"insertions":7,"deletions":0}}},{"hash":"5a14572c60bbe290b298596179ef69e58ec44d9b","isMergeCommit":false,"messageTitle":"Implement GradeList","messageBody":"","fileTypesAndContributionMap":{"functional-code":{"insertions":63,"deletions":0}}},{"hash":"d7ead1c67989d356d3d279339cce6ca2557fe3a5","isMergeCommit":false,"messageTitle":"Fix bug in type of gradeToCompare","messageBody":"","fileTypesAndContributionMap":{"functional-code":{"insertions":1,"deletions":1}}},{"hash":"6df0e1f2a9ac44f0c3f9dac4ce1f9e20339fbb10","isMergeCommit":false,"messageTitle":"Remove AddDeleteStudentTest","messageBody":"","fileTypesAndContributionMap":{"test-code":{"insertions":0,"deletions":30}}},{"hash":"7f803cc4a16355780ba578deb9cf74150fa01d25","isMergeCommit":false,"messageTitle":"Rename package","messageBody":"","fileTypesAndContributionMap":{"other":{"insertions":1,"deletions":1}}},{"hash":"98682acd6ed6016b5991bb9eb7937cab41e61183","isMergeCommit":false,"messageTitle":"Add FindStudentCommandTest","messageBody":"","fileTypesAndContributionMap":{"test-code":{"insertions":66,"deletions":0}}}]},{"date":"2024-10-23","commitResults":[{"hash":"848746a59edb50d3df632cda583443c32b217266","isMergeCommit":true,"messageTitle":"Merge pull request #55 from TrungBui32/Grade","messageBody":"Add Grade","fileTypesAndContributionMap":{}},{"hash":"61a539dcf018e34e06cdc3455b42ea8183ae95fa","isMergeCommit":true,"messageTitle":"Merge branch \u0027branch-GradeList\u0027 of https://github.com/RCPilot1604/tp into branch-GradeList","messageBody":"","fileTypesAndContributionMap":{}},{"hash":"18acbfff2fd09a5fe618e34e67b06d1aaee920ea","isMergeCommit":false,"messageTitle":"Make extracted magic Strings public","messageBody":"","fileTypesAndContributionMap":{"functional-code":{"insertions":3,"deletions":4}}},{"hash":"56ddf0c966073f01d7eaa33375002f592fd4cd0c","isMergeCommit":false,"messageTitle":"Modify FindStudentCommand","messageBody":"","fileTypesAndContributionMap":{"functional-code":{"insertions":2,"deletions":3}}},{"hash":"9e647b4164a0bebbf76d04ceba1c2c0dbcbceaf7","isMergeCommit":false,"messageTitle":"Fix bug in Component","messageBody":"Swap matricNumber and name in constructor\n","fileTypesAndContributionMap":{"functional-code":{"insertions":2,"deletions":2}}},{"hash":"c790e1ce58a65e4afda88dfb9558aa94786a36ad","isMergeCommit":false,"messageTitle":"Add toString for Grade","messageBody":"","fileTypesAndContributionMap":{"functional-code":{"insertions":6,"deletions":0}}},{"hash":"56f3ee541a5f1f9db0b4c242672e4bef5045bbd5","isMergeCommit":false,"messageTitle":"Fix codestyle in GradeList","messageBody":"","fileTypesAndContributionMap":{"functional-code":{"insertions":6,"deletions":5}}},{"hash":"d9540615d887fa01163f6d3f674762e5d79d1563","isMergeCommit":false,"messageTitle":"Extract magic String in StudentList","messageBody":"","fileTypesAndContributionMap":{"functional-code":{"insertions":4,"deletions":3}}},{"hash":"30ceb1f4079760895d1df7475913c8937f0f91f4","isMergeCommit":false,"messageTitle":"Fix bug in Student","messageBody":"Swap position of matricNumber and String\n","fileTypesAndContributionMap":{"functional-code":{"insertions":3,"deletions":3}}},{"hash":"6cbeb38bcfcfb09f04dca4094789e9fc3b5ddb49","isMergeCommit":false,"messageTitle":"Add JUnit tests","messageBody":"","fileTypesAndContributionMap":{"test-code":{"insertions":359,"deletions":31}}},{"hash":"fcd73874f08106d1e5903a517530cdec25418559","isMergeCommit":false,"messageTitle":"Remove AttendanceList","messageBody":"","fileTypesAndContributionMap":{"functional-code":{"insertions":0,"deletions":21}}},{"hash":"04c53bc70a0a4dec0251e4825e36a11b1e373cee","isMergeCommit":false,"messageTitle":"Remove unused import in StudentList","messageBody":"","fileTypesAndContributionMap":{"functional-code":{"insertions":0,"deletions":1}}},{"hash":"2451c62a00915481c90770a14a44b151dc271e63","isMergeCommit":false,"messageTitle":"Fix indentation Component","messageBody":"","fileTypesAndContributionMap":{"functional-code":{"insertions":1,"deletions":1}}},{"hash":"c543e7a53b371123813323432fa54e943dc27989","isMergeCommit":false,"messageTitle":"Replace \"\u003d\u003d\" with .equals()","messageBody":"","fileTypesAndContributionMap":{"functional-code":{"insertions":1,"deletions":1}}},{"hash":"d491f927e213821778fe66438128428439a27e5a","isMergeCommit":false,"messageTitle":"Fix codestyle with variable naming in StudentList","messageBody":"","fileTypesAndContributionMap":{"functional-code":{"insertions":2,"deletions":2}}},{"hash":"f4871fd97df29327efa07d645cdd1de2fbd7d1e8","isMergeCommit":true,"messageTitle":"Merge pull request #54 from RCPilot1604/branch-GradeList","messageBody":"Branch grade list","fileTypesAndContributionMap":{}}]}]},"authorFileTypeContributionMap":{"jinzihan2002":{"docs":1,"functional-code":84,"test-code":0,"other":1},"TrungBui32":{"docs":3,"functional-code":111,"test-code":0},"yeekian":{"docs":1,"functional-code":164,"test-code":161},"ThienDuc3112":{"docs":14,"functional-code":187,"test-code":3,"other":2},"RCPilot1604":{"docs":116,"functional-code":382,"test-code":438,"other":2}},"authorContributionVariance":{"jinzihan2002":874.3314,"TrungBui32":243.60489,"yeekian":41705.086,"ThienDuc3112":31353.557,"RCPilot1604":43036.87},"authorDisplayNameMap":{"jinzihan2002":"CS2113-W13-4 JIN ..IHAN","TrungBui32":"CS2113-W13-4 BUI ..RUNG","yeekian":"CS2113-W13-4 LIM ..KIAN","ThienDuc3112":"CS2113-W13-4 NGUY.. DUC","RCPilot1604":"CS2113-W13-4 ETHA.. XIA"}}
