[{"path":"README.md","fileType":"docs","lines":[{"lineNumber":1,"author":{"gitId":"chewycj"},"content":"# ExchangeCourseMapper project template","lastModifiedDate":"2024-09-21","isFullCredit":false},{"lineNumber":2,"author":{"gitId":"-"},"content":"","lastModifiedDate":"2020-05-25","isFullCredit":false},{"lineNumber":3,"author":{"gitId":"-"},"content":"This is a project template for a greenfield Java project. It\u0027s named after the Java mascot _Duke_. Given below are instructions on how to use it.","lastModifiedDate":"2020-05-25","isFullCredit":false},{"lineNumber":4,"author":{"gitId":"-"},"content":"","lastModifiedDate":"2020-05-25","isFullCredit":false},{"lineNumber":5,"author":{"gitId":"-"},"content":"## Setting up in Intellij","lastModifiedDate":"2020-05-25","isFullCredit":false},{"lineNumber":6,"author":{"gitId":"-"},"content":"","lastModifiedDate":"2020-05-25","isFullCredit":false},{"lineNumber":7,"author":{"gitId":"-"},"content":"Prerequisites: JDK 17 (use the exact version), update Intellij to the most recent version.","lastModifiedDate":"2020-05-24","isFullCredit":false},{"lineNumber":8,"author":{"gitId":"-"},"content":"","lastModifiedDate":"2020-05-24","isFullCredit":false},{"lineNumber":9,"author":{"gitId":"-"},"content":"1. **Ensure Intellij JDK 17 is defined as an SDK**, as described [here](https://www.jetbrains.com/help/idea/sdk.html#set-up-jdk) -- this step is not needed if you have used JDK 17 in a previous Intellij project.","lastModifiedDate":"2020-05-24","isFullCredit":false},{"lineNumber":10,"author":{"gitId":"-"},"content":"1. **Import the project _as a Gradle project_**, as described [here](https://se-education.org/guides/tutorials/intellijImportGradleProject.html).","lastModifiedDate":"2020-05-24","isFullCredit":false},{"lineNumber":11,"author":{"gitId":"-"},"content":"1. **Verify the setup**: After the importing is complete, locate the `src/main/java/seedu/duke/Duke.java` file, right-click it, and choose `Run Duke.main()`. If the setup is correct, you should see something like the below:","lastModifiedDate":"2020-05-24","isFullCredit":false},{"lineNumber":12,"author":{"gitId":"-"},"content":"   ```","lastModifiedDate":"2020-05-25","isFullCredit":false},{"lineNumber":13,"author":{"gitId":"-"},"content":"   \u003e Task :compileJava","lastModifiedDate":"2020-05-24","isFullCredit":false},{"lineNumber":14,"author":{"gitId":"-"},"content":"   \u003e Task :processResources NO-SOURCE","lastModifiedDate":"2020-05-24","isFullCredit":false},{"lineNumber":15,"author":{"gitId":"-"},"content":"   \u003e Task :classes","lastModifiedDate":"2020-05-24","isFullCredit":false},{"lineNumber":16,"author":{"gitId":"-"},"content":"   ","lastModifiedDate":"2020-05-24","isFullCredit":false},{"lineNumber":17,"author":{"gitId":"-"},"content":"   \u003e Task :Duke.main()","lastModifiedDate":"2020-05-24","isFullCredit":false},{"lineNumber":18,"author":{"gitId":"-"},"content":"   Hello from","lastModifiedDate":"2020-05-25","isFullCredit":false},{"lineNumber":19,"author":{"gitId":"-"},"content":"    ____        _        ","lastModifiedDate":"2020-05-25","isFullCredit":false},{"lineNumber":20,"author":{"gitId":"-"},"content":"   |  _ \\ _   _| | _____ ","lastModifiedDate":"2020-05-25","isFullCredit":false},{"lineNumber":21,"author":{"gitId":"-"},"content":"   | | | | | | | |/ / _ \\","lastModifiedDate":"2020-05-25","isFullCredit":false},{"lineNumber":22,"author":{"gitId":"-"},"content":"   | |_| | |_| |   \u003c  __/","lastModifiedDate":"2020-05-25","isFullCredit":false},{"lineNumber":23,"author":{"gitId":"-"},"content":"   |____/ \\__,_|_|\\_\\___|","lastModifiedDate":"2020-05-25","isFullCredit":false},{"lineNumber":24,"author":{"gitId":"-"},"content":"   ","lastModifiedDate":"2020-05-24","isFullCredit":false},{"lineNumber":25,"author":{"gitId":"-"},"content":"   What is your name?","lastModifiedDate":"2020-05-24","isFullCredit":false},{"lineNumber":26,"author":{"gitId":"-"},"content":"   ```","lastModifiedDate":"2020-05-25","isFullCredit":false},{"lineNumber":27,"author":{"gitId":"-"},"content":"   Type some word and press enter to let the execution proceed to the end.","lastModifiedDate":"2020-05-24","isFullCredit":false},{"lineNumber":28,"author":{"gitId":"-"},"content":"","lastModifiedDate":"2020-05-24","isFullCredit":false},{"lineNumber":29,"author":{"gitId":"-"},"content":"## Build automation using Gradle","lastModifiedDate":"2020-05-24","isFullCredit":false},{"lineNumber":30,"author":{"gitId":"-"},"content":"","lastModifiedDate":"2020-05-24","isFullCredit":false},{"lineNumber":31,"author":{"gitId":"-"},"content":"* This project uses Gradle for build automation and dependency management. It includes a basic build script as well (i.e. the `build.gradle` file).","lastModifiedDate":"2020-05-24","isFullCredit":false},{"lineNumber":32,"author":{"gitId":"-"},"content":"* If you are new to Gradle, refer to the [Gradle Tutorial at se-education.org/guides](https://se-education.org/guides/tutorials/gradle.html).","lastModifiedDate":"2020-05-24","isFullCredit":false},{"lineNumber":33,"author":{"gitId":"-"},"content":"","lastModifiedDate":"2020-05-24","isFullCredit":false},{"lineNumber":34,"author":{"gitId":"-"},"content":"## Testing","lastModifiedDate":"2020-05-24","isFullCredit":false},{"lineNumber":35,"author":{"gitId":"-"},"content":"","lastModifiedDate":"2020-05-24","isFullCredit":false},{"lineNumber":36,"author":{"gitId":"-"},"content":"### I/O redirection tests","lastModifiedDate":"2020-05-24","isFullCredit":false},{"lineNumber":37,"author":{"gitId":"-"},"content":"","lastModifiedDate":"2020-05-24","isFullCredit":false},{"lineNumber":38,"author":{"gitId":"-"},"content":"* To run _I/O redirection_ tests (aka _Text UI tests_), navigate to the `text-ui-test` and run the `runtest(.bat/.sh)` script.","lastModifiedDate":"2020-05-24","isFullCredit":false},{"lineNumber":39,"author":{"gitId":"-"},"content":"","lastModifiedDate":"2020-05-24","isFullCredit":false},{"lineNumber":40,"author":{"gitId":"-"},"content":"### JUnit tests","lastModifiedDate":"2020-05-24","isFullCredit":false},{"lineNumber":41,"author":{"gitId":"-"},"content":"","lastModifiedDate":"2020-05-24","isFullCredit":false},{"lineNumber":42,"author":{"gitId":"-"},"content":"* A skeleton JUnit test (`src/test/java/seedu/duke/DukeTest.java`) is provided with this project template. ","lastModifiedDate":"2020-05-24","isFullCredit":false},{"lineNumber":43,"author":{"gitId":"-"},"content":"* If you are new to JUnit, refer to the [JUnit Tutorial at se-education.org/guides](https://se-education.org/guides/tutorials/junit.html).","lastModifiedDate":"2020-05-24","isFullCredit":false},{"lineNumber":44,"author":{"gitId":"-"},"content":"","lastModifiedDate":"2020-05-24","isFullCredit":false},{"lineNumber":45,"author":{"gitId":"-"},"content":"## Checkstyle","lastModifiedDate":"2020-05-24","isFullCredit":false},{"lineNumber":46,"author":{"gitId":"-"},"content":"","lastModifiedDate":"2020-05-24","isFullCredit":false},{"lineNumber":47,"author":{"gitId":"-"},"content":"* A sample CheckStyle rule configuration is provided in this project.","lastModifiedDate":"2020-05-24","isFullCredit":false},{"lineNumber":48,"author":{"gitId":"-"},"content":"* If you are new to Checkstyle, refer to the [Checkstyle Tutorial at se-education.org/guides](https://se-education.org/guides/tutorials/checkstyle.html).","lastModifiedDate":"2020-05-24","isFullCredit":false},{"lineNumber":49,"author":{"gitId":"-"},"content":"","lastModifiedDate":"2020-05-24","isFullCredit":false},{"lineNumber":50,"author":{"gitId":"-"},"content":"## CI using GitHub Actions","lastModifiedDate":"2020-05-24","isFullCredit":false},{"lineNumber":51,"author":{"gitId":"-"},"content":"","lastModifiedDate":"2020-05-24","isFullCredit":false},{"lineNumber":52,"author":{"gitId":"-"},"content":"The project uses [GitHub actions](https://github.com/features/actions) for CI. When you push a commit to this repo or PR against it, GitHub actions will run automatically to build and verify the code as updated by the commit/PR.","lastModifiedDate":"2020-05-24","isFullCredit":false},{"lineNumber":53,"author":{"gitId":"-"},"content":"","lastModifiedDate":"2020-05-24","isFullCredit":false},{"lineNumber":54,"author":{"gitId":"-"},"content":"## Documentation","lastModifiedDate":"2020-05-24","isFullCredit":false},{"lineNumber":55,"author":{"gitId":"-"},"content":"","lastModifiedDate":"2020-05-24","isFullCredit":false},{"lineNumber":56,"author":{"gitId":"-"},"content":"`/docs` folder contains a skeleton version of the project documentation.","lastModifiedDate":"2020-05-24","isFullCredit":false},{"lineNumber":57,"author":{"gitId":"-"},"content":"","lastModifiedDate":"2020-05-24","isFullCredit":false},{"lineNumber":58,"author":{"gitId":"-"},"content":"Steps for publishing documentation to the public: ","lastModifiedDate":"2020-05-24","isFullCredit":false},{"lineNumber":59,"author":{"gitId":"-"},"content":"1. If you are using this project template for an individual project, go your fork on GitHub.\u003cbr\u003e","lastModifiedDate":"2020-05-24","isFullCredit":false},{"lineNumber":60,"author":{"gitId":"-"},"content":"   If you are using this project template for a team project, go to the team fork on GitHub.","lastModifiedDate":"2020-05-24","isFullCredit":false},{"lineNumber":61,"author":{"gitId":"-"},"content":"1. Click on the `settings` tab.","lastModifiedDate":"2020-05-24","isFullCredit":false},{"lineNumber":62,"author":{"gitId":"-"},"content":"1. Scroll down to the `GitHub Pages` section.","lastModifiedDate":"2020-05-24","isFullCredit":false},{"lineNumber":63,"author":{"gitId":"-"},"content":"1. Set the `source` as `master branch /docs folder`.","lastModifiedDate":"2020-05-24","isFullCredit":false},{"lineNumber":64,"author":{"gitId":"-"},"content":"1. Optionally, use the `choose a theme` button to choose a theme for your documentation.","lastModifiedDate":"2020-05-24","isFullCredit":false}],"authorContributionMap":{"chewycj":1,"-":63}},{"path":"build.gradle","fileType":"other","lines":[{"lineNumber":1,"author":{"gitId":"-"},"content":"plugins {","lastModifiedDate":"2020-05-25","isFullCredit":false},{"lineNumber":2,"author":{"gitId":"-"},"content":"    id \u0027java\u0027","lastModifiedDate":"2020-05-25","isFullCredit":false},{"lineNumber":3,"author":{"gitId":"-"},"content":"    id \u0027application\u0027","lastModifiedDate":"2020-05-25","isFullCredit":false},{"lineNumber":4,"author":{"gitId":"-"},"content":"    id \u0027checkstyle\u0027","lastModifiedDate":"2020-05-25","isFullCredit":false},{"lineNumber":5,"author":{"gitId":"-"},"content":"    id \u0027com.github.johnrengelman.shadow\u0027 version \u00277.1.2\u0027","lastModifiedDate":"2022-06-17","isFullCredit":false},{"lineNumber":6,"author":{"gitId":"-"},"content":"}","lastModifiedDate":"2020-05-25","isFullCredit":false},{"lineNumber":7,"author":{"gitId":"-"},"content":"","lastModifiedDate":"2020-05-25","isFullCredit":false},{"lineNumber":8,"author":{"gitId":"-"},"content":"repositories {","lastModifiedDate":"2020-05-25","isFullCredit":false},{"lineNumber":9,"author":{"gitId":"-"},"content":"    mavenCentral()","lastModifiedDate":"2020-05-25","isFullCredit":false},{"lineNumber":10,"author":{"gitId":"-"},"content":"}","lastModifiedDate":"2020-05-25","isFullCredit":false},{"lineNumber":11,"author":{"gitId":"-"},"content":"","lastModifiedDate":"2020-05-25","isFullCredit":false},{"lineNumber":12,"author":{"gitId":"-"},"content":"dependencies {","lastModifiedDate":"2020-05-25","isFullCredit":false},{"lineNumber":13,"author":{"gitId":"-"},"content":"    testImplementation group: \u0027org.junit.jupiter\u0027, name: \u0027junit-jupiter-api\u0027, version: \u00275.10.0\u0027","lastModifiedDate":"2023-08-05","isFullCredit":false},{"lineNumber":14,"author":{"gitId":"-"},"content":"    testRuntimeOnly group: \u0027org.junit.jupiter\u0027, name: \u0027junit-jupiter-engine\u0027, version: \u00275.10.0\u0027","lastModifiedDate":"2023-08-05","isFullCredit":false},{"lineNumber":15,"author":{"gitId":"louisjoety"},"content":"    implementation \u0027org.glassfish:javax.json:1.1.4\u0027","lastModifiedDate":"2024-10-08","isFullCredit":false},{"lineNumber":16,"author":{"gitId":"louisjoety"},"content":"    implementation \u0027javax.json:javax.json-api:1.1.4\u0027","lastModifiedDate":"2024-10-08","isFullCredit":false},{"lineNumber":17,"author":{"gitId":"-"},"content":"}","lastModifiedDate":"2020-05-25","isFullCredit":false},{"lineNumber":18,"author":{"gitId":"-"},"content":"","lastModifiedDate":"2020-05-25","isFullCredit":false},{"lineNumber":19,"author":{"gitId":"-"},"content":"test {","lastModifiedDate":"2020-05-25","isFullCredit":false},{"lineNumber":20,"author":{"gitId":"-"},"content":"    useJUnitPlatform()","lastModifiedDate":"2020-05-25","isFullCredit":false},{"lineNumber":21,"author":{"gitId":"-"},"content":"","lastModifiedDate":"2020-05-25","isFullCredit":false},{"lineNumber":22,"author":{"gitId":"-"},"content":"    testLogging {","lastModifiedDate":"2020-05-25","isFullCredit":false},{"lineNumber":23,"author":{"gitId":"-"},"content":"        events \"passed\", \"skipped\", \"failed\"","lastModifiedDate":"2020-05-25","isFullCredit":false},{"lineNumber":24,"author":{"gitId":"-"},"content":"","lastModifiedDate":"2020-05-25","isFullCredit":false},{"lineNumber":25,"author":{"gitId":"-"},"content":"        showExceptions true","lastModifiedDate":"2020-05-25","isFullCredit":false},{"lineNumber":26,"author":{"gitId":"-"},"content":"        exceptionFormat \"full\"","lastModifiedDate":"2020-05-25","isFullCredit":false},{"lineNumber":27,"author":{"gitId":"-"},"content":"        showCauses true","lastModifiedDate":"2020-05-25","isFullCredit":false},{"lineNumber":28,"author":{"gitId":"-"},"content":"        showStackTraces true","lastModifiedDate":"2020-05-25","isFullCredit":false},{"lineNumber":29,"author":{"gitId":"-"},"content":"        showStandardStreams \u003d false","lastModifiedDate":"2020-05-25","isFullCredit":false},{"lineNumber":30,"author":{"gitId":"-"},"content":"    }","lastModifiedDate":"2020-05-25","isFullCredit":false},{"lineNumber":31,"author":{"gitId":"-"},"content":"}","lastModifiedDate":"2020-05-25","isFullCredit":false},{"lineNumber":32,"author":{"gitId":"-"},"content":"","lastModifiedDate":"2020-05-25","isFullCredit":false},{"lineNumber":33,"author":{"gitId":"-"},"content":"application {","lastModifiedDate":"2020-05-25","isFullCredit":false},{"lineNumber":34,"author":{"gitId":"louisjoety"},"content":"    mainClass.set(\"seedu.exchangecoursemapper.ExchangeCourseMapper\")","lastModifiedDate":"2024-10-09","isFullCredit":false},{"lineNumber":35,"author":{"gitId":"-"},"content":"}","lastModifiedDate":"2020-05-25","isFullCredit":false},{"lineNumber":36,"author":{"gitId":"-"},"content":"","lastModifiedDate":"2020-05-25","isFullCredit":false},{"lineNumber":37,"author":{"gitId":"-"},"content":"shadowJar {","lastModifiedDate":"2020-05-25","isFullCredit":false},{"lineNumber":38,"author":{"gitId":"louisjoety"},"content":"    archiveBaseName.set(\"ExchangeCourseMapper\")","lastModifiedDate":"2024-10-09","isFullCredit":false},{"lineNumber":39,"author":{"gitId":"-"},"content":"    archiveClassifier.set(\"\")","lastModifiedDate":"2023-09-24","isFullCredit":false},{"lineNumber":40,"author":{"gitId":"-"},"content":"}","lastModifiedDate":"2020-05-25","isFullCredit":false},{"lineNumber":41,"author":{"gitId":"-"},"content":"","lastModifiedDate":"2020-05-25","isFullCredit":false},{"lineNumber":42,"author":{"gitId":"-"},"content":"checkstyle {","lastModifiedDate":"2020-05-25","isFullCredit":false},{"lineNumber":43,"author":{"gitId":"-"},"content":"    toolVersion \u003d \u002710.2\u0027","lastModifiedDate":"2022-04-29","isFullCredit":false},{"lineNumber":44,"author":{"gitId":"-"},"content":"}","lastModifiedDate":"2020-05-25","isFullCredit":false},{"lineNumber":45,"author":{"gitId":"-"},"content":"","lastModifiedDate":"2020-05-25","isFullCredit":false},{"lineNumber":46,"author":{"gitId":"-"},"content":"run{","lastModifiedDate":"2020-05-25","isFullCredit":false},{"lineNumber":47,"author":{"gitId":"-"},"content":"    standardInput \u003d System.in","lastModifiedDate":"2020-05-25","isFullCredit":false},{"lineNumber":48,"author":{"gitId":"-"},"content":"}","lastModifiedDate":"2020-05-25","isFullCredit":false}],"authorContributionMap":{"-":44,"louisjoety":4}},{"path":"docs/AboutUs.md","fileType":"docs","lines":[{"lineNumber":1,"author":{"gitId":"-"},"content":"# About us","lastModifiedDate":"2020-05-24","isFullCredit":false},{"lineNumber":2,"author":{"gitId":"-"},"content":"","lastModifiedDate":"2020-05-24","isFullCredit":false},{"lineNumber":3,"author":{"gitId":"Chiang-HuiXin"},"content":"","lastModifiedDate":"2024-10-07","isFullCredit":false},{"lineNumber":4,"author":{"gitId":"-"},"content":"Display |     Name     |             Github Profile              | Portfolio ","lastModifiedDate":"2020-05-24","isFullCredit":false},{"lineNumber":5,"author":{"gitId":"Chiang-HuiXin"},"content":"--------|:------------:|:---------------------------------------:|:---------:","lastModifiedDate":"2024-10-07","isFullCredit":false},{"lineNumber":6,"author":{"gitId":"Chiang-HuiXin"},"content":"![](https://via.placeholder.com/100.png?text\u003dPhoto) | Joe Tien You | [Github](https://github.com/louisjoety) | [Portfolio](docs/team/louisjoety.md)","lastModifiedDate":"2024-10-07","isFullCredit":false},{"lineNumber":7,"author":{"gitId":"Chiang-HuiXin"},"content":"![](https://via.placeholder.com/100.png?text\u003dPhoto) | Chun Jia | [Github](https://github.com/chewycj) | [Portfolio](docs/team/chewycj.md)","lastModifiedDate":"2024-10-07","isFullCredit":false},{"lineNumber":8,"author":{"gitId":"Chiang-HuiXin"},"content":"![](https://via.placeholder.com/100.png?text\u003dPhoto) |  HuiXin  | [Github](https://github.com/Chiang-HuiXin) | [Portfolio](docs/team/chiang-huixin.md)","lastModifiedDate":"2024-10-07","isFullCredit":false},{"lineNumber":9,"author":{"gitId":"Chiang-HuiXin"},"content":"![](https://via.placeholder.com/100.png?text\u003dPhoto) | Nancy Han | [Github](https://github.com/hzxnancy) | [Portfolio](docs/team/hzxnancy.md)","lastModifiedDate":"2024-10-07","isFullCredit":false}],"authorContributionMap":{"Chiang-HuiXin":6,"-":3}},{"path":"src/main/java/seedu/exchangecoursemapper/ExchangeCourseMapper.java","fileType":"functional-code","lines":[{"lineNumber":1,"author":{"gitId":"louisjoety"},"content":"package seedu.exchangecoursemapper;","lastModifiedDate":"2024-10-09","isFullCredit":false},{"lineNumber":2,"author":{"gitId":"-"},"content":"","lastModifiedDate":"2020-05-24","isFullCredit":false},{"lineNumber":3,"author":{"gitId":"louisjoety"},"content":"import seedu.exchangecoursemapper.parser.Parser;","lastModifiedDate":"2024-10-09","isFullCredit":false},{"lineNumber":4,"author":{"gitId":"louisjoety"},"content":"import seedu.exchangecoursemapper.ui.UI;","lastModifiedDate":"2024-10-09","isFullCredit":false},{"lineNumber":5,"author":{"gitId":"louisjoety"},"content":"","lastModifiedDate":"2024-10-07","isFullCredit":false},{"lineNumber":6,"author":{"gitId":"louisjoety"},"content":"public class ExchangeCourseMapper {","lastModifiedDate":"2024-10-09","isFullCredit":false},{"lineNumber":7,"author":{"gitId":"-"},"content":"    /**","lastModifiedDate":"2020-05-24","isFullCredit":false},{"lineNumber":8,"author":{"gitId":"-"},"content":"     * Main entry-point for the java.duke.Duke application.","lastModifiedDate":"2020-05-24","isFullCredit":false},{"lineNumber":9,"author":{"gitId":"-"},"content":"     */","lastModifiedDate":"2020-05-24","isFullCredit":false},{"lineNumber":10,"author":{"gitId":"-"},"content":"    public static void main(String[] args) {","lastModifiedDate":"2019-07-29","isFullCredit":false},{"lineNumber":11,"author":{"gitId":"louisjoety"},"content":"        runMapper();","lastModifiedDate":"2024-10-07","isFullCredit":false},{"lineNumber":12,"author":{"gitId":"louisjoety"},"content":"    }","lastModifiedDate":"2024-10-07","isFullCredit":false},{"lineNumber":13,"author":{"gitId":"louisjoety"},"content":"","lastModifiedDate":"2024-10-07","isFullCredit":false},{"lineNumber":14,"author":{"gitId":"louisjoety"},"content":"    private static void runMapper() {","lastModifiedDate":"2024-10-07","isFullCredit":false},{"lineNumber":15,"author":{"gitId":"louisjoety"},"content":"        Parser parser \u003d new Parser();","lastModifiedDate":"2024-10-07","isFullCredit":false},{"lineNumber":16,"author":{"gitId":"louisjoety"},"content":"        UI mapperUI \u003d new UI();","lastModifiedDate":"2024-10-07","isFullCredit":false},{"lineNumber":17,"author":{"gitId":"-"},"content":"","lastModifiedDate":"2020-05-24","isFullCredit":false},{"lineNumber":18,"author":{"gitId":"louisjoety"},"content":"        mapperUI.displayGreeting();","lastModifiedDate":"2024-10-07","isFullCredit":false},{"lineNumber":19,"author":{"gitId":"louisjoety"},"content":"        mapperUI.runChat(parser);","lastModifiedDate":"2024-10-07","isFullCredit":false},{"lineNumber":20,"author":{"gitId":"-"},"content":"    }","lastModifiedDate":"2019-07-29","isFullCredit":false},{"lineNumber":21,"author":{"gitId":"-"},"content":"}","lastModifiedDate":"2019-07-29","isFullCredit":false}],"authorContributionMap":{"-":8,"louisjoety":13}},{"path":"src/main/java/seedu/exchangecoursemapper/command/Command.java","fileType":"functional-code","lines":[{"lineNumber":1,"author":{"gitId":"louisjoety"},"content":"package seedu.exchangecoursemapper.command;","lastModifiedDate":"2024-10-09","isFullCredit":false},{"lineNumber":2,"author":{"gitId":"louisjoety"},"content":"","lastModifiedDate":"2024-10-07","isFullCredit":false},{"lineNumber":3,"author":{"gitId":"louisjoety"},"content":"public abstract class Command {","lastModifiedDate":"2024-10-07","isFullCredit":false},{"lineNumber":4,"author":{"gitId":"louisjoety"},"content":"    public static final String FILE_PATH \u003d \"./data/database.json\";","lastModifiedDate":"2024-10-08","isFullCredit":false},{"lineNumber":5,"author":{"gitId":"louisjoety"},"content":"    public abstract void execute(String userInput);","lastModifiedDate":"2024-10-07","isFullCredit":false},{"lineNumber":6,"author":{"gitId":"louisjoety"},"content":"    //Use this abstract class for other future commands","lastModifiedDate":"2024-10-07","isFullCredit":false},{"lineNumber":7,"author":{"gitId":"louisjoety"},"content":"}","lastModifiedDate":"2024-10-07","isFullCredit":false}],"authorContributionMap":{"louisjoety":7}},{"path":"src/main/java/seedu/exchangecoursemapper/command/ListSchoolCommand.java","fileType":"functional-code","lines":[{"lineNumber":1,"author":{"gitId":"louisjoety"},"content":"package seedu.exchangecoursemapper.command;","lastModifiedDate":"2024-10-09","isFullCredit":false},{"lineNumber":2,"author":{"gitId":"louisjoety"},"content":"","lastModifiedDate":"2024-10-07","isFullCredit":false},{"lineNumber":3,"author":{"gitId":"louisjoety"},"content":"import seedu.exchangecoursemapper.exception.Exception;","lastModifiedDate":"2024-10-09","isFullCredit":false},{"lineNumber":4,"author":{"gitId":"louisjoety"},"content":"","lastModifiedDate":"2024-10-08","isFullCredit":false},{"lineNumber":5,"author":{"gitId":"louisjoety"},"content":"import javax.json.Json;","lastModifiedDate":"2024-10-08","isFullCredit":false},{"lineNumber":6,"author":{"gitId":"louisjoety"},"content":"import javax.json.JsonObject;","lastModifiedDate":"2024-10-08","isFullCredit":false},{"lineNumber":7,"author":{"gitId":"louisjoety"},"content":"import javax.json.JsonReader;","lastModifiedDate":"2024-10-08","isFullCredit":false},{"lineNumber":8,"author":{"gitId":"louisjoety"},"content":"import java.io.FileReader;","lastModifiedDate":"2024-10-08","isFullCredit":false},{"lineNumber":9,"author":{"gitId":"louisjoety"},"content":"import java.io.IOException;","lastModifiedDate":"2024-10-08","isFullCredit":false},{"lineNumber":10,"author":{"gitId":"louisjoety"},"content":"import java.util.Set;","lastModifiedDate":"2024-10-08","isFullCredit":false},{"lineNumber":11,"author":{"gitId":"louisjoety"},"content":"","lastModifiedDate":"2024-10-08","isFullCredit":false},{"lineNumber":12,"author":{"gitId":"louisjoety"},"content":"public class ListSchoolCommand extends Command {","lastModifiedDate":"2024-10-07","isFullCredit":false},{"lineNumber":13,"author":{"gitId":"louisjoety"},"content":"    @Override","lastModifiedDate":"2024-10-07","isFullCredit":false},{"lineNumber":14,"author":{"gitId":"louisjoety"},"content":"    public void execute(String userInput) {","lastModifiedDate":"2024-10-07","isFullCredit":false},{"lineNumber":15,"author":{"gitId":"louisjoety"},"content":"        try (JsonReader jsonReader \u003d Json.createReader(new FileReader(FILE_PATH))) {","lastModifiedDate":"2024-10-08","isFullCredit":false},{"lineNumber":16,"author":{"gitId":"louisjoety"},"content":"            JsonObject jsonObject \u003d jsonReader.readObject();","lastModifiedDate":"2024-10-08","isFullCredit":false},{"lineNumber":17,"author":{"gitId":"louisjoety"},"content":"            displaySchoolList(jsonObject);","lastModifiedDate":"2024-10-08","isFullCredit":false},{"lineNumber":18,"author":{"gitId":"louisjoety"},"content":"        } catch (IOException e) {","lastModifiedDate":"2024-10-08","isFullCredit":false},{"lineNumber":19,"author":{"gitId":"louisjoety"},"content":"            System.err.println(Exception.fileReadError());","lastModifiedDate":"2024-10-08","isFullCredit":false},{"lineNumber":20,"author":{"gitId":"louisjoety"},"content":"        }","lastModifiedDate":"2024-10-08","isFullCredit":false},{"lineNumber":21,"author":{"gitId":"louisjoety"},"content":"    }","lastModifiedDate":"2024-10-08","isFullCredit":false},{"lineNumber":22,"author":{"gitId":"louisjoety"},"content":"","lastModifiedDate":"2024-10-07","isFullCredit":false},{"lineNumber":23,"author":{"gitId":"louisjoety"},"content":"    private static void displaySchoolList(JsonObject jsonObject) {","lastModifiedDate":"2024-10-08","isFullCredit":false},{"lineNumber":24,"author":{"gitId":"louisjoety"},"content":"        Set\u003cString\u003e universityNames \u003d jsonObject.keySet();","lastModifiedDate":"2024-10-08","isFullCredit":false},{"lineNumber":25,"author":{"gitId":"louisjoety"},"content":"        for (String universityName : universityNames) {","lastModifiedDate":"2024-10-08","isFullCredit":false},{"lineNumber":26,"author":{"gitId":"louisjoety"},"content":"            System.out.println(universityName);","lastModifiedDate":"2024-10-08","isFullCredit":false},{"lineNumber":27,"author":{"gitId":"louisjoety"},"content":"        }","lastModifiedDate":"2024-10-08","isFullCredit":false},{"lineNumber":28,"author":{"gitId":"louisjoety"},"content":"    }","lastModifiedDate":"2024-10-07","isFullCredit":false},{"lineNumber":29,"author":{"gitId":"louisjoety"},"content":"}","lastModifiedDate":"2024-10-07","isFullCredit":false}],"authorContributionMap":{"louisjoety":29}},{"path":"src/main/java/seedu/exchangecoursemapper/exception/Exception.java","fileType":"functional-code","lines":[{"lineNumber":1,"author":{"gitId":"louisjoety"},"content":"package seedu.exchangecoursemapper.exception;","lastModifiedDate":"2024-10-09","isFullCredit":false},{"lineNumber":2,"author":{"gitId":"louisjoety"},"content":"","lastModifiedDate":"2024-10-07","isFullCredit":false},{"lineNumber":3,"author":{"gitId":"louisjoety"},"content":"public class Exception extends Throwable {","lastModifiedDate":"2024-10-08","isFullCredit":false},{"lineNumber":4,"author":{"gitId":"louisjoety"},"content":"    public static String fileReadError() {","lastModifiedDate":"2024-10-08","isFullCredit":false},{"lineNumber":5,"author":{"gitId":"louisjoety"},"content":"        return \"Error reading the file.\";","lastModifiedDate":"2024-10-08","isFullCredit":false},{"lineNumber":6,"author":{"gitId":"louisjoety"},"content":"    }","lastModifiedDate":"2024-10-08","isFullCredit":false},{"lineNumber":7,"author":{"gitId":"louisjoety"},"content":"}","lastModifiedDate":"2024-10-07","isFullCredit":false}],"authorContributionMap":{"louisjoety":7}},{"path":"src/main/java/seedu/exchangecoursemapper/parser/Parser.java","fileType":"functional-code","lines":[{"lineNumber":1,"author":{"gitId":"louisjoety"},"content":"package seedu.exchangecoursemapper.parser;","lastModifiedDate":"2024-10-09","isFullCredit":false},{"lineNumber":2,"author":{"gitId":"louisjoety"},"content":"","lastModifiedDate":"2024-10-07","isFullCredit":false},{"lineNumber":3,"author":{"gitId":"louisjoety"},"content":"import seedu.exchangecoursemapper.command.ListSchoolCommand;","lastModifiedDate":"2024-10-09","isFullCredit":false},{"lineNumber":4,"author":{"gitId":"louisjoety"},"content":"","lastModifiedDate":"2024-10-08","isFullCredit":false},{"lineNumber":5,"author":{"gitId":"louisjoety"},"content":"import java.util.Scanner;","lastModifiedDate":"2024-10-07","isFullCredit":false},{"lineNumber":6,"author":{"gitId":"louisjoety"},"content":"","lastModifiedDate":"2024-10-07","isFullCredit":false},{"lineNumber":7,"author":{"gitId":"louisjoety"},"content":"public class Parser {","lastModifiedDate":"2024-10-07","isFullCredit":false},{"lineNumber":8,"author":{"gitId":"louisjoety"},"content":"    public static final String LISTINGSCHOOLS \u003d \"list schools\";","lastModifiedDate":"2024-10-09","isFullCredit":false},{"lineNumber":9,"author":{"gitId":"louisjoety"},"content":"","lastModifiedDate":"2024-10-09","isFullCredit":false},{"lineNumber":10,"author":{"gitId":"louisjoety"},"content":"    private final Scanner scanner \u003d new Scanner(System.in);","lastModifiedDate":"2024-10-09","isFullCredit":false},{"lineNumber":11,"author":{"gitId":"louisjoety"},"content":"","lastModifiedDate":"2024-10-07","isFullCredit":false},{"lineNumber":12,"author":{"gitId":"louisjoety"},"content":"    public String getUserInput() {","lastModifiedDate":"2024-10-07","isFullCredit":false},{"lineNumber":13,"author":{"gitId":"louisjoety"},"content":"        return scanner.nextLine();","lastModifiedDate":"2024-10-07","isFullCredit":false},{"lineNumber":14,"author":{"gitId":"louisjoety"},"content":"    }","lastModifiedDate":"2024-10-07","isFullCredit":false},{"lineNumber":15,"author":{"gitId":"louisjoety"},"content":"","lastModifiedDate":"2024-10-07","isFullCredit":false},{"lineNumber":16,"author":{"gitId":"louisjoety"},"content":"    public void processUserInput(String userInput) {","lastModifiedDate":"2024-10-07","isFullCredit":false},{"lineNumber":17,"author":{"gitId":"louisjoety"},"content":"        if (userInput.startsWith(LISTINGSCHOOLS)) {","lastModifiedDate":"2024-10-09","isFullCredit":false},{"lineNumber":18,"author":{"gitId":"louisjoety"},"content":"            new ListSchoolCommand().execute(userInput);","lastModifiedDate":"2024-10-08","isFullCredit":false},{"lineNumber":19,"author":{"gitId":"louisjoety"},"content":"        } else {","lastModifiedDate":"2024-10-08","isFullCredit":false},{"lineNumber":20,"author":{"gitId":"louisjoety"},"content":"            System.out.println(userInput);","lastModifiedDate":"2024-10-07","isFullCredit":false},{"lineNumber":21,"author":{"gitId":"louisjoety"},"content":"        } // Add your parts here","lastModifiedDate":"2024-10-08","isFullCredit":false},{"lineNumber":22,"author":{"gitId":"louisjoety"},"content":"    }","lastModifiedDate":"2024-10-07","isFullCredit":false},{"lineNumber":23,"author":{"gitId":"louisjoety"},"content":"}","lastModifiedDate":"2024-10-07","isFullCredit":false}],"authorContributionMap":{"louisjoety":23}},{"path":"src/main/java/seedu/exchangecoursemapper/storage/Storage.java","fileType":"functional-code","lines":[{"lineNumber":1,"author":{"gitId":"louisjoety"},"content":"package seedu.exchangecoursemapper.storage;","lastModifiedDate":"2024-10-09","isFullCredit":false},{"lineNumber":2,"author":{"gitId":"louisjoety"},"content":"","lastModifiedDate":"2024-10-07","isFullCredit":false},{"lineNumber":3,"author":{"gitId":"louisjoety"},"content":"public class Storage {","lastModifiedDate":"2024-10-07","isFullCredit":false},{"lineNumber":4,"author":{"gitId":"louisjoety"},"content":"    // For our personal tracker","lastModifiedDate":"2024-10-07","isFullCredit":false},{"lineNumber":5,"author":{"gitId":"louisjoety"},"content":"}","lastModifiedDate":"2024-10-07","isFullCredit":false}],"authorContributionMap":{"louisjoety":5}},{"path":"src/main/java/seedu/exchangecoursemapper/ui/UI.java","fileType":"functional-code","lines":[{"lineNumber":1,"author":{"gitId":"louisjoety"},"content":"package seedu.exchangecoursemapper.ui;","lastModifiedDate":"2024-10-09","isFullCredit":false},{"lineNumber":2,"author":{"gitId":"louisjoety"},"content":"import seedu.exchangecoursemapper.parser.Parser;","lastModifiedDate":"2024-10-09","isFullCredit":false},{"lineNumber":3,"author":{"gitId":"louisjoety"},"content":"","lastModifiedDate":"2024-10-07","isFullCredit":false},{"lineNumber":4,"author":{"gitId":"louisjoety"},"content":"public class UI {","lastModifiedDate":"2024-10-07","isFullCredit":false},{"lineNumber":5,"author":{"gitId":"louisjoety"},"content":"    public void displayGreeting() {","lastModifiedDate":"2024-10-07","isFullCredit":false},{"lineNumber":6,"author":{"gitId":"louisjoety"},"content":"        String greetingMessage \u003d \"LOREM IPSUM\";","lastModifiedDate":"2024-10-07","isFullCredit":false},{"lineNumber":7,"author":{"gitId":"louisjoety"},"content":"        System.out.println(greetingMessage);;","lastModifiedDate":"2024-10-07","isFullCredit":false},{"lineNumber":8,"author":{"gitId":"louisjoety"},"content":"    }","lastModifiedDate":"2024-10-07","isFullCredit":false},{"lineNumber":9,"author":{"gitId":"louisjoety"},"content":"","lastModifiedDate":"2024-10-07","isFullCredit":false},{"lineNumber":10,"author":{"gitId":"louisjoety"},"content":"    public void runChat(Parser parser) {","lastModifiedDate":"2024-10-07","isFullCredit":false},{"lineNumber":11,"author":{"gitId":"louisjoety"},"content":"        String userInput;","lastModifiedDate":"2024-10-07","isFullCredit":false},{"lineNumber":12,"author":{"gitId":"louisjoety"},"content":"        do {","lastModifiedDate":"2024-10-07","isFullCredit":false},{"lineNumber":13,"author":{"gitId":"louisjoety"},"content":"            userInput \u003d parser.getUserInput();","lastModifiedDate":"2024-10-07","isFullCredit":false},{"lineNumber":14,"author":{"gitId":"louisjoety"},"content":"            parser.processUserInput(userInput);","lastModifiedDate":"2024-10-07","isFullCredit":false},{"lineNumber":15,"author":{"gitId":"louisjoety"},"content":"        } while (!userInput.equalsIgnoreCase(\"bye\"));","lastModifiedDate":"2024-10-07","isFullCredit":false},{"lineNumber":16,"author":{"gitId":"louisjoety"},"content":"    }","lastModifiedDate":"2024-10-07","isFullCredit":false},{"lineNumber":17,"author":{"gitId":"louisjoety"},"content":"}","lastModifiedDate":"2024-10-07","isFullCredit":false}],"authorContributionMap":{"louisjoety":17}},{"path":"src/test/java/seedu/exchangecoursemapper/ExchangeCourseMapperTest.java","fileType":"test-code","lines":[{"lineNumber":1,"author":{"gitId":"louisjoety"},"content":"package seedu.exchangecoursemapper;","lastModifiedDate":"2024-10-09","isFullCredit":false},{"lineNumber":2,"author":{"gitId":"-"},"content":"","lastModifiedDate":"2020-05-24","isFullCredit":false},{"lineNumber":3,"author":{"gitId":"-"},"content":"import static org.junit.jupiter.api.Assertions.assertTrue;","lastModifiedDate":"2020-05-24","isFullCredit":false},{"lineNumber":4,"author":{"gitId":"-"},"content":"","lastModifiedDate":"2020-05-24","isFullCredit":false},{"lineNumber":5,"author":{"gitId":"-"},"content":"import org.junit.jupiter.api.Test;","lastModifiedDate":"2020-05-24","isFullCredit":false},{"lineNumber":6,"author":{"gitId":"-"},"content":"","lastModifiedDate":"2020-05-24","isFullCredit":false},{"lineNumber":7,"author":{"gitId":"louisjoety"},"content":"class ExchangeCourseMapperTest {","lastModifiedDate":"2024-10-09","isFullCredit":false},{"lineNumber":8,"author":{"gitId":"-"},"content":"    @Test","lastModifiedDate":"2020-05-24","isFullCredit":false},{"lineNumber":9,"author":{"gitId":"-"},"content":"    public void sampleTest() {","lastModifiedDate":"2020-05-24","isFullCredit":false},{"lineNumber":10,"author":{"gitId":"-"},"content":"        assertTrue(true);","lastModifiedDate":"2020-05-24","isFullCredit":false},{"lineNumber":11,"author":{"gitId":"-"},"content":"    }","lastModifiedDate":"2020-05-24","isFullCredit":false},{"lineNumber":12,"author":{"gitId":"-"},"content":"}","lastModifiedDate":"2020-05-24","isFullCredit":false}],"authorContributionMap":{"-":10,"louisjoety":2}}]
