{"authorDailyContributionsMap":{"chewycj":[{"date":"2024-09-21","commitResults":[{"hash":"b1668fdb4fe0a8d851bc002582eb3c7c9b181998","isMergeCommit":false,"messageTitle":"Update README.md","messageBody":"","fileTypesAndContributionMap":{"docs":{"insertions":1,"deletions":1}}}]},{"date":"2024-10-02","commitResults":[{"hash":"1922de49013f45fdb3b8a9f47ab8413c5f20e10d","isMergeCommit":false,"messageTitle":"Update docs/AboutUs.md file with details","messageBody":"# Conflicts:\n#\tdocs/AboutUs.md\n","fileTypesAndContributionMap":{"docs":{"insertions":1,"deletions":0}}},{"hash":"9922784233b939f5db33f1f0cbfbea156af2b3fd","isMergeCommit":true,"messageTitle":"Merge pull request #4 from Chiang-HuiXin/huixin-AboutUs","messageBody":"","fileTypesAndContributionMap":{}}]},{"date":"2024-10-06","commitResults":[{"hash":"10dcac43ad8956d2c6d0a3dd322328d5dedff67a","isMergeCommit":true,"messageTitle":"Merge branch \u0027master\u0027 of https://github.com/AY2425S1-CS2113-W10-2/tp into branch-Database","messageBody":"# Conflicts:\n#\tdata/database.json\n","fileTypesAndContributionMap":{}}]},{"date":"2024-10-09","commitResults":[{"hash":"2e87884f15085181b171d1933437f7faff6d8ab2","isMergeCommit":true,"messageTitle":"Merge pull request #23 from louisjoety/feature/listing-schools","messageBody":"As a CEG student, I want to list out all the possible schools I can go","fileTypesAndContributionMap":{}},{"hash":"9530462f2c3368232e85e4fbc4cecf0e06f0f7cc","isMergeCommit":true,"messageTitle":"Merge pull request #26 from wahkia/feature/listing-commands","messageBody":"[Feature] Add code for listing commands and refactor welcome message","fileTypesAndContributionMap":{}}]}],"Chiang-HuiXin":[{"date":"2024-10-02","commitResults":[{"hash":"c5be3fc4f7c90452fa7196edf726588b6e84b365","isMergeCommit":false,"messageTitle":"Update AboutUs.md with my info","messageBody":"","fileTypesAndContributionMap":{"docs":{"insertions":3,"deletions":7}}},{"hash":"4f1918f062d7fd206f2e690efc861cce3e6c56fd","isMergeCommit":true,"messageTitle":"Merge branch \u0027master\u0027 of https://github.com/AY2425S1-CS2113-W10-2/tp into huixin-AboutUs","messageBody":"","fileTypesAndContributionMap":{}}]},{"date":"2024-10-07","commitResults":[{"hash":"4f0fa5e5742e937e8e6cfc3e7552d82cc9750a93","isMergeCommit":true,"messageTitle":"Merge branch \u0027master\u0027 of https://github.com/AY2425S1-CS2113-W10-2/tp into branch-Database","messageBody":"# Conflicts:\n#\tdata/database.json\n","fileTypesAndContributionMap":{}},{"hash":"67d65363b67836561bd30b3d2313acdabc116bab","isMergeCommit":false,"messageTitle":"Correct AboutUs.md","messageBody":"Accidentally changed the contents of AboutUs.md\n","fileTypesAndContributionMap":{"docs":{"insertions":7,"deletions":7}}}]}],"hzxnancy":[{"date":"2024-10-02","commitResults":[{"hash":"dc3ab933e81afa01e6ffd3d424273b2a4b65a924","isMergeCommit":false,"messageTitle":"Add personal info in AboutUs.md","messageBody":"","fileTypesAndContributionMap":{"docs":{"insertions":4,"deletions":7}}},{"hash":"b99da7d30283a799d048ad99b0a00319021ec1f2","isMergeCommit":false,"messageTitle":"Add personal info in AboutUs.md","messageBody":"","fileTypesAndContributionMap":{"docs":{"insertions":3,"deletions":3}}},{"hash":"90114f1451c75fcedc48fd4123bdf1a53c5c62d9","isMergeCommit":true,"messageTitle":"Merge branch \u0027master\u0027 of https://github.com/AY2425S1-CS2113-W10-2/tp into Nancy-AboutUs","messageBody":"# Conflicts:\n#\tdocs/AboutUs.md\n","fileTypesAndContributionMap":{}},{"hash":"39f247f980772418f94db35cc83e7537529bf615","isMergeCommit":true,"messageTitle":"Merge pull request #5 from hzxnancy/Nancy-AboutUs","messageBody":"Nancy AboutUs","fileTypesAndContributionMap":{}}]}],"wahkia":[{"date":"2024-10-06","commitResults":[{"hash":"aa397ca7a72c39345cf259893b563eb0b6cd50a4","isMergeCommit":true,"messageTitle":"Merge pull request #1 from louisjoety/improvement/database","messageBody":"[Improvement] Add information into database for Chulalongkorn University","fileTypesAndContributionMap":{}}]},{"date":"2024-10-09","commitResults":[{"hash":"a5a1603dd75d7afaa31f26817c09fdf3aee25274","isMergeCommit":false,"messageTitle":"Add code for listing commands and refactor welcome message","messageBody":"This commit introduces a new command for listing available commands.\nUsers can now view a list of commands with a short description of its\nfunctionality. The parser has been refactored to handle the new command.\nThe UI code has also been refactored to display an eye-catching welcome\nmessage.\n","fileTypesAndContributionMap":{"functional-code":{"insertions":28,"deletions":4}}},{"hash":"27efcb92d5887e2fd73b807c593d7af86f9e6825","isMergeCommit":false,"messageTitle":"Add Javadoc for runChat","messageBody":"","fileTypesAndContributionMap":{"functional-code":{"insertions":7,"deletions":1}}},{"hash":"aa4e86517edf9a0a090f5a11ac298d86f124a87a","isMergeCommit":false,"messageTitle":"Updated test expected output","messageBody":"","fileTypesAndContributionMap":{"functional-code":{"insertions":1,"deletions":1}}}]}],"louisjoety":[{"date":"2024-10-02","commitResults":[{"hash":"639f925cf29815830864b3126bb351c604e9a624","isMergeCommit":false,"messageTitle":"Update first line of AboutUs and remove the other lines","messageBody":"","fileTypesAndContributionMap":{"docs":{"insertions":3,"deletions":7}}},{"hash":"0756d89b7eac7e2198488c4d52dfbcd9d20c6684","isMergeCommit":true,"messageTitle":"Merge pull request #2 from louisjoety/joetienyou-AboutUs","messageBody":"Update details section with my information","fileTypesAndContributionMap":{}},{"hash":"821fbadbdd89d56fc1c0f58eb3a2829caab32823","isMergeCommit":true,"messageTitle":"Merge pull request #3 from chewycj/ChunJia-AboutUs","messageBody":"Update docs/AboutUs.md file with details","fileTypesAndContributionMap":{}}]},{"date":"2024-10-07","commitResults":[{"hash":"65561f75137d74195fe78af68a0260daaf5122b9","isMergeCommit":false,"messageTitle":"Prepare file management and placeholder files for future implementation","messageBody":"","fileTypesAndContributionMap":{"functional-code":{"insertions":20,"deletions":0}}},{"hash":"37edec5680cd74399b808f24e616dc5aa441c83a","isMergeCommit":false,"messageTitle":"Implement a placeholder starting point","messageBody":"","fileTypesAndContributionMap":{"functional-code":{"insertions":51,"deletions":10}}},{"hash":"f65d85d8f93b5e6f25af7bebe37562c7245fe70f","isMergeCommit":true,"messageTitle":"Merge pull request #20 from Chiang-HuiXin/branch-Database","messageBody":"Add data for The Uni of Western Australia","fileTypesAndContributionMap":{}},{"hash":"31d20b57ceaee5b441eea2c05bb12ea7f4227ce7","isMergeCommit":true,"messageTitle":"Merge branch \u0027master\u0027 into project-setup","messageBody":"","fileTypesAndContributionMap":{}},{"hash":"a29b2e7925b6af6c00936df878911afea04b16fa","isMergeCommit":false,"messageTitle":"Add comments for TODOs","messageBody":"","fileTypesAndContributionMap":{"functional-code":{"insertions":3,"deletions":1},"other":{"insertions":3,"deletions":0}}},{"hash":"3095f719bc435406047f3189fd1f0686a07110a9","isMergeCommit":false,"messageTitle":"Remove redundancy","messageBody":"","fileTypesAndContributionMap":{"other":{"insertions":0,"deletions":3}}},{"hash":"b4df57dd08add4f612a841cdf2e0453be486d4ae","isMergeCommit":false,"messageTitle":"Remove unused imports","messageBody":"","fileTypesAndContributionMap":{"functional-code":{"insertions":0,"deletions":2}}},{"hash":"d860a3ef483ad6ec54b36042eb7c13d8fc75eb2f","isMergeCommit":false,"messageTitle":"Add exception case for parser","messageBody":"","fileTypesAndContributionMap":{"functional-code":{"insertions":5,"deletions":1}}},{"hash":"5e8a471a6441d5aef7a2228c39f6c9cd7126215e","isMergeCommit":false,"messageTitle":"Adjust scanner line","messageBody":"","fileTypesAndContributionMap":{"functional-code":{"insertions":5,"deletions":1}}}]},{"date":"2024-10-08","commitResults":[{"hash":"71714a9f9271c3a5fa274d16cf6eb9ad22cf0ece","isMergeCommit":false,"messageTitle":"Adjust parser back","messageBody":"","fileTypesAndContributionMap":{"functional-code":{"insertions":1,"deletions":5}}},{"hash":"629792291cc7b65e081fa94d844612d2f2876250","isMergeCommit":false,"messageTitle":"Implement execution function to list schools","messageBody":"","fileTypesAndContributionMap":{"functional-code":{"insertions":26,"deletions":2},"other":{"insertions":2,"deletions":0}}},{"hash":"569f1d7b67cae20cbb6bdbf271e217b86d1fcd2d","isMergeCommit":false,"messageTitle":"Implement SLAP and function refactoring","messageBody":"","fileTypesAndContributionMap":{"functional-code":{"insertions":17,"deletions":13}}},{"hash":"7d8ab49d6c272131bb4107c2d2a9119b2f2253c1","isMergeCommit":false,"messageTitle":"Fix checkstyle failures based on CI test","messageBody":"","fileTypesAndContributionMap":{"functional-code":{"insertions":2,"deletions":5}}}]},{"date":"2024-10-09","commitResults":[{"hash":"56cae2b735825b76b970e7bae084be6ff454b074","isMergeCommit":false,"messageTitle":"Configure project setup","messageBody":"","fileTypesAndContributionMap":{"other":{"insertions":10,"deletions":6}}},{"hash":"2017489af114e11b071587d4dd72fcd993b72038","isMergeCommit":false,"messageTitle":"Change package name based on project title","messageBody":"","fileTypesAndContributionMap":{"functional-code":{"insertions":13,"deletions":17},"test-code":{"insertions":1,"deletions":1}}},{"hash":"5d5e7f5b53a3581e8d08c5158d3c8a9092e139b2","isMergeCommit":false,"messageTitle":"Extract out magic strings for readability","messageBody":"","fileTypesAndContributionMap":{"functional-code":{"insertions":4,"deletions":2}}}]}]},"authorFileTypeContributionMap":{"chewycj":{"docs":1,"functional-code":0,"test-code":0},"Chiang-HuiXin":{"docs":6,"functional-code":0,"test-code":0},"hzxnancy":{"docs":0,"functional-code":0,"test-code":0},"wahkia":{"docs":0,"functional-code":34,"test-code":0},"louisjoety":{"docs":0,"functional-code":97,"test-code":2,"other":4}},"authorContributionVariance":{"chewycj":0.22750004,"Chiang-HuiXin":13.3600025,"hzxnancy":13.727501,"wahkia":83.79,"louisjoety":822.09},"authorDisplayNameMap":{"chewycj":"CS2113-W10-2 CHIE.. JIA","Chiang-HuiXin":"CS2113-W10-2 CHIA.. XIN","hzxnancy":"CS2113-W10-2 HAN ..ANCY","wahkia":"CS2113-W10-2 GOH .. HAW","louisjoety":"CS2113-W10-2 JOE .. YOU"}}
