{"authorDailyContributionsMap":{"chewycj":[{"date":"2024-09-21","commitResults":[{"hash":"b1668fdb4fe0a8d851bc002582eb3c7c9b181998","isMergeCommit":false,"messageTitle":"Update README.md","messageBody":"","fileTypesAndContributionMap":{"docs":{"insertions":1,"deletions":1}}}]},{"date":"2024-10-02","commitResults":[{"hash":"1922de49013f45fdb3b8a9f47ab8413c5f20e10d","isMergeCommit":false,"messageTitle":"Update docs/AboutUs.md file with details","messageBody":"# Conflicts:\n#\tdocs/AboutUs.md\n","fileTypesAndContributionMap":{"docs":{"insertions":1,"deletions":0}}},{"hash":"9922784233b939f5db33f1f0cbfbea156af2b3fd","isMergeCommit":true,"messageTitle":"Merge pull request #4 from Chiang-HuiXin/huixin-AboutUs","messageBody":"","fileTypesAndContributionMap":{}}]},{"date":"2024-10-06","commitResults":[{"hash":"10dcac43ad8956d2c6d0a3dd322328d5dedff67a","isMergeCommit":true,"messageTitle":"Merge branch \u0027master\u0027 of https://github.com/AY2425S1-CS2113-W10-2/tp into branch-Database","messageBody":"# Conflicts:\n#\tdata/database.json\n","fileTypesAndContributionMap":{}}]},{"date":"2024-10-09","commitResults":[{"hash":"2e87884f15085181b171d1933437f7faff6d8ab2","isMergeCommit":true,"messageTitle":"Merge pull request #23 from louisjoety/feature/listing-schools","messageBody":"As a CEG student, I want to list out all the possible schools I can go","fileTypesAndContributionMap":{}},{"hash":"9530462f2c3368232e85e4fbc4cecf0e06f0f7cc","isMergeCommit":true,"messageTitle":"Merge pull request #26 from wahkia/feature/listing-commands","messageBody":"[Feature] Add code for listing commands and refactor welcome message","fileTypesAndContributionMap":{}}]},{"date":"2024-10-10","commitResults":[{"hash":"1b19643574876b71c3f174e4f9c688b9570129c9","isMergeCommit":false,"messageTitle":"Implement filter courses command","messageBody":"","fileTypesAndContributionMap":{"functional-code":{"insertions":56,"deletions":0}}},{"hash":"6a3fe2e4b5f97fe92b2620254e94db12fa283720","isMergeCommit":false,"messageTitle":"Modify runtest.bat file to test file reading","messageBody":"","fileTypesAndContributionMap":{"other":{"insertions":1,"deletions":0}}},{"hash":"692b8559e540728765f0dda72510ad20c1c3bc6f","isMergeCommit":false,"messageTitle":"Extract strings as named constants","messageBody":"","fileTypesAndContributionMap":{"functional-code":{"insertions":10,"deletions":6}}},{"hash":"def29fdf58683bdd4308c2e4b76781dc76a5b6a5","isMergeCommit":false,"messageTitle":"Add exception handling when filtering courses","messageBody":"","fileTypesAndContributionMap":{"functional-code":{"insertions":12,"deletions":2}}},{"hash":"6743c84d80dfa36e19a4c05b8975911b89441c14","isMergeCommit":false,"messageTitle":"Modify runtest.sh file for IO tests","messageBody":"","fileTypesAndContributionMap":{"other":{"insertions":5,"deletions":1}}},{"hash":"6102b8c175bf99a1d52b8a9460cfcc8b5d07b39a","isMergeCommit":true,"messageTitle":"Merge pull request #29 from Chiang-HuiXin/branch-SchoolName","messageBody":"[Feature] Add code for listing school courses specified by schools","fileTypesAndContributionMap":{}},{"hash":"472bcbf3872c3b629b09fcc1aee2266041e2c60f","isMergeCommit":false,"messageTitle":"Extract constants for commands into a separate file","messageBody":"","fileTypesAndContributionMap":{"functional-code":{"insertions":9,"deletions":0}}},{"hash":"9f3ff0ee4005ff7014a86874d86e8283542bb179","isMergeCommit":false,"messageTitle":"Extract constants for JSON keys into a separate file","messageBody":"","fileTypesAndContributionMap":{"functional-code":{"insertions":10,"deletions":0}}},{"hash":"0938fbda2160ac404203b8f2864e58be07749e84","isMergeCommit":false,"messageTitle":"Extract UI elements into a separate file","messageBody":"","fileTypesAndContributionMap":{"functional-code":{"insertions":5,"deletions":0}}},{"hash":"98ae663090aec208657d303e5aea2905bd67de35","isMergeCommit":false,"messageTitle":"Edit files with named constants","messageBody":"","fileTypesAndContributionMap":{"functional-code":{"insertions":22,"deletions":16}}}]},{"date":"2024-10-11","commitResults":[{"hash":"10c46f7e4dffe0995c9034fdbddd128e1e95f56e","isMergeCommit":true,"messageTitle":"Merge pull request #31 from hzxnancy/Nancy-AddData","messageBody":"[Feature] Implement add course mapping plan for a PU","fileTypesAndContributionMap":{}}]},{"date":"2024-10-12","commitResults":[{"hash":"66bdb686c2b1d25645f47ad737dc7653516629e5","isMergeCommit":true,"messageTitle":"Merge pull request #36 from hzxnancy/Nancy-AddDataTest","messageBody":"[Improvement] Implement JUnit tests for add course mapping","fileTypesAndContributionMap":{}},{"hash":"8afc35a0d1d676fc2e5b768e38b571ba997053e1","isMergeCommit":false,"messageTitle":"Modify user input parsing in Parser class","messageBody":"","fileTypesAndContributionMap":{"functional-code":{"insertions":15,"deletions":7}}},{"hash":"2b0ca41cb414c4abe662d2b0e8311dfca972c114","isMergeCommit":false,"messageTitle":"Parser class: Edit messages to user","messageBody":"","fileTypesAndContributionMap":{"functional-code":{"insertions":12,"deletions":5}}},{"hash":"b80c63592f772341f3089d2cf8ca4c8f00af3473","isMergeCommit":false,"messageTitle":"Parser class: Edit code to pass trimmed input","messageBody":"","fileTypesAndContributionMap":{"functional-code":{"insertions":5,"deletions":5}}},{"hash":"8a1b0b55fd4d9ca7a65f3c0678fa918d6427afc2","isMergeCommit":false,"messageTitle":"Modify code to handle wrong format filter commands","messageBody":"","fileTypesAndContributionMap":{"functional-code":{"insertions":16,"deletions":4}}},{"hash":"20636aeba2bb2b6a78f319fe29d22fc7717a1a13","isMergeCommit":false,"messageTitle":"Modify exception messages in Filter Courses command","messageBody":"","fileTypesAndContributionMap":{"functional-code":{"insertions":37,"deletions":13}}},{"hash":"8487a13a80f70889651ed27a7b0c51fe29fad6f4","isMergeCommit":false,"messageTitle":"Implement JUnit tests for filter courses command","messageBody":"","fileTypesAndContributionMap":{"functional-code":{"insertions":3,"deletions":4},"test-code":{"insertions":168,"deletions":0}}},{"hash":"6bfcd684a9ac4f8c538dc17b06ec0c7c4bdcc6a8","isMergeCommit":false,"messageTitle":"Modify constant string in Regex.java","messageBody":"","fileTypesAndContributionMap":{"functional-code":{"insertions":1,"deletions":1}}}]},{"date":"2024-10-14","commitResults":[{"hash":"f5a8fc62d9dd2b1b6575469bc67fefe55ab86d7e","isMergeCommit":true,"messageTitle":"Merge pull request #47 from Chiang-HuiXin/branch-SchoolNameExceptions","messageBody":"[Improvement] Add more exceptions for ListUniCoursesCommand","fileTypesAndContributionMap":{}}]},{"date":"2024-10-15","commitResults":[{"hash":"59ec9a1ecdd9ef1e7e300d36fefd8dd954a55e04","isMergeCommit":true,"messageTitle":"Merge pull request #49 from louisjoety/bugfix/list-schools","messageBody":"[BugFix] Fix bugs on list schools","tags":["v1.0"],"fileTypesAndContributionMap":{}}]},{"date":"2024-10-16","commitResults":[{"hash":"9b52cd6732c0856aa060aef406a096cb4a355bfa","isMergeCommit":true,"messageTitle":"Merge pull request #51 from louisjoety/improvement/more-assertions-and-logging","messageBody":"[Improvement] Include assertions and logging into List Schools for better error handling","fileTypesAndContributionMap":{}},{"hash":"548b7d51197e733ff5a72ac29527f8a3550d9ab4","isMergeCommit":false,"messageTitle":"Bug fix: Remove repeated spaces in user input","messageBody":"","fileTypesAndContributionMap":{"functional-code":{"insertions":1,"deletions":1}}},{"hash":"c10200c45bdd921f922d28ea998b5d521f99ac46","isMergeCommit":false,"messageTitle":"Migrate exceptions into the Exception class","messageBody":"","fileTypesAndContributionMap":{"functional-code":{"insertions":3,"deletions":11}}},{"hash":"e7d7499c566e26590b491d39c4eb5d978dcd5043","isMergeCommit":false,"messageTitle":"Add assertions to filter courses command","messageBody":"","fileTypesAndContributionMap":{"functional-code":{"insertions":43,"deletions":15}}},{"hash":"a7a9062c1bfe362278eae77b23b413cf18666f66","isMergeCommit":false,"messageTitle":"Extract assertion messages to Assertions.java","messageBody":"","fileTypesAndContributionMap":{"functional-code":{"insertions":5,"deletions":2}}},{"hash":"99ff0a50af5cb1794aec1a966dd15c15448def2b","isMergeCommit":false,"messageTitle":"Modify code to access assertion messages through class","messageBody":"","fileTypesAndContributionMap":{"functional-code":{"insertions":0,"deletions":1}}},{"hash":"1cd54259f9749001a5c265e76d4e9484f78c5ba3","isMergeCommit":false,"messageTitle":"Add logging to filter courses command","messageBody":"","fileTypesAndContributionMap":{"functional-code":{"insertions":9,"deletions":3}}},{"hash":"9a8e655529e3454257ceccc6b4ce49964e8941c9","isMergeCommit":false,"messageTitle":"Refactor code in filter courses command","messageBody":"","fileTypesAndContributionMap":{"functional-code":{"insertions":8,"deletions":4}}}]},{"date":"2024-10-17","commitResults":[{"hash":"2546af651113178b9b991d5fb36e66a0cea15baf","isMergeCommit":false,"messageTitle":"Modify JUnit tests","messageBody":"","fileTypesAndContributionMap":{"test-code":{"insertions":5,"deletions":4}}}]},{"date":"2024-10-20","commitResults":[{"hash":"9b3ce9c6e698ac90fabf4ea19451b9d6e5e1d1bf","isMergeCommit":false,"messageTitle":"Modify code to parse database from resource folder","messageBody":"","fileTypesAndContributionMap":{"functional-code":{"insertions":24,"deletions":27}}},{"hash":"c7e16d05f34a894e60507b702723456137860070","isMergeCommit":false,"messageTitle":"Remove unused imports","messageBody":"","fileTypesAndContributionMap":{"functional-code":{"insertions":0,"deletions":14}}},{"hash":"145aef82d85f97227536ece4dd8e923058baaca5","isMergeCommit":false,"messageTitle":"Modify exceptions in commands","messageBody":"","fileTypesAndContributionMap":{"functional-code":{"insertions":43,"deletions":13}}},{"hash":"11ebaaaeda3620c873fec0b0e5b3b304884d33ce","isMergeCommit":false,"messageTitle":"Command.java: Fix checkstyle errors","messageBody":"","fileTypesAndContributionMap":{"functional-code":{"insertions":2,"deletions":2}}},{"hash":"fad09c835945e2930c3e97eab7cd62b021217778","isMergeCommit":false,"messageTitle":"Modify code to pass checkstyle test","messageBody":"","fileTypesAndContributionMap":{"functional-code":{"insertions":0,"deletions":4}}},{"hash":"b2cab24f91bca1d1cac8ba3b4f6b9f9869a18637","isMergeCommit":false,"messageTitle":"Remove unused imports","messageBody":"","fileTypesAndContributionMap":{"functional-code":{"insertions":0,"deletions":2}}}]},{"date":"2024-10-23","commitResults":[{"hash":"5e1b3e87c6ebc195ecb8e472617e86283877cc18","isMergeCommit":true,"messageTitle":"Merge pull request #75 from hzxnancy/CheckDatabase","messageBody":"[Improvement] Change storage to store course instead of string","fileTypesAndContributionMap":{}}]}],"Chiang-HuiXin":[{"date":"2024-10-02","commitResults":[{"hash":"c5be3fc4f7c90452fa7196edf726588b6e84b365","isMergeCommit":false,"messageTitle":"Update AboutUs.md with my info","messageBody":"","fileTypesAndContributionMap":{"docs":{"insertions":3,"deletions":7}}},{"hash":"4f1918f062d7fd206f2e690efc861cce3e6c56fd","isMergeCommit":true,"messageTitle":"Merge branch \u0027master\u0027 of https://github.com/AY2425S1-CS2113-W10-2/tp into huixin-AboutUs","messageBody":"","fileTypesAndContributionMap":{}}]},{"date":"2024-10-07","commitResults":[{"hash":"4f0fa5e5742e937e8e6cfc3e7552d82cc9750a93","isMergeCommit":true,"messageTitle":"Merge branch \u0027master\u0027 of https://github.com/AY2425S1-CS2113-W10-2/tp into branch-Database","messageBody":"# Conflicts:\n#\tdata/database.json\n","fileTypesAndContributionMap":{}},{"hash":"67d65363b67836561bd30b3d2313acdabc116bab","isMergeCommit":false,"messageTitle":"Correct AboutUs.md","messageBody":"Accidentally changed the contents of AboutUs.md\n","fileTypesAndContributionMap":{"docs":{"insertions":7,"deletions":7}}}]},{"date":"2024-10-10","commitResults":[{"hash":"303fd13dca964d21adaa4993bb093c738fc32edf","isMergeCommit":true,"messageTitle":"Merge pull request #27 from chewycj/branch-FilterCourses","messageBody":"[Feature] Add code for filtering courses and allow for reading of JSON file in runtest.bat","fileTypesAndContributionMap":{}},{"hash":"28c7c979b00bb1ce448caa507543fffb30c725e3","isMergeCommit":false,"messageTitle":"Implement ListUniCoursesCommand to list course of PUs and NUS","messageBody":"- Read Json file and retrieve course by university name\n- getPuName method extracts university name from user input\n- getUnicourses method displays all the courses of PUs and the\nmapable NUS courses\n","fileTypesAndContributionMap":{"functional-code":{"insertions":74,"deletions":0}}},{"hash":"137b2e0f70bb87727161cf4d7e22dd49bea01526","isMergeCommit":false,"messageTitle":"Update Parser to include ListUniCoursesCommand","messageBody":"","fileTypesAndContributionMap":{"functional-code":{"insertions":4,"deletions":0}}},{"hash":"378e90f7337e907fa2586e5542d78c5abf1a452b","isMergeCommit":false,"messageTitle":"Revert changes to runtest files","messageBody":"","fileTypesAndContributionMap":{"other":{"insertions":1,"deletions":6}}}]},{"date":"2024-10-12","commitResults":[{"hash":"618ae3019280ed7db593459bb76441c805aa3a91","isMergeCommit":false,"messageTitle":"Implement JUnit test for getPuName method","messageBody":"","fileTypesAndContributionMap":{"test-code":{"insertions":37,"deletions":0}}},{"hash":"75cc5e26e3d87ffbcad286baab364f123eaa775e","isMergeCommit":false,"messageTitle":"Implement JUnit test for getUniCourses method","messageBody":"","fileTypesAndContributionMap":{"test-code":{"insertions":53,"deletions":0}}},{"hash":"22f7ef0e2c939fc19552de01b1e27a9ef1ddddeb","isMergeCommit":false,"messageTitle":"Implement JUnit tests for execute method","messageBody":"","fileTypesAndContributionMap":{"test-code":{"insertions":35,"deletions":1}}},{"hash":"d720f5ab4c36094bfe77d6cf43ebb13ac80569bf","isMergeCommit":true,"messageTitle":"Merge pull request #43 from wahkia/feature/add-junit-list-commands","messageBody":"Add JUnit tests for  listing commands","fileTypesAndContributionMap":{}},{"hash":"5f9c6e8d345ad7d738419180b6d5411e0327ab84","isMergeCommit":true,"messageTitle":"Merge pull request #44 from chewycj/branch-FilterCoursesExceptions","messageBody":"[Improvement] Modify code to handle wrong format filter commands","fileTypesAndContributionMap":{}},{"hash":"64bf6df72052660891557d673e50c7fbfc668670","isMergeCommit":false,"messageTitle":"Add new exception class for ListUniCoursesCommand","messageBody":"UnknownUniversityException is an exception class that extends\njava.lang.Exception and is responsible for cases where the user inputs\nuniversity that does not exist in the database\n","fileTypesAndContributionMap":{"functional-code":{"insertions":7,"deletions":0}}},{"hash":"b6850b665debfd2b101648f775018512e8d9678d","isMergeCommit":false,"messageTitle":"Update ListUniCoursesCommand to include more exceptions","messageBody":"Add exception for when\n- University name is not provided\n- University name provided not in database\n- Data for the specific university is missing in the database\n","fileTypesAndContributionMap":{"functional-code":{"insertions":15,"deletions":6}}},{"hash":"eee84e999adfaf72da500ccb618a8b31e8416b8d","isMergeCommit":false,"messageTitle":"Update JUnit test for ListUniCoursesCommand","messageBody":"Includes exceptions in tests.\n","fileTypesAndContributionMap":{"test-code":{"insertions":22,"deletions":22}}},{"hash":"aa32c028d5b3dc2c1b92b0e69b5a596720f74e20","isMergeCommit":false,"messageTitle":"Remove wildcards in ListUniCoursesCommandTest","messageBody":"","fileTypesAndContributionMap":{"test-code":{"insertions":4,"deletions":1}}}]},{"date":"2024-10-17","commitResults":[{"hash":"7927a1dcfeddd975c1684b46daf097531d25cf25","isMergeCommit":false,"messageTitle":"Add assertions and loggings for ListUniCoursesCommand","messageBody":"","fileTypesAndContributionMap":{"functional-code":{"insertions":32,"deletions":6}}},{"hash":"28b1701bf897868d3a6601e8c20b4b0143f7110d","isMergeCommit":false,"messageTitle":"Modify Assertions.java and Logs.java","messageBody":"To include new constants from ListUniCoursesCommand\n","fileTypesAndContributionMap":{"functional-code":{"insertions":15,"deletions":2}}},{"hash":"0da040ce2601afeb605e086f2d557fb5e5ffc0ac","isMergeCommit":true,"messageTitle":"Merge branch \u0027master\u0027 of https://github.com/AY2425S1-CS2113-W10-2/tp into branch-SchoolNameV3","messageBody":"# Conflicts:\n#\tsrc/main/java/seedu/exchangecoursemapper/constants/Logs.java\n","fileTypesAndContributionMap":{}}]}],"hzxnancy":[{"date":"2024-10-02","commitResults":[{"hash":"dc3ab933e81afa01e6ffd3d424273b2a4b65a924","isMergeCommit":false,"messageTitle":"Add personal info in AboutUs.md","messageBody":"","fileTypesAndContributionMap":{"docs":{"insertions":4,"deletions":7}}},{"hash":"b99da7d30283a799d048ad99b0a00319021ec1f2","isMergeCommit":false,"messageTitle":"Add personal info in AboutUs.md","messageBody":"","fileTypesAndContributionMap":{"docs":{"insertions":3,"deletions":3}}},{"hash":"90114f1451c75fcedc48fd4123bdf1a53c5c62d9","isMergeCommit":true,"messageTitle":"Merge branch \u0027master\u0027 of https://github.com/AY2425S1-CS2113-W10-2/tp into Nancy-AboutUs","messageBody":"# Conflicts:\n#\tdocs/AboutUs.md\n","fileTypesAndContributionMap":{}},{"hash":"39f247f980772418f94db35cc83e7537529bf615","isMergeCommit":true,"messageTitle":"Merge pull request #5 from hzxnancy/Nancy-AboutUs","messageBody":"Nancy AboutUs","fileTypesAndContributionMap":{}}]},{"date":"2024-10-10","commitResults":[{"hash":"462f63617058d87c1e52e588db6178b4f03e03d9","isMergeCommit":false,"messageTitle":"Implement add courses function","messageBody":"","fileTypesAndContributionMap":{"functional-code":{"insertions":51,"deletions":0}}},{"hash":"3f06eea5c4a74f9a37b2d6e429a24198bb235d27","isMergeCommit":false,"messageTitle":"Create storage for saved course mappings","messageBody":"","fileTypesAndContributionMap":{"functional-code":{"insertions":6,"deletions":0}}},{"hash":"4bc621649c46e504b966b2cfdb10a469002e71b9","isMergeCommit":false,"messageTitle":"Add exceptions for storing course mappings","messageBody":"","fileTypesAndContributionMap":{"functional-code":{"insertions":35,"deletions":16}}}]},{"date":"2024-10-11","commitResults":[{"hash":"31223feb478697090ec906c1747d6d53a71dc506","isMergeCommit":false,"messageTitle":"Edit list of commands to include add course method","messageBody":"","fileTypesAndContributionMap":{"functional-code":{"insertions":2,"deletions":1}}},{"hash":"c89321867f9df6f948365ee1b82c70b9a8a8c37d","isMergeCommit":true,"messageTitle":"Merge branch \u0027master\u0027 of https://github.com/AY2425S1-CS2113-W10-2/tp into Nancy-AddData","messageBody":"# Conflicts:\n#\tsrc/main/java/seedu/exchangecoursemapper/parser/Parser.java\n","fileTypesAndContributionMap":{}},{"hash":"c0e77eda376ab040865eb0d709e7dc27da138064","isMergeCommit":false,"messageTitle":"Change keywords for clarity","messageBody":"","fileTypesAndContributionMap":{"functional-code":{"insertions":4,"deletions":4}}}]},{"date":"2024-10-12","commitResults":[{"hash":"5b48b0a5544bce9071ca49ca5a1c3312742db4e8","isMergeCommit":true,"messageTitle":"Merge pull request #33 from louisjoety/improvement/junit-list-schools","messageBody":"[Improvement] Implement J-unit test into test code ","fileTypesAndContributionMap":{}},{"hash":"7da4074c495fbde9ffab0e9a3584a64df8b6cf90","isMergeCommit":false,"messageTitle":"Add JUnit tests for trimString method","messageBody":"","fileTypesAndContributionMap":{"test-code":{"insertions":47,"deletions":0}}},{"hash":"d8acf631066aacca52fcf8cafc83c86185828efd","isMergeCommit":false,"messageTitle":"Add tests for parseAddCommand method","messageBody":"","fileTypesAndContributionMap":{"test-code":{"insertions":63,"deletions":9}}},{"hash":"f9fc477d0a546f3aa5434f665efaa3455cec5527","isMergeCommit":false,"messageTitle":"Add more exceptions for error handling","messageBody":"","fileTypesAndContributionMap":{"functional-code":{"insertions":15,"deletions":10}}},{"hash":"68cd15f5595694034667640b23d38743920339e0","isMergeCommit":false,"messageTitle":"Remove wildcards","messageBody":"","fileTypesAndContributionMap":{"test-code":{"insertions":4,"deletions":1}}},{"hash":"52ba0e4d751ddf5091ada31afcf7a003666ee137","isMergeCommit":false,"messageTitle":"Add setUp() function","messageBody":"","fileTypesAndContributionMap":{"test-code":{"insertions":13,"deletions":4}}}]},{"date":"2024-10-17","commitResults":[{"hash":"401cac0a4260999bb256ba11ecbab683208d1017","isMergeCommit":true,"messageTitle":"Merge pull request #53 from chewycj/branch-MoreErrorHandling","messageBody":"[Improvement] Migrate exceptions, include assertions and logging into Filter Courses for better error handling","fileTypesAndContributionMap":{}},{"hash":"0e7ec72b28adf3d0f3c0e2767f709c5bfbfaed6e","isMergeCommit":true,"messageTitle":"Merge pull request #55 from wahkia/feature/add-logging-assertions","messageBody":"Add logging assertions to ListCommandsCommand and Parser classes","fileTypesAndContributionMap":{}},{"hash":"e48c22615982de58fc1a0a3e6991d79d0e62b9f7","isMergeCommit":true,"messageTitle":"Merge pull request #57 from Chiang-HuiXin/branch-SchoolNameV3","messageBody":"[Improvement] Add logging and assertion for ListUniCoursesCommand","fileTypesAndContributionMap":{}},{"hash":"7a532709969e6f6fc033f2e29c80b639e0bbb461","isMergeCommit":false,"messageTitle":"Add logging for AddCoursesCommand","messageBody":"","fileTypesAndContributionMap":{"functional-code":{"insertions":15,"deletions":0}}},{"hash":"b4e66b8db4904a2aa5a9c98496b59dea023ad40a","isMergeCommit":false,"messageTitle":"Extract constants for logging","messageBody":"","fileTypesAndContributionMap":{"functional-code":{"insertions":23,"deletions":11}}},{"hash":"445925f3ae1f9f93ca3f45b18ae45fc291f44e2e","isMergeCommit":false,"messageTitle":"Add assertions for error handling","messageBody":"","fileTypesAndContributionMap":{"functional-code":{"insertions":9,"deletions":2}}},{"hash":"74bd1d0533f061b03090e8d9c2517f78e2d727d9","isMergeCommit":false,"messageTitle":"Extract assertion messages as constants","messageBody":"","fileTypesAndContributionMap":{"functional-code":{"insertions":10,"deletions":4}}},{"hash":"285ad1508b038ab1958ba7123a0ae8e78a89b29f","isMergeCommit":false,"messageTitle":"Reformat code","messageBody":"","fileTypesAndContributionMap":{"functional-code":{"insertions":2,"deletions":1}}},{"hash":"eff5c07cb1d420fdb8afa5b6363756ffe7575240","isMergeCommit":false,"messageTitle":"Remove assertions that conflict with exceptions","messageBody":"","fileTypesAndContributionMap":{"functional-code":{"insertions":3,"deletions":6},"test-code":{"insertions":2,"deletions":1}}},{"hash":"d0483f27111f6c39252f72d6fe5f2228b2111ff5","isMergeCommit":false,"messageTitle":"End file on a new line","messageBody":"","fileTypesAndContributionMap":{"functional-code":{"insertions":1,"deletions":1},"test-code":{"insertions":2,"deletions":1}}}]},{"date":"2024-10-18","commitResults":[{"hash":"66f5752bdb27a75dd4c9bd98eb74890ab8f5cb29","isMergeCommit":true,"messageTitle":"Merge pull request #59 from hzxnancy/AssertionsAndLogging","messageBody":"[Improvement] Add assertions and loggings for AddCoursesCommand","fileTypesAndContributionMap":{}}]},{"date":"2024-10-21","commitResults":[{"hash":"f883a525953a9a04ce29b4593854427eb5c85e59","isMergeCommit":true,"messageTitle":"Merge pull request #63 from chewycj/branch-AddDatabaseResource","messageBody":"[Improvement] Add database as a resource to the JAR file","fileTypesAndContributionMap":{}}]},{"date":"2024-10-23","commitResults":[{"hash":"b496f929543048581f3e491ac1f922ef520e2d94","isMergeCommit":false,"messageTitle":"Add Course class for storage","messageBody":"","fileTypesAndContributionMap":{"functional-code":{"insertions":30,"deletions":0}}},{"hash":"5ae22eafdba144f153f8f7c28362c0f0eaeacf6d","isMergeCommit":false,"messageTitle":"Add course class for storage","messageBody":"","fileTypesAndContributionMap":{"functional-code":{"insertions":8,"deletions":6}}}]}],"wahkia":[{"date":"2024-10-06","commitResults":[{"hash":"aa397ca7a72c39345cf259893b563eb0b6cd50a4","isMergeCommit":true,"messageTitle":"Merge pull request #1 from louisjoety/improvement/database","messageBody":"[Improvement] Add information into database for Chulalongkorn University","fileTypesAndContributionMap":{}}]},{"date":"2024-10-09","commitResults":[{"hash":"a5a1603dd75d7afaa31f26817c09fdf3aee25274","isMergeCommit":false,"messageTitle":"Add code for listing commands and refactor welcome message","messageBody":"This commit introduces a new command for listing available commands.\nUsers can now view a list of commands with a short description of its\nfunctionality. The parser has been refactored to handle the new command.\nThe UI code has also been refactored to display an eye-catching welcome\nmessage.\n","fileTypesAndContributionMap":{"functional-code":{"insertions":28,"deletions":4}}},{"hash":"27efcb92d5887e2fd73b807c593d7af86f9e6825","isMergeCommit":false,"messageTitle":"Add Javadoc for runChat","messageBody":"","fileTypesAndContributionMap":{"functional-code":{"insertions":7,"deletions":1}}},{"hash":"aa4e86517edf9a0a090f5a11ac298d86f124a87a","isMergeCommit":false,"messageTitle":"Updated test expected output","messageBody":"","fileTypesAndContributionMap":{"functional-code":{"insertions":1,"deletions":1}}}]},{"date":"2024-10-12","commitResults":[{"hash":"7bb17f02f691b4b716cfc181746c76c910d2d62b","isMergeCommit":true,"messageTitle":"Merge pull request #40 from chewycj/branch-Parser","messageBody":"[Improvement] Modify user input parsing in Parser class","fileTypesAndContributionMap":{}},{"hash":"82a5cb5550dc0e8158af0e753a01d0fbec8e7a6a","isMergeCommit":true,"messageTitle":"Merge pull request #41 from Chiang-HuiXin/branch-SchoolNameV2","messageBody":"[Improvement] Implement JUnit tests for listing school courses","fileTypesAndContributionMap":{}},{"hash":"9ad29d619079aeff2db37b660ddb28741fccae9b","isMergeCommit":false,"messageTitle":"Add JUnit tests for  listing commands","messageBody":"Verifying the output of the ListCommandsCommand to ensure all commands are listed correctly.\nCaptured system output using ByteArrayOutputStream for assertion of printed messages.\n","fileTypesAndContributionMap":{"test-code":{"insertions":40,"deletions":0}}}]},{"date":"2024-10-17","commitResults":[{"hash":"d07cf9932fd6d4c96046e98e396b56b27f2579d6","isMergeCommit":false,"messageTitle":"Add logging and assertions to Parser class","messageBody":"- Added logging to track user input and command execution flow.\n- Introduced assertions to ensure user input is not null and input details are not empty after splitting.\n- Enhanced error tracking by logging invalid commands.\n- Improved visibility and error detection during runtime.\n","fileTypesAndContributionMap":{"functional-code":{"insertions":22,"deletions":0}}},{"hash":"c017c77618f585eda08db4cba541d63b763fa2d0","isMergeCommit":false,"messageTitle":"Add logging ListCommandsCommand class","messageBody":"- Added logging to track user input and command execution flow.\n- Enhanced error tracking by logging invalid commands.\n- Improved visibility and error detection during runtime.\n","fileTypesAndContributionMap":{"functional-code":{"insertions":10,"deletions":1}}},{"hash":"b6531db1edf143b91be0d51bdb34e91ba3f08a12","isMergeCommit":false,"messageTitle":"Refactor Parser class Logging","messageBody":"This adheres to the principle of separation of concerns,\nwhere each class is responsible for its own behavior.\n","fileTypesAndContributionMap":{"functional-code":{"insertions":0,"deletions":6}}},{"hash":"a48e23f9d2012d70ac370e719d7c936286116fb5","isMergeCommit":false,"messageTitle":"Refactor output strings to logs class","messageBody":"- Moved all hardcoded output strings from the Parser class to the logs class.\n- Improved maintainability by centralizing message management in the logs class (Messages.java).\n- Ensured consistency and easier future updates to output messages.\n","fileTypesAndContributionMap":{"functional-code":{"insertions":12,"deletions":4}}}]}],"louisjoety":[{"date":"2024-10-02","commitResults":[{"hash":"639f925cf29815830864b3126bb351c604e9a624","isMergeCommit":false,"messageTitle":"Update first line of AboutUs and remove the other lines","messageBody":"","fileTypesAndContributionMap":{"docs":{"insertions":3,"deletions":7}}},{"hash":"0756d89b7eac7e2198488c4d52dfbcd9d20c6684","isMergeCommit":true,"messageTitle":"Merge pull request #2 from louisjoety/joetienyou-AboutUs","messageBody":"Update details section with my information","fileTypesAndContributionMap":{}},{"hash":"821fbadbdd89d56fc1c0f58eb3a2829caab32823","isMergeCommit":true,"messageTitle":"Merge pull request #3 from chewycj/ChunJia-AboutUs","messageBody":"Update docs/AboutUs.md file with details","fileTypesAndContributionMap":{}}]},{"date":"2024-10-07","commitResults":[{"hash":"65561f75137d74195fe78af68a0260daaf5122b9","isMergeCommit":false,"messageTitle":"Prepare file management and placeholder files for future implementation","messageBody":"","fileTypesAndContributionMap":{"functional-code":{"insertions":20,"deletions":0}}},{"hash":"37edec5680cd74399b808f24e616dc5aa441c83a","isMergeCommit":false,"messageTitle":"Implement a placeholder starting point","messageBody":"","fileTypesAndContributionMap":{"functional-code":{"insertions":51,"deletions":10}}},{"hash":"f65d85d8f93b5e6f25af7bebe37562c7245fe70f","isMergeCommit":true,"messageTitle":"Merge pull request #20 from Chiang-HuiXin/branch-Database","messageBody":"Add data for The Uni of Western Australia","fileTypesAndContributionMap":{}},{"hash":"31d20b57ceaee5b441eea2c05bb12ea7f4227ce7","isMergeCommit":true,"messageTitle":"Merge branch \u0027master\u0027 into project-setup","messageBody":"","fileTypesAndContributionMap":{}},{"hash":"a29b2e7925b6af6c00936df878911afea04b16fa","isMergeCommit":false,"messageTitle":"Add comments for TODOs","messageBody":"","fileTypesAndContributionMap":{"functional-code":{"insertions":3,"deletions":1},"other":{"insertions":3,"deletions":0}}},{"hash":"3095f719bc435406047f3189fd1f0686a07110a9","isMergeCommit":false,"messageTitle":"Remove redundancy","messageBody":"","fileTypesAndContributionMap":{"other":{"insertions":0,"deletions":3}}},{"hash":"b4df57dd08add4f612a841cdf2e0453be486d4ae","isMergeCommit":false,"messageTitle":"Remove unused imports","messageBody":"","fileTypesAndContributionMap":{"functional-code":{"insertions":0,"deletions":2}}},{"hash":"d860a3ef483ad6ec54b36042eb7c13d8fc75eb2f","isMergeCommit":false,"messageTitle":"Add exception case for parser","messageBody":"","fileTypesAndContributionMap":{"functional-code":{"insertions":5,"deletions":1}}},{"hash":"5e8a471a6441d5aef7a2228c39f6c9cd7126215e","isMergeCommit":false,"messageTitle":"Adjust scanner line","messageBody":"","fileTypesAndContributionMap":{"functional-code":{"insertions":5,"deletions":1}}}]},{"date":"2024-10-08","commitResults":[{"hash":"71714a9f9271c3a5fa274d16cf6eb9ad22cf0ece","isMergeCommit":false,"messageTitle":"Adjust parser back","messageBody":"","fileTypesAndContributionMap":{"functional-code":{"insertions":1,"deletions":5}}},{"hash":"629792291cc7b65e081fa94d844612d2f2876250","isMergeCommit":false,"messageTitle":"Implement execution function to list schools","messageBody":"","fileTypesAndContributionMap":{"functional-code":{"insertions":26,"deletions":2},"other":{"insertions":2,"deletions":0}}},{"hash":"569f1d7b67cae20cbb6bdbf271e217b86d1fcd2d","isMergeCommit":false,"messageTitle":"Implement SLAP and function refactoring","messageBody":"","fileTypesAndContributionMap":{"functional-code":{"insertions":17,"deletions":13}}},{"hash":"7d8ab49d6c272131bb4107c2d2a9119b2f2253c1","isMergeCommit":false,"messageTitle":"Fix checkstyle failures based on CI test","messageBody":"","fileTypesAndContributionMap":{"functional-code":{"insertions":2,"deletions":5}}}]},{"date":"2024-10-09","commitResults":[{"hash":"56cae2b735825b76b970e7bae084be6ff454b074","isMergeCommit":false,"messageTitle":"Configure project setup","messageBody":"","fileTypesAndContributionMap":{"other":{"insertions":10,"deletions":6}}},{"hash":"2017489af114e11b071587d4dd72fcd993b72038","isMergeCommit":false,"messageTitle":"Change package name based on project title","messageBody":"","fileTypesAndContributionMap":{"functional-code":{"insertions":13,"deletions":17},"test-code":{"insertions":1,"deletions":1}}},{"hash":"5d5e7f5b53a3581e8d08c5158d3c8a9092e139b2","isMergeCommit":false,"messageTitle":"Extract out magic strings for readability","messageBody":"","fileTypesAndContributionMap":{"functional-code":{"insertions":4,"deletions":2}}}]},{"date":"2024-10-10","commitResults":[{"hash":"56b579ae2cc93b8a0fce80d55b17672987a74568","isMergeCommit":false,"messageTitle":"Prepare unit test for list schools","messageBody":"","fileTypesAndContributionMap":{"test-code":{"insertions":17,"deletions":0}}},{"hash":"a85a2d58c8327e7df0650e164bffedfa96c7c18e","isMergeCommit":false,"messageTitle":"Implement successful printing unit test for list schools","messageBody":"","fileTypesAndContributionMap":{"test-code":{"insertions":21,"deletions":1}}},{"hash":"987386a435ac4c751dd627835b36cfb926730dc1","isMergeCommit":true,"messageTitle":"Merge branch \u0027master\u0027 into improvement/junit-list-schools","messageBody":"","fileTypesAndContributionMap":{}},{"hash":"4b14318fe5b20d5c944144149bad13707a37eb52","isMergeCommit":true,"messageTitle":"Merge pull request #30 from chewycj/branch-Constants","messageBody":"[Improvement] Extract constants from code","fileTypesAndContributionMap":{}}]},{"date":"2024-10-11","commitResults":[{"hash":"eb9b90d7c1f4b26a0beaafeaedc1d153292b2eaa","isMergeCommit":true,"messageTitle":"Merge branch \u0027master\u0027 into improvement/junit-list-schools","messageBody":"","fileTypesAndContributionMap":{}},{"hash":"e536d90314e746936e5c3867528fe2fd5495c0b3","isMergeCommit":false,"messageTitle":"Remove unnecessary imports to pass checkstyle","messageBody":"","fileTypesAndContributionMap":{"test-code":{"insertions":1,"deletions":1}}}]},{"date":"2024-10-12","commitResults":[{"hash":"d610c0f1b869fb070b78d703ca1fc17f5e4d6a94","isMergeCommit":false,"messageTitle":"Include logger messages into list schools function","messageBody":"","fileTypesAndContributionMap":{"functional-code":{"insertions":10,"deletions":1}}},{"hash":"29ee775f8e5a05f314c5234296dc24c13f9df245","isMergeCommit":false,"messageTitle":"Include assertions to list schools function","messageBody":"","fileTypesAndContributionMap":{"functional-code":{"insertions":3,"deletions":0}}},{"hash":"14237037e0bdd6ff96e5fd8531202ec8bbc2c5b9","isMergeCommit":true,"messageTitle":"Merge pull request #46 from chewycj/branch-JUnitTests","messageBody":"","fileTypesAndContributionMap":{}}]},{"date":"2024-10-13","commitResults":[{"hash":"ee3e05e03284c40538cc43407f9dc5fc09f2a91c","isMergeCommit":true,"messageTitle":"Merge branch \u0027master\u0027 into improvement/more-assertions-and-logging","messageBody":"","fileTypesAndContributionMap":{}},{"hash":"d559c48460b61716a05a98efa64e1de3ba695123","isMergeCommit":false,"messageTitle":"Migrate exit message for consistency","messageBody":"","fileTypesAndContributionMap":{"functional-code":{"insertions":9,"deletions":3}}},{"hash":"602355eddedfc28cbf323b8b0ccfd25a4ce7a0fb","isMergeCommit":false,"messageTitle":"Improve function naming and consistency in file structure","messageBody":"","fileTypesAndContributionMap":{"functional-code":{"insertions":9,"deletions":5},"test-code":{"insertions":8,"deletions":8}}},{"hash":"7b5a09dbd700e62cb41fdc5cfb23b1f0a61518ed","isMergeCommit":false,"messageTitle":"Add line seperator across features","messageBody":"","fileTypesAndContributionMap":{"functional-code":{"insertions":8,"deletions":0}}},{"hash":"8176b9646065c512757947039b0ee487664b3bcd","isMergeCommit":false,"messageTitle":"Moved exception handling messages to Exception file for consistency","messageBody":"","fileTypesAndContributionMap":{"functional-code":{"insertions":22,"deletions":6}}},{"hash":"9cedda8e37f802e86106c1f1d580df8ce5172f16","isMergeCommit":false,"messageTitle":"Remove loose comments","messageBody":"","fileTypesAndContributionMap":{"functional-code":{"insertions":1,"deletions":5}}}]},{"date":"2024-10-14","commitResults":[{"hash":"977a3156e8257397a5fd1511e6b5d7a6d5b0e4c3","isMergeCommit":true,"messageTitle":"Resolved merge conflicts","messageBody":"","fileTypesAndContributionMap":{}},{"hash":"170309ce252059faeec2d9e7a123f37a810d6643","isMergeCommit":false,"messageTitle":"Handle exceptions gracefully via inheritance","messageBody":"","fileTypesAndContributionMap":{"functional-code":{"insertions":1,"deletions":1}}},{"hash":"c79c9a2f18360b266c33c8bb20510e8156b0371a","isMergeCommit":true,"messageTitle":"Merge branch \u0027master\u0027 into improvement/more-assertions-and-logging","messageBody":"","fileTypesAndContributionMap":{}},{"hash":"c60ad92d40a2ec52e65312a2d9ab8dce1ec71339","isMergeCommit":false,"messageTitle":"Fix checkstyle for CI/CD","messageBody":"","fileTypesAndContributionMap":{"functional-code":{"insertions":1,"deletions":1}}}]},{"date":"2024-10-15","commitResults":[{"hash":"6298944e057df977c73fa06467e772d2863f9ada","isMergeCommit":true,"messageTitle":"Merge branch \u0027master\u0027 into improvement/more-assertions-and-logging","messageBody":"","fileTypesAndContributionMap":{}},{"hash":"cdcc8caac6459478e27e20a05fd647197027ac5e","isMergeCommit":false,"messageTitle":"Migrate assertion comments to constant file","messageBody":"","fileTypesAndContributionMap":{"functional-code":{"insertions":13,"deletions":2}}},{"hash":"e22971b4103725cd5f3260455302a2bf92f2827f","isMergeCommit":false,"messageTitle":"Migrate logs comments to constant file","messageBody":"","fileTypesAndContributionMap":{"functional-code":{"insertions":13,"deletions":5}}},{"hash":"0977e1c08fb986398652f058031d60b5f96508c6","isMergeCommit":false,"messageTitle":"Fix checkstyle errors","messageBody":"","fileTypesAndContributionMap":{"functional-code":{"insertions":2,"deletions":2}}}]},{"date":"2024-10-16","commitResults":[{"hash":"7eb50a09d4aefcdd666e8af52270703c483d4f78","isMergeCommit":false,"messageTitle":"Enable assertions in gradle files","messageBody":"","fileTypesAndContributionMap":{"other":{"insertions":1,"deletions":1}}}]},{"date":"2024-10-20","commitResults":[{"hash":"70038e7f6616bd163542c559e4c907a24f54cabc","isMergeCommit":false,"messageTitle":"Update user stories in developer guide","messageBody":"","fileTypesAndContributionMap":{"docs":{"insertions":5,"deletions":4}}},{"hash":"7aa0feb447a349e05593a9b0a95566dad4aa373d","isMergeCommit":false,"messageTitle":"Update non-functional requirements for developer guide","messageBody":"","fileTypesAndContributionMap":{"docs":{"insertions":3,"deletions":1}}},{"hash":"a56e219feb466944d50ad364724dd800a04d17c2","isMergeCommit":false,"messageTitle":"Update DG with list schools and obtain function","messageBody":"","fileTypesAndContributionMap":{"docs":{"insertions":5,"deletions":1}}}]},{"date":"2024-10-21","commitResults":[{"hash":"07751aceda47d8bf9145519f646a661df3d0b80d","isMergeCommit":true,"messageTitle":"Merge branch \u0027master\u0027 into improvement/developer-guide-v1","messageBody":"","fileTypesAndContributionMap":{}}]},{"date":"2024-10-22","commitResults":[{"hash":"a09c80bf5f31c036b4728a6f85bc52fa372e4cc8","isMergeCommit":true,"messageTitle":"Merge branch \u0027master\u0027 into improvement/contacts-in-database","messageBody":"","fileTypesAndContributionMap":{}},{"hash":"150495b0cc09cfe5aa03191d0f4f9f464b6731cd","isMergeCommit":false,"messageTitle":"Include List Schools overview","messageBody":"","fileTypesAndContributionMap":{"docs":{"insertions":9,"deletions":0}}},{"hash":"e19dac05e8aa41d19beef321716e2de98e6b081d","isMergeCommit":false,"messageTitle":"Include implementation details","messageBody":"","fileTypesAndContributionMap":{"docs":{"insertions":8,"deletions":0}}},{"hash":"9478e249397399c5d690dc2e5703bc6fc2c06d8b","isMergeCommit":false,"messageTitle":"Include imlementation details","messageBody":"","fileTypesAndContributionMap":{"docs":{"insertions":5,"deletions":0}}},{"hash":"700568683d73a80b7e275be07a1b4f264478849a","isMergeCommit":false,"messageTitle":"Include other alternatives to be considered","messageBody":"","fileTypesAndContributionMap":{"docs":{"insertions":8,"deletions":1}}},{"hash":"7d6b5a35f2b0d898d563ef6cf0d0740169716cae","isMergeCommit":true,"messageTitle":"Merge branch \u0027master\u0027 of https://github.com/AY2425S1-CS2113-W10-2/tp into improvement/developer-guide-v1","messageBody":"","fileTypesAndContributionMap":{}},{"hash":"06c42fcb74bf68721e662c994f7140c787050fa7","isMergeCommit":false,"messageTitle":"Enable PlantUML to draw sequence diagram","messageBody":"","fileTypesAndContributionMap":{"docs":{"insertions":19,"deletions":3}}},{"hash":"386af0bf433c904c00f894cca4acab7d46e32eee","isMergeCommit":false,"messageTitle":"Move the plantUML file to folder","messageBody":"","fileTypesAndContributionMap":{"docs":{"insertions":0,"deletions":0}}},{"hash":"812830b17a3d2ad0e8905621b31a3830c6390739","isMergeCommit":false,"messageTitle":"Move the image of sequence diagram to DG","messageBody":"","fileTypesAndContributionMap":{"docs":{"insertions":2,"deletions":2}}},{"hash":"0085afe33873d1e5b59b7b239a68b87bdb0bd208","isMergeCommit":false,"messageTitle":"Neaten DG and edit the syntax","messageBody":"","fileTypesAndContributionMap":{"docs":{"insertions":8,"deletions":8}}},{"hash":"a6ed4b653a4f1e900b6fd328d3545fe558fb6184","isMergeCommit":false,"messageTitle":"Update plantUML diagram to include activation bar","messageBody":"","fileTypesAndContributionMap":{"docs":{"insertions":13,"deletions":0}}},{"hash":"64ce43aed10b3f1281a12c3520745a86a230c979","isMergeCommit":false,"messageTitle":"Adjust UML diagram according to feedback from teammates","messageBody":"","fileTypesAndContributionMap":{"docs":{"insertions":6,"deletions":2}}},{"hash":"e41244a5ecaf2773120ebdf3856cb72d4249db41","isMergeCommit":false,"messageTitle":"Edit UML diagram to make it simpler","messageBody":"","fileTypesAndContributionMap":{"docs":{"insertions":3,"deletions":10}}},{"hash":"7dec5e55b936fa8556d221f0a98421fa878d6a84","isMergeCommit":false,"messageTitle":"Fix indentation for final checks","messageBody":"","fileTypesAndContributionMap":{"docs":{"insertions":0,"deletions":1}}},{"hash":"73ab961c1b98d937ea13cb9bc69a312f9019fd54","isMergeCommit":false,"messageTitle":"Include type of data and keep UML simpler","messageBody":"","fileTypesAndContributionMap":{"docs":{"insertions":4,"deletions":4}}},{"hash":"458a680482282c2e1ee650319cb4dd1d70bd78fa","isMergeCommit":false,"messageTitle":"Neaten UML diagram","messageBody":"","fileTypesAndContributionMap":{"docs":{"insertions":5,"deletions":2}}}]},{"date":"2024-10-23","commitResults":[{"hash":"e7eea3aa4e0634d4cdcc354c9ad967c0fa827628","isMergeCommit":false,"messageTitle":"Include opt and loop into diagram","messageBody":"","fileTypesAndContributionMap":{"docs":{"insertions":8,"deletions":0}}},{"hash":"be6347593e491150fd74cb053a68d3da77fa89e5","isMergeCommit":true,"messageTitle":"Merge branch \u0027master\u0027 into improvement/developer-guide-v1","messageBody":"","fileTypesAndContributionMap":{}},{"hash":"254c147cd80c521e7483bfc53349b5da4d32e23d","isMergeCommit":true,"messageTitle":"Merge pull request #72 from louisjoety/improvement/developer-guide-v1","messageBody":"[Improvement] Add List Schools Command into DG, edit NFR, add on user requirement details","fileTypesAndContributionMap":{}}]}]},"authorFileTypeContributionMap":{"chewycj":{"docs":1,"functional-code":229,"test-code":169},"Chiang-HuiXin":{"docs":6,"functional-code":115,"test-code":127},"hzxnancy":{"docs":0,"functional-code":144,"test-code":115},"wahkia":{"docs":0,"functional-code":63,"test-code":40},"louisjoety":{"docs":77,"functional-code":150,"test-code":39,"other":5}},"authorContributionVariance":{"chewycj":3697.419,"Chiang-HuiXin":1405.6925,"hzxnancy":1314.9374,"wahkia":171.67563,"louisjoety":1041.1625},"authorDisplayNameMap":{"chewycj":"CS2113-W10-2 CHIE.. JIA","Chiang-HuiXin":"CS2113-W10-2 CHIA.. XIN","hzxnancy":"CS2113-W10-2 HAN ..ANCY","wahkia":"CS2113-W10-2 GOH .. HAW","louisjoety":"CS2113-W10-2 JOE .. YOU"}}
