{"authorDailyContributionsMap":{"chewycj":[{"date":"2024-09-21","commitResults":[{"hash":"b1668fdb4fe0a8d851bc002582eb3c7c9b181998","isMergeCommit":false,"messageTitle":"Update README.md","messageBody":"","fileTypesAndContributionMap":{"docs":{"insertions":1,"deletions":1}}}]},{"date":"2024-10-02","commitResults":[{"hash":"1922de49013f45fdb3b8a9f47ab8413c5f20e10d","isMergeCommit":false,"messageTitle":"Update docs/AboutUs.md file with details","messageBody":"# Conflicts:\n#\tdocs/AboutUs.md\n","fileTypesAndContributionMap":{"docs":{"insertions":1,"deletions":0}}},{"hash":"9922784233b939f5db33f1f0cbfbea156af2b3fd","isMergeCommit":true,"messageTitle":"Merge pull request #4 from Chiang-HuiXin/huixin-AboutUs","messageBody":"","fileTypesAndContributionMap":{}}]},{"date":"2024-10-06","commitResults":[{"hash":"10dcac43ad8956d2c6d0a3dd322328d5dedff67a","isMergeCommit":true,"messageTitle":"Merge branch \u0027master\u0027 of https://github.com/AY2425S1-CS2113-W10-2/tp into branch-Database","messageBody":"# Conflicts:\n#\tdata/database.json\n","fileTypesAndContributionMap":{}}]}],"Chiang-HuiXin":[{"date":"2024-10-02","commitResults":[{"hash":"c5be3fc4f7c90452fa7196edf726588b6e84b365","isMergeCommit":false,"messageTitle":"Update AboutUs.md with my info","messageBody":"","fileTypesAndContributionMap":{"docs":{"insertions":3,"deletions":7}}},{"hash":"4f1918f062d7fd206f2e690efc861cce3e6c56fd","isMergeCommit":true,"messageTitle":"Merge branch \u0027master\u0027 of https://github.com/AY2425S1-CS2113-W10-2/tp into huixin-AboutUs","messageBody":"","fileTypesAndContributionMap":{}}]},{"date":"2024-10-07","commitResults":[{"hash":"4f0fa5e5742e937e8e6cfc3e7552d82cc9750a93","isMergeCommit":true,"messageTitle":"Merge branch \u0027master\u0027 of https://github.com/AY2425S1-CS2113-W10-2/tp into branch-Database","messageBody":"# Conflicts:\n#\tdata/database.json\n","fileTypesAndContributionMap":{}},{"hash":"67d65363b67836561bd30b3d2313acdabc116bab","isMergeCommit":false,"messageTitle":"Correct AboutUs.md","messageBody":"Accidentally changed the contents of AboutUs.md\n","fileTypesAndContributionMap":{"docs":{"insertions":7,"deletions":7}}}]}],"hzxnancy":[{"date":"2024-10-02","commitResults":[{"hash":"dc3ab933e81afa01e6ffd3d424273b2a4b65a924","isMergeCommit":false,"messageTitle":"Add personal info in AboutUs.md","messageBody":"","fileTypesAndContributionMap":{"docs":{"insertions":4,"deletions":7}}},{"hash":"b99da7d30283a799d048ad99b0a00319021ec1f2","isMergeCommit":false,"messageTitle":"Add personal info in AboutUs.md","messageBody":"","fileTypesAndContributionMap":{"docs":{"insertions":3,"deletions":3}}},{"hash":"90114f1451c75fcedc48fd4123bdf1a53c5c62d9","isMergeCommit":true,"messageTitle":"Merge branch \u0027master\u0027 of https://github.com/AY2425S1-CS2113-W10-2/tp into Nancy-AboutUs","messageBody":"# Conflicts:\n#\tdocs/AboutUs.md\n","fileTypesAndContributionMap":{}},{"hash":"39f247f980772418f94db35cc83e7537529bf615","isMergeCommit":true,"messageTitle":"Merge pull request #5 from hzxnancy/Nancy-AboutUs","messageBody":"Nancy AboutUs","fileTypesAndContributionMap":{}}]}],"wahkia":[{"date":"2024-10-06","commitResults":[{"hash":"aa397ca7a72c39345cf259893b563eb0b6cd50a4","isMergeCommit":true,"messageTitle":"Merge pull request #1 from louisjoety/improvement/database","messageBody":"[Improvement] Add information into database for Chulalongkorn University","fileTypesAndContributionMap":{}}]}],"louisjoety":[{"date":"2024-10-02","commitResults":[{"hash":"639f925cf29815830864b3126bb351c604e9a624","isMergeCommit":false,"messageTitle":"Update first line of AboutUs and remove the other lines","messageBody":"","fileTypesAndContributionMap":{"docs":{"insertions":3,"deletions":7}}},{"hash":"0756d89b7eac7e2198488c4d52dfbcd9d20c6684","isMergeCommit":true,"messageTitle":"Merge pull request #2 from louisjoety/joetienyou-AboutUs","messageBody":"Update details section with my information","fileTypesAndContributionMap":{}},{"hash":"821fbadbdd89d56fc1c0f58eb3a2829caab32823","isMergeCommit":true,"messageTitle":"Merge pull request #3 from chewycj/ChunJia-AboutUs","messageBody":"Update docs/AboutUs.md file with details","fileTypesAndContributionMap":{}}]},{"date":"2024-10-07","commitResults":[{"hash":"f65d85d8f93b5e6f25af7bebe37562c7245fe70f","isMergeCommit":true,"messageTitle":"Merge pull request #20 from Chiang-HuiXin/branch-Database","messageBody":"Add data for The Uni of Western Australia","fileTypesAndContributionMap":{}}]}]},"authorFileTypeContributionMap":{"chewycj":{"docs":1,"functional-code":0,"test-code":0},"Chiang-HuiXin":{"docs":6,"functional-code":0,"test-code":0},"hzxnancy":{"docs":0,"functional-code":0,"test-code":0},"wahkia":{"docs":0,"functional-code":0,"test-code":0},"louisjoety":{"docs":0,"functional-code":0,"test-code":0}},"authorContributionVariance":{"chewycj":0.24999993,"Chiang-HuiXin":14.666668,"hzxnancy":15.163578,"wahkia":0.0,"louisjoety":5.246913},"authorDisplayNameMap":{"chewycj":"CS2113-W10-2 CHIE.. JIA","Chiang-HuiXin":"CS2113-W10-2 CHIA.. XIN","hzxnancy":"CS2113-W10-2 HAN ..ANCY","wahkia":"CS2113-W10-2 GOH .. HAW","louisjoety":"CS2113-W10-2 JOE .. YOU"}}
